run_pairs_range: model=conformer_a mode=full range=[0, 10) -> pairs [0, 1, 2, 3, 4, 5, 6, 7, 8, 9]
  dataset_root=/scratch/11862/rmaahin/finemi-dataset/FineMI
  results_root=/work/11862/rmaahin/ls6/FineMI-enhancements/ConformerEEG/experiments/option_a/results/full
  config=/work/11862/rmaahin/ls6/FineMI-enhancements/ConformerEEG/experiments/option_a/config_full.json

##### pair_idx=0 (HOC_WFE) #####

Using device: cuda | gpu=NVIDIA A100-PCIE-40GB | torch=2.8.0+cu128
NOTE: determinism holds per-GPU-model. Record this GPU name.

PAIR: HOC/WFE  (classes 0 vs 1)  model=conformer_a  mode=full
Test time windows: [800, 1500, 3000, 4000] ms
Test time windows (samples): [200, 375, 750, 1000]

Found 0 subject folders
No subject folders; found 18 subject .npz files

BINARY CLASSIFICATION: Class 0 vs Class 1  (HOC/WFE)
  Class 0 (original 0): 725 trials
  Class 1 (original 1): 725 trials

Extracted time windows:
  800ms (200 samples): shape (1450, 62, 200)
  1500ms (375 samples): shape (1450, 62, 375)
  3000ms (750 samples): shape (1450, 62, 750)
  4000ms (1000 samples): shape (1450, 62, 1000)

Model configuration:
  Model: conformer_a
  Channels: 62
  Subjects: [1, 2, 3, 4, 5, 6, 7, 8, 9, 10, 11, 12, 13, 14, 15, 16, 17, 18]
  Time windows: [800, 1500, 3000, 4000] ms
  Classes: 2 (Binary: Class 0 vs Class 1)
  Folds: 5
  Batch size: 32
  Epochs per subject per time window: 50
  S1 800ms fold1/5: best_val= 66.67% (ep17) test= 38.89%
  S1 800ms fold2/5: best_val= 61.11% (ep1) test= 55.56%
  S1 800ms fold3/5: best_val= 66.67% (ep6) test= 55.56%
  S1 800ms fold4/5: best_val= 66.67% (ep2) test= 50.00%
  S1 800ms fold5/5: best_val= 66.67% (ep5) test= 55.56%
  S1 1500ms fold1/5: best_val= 55.56% (ep2) test= 38.89%
  S1 1500ms fold2/5: best_val= 50.00% (ep1) test= 55.56%
  S1 1500ms fold3/5: best_val= 61.11% (ep10) test= 72.22%
  S1 1500ms fold4/5: best_val= 44.44% (ep10) test= 50.00%
  S1 1500ms fold5/5: best_val= 83.33% (ep22) test= 44.44%
  S1 3000ms fold1/5: best_val= 66.67% (ep3) test= 50.00%
  S1 3000ms fold2/5: best_val= 55.56% (ep2) test= 55.56%
  S1 3000ms fold3/5: best_val= 72.22% (ep11) test= 61.11%
  S1 3000ms fold4/5: best_val= 61.11% (ep19) test= 50.00%
  S1 3000ms fold5/5: best_val= 77.78% (ep3) test= 61.11%
  S1 4000ms fold1/5: best_val= 72.22% (ep6) test= 50.00%
  S1 4000ms fold2/5: best_val= 61.11% (ep2) test= 61.11%
  S1 4000ms fold3/5: best_val= 83.33% (ep19) test= 55.56%
  S1 4000ms fold4/5: best_val= 77.78% (ep14) test= 55.56%
  S1 4000ms fold5/5: best_val= 77.78% (ep8) test= 44.44%
S 1: 800ms= 51.11%  1500ms= 52.22%  3000ms= 55.56%  4000ms= 53.33%   (137s)
  S2 800ms fold1/5: best_val= 68.75% (ep10) test= 43.75%
  S2 800ms fold2/5: best_val= 62.50% (ep1) test= 31.25%
  S2 800ms fold3/5: best_val= 62.50% (ep2) test= 56.25%
  S2 800ms fold4/5: best_val= 62.50% (ep8) test= 50.00%
  S2 800ms fold5/5: best_val= 75.00% (ep5) test= 56.25%
  S2 1500ms fold1/5: best_val= 62.50% (ep1) test= 43.75%
  S2 1500ms fold2/5: best_val= 62.50% (ep3) test= 62.50%
  S2 1500ms fold3/5: best_val= 62.50% (ep10) test= 68.75%
  S2 1500ms fold4/5: best_val= 68.75% (ep15) test= 56.25%
  S2 1500ms fold5/5: best_val= 68.75% (ep4) test= 62.50%
  S2 3000ms fold1/5: best_val= 68.75% (ep5) test= 50.00%
  S2 3000ms fold2/5: best_val= 62.50% (ep7) test= 56.25%
  S2 3000ms fold3/5: best_val= 68.75% (ep1) test= 62.50%
  S2 3000ms fold4/5: best_val= 68.75% (ep15) test= 50.00%
  S2 3000ms fold5/5: best_val= 62.50% (ep2) test= 43.75%
  S2 4000ms fold1/5: best_val= 68.75% (ep6) test= 56.25%
  S2 4000ms fold2/5: best_val= 62.50% (ep21) test= 56.25%
  S2 4000ms fold3/5: best_val= 62.50% (ep2) test= 62.50%
  S2 4000ms fold4/5: best_val= 68.75% (ep12) test= 56.25%
  S2 4000ms fold5/5: best_val= 68.75% (ep17) test= 56.25%
S 2: 800ms= 47.50%  1500ms= 58.75%  3000ms= 52.50%  4000ms= 57.50%   (75s)
  S3 800ms fold1/5: best_val= 62.50% (ep2) test= 62.50%
  S3 800ms fold2/5: best_val= 75.00% (ep19) test= 81.25%
  S3 800ms fold3/5: best_val= 68.75% (ep14) test= 62.50%
  S3 800ms fold4/5: best_val= 81.25% (ep4) test= 50.00%
  S3 800ms fold5/5: best_val= 87.50% (ep19) test= 68.75%
  S3 1500ms fold1/5: best_val= 62.50% (ep12) test= 56.25%
  S3 1500ms fold2/5: best_val= 68.75% (ep2) test= 43.75%
  S3 1500ms fold3/5: best_val= 75.00% (ep1) test= 37.50%
  S3 1500ms fold4/5: best_val= 87.50% (ep17) test= 75.00%
  S3 1500ms fold5/5: best_val= 62.50% (ep2) test= 43.75%
  S3 3000ms fold1/5: best_val= 56.25% (ep4) test= 56.25%
  S3 3000ms fold2/5: best_val= 75.00% (ep3) test= 56.25%
  S3 3000ms fold3/5: best_val= 62.50% (ep9) test= 43.75%
  S3 3000ms fold4/5: best_val= 68.75% (ep2) test= 25.00%
  S3 3000ms fold5/5: best_val= 62.50% (ep3) test= 56.25%
  S3 4000ms fold1/5: best_val= 56.25% (ep1) test= 50.00%
  S3 4000ms fold2/5: best_val= 50.00% (ep2) test= 31.25%
  S3 4000ms fold3/5: best_val= 68.75% (ep6) test= 50.00%
  S3 4000ms fold4/5: best_val= 62.50% (ep13) test= 62.50%
  S3 4000ms fold5/5: best_val= 56.25% (ep1) test= 68.75%
S 3: 800ms= 65.00%  1500ms= 51.25%  3000ms= 47.50%  4000ms= 52.50%   (75s)
  S4 800ms fold1/5: best_val= 50.00% (ep4) test= 50.00%
  S4 800ms fold2/5: best_val= 62.50% (ep12) test= 62.50%
  S4 800ms fold3/5: best_val= 68.75% (ep11) test= 56.25%
  S4 800ms fold4/5: best_val= 75.00% (ep11) test= 43.75%
  S4 800ms fold5/5: best_val= 56.25% (ep1) test= 56.25%
  S4 1500ms fold1/5: best_val= 56.25% (ep9) test= 56.25%
  S4 1500ms fold2/5: best_val= 68.75% (ep2) test= 37.50%
  S4 1500ms fold3/5: best_val= 75.00% (ep9) test= 50.00%
  S4 1500ms fold4/5: best_val= 68.75% (ep6) test= 56.25%
  S4 1500ms fold5/5: best_val= 50.00% (ep27) test= 75.00%
  S4 3000ms fold1/5: best_val= 43.75% (ep2) test= 56.25%
  S4 3000ms fold2/5: best_val= 56.25% (ep15) test= 62.50%
  S4 3000ms fold3/5: best_val= 62.50% (ep5) test= 50.00%
  S4 3000ms fold4/5: best_val= 68.75% (ep9) test= 50.00%
  S4 3000ms fold5/5: best_val= 56.25% (ep3) test= 62.50%
  S4 4000ms fold1/5: best_val= 56.25% (ep10) test= 68.75%
  S4 4000ms fold2/5: best_val= 50.00% (ep1) test= 50.00%
  S4 4000ms fold3/5: best_val= 81.25% (ep8) test= 56.25%
  S4 4000ms fold4/5: best_val= 87.50% (ep6) test= 50.00%
  S4 4000ms fold5/5: best_val= 56.25% (ep6) test= 75.00%
S 4: 800ms= 53.75%  1500ms= 55.00%  3000ms= 56.25%  4000ms= 60.00%   (75s)
  S5 800ms fold1/5: best_val= 68.75% (ep9) test= 50.00%
  S5 800ms fold2/5: best_val= 31.25% (ep10) test= 50.00%
  S5 800ms fold3/5: best_val= 68.75% (ep19) test= 50.00%
  S5 800ms fold4/5: best_val= 81.25% (ep1) test= 43.75%
  S5 800ms fold5/5: best_val= 81.25% (ep12) test= 37.50%
  S5 1500ms fold1/5: best_val= 56.25% (ep22) test= 50.00%
  S5 1500ms fold2/5: best_val= 56.25% (ep14) test= 68.75%
  S5 1500ms fold3/5: best_val= 68.75% (ep22) test= 62.50%
  S5 1500ms fold4/5: best_val= 62.50% (ep2) test= 50.00%
  S5 1500ms fold5/5: best_val= 81.25% (ep19) test= 50.00%
  S5 3000ms fold1/5: best_val= 50.00% (ep5) test= 43.75%
  S5 3000ms fold2/5: best_val= 68.75% (ep7) test= 62.50%
  S5 3000ms fold3/5: best_val= 68.75% (ep9) test= 37.50%
  S5 3000ms fold4/5: best_val= 68.75% (ep5) test= 50.00%
  S5 3000ms fold5/5: best_val= 68.75% (ep1) test= 31.25%
  S5 4000ms fold1/5: best_val= 56.25% (ep16) test= 68.75%
  S5 4000ms fold2/5: best_val= 75.00% (ep1) test= 31.25%
  S5 4000ms fold3/5: best_val= 56.25% (ep12) test= 50.00%
  S5 4000ms fold4/5: best_val= 56.25% (ep8) test= 37.50%
  S5 4000ms fold5/5: best_val= 62.50% (ep6) test= 56.25%
S 5: 800ms= 46.25%  1500ms= 56.25%  3000ms= 45.00%  4000ms= 48.75%   (75s)
  S6 800ms fold1/5: best_val= 62.50% (ep17) test= 31.25%
  S6 800ms fold2/5: best_val= 75.00% (ep32) test= 62.50%
  S6 800ms fold3/5: best_val= 68.75% (ep6) test= 37.50%
  S6 800ms fold4/5: best_val= 75.00% (ep5) test= 68.75%
  S6 800ms fold5/5: best_val= 50.00% (ep2) test= 56.25%
  S6 1500ms fold1/5: best_val= 68.75% (ep2) test= 68.75%
  S6 1500ms fold2/5: best_val= 68.75% (ep11) test= 62.50%
  S6 1500ms fold3/5: best_val= 68.75% (ep4) test= 56.25%
  S6 1500ms fold4/5: best_val= 56.25% (ep2) test= 43.75%
  S6 1500ms fold5/5: best_val= 62.50% (ep3) test= 56.25%
  S6 3000ms fold1/5: best_val= 62.50% (ep20) test= 62.50%
  S6 3000ms fold2/5: best_val= 56.25% (ep1) test= 56.25%
  S6 3000ms fold3/5: best_val= 50.00% (ep1) test= 50.00%
  S6 3000ms fold4/5: best_val= 62.50% (ep5) test= 43.75%
  S6 3000ms fold5/5: best_val= 56.25% (ep1) test= 68.75%
  S6 4000ms fold1/5: best_val= 56.25% (ep5) test= 62.50%
  S6 4000ms fold2/5: best_val= 75.00% (ep2) test= 43.75%
  S6 4000ms fold3/5: best_val= 50.00% (ep3) test= 43.75%
  S6 4000ms fold4/5: best_val= 56.25% (ep1) test= 31.25%
  S6 4000ms fold5/5: best_val= 56.25% (ep7) test= 50.00%
S 6: 800ms= 51.25%  1500ms= 57.50%  3000ms= 56.25%  4000ms= 46.25%   (75s)
  S7 800ms fold1/5: best_val= 68.75% (ep7) test= 43.75%
  S7 800ms fold2/5: best_val= 43.75% (ep3) test= 37.50%
  S7 800ms fold3/5: best_val= 56.25% (ep1) test= 37.50%
  S7 800ms fold4/5: best_val= 56.25% (ep1) test= 62.50%
  S7 800ms fold5/5: best_val= 56.25% (ep1) test= 62.50%
  S7 1500ms fold1/5: best_val= 68.75% (ep14) test= 31.25%
  S7 1500ms fold2/5: best_val= 68.75% (ep1) test= 56.25%
  S7 1500ms fold3/5: best_val= 56.25% (ep19) test= 50.00%
  S7 1500ms fold4/5: best_val= 62.50% (ep10) test= 18.75%
  S7 1500ms fold5/5: best_val= 62.50% (ep1) test= 62.50%
  S7 3000ms fold1/5: best_val= 75.00% (ep24) test= 50.00%
  S7 3000ms fold2/5: best_val= 56.25% (ep30) test= 62.50%
  S7 3000ms fold3/5: best_val= 56.25% (ep1) test= 37.50%
  S7 3000ms fold4/5: best_val= 62.50% (ep15) test= 31.25%
  S7 3000ms fold5/5: best_val= 75.00% (ep15) test= 37.50%
  S7 4000ms fold1/5: best_val= 68.75% (ep14) test= 50.00%
  S7 4000ms fold2/5: best_val= 56.25% (ep5) test= 31.25%
  S7 4000ms fold3/5: best_val= 50.00% (ep4) test= 56.25%
  S7 4000ms fold4/5: best_val= 62.50% (ep26) test= 43.75%
  S7 4000ms fold5/5: best_val= 56.25% (ep17) test= 50.00%
S 7: 800ms= 48.75%  1500ms= 43.75%  3000ms= 43.75%  4000ms= 46.25%   (75s)
  S8 800ms fold1/5: best_val= 87.50% (ep25) test= 56.25%
  S8 800ms fold2/5: best_val= 56.25% (ep1) test= 50.00%
  S8 800ms fold3/5: best_val= 87.50% (ep45) test= 62.50%
  S8 800ms fold4/5: best_val= 62.50% (ep2) test= 56.25%
  S8 800ms fold5/5: best_val= 56.25% (ep33) test= 68.75%
  S8 1500ms fold1/5: best_val= 75.00% (ep15) test= 56.25%
  S8 1500ms fold2/5: best_val= 43.75% (ep1) test= 37.50%
  S8 1500ms fold3/5: best_val= 81.25% (ep8) test= 50.00%
  S8 1500ms fold4/5: best_val= 56.25% (ep10) test= 56.25%
  S8 1500ms fold5/5: best_val= 56.25% (ep2) test= 50.00%
  S8 3000ms fold1/5: best_val= 75.00% (ep1) test= 37.50%
  S8 3000ms fold2/5: best_val= 56.25% (ep7) test= 43.75%
  S8 3000ms fold3/5: best_val= 81.25% (ep5) test= 75.00%
  S8 3000ms fold4/5: best_val= 43.75% (ep2) test= 62.50%
  S8 3000ms fold5/5: best_val= 81.25% (ep2) test= 62.50%
  S8 4000ms fold1/5: best_val= 68.75% (ep3) test= 56.25%
  S8 4000ms fold2/5: best_val= 62.50% (ep1) test= 31.25%
  S8 4000ms fold3/5: best_val= 62.50% (ep4) test= 56.25%
  S8 4000ms fold4/5: best_val= 68.75% (ep3) test= 68.75%
  S8 4000ms fold5/5: best_val= 62.50% (ep2) test= 87.50%
S 8: 800ms= 58.75%  1500ms= 50.00%  3000ms= 56.25%  4000ms= 60.00%   (75s)
  S9 800ms fold1/5: best_val= 50.00% (ep11) test= 56.25%
  S9 800ms fold2/5: best_val= 62.50% (ep9) test= 56.25%
  S9 800ms fold3/5: best_val= 68.75% (ep23) test= 25.00%
  S9 800ms fold4/5: best_val= 56.25% (ep4) test= 50.00%
  S9 800ms fold5/5: best_val= 62.50% (ep1) test= 87.50%
  S9 1500ms fold1/5: best_val= 81.25% (ep17) test= 62.50%
  S9 1500ms fold2/5: best_val= 75.00% (ep39) test= 62.50%
  S9 1500ms fold3/5: best_val= 56.25% (ep7) test= 31.25%
  S9 1500ms fold4/5: best_val= 68.75% (ep1) test= 56.25%
  S9 1500ms fold5/5: best_val= 75.00% (ep10) test= 31.25%
  S9 3000ms fold1/5: best_val= 81.25% (ep14) test= 68.75%
  S9 3000ms fold2/5: best_val= 68.75% (ep5) test= 68.75%
  S9 3000ms fold3/5: best_val= 68.75% (ep29) test= 37.50%
  S9 3000ms fold4/5: best_val= 62.50% (ep1) test= 62.50%
  S9 3000ms fold5/5: best_val= 75.00% (ep30) test= 50.00%
  S9 4000ms fold1/5: best_val= 81.25% (ep26) test= 62.50%
  S9 4000ms fold2/5: best_val= 81.25% (ep5) test= 37.50%
  S9 4000ms fold3/5: best_val= 68.75% (ep23) test= 37.50%
  S9 4000ms fold4/5: best_val= 50.00% (ep1) test= 50.00%
  S9 4000ms fold5/5: best_val= 81.25% (ep14) test= 62.50%
S 9: 800ms= 55.00%  1500ms= 48.75%  3000ms= 57.50%  4000ms= 50.00%   (75s)
  S10 800ms fold1/5: best_val= 62.50% (ep1) test= 43.75%
  S10 800ms fold2/5: best_val= 50.00% (ep12) test= 50.00%
  S10 800ms fold3/5: best_val= 62.50% (ep3) test= 50.00%
  S10 800ms fold4/5: best_val= 62.50% (ep2) test= 31.25%
  S10 800ms fold5/5: best_val= 62.50% (ep1) test= 31.25%
  S10 1500ms fold1/5: best_val= 62.50% (ep5) test= 18.75%
  S10 1500ms fold2/5: best_val= 68.75% (ep1) test= 31.25%
  S10 1500ms fold3/5: best_val= 56.25% (ep17) test= 43.75%
  S10 1500ms fold4/5: best_val= 56.25% (ep2) test= 50.00%
  S10 1500ms fold5/5: best_val= 62.50% (ep5) test= 50.00%
  S10 3000ms fold1/5: best_val= 56.25% (ep3) test= 43.75%
  S10 3000ms fold2/5: best_val= 50.00% (ep2) test= 50.00%
  S10 3000ms fold3/5: best_val= 62.50% (ep1) test= 37.50%
  S10 3000ms fold4/5: best_val= 56.25% (ep26) test= 68.75%
  S10 3000ms fold5/5: best_val= 62.50% (ep10) test= 31.25%
  S10 4000ms fold1/5: best_val= 43.75% (ep1) test= 62.50%
  S10 4000ms fold2/5: best_val= 56.25% (ep2) test= 56.25%
  S10 4000ms fold3/5: best_val= 50.00% (ep19) test= 62.50%
  S10 4000ms fold4/5: best_val= 75.00% (ep33) test= 56.25%
  S10 4000ms fold5/5: best_val= 50.00% (ep4) test= 18.75%
S10: 800ms= 41.25%  1500ms= 38.75%  3000ms= 46.25%  4000ms= 51.25%   (75s)
  S11 800ms fold1/5: best_val= 68.75% (ep1) test= 50.00%
  S11 800ms fold2/5: best_val= 81.25% (ep1) test= 43.75%
  S11 800ms fold3/5: best_val= 62.50% (ep30) test= 31.25%
  S11 800ms fold4/5: best_val= 62.50% (ep3) test= 43.75%
  S11 800ms fold5/5: best_val= 56.25% (ep6) test= 62.50%
  S11 1500ms fold1/5: best_val= 68.75% (ep11) test= 37.50%
  S11 1500ms fold2/5: best_val= 75.00% (ep5) test= 62.50%
  S11 1500ms fold3/5: best_val= 50.00% (ep5) test= 56.25%
  S11 1500ms fold4/5: best_val= 68.75% (ep8) test= 37.50%
  S11 1500ms fold5/5: best_val= 50.00% (ep4) test= 37.50%
  S11 3000ms fold1/5: best_val= 50.00% (ep1) test= 43.75%
  S11 3000ms fold2/5: best_val= 62.50% (ep3) test= 75.00%
  S11 3000ms fold3/5: best_val= 56.25% (ep1) test= 50.00%
  S11 3000ms fold4/5: best_val= 81.25% (ep21) test= 43.75%
  S11 3000ms fold5/5: best_val= 50.00% (ep1) test= 50.00%
  S11 4000ms fold1/5: best_val= 56.25% (ep1) test= 75.00%
  S11 4000ms fold2/5: best_val= 56.25% (ep1) test= 50.00%
  S11 4000ms fold3/5: best_val= 56.25% (ep2) test= 56.25%
  S11 4000ms fold4/5: best_val= 68.75% (ep5) test= 31.25%
  S11 4000ms fold5/5: best_val= 43.75% (ep1) test= 50.00%
S11: 800ms= 46.25%  1500ms= 46.25%  3000ms= 52.50%  4000ms= 52.50%   (75s)
  S12 800ms fold1/5: best_val= 81.25% (ep13) test= 50.00%
  S12 800ms fold2/5: best_val= 68.75% (ep16) test= 50.00%
  S12 800ms fold3/5: best_val= 62.50% (ep6) test= 50.00%
  S12 800ms fold4/5: best_val= 62.50% (ep2) test= 25.00%
  S12 800ms fold5/5: best_val= 75.00% (ep21) test= 50.00%
  S12 1500ms fold1/5: best_val= 68.75% (ep10) test= 43.75%
  S12 1500ms fold2/5: best_val= 62.50% (ep16) test= 62.50%
  S12 1500ms fold3/5: best_val= 68.75% (ep6) test= 50.00%
  S12 1500ms fold4/5: best_val= 68.75% (ep4) test= 56.25%
  S12 1500ms fold5/5: best_val= 56.25% (ep2) test= 43.75%
  S12 3000ms fold1/5: best_val= 75.00% (ep33) test= 62.50%
  S12 3000ms fold2/5: best_val= 62.50% (ep20) test= 62.50%
  S12 3000ms fold3/5: best_val= 68.75% (ep3) test= 37.50%
  S12 3000ms fold4/5: best_val= 56.25% (ep33) test= 68.75%
  S12 3000ms fold5/5: best_val= 62.50% (ep1) test= 50.00%
  S12 4000ms fold1/5: best_val= 56.25% (ep1) test= 75.00%
  S12 4000ms fold2/5: best_val= 62.50% (ep5) test= 50.00%
  S12 4000ms fold3/5: best_val= 62.50% (ep3) test= 50.00%
  S12 4000ms fold4/5: best_val= 50.00% (ep1) test= 37.50%
  S12 4000ms fold5/5: best_val= 62.50% (ep2) test= 43.75%
S12: 800ms= 45.00%  1500ms= 51.25%  3000ms= 56.25%  4000ms= 51.25%   (75s)
  S13 800ms fold1/5: best_val= 62.50% (ep25) test= 68.75%
  S13 800ms fold2/5: best_val= 68.75% (ep2) test= 50.00%
  S13 800ms fold3/5: best_val= 62.50% (ep17) test= 56.25%
  S13 800ms fold4/5: best_val= 68.75% (ep15) test= 62.50%
  S13 800ms fold5/5: best_val= 62.50% (ep10) test= 50.00%
  S13 1500ms fold1/5: best_val= 68.75% (ep2) test= 62.50%
  S13 1500ms fold2/5: best_val= 62.50% (ep7) test= 68.75%
  S13 1500ms fold3/5: best_val= 62.50% (ep4) test= 56.25%
  S13 1500ms fold4/5: best_val= 68.75% (ep2) test= 50.00%
  S13 1500ms fold5/5: best_val= 62.50% (ep8) test= 50.00%
  S13 3000ms fold1/5: best_val= 62.50% (ep12) test= 62.50%
  S13 3000ms fold2/5: best_val= 68.75% (ep10) test= 43.75%
  S13 3000ms fold3/5: best_val= 62.50% (ep1) test= 43.75%
  S13 3000ms fold4/5: best_val= 68.75% (ep3) test= 62.50%
  S13 3000ms fold5/5: best_val= 56.25% (ep13) test= 50.00%
  S13 4000ms fold1/5: best_val= 68.75% (ep6) test= 31.25%
  S13 4000ms fold2/5: best_val= 68.75% (ep3) test= 50.00%
  S13 4000ms fold3/5: best_val= 68.75% (ep21) test= 43.75%
  S13 4000ms fold4/5: best_val= 68.75% (ep15) test= 62.50%
  S13 4000ms fold5/5: best_val= 75.00% (ep20) test= 43.75%
S13: 800ms= 57.50%  1500ms= 57.50%  3000ms= 52.50%  4000ms= 46.25%   (75s)
  S14 800ms fold1/5: best_val= 56.25% (ep3) test= 62.50%
  S14 800ms fold2/5: best_val= 56.25% (ep9) test= 37.50%
  S14 800ms fold3/5: best_val= 56.25% (ep1) test= 68.75%
  S14 800ms fold4/5: best_val= 68.75% (ep1) test= 50.00%
  S14 800ms fold5/5: best_val= 50.00% (ep10) test= 50.00%
  S14 1500ms fold1/5: best_val= 56.25% (ep30) test= 50.00%
  S14 1500ms fold2/5: best_val= 68.75% (ep25) test= 37.50%
  S14 1500ms fold3/5: best_val= 56.25% (ep2) test= 68.75%
  S14 1500ms fold4/5: best_val= 68.75% (ep24) test= 37.50%
  S14 1500ms fold5/5: best_val= 62.50% (ep2) test= 50.00%
  S14 3000ms fold1/5: best_val= 50.00% (ep4) test= 62.50%
  S14 3000ms fold2/5: best_val= 62.50% (ep33) test= 43.75%
  S14 3000ms fold3/5: best_val= 56.25% (ep1) test= 62.50%
  S14 3000ms fold4/5: best_val= 56.25% (ep1) test= 62.50%
  S14 3000ms fold5/5: best_val= 68.75% (ep4) test= 56.25%
  S14 4000ms fold1/5: best_val= 50.00% (ep11) test= 81.25%
  S14 4000ms fold2/5: best_val= 62.50% (ep26) test= 43.75%
  S14 4000ms fold3/5: best_val= 56.25% (ep14) test= 62.50%
  S14 4000ms fold4/5: best_val= 56.25% (ep4) test= 62.50%
  S14 4000ms fold5/5: best_val= 56.25% (ep5) test= 56.25%
S14: 800ms= 53.75%  1500ms= 48.75%  3000ms= 57.50%  4000ms= 61.25%   (75s)
  S15 800ms fold1/5: best_val= 43.75% (ep3) test= 75.00%
  S15 800ms fold2/5: best_val= 68.75% (ep17) test= 37.50%
  S15 800ms fold3/5: best_val= 62.50% (ep5) test= 43.75%
  S15 800ms fold4/5: best_val= 56.25% (ep41) test= 37.50%
  S15 800ms fold5/5: best_val= 50.00% (ep3) test= 56.25%
  S15 1500ms fold1/5: best_val= 56.25% (ep2) test= 25.00%
  S15 1500ms fold2/5: best_val= 56.25% (ep2) test= 43.75%
  S15 1500ms fold3/5: best_val= 62.50% (ep8) test= 50.00%
  S15 1500ms fold4/5: best_val= 75.00% (ep5) test= 43.75%
  S15 1500ms fold5/5: best_val= 50.00% (ep1) test= 75.00%
  S15 3000ms fold1/5: best_val= 68.75% (ep11) test= 62.50%
  S15 3000ms fold2/5: best_val= 75.00% (ep10) test= 56.25%
  S15 3000ms fold3/5: best_val= 68.75% (ep4) test= 50.00%
  S15 3000ms fold4/5: best_val= 62.50% (ep11) test= 62.50%
  S15 3000ms fold5/5: best_val= 56.25% (ep11) test= 56.25%
  S15 4000ms fold1/5: best_val= 62.50% (ep7) test= 68.75%
  S15 4000ms fold2/5: best_val= 75.00% (ep8) test= 43.75%
  S15 4000ms fold3/5: best_val= 68.75% (ep1) test= 50.00%
  S15 4000ms fold4/5: best_val= 68.75% (ep10) test= 56.25%
  S15 4000ms fold5/5: best_val= 56.25% (ep12) test= 43.75%
S15: 800ms= 50.00%  1500ms= 47.50%  3000ms= 57.50%  4000ms= 52.50%   (75s)
  S16 800ms fold1/5: best_val= 50.00% (ep13) test= 62.50%
  S16 800ms fold2/5: best_val= 75.00% (ep1) test= 50.00%
  S16 800ms fold3/5: best_val= 68.75% (ep1) test= 62.50%
  S16 800ms fold4/5: best_val= 68.75% (ep4) test= 31.25%
  S16 800ms fold5/5: best_val= 56.25% (ep6) test= 50.00%
  S16 1500ms fold1/5: best_val= 50.00% (ep1) test= 43.75%
  S16 1500ms fold2/5: best_val= 68.75% (ep6) test= 62.50%
  S16 1500ms fold3/5: best_val= 68.75% (ep13) test= 56.25%
  S16 1500ms fold4/5: best_val= 62.50% (ep8) test= 50.00%
  S16 1500ms fold5/5: best_val= 56.25% (ep15) test= 43.75%
  S16 3000ms fold1/5: best_val= 56.25% (ep1) test= 50.00%
  S16 3000ms fold2/5: best_val= 68.75% (ep1) test= 50.00%
  S16 3000ms fold3/5: best_val= 62.50% (ep1) test= 50.00%
  S16 3000ms fold4/5: best_val= 75.00% (ep20) test= 50.00%
  S16 3000ms fold5/5: best_val= 50.00% (ep4) test= 43.75%
  S16 4000ms fold1/5: best_val= 56.25% (ep4) test= 43.75%
  S16 4000ms fold2/5: best_val= 68.75% (ep3) test= 62.50%
  S16 4000ms fold3/5: best_val= 68.75% (ep8) test= 62.50%
  S16 4000ms fold4/5: best_val= 68.75% (ep2) test= 31.25%
  S16 4000ms fold5/5: best_val= 50.00% (ep2) test= 37.50%
S16: 800ms= 51.25%  1500ms= 51.25%  3000ms= 48.75%  4000ms= 47.50%   (73s)
  S17 800ms fold1/5: best_val= 62.50% (ep24) test= 50.00%
  S17 800ms fold2/5: best_val= 68.75% (ep41) test= 56.25%
  S17 800ms fold3/5: best_val= 68.75% (ep2) test= 50.00%
  S17 800ms fold4/5: best_val= 56.25% (ep3) test= 56.25%
  S17 800ms fold5/5: best_val= 75.00% (ep34) test= 62.50%
  S17 1500ms fold1/5: best_val= 56.25% (ep5) test= 43.75%
  S17 1500ms fold2/5: best_val= 62.50% (ep1) test= 50.00%
  S17 1500ms fold3/5: best_val= 68.75% (ep6) test= 50.00%
  S17 1500ms fold4/5: best_val= 81.25% (ep3) test= 50.00%
  S17 1500ms fold5/5: best_val= 62.50% (ep1) test= 50.00%
  S17 3000ms fold1/5: best_val= 75.00% (ep17) test= 50.00%
  S17 3000ms fold2/5: best_val= 56.25% (ep2) test= 50.00%
  S17 3000ms fold3/5: best_val= 62.50% (ep24) test= 50.00%
  S17 3000ms fold4/5: best_val= 75.00% (ep6) test= 68.75%
  S17 3000ms fold5/5: best_val= 56.25% (ep2) test= 56.25%
  S17 4000ms fold1/5: best_val= 68.75% (ep15) test= 50.00%
  S17 4000ms fold2/5: best_val= 62.50% (ep4) test= 50.00%
  S17 4000ms fold3/5: best_val= 75.00% (ep24) test= 68.75%
  S17 4000ms fold4/5: best_val= 75.00% (ep17) test= 68.75%
  S17 4000ms fold5/5: best_val= 68.75% (ep3) test= 43.75%
S17: 800ms= 55.00%  1500ms= 48.75%  3000ms= 55.00%  4000ms= 56.25%   (73s)
  S18 800ms fold1/5: best_val= 62.50% (ep1) test= 50.00%
  S18 800ms fold2/5: best_val= 50.00% (ep2) test= 43.75%
  S18 800ms fold3/5: best_val= 50.00% (ep1) test= 62.50%
  S18 800ms fold4/5: best_val= 93.75% (ep12) test= 37.50%
  S18 800ms fold5/5: best_val= 68.75% (ep4) test= 56.25%
  S18 1500ms fold1/5: best_val= 87.50% (ep8) test= 68.75%
  S18 1500ms fold2/5: best_val= 75.00% (ep3) test= 68.75%
  S18 1500ms fold3/5: best_val= 68.75% (ep2) test= 43.75%
  S18 1500ms fold4/5: best_val= 93.75% (ep10) test= 50.00%
  S18 1500ms fold5/5: best_val= 75.00% (ep3) test= 62.50%
  S18 3000ms fold1/5: best_val= 68.75% (ep2) test= 62.50%
  S18 3000ms fold2/5: best_val= 68.75% (ep3) test= 62.50%
  S18 3000ms fold3/5: best_val= 75.00% (ep1) test= 68.75%
  S18 3000ms fold4/5: best_val=100.00% (ep23) test= 50.00%
  S18 3000ms fold5/5: best_val= 81.25% (ep8) test= 68.75%
  S18 4000ms fold1/5: best_val= 68.75% (ep1) test= 62.50%
  S18 4000ms fold2/5: best_val= 50.00% (ep1) test= 68.75%
  S18 4000ms fold3/5: best_val= 75.00% (ep1) test= 56.25%
  S18 4000ms fold4/5: best_val= 87.50% (ep2) test= 31.25%
  S18 4000ms fold5/5: best_val= 68.75% (ep11) test= 37.50%
S18: 800ms= 50.00%  1500ms= 58.75%  3000ms= 62.50%  4000ms= 51.25%   (73s)

ALL SUBJECTS COMPLETED — HOC/WFE  (1408s)

====================================================================
SAVED HOC/WFE -> /work/11862/rmaahin/ls6/FineMI-enhancements/ConformerEEG/experiments/option_a/results/full/HOC_WFE
gpu=NVIDIA A100-PCIE-40GB | torch=2.8.0+cu128 | seed=42 | model=conformer_a | mode=full
====================================================================
window_ms   800    1500   3000   4000
subject                              
1          51.11  52.22  55.56  53.33
2          47.50  58.75  52.50  57.50
3          65.00  51.25  47.50  52.50
4          53.75  55.00  56.25  60.00
5          46.25  56.25  45.00  48.75
6          51.25  57.50  56.25  46.25
7          48.75  43.75  43.75  46.25
8          58.75  50.00  56.25  60.00
9          55.00  48.75  57.50  50.00
10         41.25  38.75  46.25  51.25
11         46.25  46.25  52.50  52.50
12         45.00  51.25  56.25  51.25
13         57.50  57.50  52.50  46.25
14         53.75  48.75  57.50  61.25
15         50.00  47.50  57.50  52.50
16         51.25  51.25  48.75  47.50
17         55.00  48.75  55.00  56.25
18         50.00  58.75  62.50  51.25

mean: {800: 51.52, 1500: 51.23, 3000: 53.29, 4000: 52.48}
sd  : {800: 5.62, 1500: 5.44, 3000: 5.12, 4000: 4.83}

Pairs saved so far in /work/11862/rmaahin/ls6/FineMI-enhancements/ConformerEEG/experiments/option_a/results/full: 3/28

##### pair_idx=1 (HOC_WAA) #####

Using device: cuda | gpu=NVIDIA A100-PCIE-40GB | torch=2.8.0+cu128
NOTE: determinism holds per-GPU-model. Record this GPU name.

PAIR: HOC/WAA  (classes 0 vs 2)  model=conformer_a  mode=full
Test time windows: [800, 1500, 3000, 4000] ms
Test time windows (samples): [200, 375, 750, 1000]

BINARY CLASSIFICATION: Class 0 vs Class 2  (HOC/WAA)
  Class 0 (original 0): 725 trials
  Class 1 (original 2): 725 trials

Extracted time windows:
  800ms (200 samples): shape (1450, 62, 200)
  1500ms (375 samples): shape (1450, 62, 375)
  3000ms (750 samples): shape (1450, 62, 750)
  4000ms (1000 samples): shape (1450, 62, 1000)

Model configuration:
  Model: conformer_a
  Channels: 62
  Subjects: [1, 2, 3, 4, 5, 6, 7, 8, 9, 10, 11, 12, 13, 14, 15, 16, 17, 18]
  Time windows: [800, 1500, 3000, 4000] ms
  Classes: 2 (Binary: Class 0 vs Class 2)
  Folds: 5
  Batch size: 32
  Epochs per subject per time window: 50
  S1 800ms fold1/5: best_val= 61.11% (ep1) test= 50.00%
  S1 800ms fold2/5: best_val= 55.56% (ep7) test= 38.89%
  S1 800ms fold3/5: best_val= 66.67% (ep7) test= 61.11%
  S1 800ms fold4/5: best_val= 66.67% (ep11) test= 44.44%
  S1 800ms fold5/5: best_val= 66.67% (ep7) test= 50.00%
  S1 1500ms fold1/5: best_val= 61.11% (ep1) test= 38.89%
  S1 1500ms fold2/5: best_val= 38.89% (ep6) test= 33.33%
  S1 1500ms fold3/5: best_val= 72.22% (ep32) test= 55.56%
  S1 1500ms fold4/5: best_val= 61.11% (ep3) test= 50.00%
  S1 1500ms fold5/5: best_val= 66.67% (ep1) test= 50.00%
  S1 3000ms fold1/5: best_val= 72.22% (ep13) test= 27.78%
  S1 3000ms fold2/5: best_val= 44.44% (ep3) test= 50.00%
  S1 3000ms fold3/5: best_val= 72.22% (ep9) test= 50.00%
  S1 3000ms fold4/5: best_val= 72.22% (ep1) test= 61.11%
  S1 3000ms fold5/5: best_val= 66.67% (ep13) test= 55.56%
  S1 4000ms fold1/5: best_val= 66.67% (ep7) test= 38.89%
  S1 4000ms fold2/5: best_val= 55.56% (ep3) test= 72.22%
  S1 4000ms fold3/5: best_val= 66.67% (ep30) test= 38.89%
  S1 4000ms fold4/5: best_val= 66.67% (ep4) test= 61.11%
  S1 4000ms fold5/5: best_val= 72.22% (ep8) test= 55.56%
S 1: 800ms= 48.89%  1500ms= 45.56%  3000ms= 48.89%  4000ms= 53.33%   (87s)
  S2 800ms fold1/5: best_val= 75.00% (ep2) test= 50.00%
  S2 800ms fold2/5: best_val= 50.00% (ep4) test= 31.25%
  S2 800ms fold3/5: best_val= 50.00% (ep14) test= 62.50%
  S2 800ms fold4/5: best_val= 75.00% (ep49) test= 43.75%
  S2 800ms fold5/5: best_val= 68.75% (ep35) test= 62.50%
  S2 1500ms fold1/5: best_val= 75.00% (ep17) test= 56.25%
  S2 1500ms fold2/5: best_val= 62.50% (ep12) test= 50.00%
  S2 1500ms fold3/5: best_val= 56.25% (ep21) test= 56.25%
  S2 1500ms fold4/5: best_val= 62.50% (ep1) test= 56.25%
  S2 1500ms fold5/5: best_val= 50.00% (ep1) test= 37.50%
  S2 3000ms fold1/5: best_val= 56.25% (ep3) test= 50.00%
  S2 3000ms fold2/5: best_val= 56.25% (ep1) test= 56.25%
  S2 3000ms fold3/5: best_val= 68.75% (ep31) test= 68.75%
  S2 3000ms fold4/5: best_val= 62.50% (ep1) test= 56.25%
  S2 3000ms fold5/5: best_val= 56.25% (ep2) test= 68.75%
  S2 4000ms fold1/5: best_val= 68.75% (ep6) test= 56.25%
  S2 4000ms fold2/5: best_val= 56.25% (ep3) test= 50.00%
  S2 4000ms fold3/5: best_val= 43.75% (ep14) test= 62.50%
  S2 4000ms fold4/5: best_val= 50.00% (ep3) test= 43.75%
  S2 4000ms fold5/5: best_val= 56.25% (ep3) test= 43.75%
S 2: 800ms= 50.00%  1500ms= 51.25%  3000ms= 60.00%  4000ms= 51.25%   (73s)
  S3 800ms fold1/5: best_val= 81.25% (ep15) test= 62.50%
  S3 800ms fold2/5: best_val= 87.50% (ep31) test= 75.00%
  S3 800ms fold3/5: best_val= 68.75% (ep17) test= 56.25%
  S3 800ms fold4/5: best_val= 62.50% (ep18) test= 50.00%
  S3 800ms fold5/5: best_val= 68.75% (ep15) test= 43.75%
  S3 1500ms fold1/5: best_val= 87.50% (ep36) test= 56.25%
  S3 1500ms fold2/5: best_val= 93.75% (ep13) test= 50.00%
  S3 1500ms fold3/5: best_val= 68.75% (ep4) test= 56.25%
  S3 1500ms fold4/5: best_val= 68.75% (ep4) test= 43.75%
  S3 1500ms fold5/5: best_val= 75.00% (ep1) test= 56.25%
  S3 3000ms fold1/5: best_val= 81.25% (ep4) test= 50.00%
  S3 3000ms fold2/5: best_val= 81.25% (ep18) test= 37.50%
  S3 3000ms fold3/5: best_val= 68.75% (ep11) test= 62.50%
  S3 3000ms fold4/5: best_val= 68.75% (ep1) test= 56.25%
  S3 3000ms fold5/5: best_val= 81.25% (ep2) test= 56.25%
  S3 4000ms fold1/5: best_val= 75.00% (ep14) test= 62.50%
  S3 4000ms fold2/5: best_val= 68.75% (ep26) test= 50.00%
  S3 4000ms fold3/5: best_val= 68.75% (ep3) test= 68.75%
  S3 4000ms fold4/5: best_val= 62.50% (ep43) test= 62.50%
  S3 4000ms fold5/5: best_val= 75.00% (ep6) test= 75.00%
S 3: 800ms= 57.50%  1500ms= 52.50%  3000ms= 52.50%  4000ms= 63.75%   (73s)
  S4 800ms fold1/5: best_val= 50.00% (ep14) test= 43.75%
  S4 800ms fold2/5: best_val= 50.00% (ep4) test= 56.25%
  S4 800ms fold3/5: best_val= 62.50% (ep27) test= 56.25%
  S4 800ms fold4/5: best_val= 56.25% (ep7) test= 56.25%
  S4 800ms fold5/5: best_val= 68.75% (ep4) test= 50.00%
  S4 1500ms fold1/5: best_val= 43.75% (ep8) test= 43.75%
  S4 1500ms fold2/5: best_val= 50.00% (ep5) test= 50.00%
  S4 1500ms fold3/5: best_val= 75.00% (ep17) test= 50.00%
  S4 1500ms fold4/5: best_val= 56.25% (ep2) test= 31.25%
  S4 1500ms fold5/5: best_val= 56.25% (ep3) test= 50.00%
  S4 3000ms fold1/5: best_val= 43.75% (ep4) test= 43.75%
  S4 3000ms fold2/5: best_val= 31.25% (ep3) test= 43.75%
  S4 3000ms fold3/5: best_val= 68.75% (ep2) test= 56.25%
  S4 3000ms fold4/5: best_val= 43.75% (ep1) test= 62.50%
  S4 3000ms fold5/5: best_val= 68.75% (ep6) test= 68.75%
  S4 4000ms fold1/5: best_val= 31.25% (ep1) test= 50.00%
  S4 4000ms fold2/5: best_val= 37.50% (ep2) test= 43.75%
  S4 4000ms fold3/5: best_val= 75.00% (ep5) test= 43.75%
  S4 4000ms fold4/5: best_val= 75.00% (ep18) test= 62.50%
  S4 4000ms fold5/5: best_val= 56.25% (ep1) test= 43.75%
S 4: 800ms= 52.50%  1500ms= 45.00%  3000ms= 55.00%  4000ms= 48.75%   (73s)
  S5 800ms fold1/5: best_val= 68.75% (ep2) test= 56.25%
  S5 800ms fold2/5: best_val= 68.75% (ep2) test= 56.25%
  S5 800ms fold3/5: best_val= 62.50% (ep1) test= 25.00%
  S5 800ms fold4/5: best_val= 62.50% (ep4) test= 62.50%
  S5 800ms fold5/5: best_val= 62.50% (ep3) test= 37.50%
  S5 1500ms fold1/5: best_val= 75.00% (ep14) test= 56.25%
  S5 1500ms fold2/5: best_val= 56.25% (ep5) test= 50.00%
  S5 1500ms fold3/5: best_val= 56.25% (ep1) test= 37.50%
  S5 1500ms fold4/5: best_val= 56.25% (ep3) test= 56.25%
  S5 1500ms fold5/5: best_val= 62.50% (ep4) test= 68.75%
  S5 3000ms fold1/5: best_val= 75.00% (ep9) test= 43.75%
  S5 3000ms fold2/5: best_val= 43.75% (ep1) test= 50.00%
  S5 3000ms fold3/5: best_val= 50.00% (ep2) test= 50.00%
  S5 3000ms fold4/5: best_val= 62.50% (ep17) test= 56.25%
  S5 3000ms fold5/5: best_val= 56.25% (ep3) test= 43.75%
  S5 4000ms fold1/5: best_val= 75.00% (ep21) test= 62.50%
  S5 4000ms fold2/5: best_val= 62.50% (ep2) test= 68.75%
  S5 4000ms fold3/5: best_val= 37.50% (ep3) test= 62.50%
  S5 4000ms fold4/5: best_val= 75.00% (ep21) test= 62.50%
  S5 4000ms fold5/5: best_val= 56.25% (ep15) test= 56.25%
S 5: 800ms= 47.50%  1500ms= 53.75%  3000ms= 48.75%  4000ms= 62.50%   (73s)
  S6 800ms fold1/5: best_val= 68.75% (ep18) test= 68.75%
  S6 800ms fold2/5: best_val= 87.50% (ep25) test= 62.50%
  S6 800ms fold3/5: best_val= 62.50% (ep7) test= 50.00%
  S6 800ms fold4/5: best_val= 68.75% (ep1) test= 62.50%
  S6 800ms fold5/5: best_val= 81.25% (ep19) test= 68.75%
  S6 1500ms fold1/5: best_val= 75.00% (ep13) test= 62.50%
  S6 1500ms fold2/5: best_val= 62.50% (ep3) test= 50.00%
  S6 1500ms fold3/5: best_val= 68.75% (ep3) test= 50.00%
  S6 1500ms fold4/5: best_val= 87.50% (ep15) test= 37.50%
  S6 1500ms fold5/5: best_val= 62.50% (ep11) test= 62.50%
  S6 3000ms fold1/5: best_val= 75.00% (ep16) test= 62.50%
  S6 3000ms fold2/5: best_val= 56.25% (ep2) test= 56.25%
  S6 3000ms fold3/5: best_val= 62.50% (ep11) test= 37.50%
  S6 3000ms fold4/5: best_val= 56.25% (ep2) test= 37.50%
  S6 3000ms fold5/5: best_val= 62.50% (ep4) test= 56.25%
  S6 4000ms fold1/5: best_val= 56.25% (ep12) test= 50.00%
  S6 4000ms fold2/5: best_val= 62.50% (ep1) test= 50.00%
  S6 4000ms fold3/5: best_val= 62.50% (ep5) test= 37.50%
  S6 4000ms fold4/5: best_val= 75.00% (ep1) test= 56.25%
  S6 4000ms fold5/5: best_val= 62.50% (ep1) test= 50.00%
S 6: 800ms= 62.50%  1500ms= 52.50%  3000ms= 50.00%  4000ms= 48.75%   (73s)
  S7 800ms fold1/5: best_val= 50.00% (ep1) test= 62.50%
  S7 800ms fold2/5: best_val= 50.00% (ep2) test= 50.00%
  S7 800ms fold3/5: best_val= 68.75% (ep9) test= 43.75%
  S7 800ms fold4/5: best_val= 62.50% (ep22) test= 62.50%
  S7 800ms fold5/5: best_val= 75.00% (ep27) test= 31.25%
  S7 1500ms fold1/5: best_val= 56.25% (ep22) test= 37.50%
  S7 1500ms fold2/5: best_val= 56.25% (ep6) test= 62.50%
  S7 1500ms fold3/5: best_val= 56.25% (ep1) test= 62.50%
  S7 1500ms fold4/5: best_val= 56.25% (ep11) test= 50.00%
  S7 1500ms fold5/5: best_val= 68.75% (ep1) test= 31.25%
  S7 3000ms fold1/5: best_val= 56.25% (ep1) test= 43.75%
  S7 3000ms fold2/5: best_val= 62.50% (ep13) test= 68.75%
  S7 3000ms fold3/5: best_val= 62.50% (ep7) test= 43.75%
  S7 3000ms fold4/5: best_val= 75.00% (ep7) test= 50.00%
  S7 3000ms fold5/5: best_val= 62.50% (ep3) test= 31.25%
  S7 4000ms fold1/5: best_val= 62.50% (ep5) test= 43.75%
  S7 4000ms fold2/5: best_val= 68.75% (ep12) test= 68.75%
  S7 4000ms fold3/5: best_val= 62.50% (ep12) test= 50.00%
  S7 4000ms fold4/5: best_val= 75.00% (ep5) test= 31.25%
  S7 4000ms fold5/5: best_val= 56.25% (ep1) test= 31.25%
S 7: 800ms= 50.00%  1500ms= 48.75%  3000ms= 47.50%  4000ms= 45.00%   (73s)
  S8 800ms fold1/5: best_val= 68.75% (ep10) test= 62.50%
  S8 800ms fold2/5: best_val= 68.75% (ep1) test= 68.75%
  S8 800ms fold3/5: best_val= 81.25% (ep23) test= 62.50%
  S8 800ms fold4/5: best_val= 68.75% (ep1) test= 62.50%
  S8 800ms fold5/5: best_val= 75.00% (ep2) test= 68.75%
  S8 1500ms fold1/5: best_val= 68.75% (ep6) test= 56.25%
  S8 1500ms fold2/5: best_val= 56.25% (ep2) test= 37.50%
  S8 1500ms fold3/5: best_val= 81.25% (ep2) test= 62.50%
  S8 1500ms fold4/5: best_val= 62.50% (ep8) test= 68.75%
  S8 1500ms fold5/5: best_val= 62.50% (ep26) test= 62.50%
  S8 3000ms fold1/5: best_val= 68.75% (ep9) test= 50.00%
  S8 3000ms fold2/5: best_val= 62.50% (ep1) test= 43.75%
  S8 3000ms fold3/5: best_val= 56.25% (ep27) test= 56.25%
  S8 3000ms fold4/5: best_val= 62.50% (ep1) test= 56.25%
  S8 3000ms fold5/5: best_val= 68.75% (ep12) test= 43.75%
  S8 4000ms fold1/5: best_val= 62.50% (ep3) test= 56.25%
  S8 4000ms fold2/5: best_val= 56.25% (ep29) test= 43.75%
  S8 4000ms fold3/5: best_val= 62.50% (ep9) test= 75.00%
  S8 4000ms fold4/5: best_val= 62.50% (ep1) test= 62.50%
  S8 4000ms fold5/5: best_val= 62.50% (ep5) test= 68.75%
S 8: 800ms= 65.00%  1500ms= 57.50%  3000ms= 50.00%  4000ms= 61.25%   (73s)
  S9 800ms fold1/5: best_val= 56.25% (ep7) test= 37.50%
  S9 800ms fold2/5: best_val= 68.75% (ep8) test= 68.75%
  S9 800ms fold3/5: best_val= 62.50% (ep10) test= 50.00%
  S9 800ms fold4/5: best_val= 62.50% (ep9) test= 50.00%
  S9 800ms fold5/5: best_val= 56.25% (ep2) test= 37.50%
  S9 1500ms fold1/5: best_val= 50.00% (ep2) test= 43.75%
  S9 1500ms fold2/5: best_val= 75.00% (ep26) test= 56.25%
  S9 1500ms fold3/5: best_val= 62.50% (ep5) test= 50.00%
  S9 1500ms fold4/5: best_val= 56.25% (ep4) test= 37.50%
  S9 1500ms fold5/5: best_val= 62.50% (ep9) test= 43.75%
  S9 3000ms fold1/5: best_val= 68.75% (ep18) test= 37.50%
  S9 3000ms fold2/5: best_val= 81.25% (ep12) test= 62.50%
  S9 3000ms fold3/5: best_val= 68.75% (ep6) test= 37.50%
  S9 3000ms fold4/5: best_val= 68.75% (ep1) test= 62.50%
  S9 3000ms fold5/5: best_val= 68.75% (ep2) test= 56.25%
  S9 4000ms fold1/5: best_val= 81.25% (ep8) test= 56.25%
  S9 4000ms fold2/5: best_val= 81.25% (ep9) test= 37.50%
  S9 4000ms fold3/5: best_val= 75.00% (ep2) test= 43.75%
  S9 4000ms fold4/5: best_val= 62.50% (ep4) test= 68.75%
  S9 4000ms fold5/5: best_val= 56.25% (ep1) test= 62.50%
S 9: 800ms= 48.75%  1500ms= 46.25%  3000ms= 51.25%  4000ms= 53.75%   (73s)
  S10 800ms fold1/5: best_val= 75.00% (ep12) test= 37.50%
  S10 800ms fold2/5: best_val= 56.25% (ep15) test= 43.75%
  S10 800ms fold3/5: best_val= 75.00% (ep2) test= 62.50%
  S10 800ms fold4/5: best_val= 62.50% (ep4) test= 25.00%
  S10 800ms fold5/5: best_val= 62.50% (ep10) test= 50.00%
  S10 1500ms fold1/5: best_val= 75.00% (ep1) test= 50.00%
  S10 1500ms fold2/5: best_val= 62.50% (ep1) test= 37.50%
  S10 1500ms fold3/5: best_val= 62.50% (ep2) test= 62.50%
  S10 1500ms fold4/5: best_val= 75.00% (ep2) test= 18.75%
  S10 1500ms fold5/5: best_val= 62.50% (ep17) test= 50.00%
  S10 3000ms fold1/5: best_val= 75.00% (ep3) test= 43.75%
  S10 3000ms fold2/5: best_val= 75.00% (ep17) test= 68.75%
  S10 3000ms fold3/5: best_val= 68.75% (ep6) test= 75.00%
  S10 3000ms fold4/5: best_val= 62.50% (ep6) test= 56.25%
  S10 3000ms fold5/5: best_val= 68.75% (ep2) test= 56.25%
  S10 4000ms fold1/5: best_val= 87.50% (ep1) test= 50.00%
  S10 4000ms fold2/5: best_val= 68.75% (ep12) test= 62.50%
  S10 4000ms fold3/5: best_val= 81.25% (ep4) test= 50.00%
  S10 4000ms fold4/5: best_val= 75.00% (ep7) test= 31.25%
  S10 4000ms fold5/5: best_val= 75.00% (ep28) test= 50.00%
S10: 800ms= 43.75%  1500ms= 43.75%  3000ms= 60.00%  4000ms= 48.75%   (73s)
  S11 800ms fold1/5: best_val= 43.75% (ep1) test= 50.00%
  S11 800ms fold2/5: best_val= 75.00% (ep2) test= 81.25%
  S11 800ms fold3/5: best_val= 56.25% (ep4) test= 37.50%
  S11 800ms fold4/5: best_val= 56.25% (ep11) test= 56.25%
  S11 800ms fold5/5: best_val= 43.75% (ep5) test= 68.75%
  S11 1500ms fold1/5: best_val= 56.25% (ep2) test= 56.25%
  S11 1500ms fold2/5: best_val= 62.50% (ep1) test= 68.75%
  S11 1500ms fold3/5: best_val= 50.00% (ep5) test= 56.25%
  S11 1500ms fold4/5: best_val= 56.25% (ep3) test= 56.25%
  S11 1500ms fold5/5: best_val= 43.75% (ep1) test= 62.50%
  S11 3000ms fold1/5: best_val= 62.50% (ep15) test= 43.75%
  S11 3000ms fold2/5: best_val= 56.25% (ep4) test= 56.25%
  S11 3000ms fold3/5: best_val= 68.75% (ep4) test= 50.00%
  S11 3000ms fold4/5: best_val= 62.50% (ep7) test= 56.25%
  S11 3000ms fold5/5: best_val= 56.25% (ep17) test= 75.00%
  S11 4000ms fold1/5: best_val= 68.75% (ep22) test= 62.50%
  S11 4000ms fold2/5: best_val= 62.50% (ep3) test= 50.00%
  S11 4000ms fold3/5: best_val= 68.75% (ep14) test= 56.25%
  S11 4000ms fold4/5: best_val= 62.50% (ep13) test= 62.50%
  S11 4000ms fold5/5: best_val= 56.25% (ep32) test= 68.75%
S11: 800ms= 58.75%  1500ms= 60.00%  3000ms= 56.25%  4000ms= 60.00%   (73s)
  S12 800ms fold1/5: best_val= 81.25% (ep1) test= 43.75%
  S12 800ms fold2/5: best_val= 75.00% (ep4) test= 56.25%
  S12 800ms fold3/5: best_val= 68.75% (ep11) test= 62.50%
  S12 800ms fold4/5: best_val= 62.50% (ep7) test= 56.25%
  S12 800ms fold5/5: best_val= 75.00% (ep10) test= 62.50%
  S12 1500ms fold1/5: best_val= 56.25% (ep8) test= 56.25%
  S12 1500ms fold2/5: best_val= 75.00% (ep32) test= 50.00%
  S12 1500ms fold3/5: best_val= 68.75% (ep24) test= 62.50%
  S12 1500ms fold4/5: best_val= 75.00% (ep1) test= 62.50%
  S12 1500ms fold5/5: best_val= 81.25% (ep16) test= 56.25%
  S12 3000ms fold1/5: best_val= 50.00% (ep2) test= 56.25%
  S12 3000ms fold2/5: best_val= 62.50% (ep27) test= 31.25%
  S12 3000ms fold3/5: best_val= 75.00% (ep1) test= 50.00%
  S12 3000ms fold4/5: best_val= 75.00% (ep5) test= 50.00%
  S12 3000ms fold5/5: best_val= 62.50% (ep1) test= 50.00%
  S12 4000ms fold1/5: best_val= 62.50% (ep1) test= 56.25%
  S12 4000ms fold2/5: best_val= 68.75% (ep9) test= 50.00%
  S12 4000ms fold3/5: best_val= 81.25% (ep20) test= 37.50%
  S12 4000ms fold4/5: best_val= 62.50% (ep4) test= 62.50%
  S12 4000ms fold5/5: best_val= 68.75% (ep1) test= 50.00%
S12: 800ms= 56.25%  1500ms= 57.50%  3000ms= 47.50%  4000ms= 51.25%   (73s)
  S13 800ms fold1/5: best_val= 56.25% (ep7) test= 50.00%
  S13 800ms fold2/5: best_val= 50.00% (ep1) test= 31.25%
  S13 800ms fold3/5: best_val= 81.25% (ep15) test= 68.75%
  S13 800ms fold4/5: best_val= 75.00% (ep17) test= 75.00%
  S13 800ms fold5/5: best_val= 68.75% (ep1) test= 43.75%
  S13 1500ms fold1/5: best_val= 68.75% (ep3) test= 50.00%
  S13 1500ms fold2/5: best_val= 68.75% (ep1) test= 43.75%
  S13 1500ms fold3/5: best_val= 62.50% (ep14) test= 68.75%
  S13 1500ms fold4/5: best_val= 75.00% (ep8) test= 50.00%
  S13 1500ms fold5/5: best_val= 68.75% (ep6) test= 56.25%
  S13 3000ms fold1/5: best_val= 75.00% (ep11) test= 50.00%
  S13 3000ms fold2/5: best_val= 43.75% (ep26) test= 37.50%
  S13 3000ms fold3/5: best_val= 75.00% (ep27) test= 56.25%
  S13 3000ms fold4/5: best_val= 75.00% (ep3) test= 43.75%
  S13 3000ms fold5/5: best_val= 68.75% (ep4) test= 50.00%
  S13 4000ms fold1/5: best_val= 81.25% (ep11) test= 56.25%
  S13 4000ms fold2/5: best_val= 43.75% (ep4) test= 43.75%
  S13 4000ms fold3/5: best_val= 56.25% (ep1) test= 56.25%
  S13 4000ms fold4/5: best_val= 81.25% (ep13) test= 56.25%
  S13 4000ms fold5/5: best_val= 68.75% (ep11) test= 50.00%
S13: 800ms= 53.75%  1500ms= 53.75%  3000ms= 47.50%  4000ms= 52.50%   (73s)
  S14 800ms fold1/5: best_val= 56.25% (ep3) test= 62.50%
  S14 800ms fold2/5: best_val= 68.75% (ep12) test= 75.00%
  S14 800ms fold3/5: best_val= 81.25% (ep48) test= 75.00%
  S14 800ms fold4/5: best_val= 81.25% (ep26) test= 62.50%
  S14 800ms fold5/5: best_val= 75.00% (ep10) test= 87.50%
  S14 1500ms fold1/5: best_val= 62.50% (ep1) test= 75.00%
  S14 1500ms fold2/5: best_val= 81.25% (ep25) test= 75.00%
  S14 1500ms fold3/5: best_val= 75.00% (ep26) test= 75.00%
  S14 1500ms fold4/5: best_val= 68.75% (ep24) test= 62.50%
  S14 1500ms fold5/5: best_val= 87.50% (ep16) test= 68.75%
  S14 3000ms fold1/5: best_val= 56.25% (ep4) test= 43.75%
  S14 3000ms fold2/5: best_val= 56.25% (ep11) test= 56.25%
  S14 3000ms fold3/5: best_val= 56.25% (ep3) test= 56.25%
  S14 3000ms fold4/5: best_val= 50.00% (ep4) test= 43.75%
  S14 3000ms fold5/5: best_val= 62.50% (ep5) test= 37.50%
  S14 4000ms fold1/5: best_val= 43.75% (ep11) test= 75.00%
  S14 4000ms fold2/5: best_val= 62.50% (ep13) test= 62.50%
  S14 4000ms fold3/5: best_val= 68.75% (ep12) test= 68.75%
  S14 4000ms fold4/5: best_val= 43.75% (ep1) test= 62.50%
  S14 4000ms fold5/5: best_val= 62.50% (ep1) test= 25.00%
S14: 800ms= 72.50%  1500ms= 71.25%  3000ms= 47.50%  4000ms= 58.75%   (74s)
  S15 800ms fold1/5: best_val= 50.00% (ep1) test= 50.00%
  S15 800ms fold2/5: best_val= 62.50% (ep2) test= 56.25%
  S15 800ms fold3/5: best_val= 43.75% (ep1) test= 50.00%
  S15 800ms fold4/5: best_val= 62.50% (ep8) test= 62.50%
  S15 800ms fold5/5: best_val= 68.75% (ep2) test= 62.50%
  S15 1500ms fold1/5: best_val= 68.75% (ep9) test= 56.25%
  S15 1500ms fold2/5: best_val= 56.25% (ep2) test= 50.00%
  S15 1500ms fold3/5: best_val= 68.75% (ep1) test= 56.25%
  S15 1500ms fold4/5: best_val= 62.50% (ep1) test= 56.25%
  S15 1500ms fold5/5: best_val= 56.25% (ep16) test= 62.50%
  S15 3000ms fold1/5: best_val= 75.00% (ep14) test= 56.25%
  S15 3000ms fold2/5: best_val= 62.50% (ep1) test= 75.00%
  S15 3000ms fold3/5: best_val= 56.25% (ep4) test= 56.25%
  S15 3000ms fold4/5: best_val= 62.50% (ep3) test= 50.00%
  S15 3000ms fold5/5: best_val= 62.50% (ep3) test= 50.00%
  S15 4000ms fold1/5: best_val= 75.00% (ep13) test= 68.75%
  S15 4000ms fold2/5: best_val= 75.00% (ep15) test= 43.75%
  S15 4000ms fold3/5: best_val= 56.25% (ep1) test= 56.25%
  S15 4000ms fold4/5: best_val= 75.00% (ep44) test= 62.50%
  S15 4000ms fold5/5: best_val= 62.50% (ep8) test= 68.75%
S15: 800ms= 56.25%  1500ms= 56.25%  3000ms= 57.50%  4000ms= 60.00%   (73s)
  S16 800ms fold1/5: best_val= 50.00% (ep2) test= 68.75%
  S16 800ms fold2/5: best_val= 62.50% (ep10) test= 50.00%
  S16 800ms fold3/5: best_val= 62.50% (ep2) test= 50.00%
  S16 800ms fold4/5: best_val= 75.00% (ep1) test= 43.75%
  S16 800ms fold5/5: best_val= 56.25% (ep12) test= 43.75%
  S16 1500ms fold1/5: best_val= 56.25% (ep2) test= 37.50%
  S16 1500ms fold2/5: best_val= 68.75% (ep7) test= 43.75%
  S16 1500ms fold3/5: best_val= 56.25% (ep6) test= 50.00%
  S16 1500ms fold4/5: best_val= 81.25% (ep22) test= 68.75%
  S16 1500ms fold5/5: best_val= 81.25% (ep2) test= 37.50%
  S16 3000ms fold1/5: best_val= 56.25% (ep2) test= 31.25%
  S16 3000ms fold2/5: best_val= 81.25% (ep11) test= 62.50%
  S16 3000ms fold3/5: best_val= 75.00% (ep7) test= 62.50%
  S16 3000ms fold4/5: best_val= 68.75% (ep20) test= 68.75%
  S16 3000ms fold5/5: best_val= 68.75% (ep21) test= 68.75%
  S16 4000ms fold1/5: best_val= 68.75% (ep18) test= 75.00%
  S16 4000ms fold2/5: best_val= 81.25% (ep3) test= 43.75%
  S16 4000ms fold3/5: best_val= 68.75% (ep5) test= 56.25%
  S16 4000ms fold4/5: best_val= 75.00% (ep22) test= 62.50%
  S16 4000ms fold5/5: best_val= 68.75% (ep13) test= 50.00%
S16: 800ms= 51.25%  1500ms= 47.50%  3000ms= 58.75%  4000ms= 57.50%   (73s)
  S17 800ms fold1/5: best_val= 62.50% (ep1) test= 37.50%
  S17 800ms fold2/5: best_val= 56.25% (ep1) test= 50.00%
  S17 800ms fold3/5: best_val= 56.25% (ep6) test= 37.50%
  S17 800ms fold4/5: best_val= 62.50% (ep5) test= 56.25%
  S17 800ms fold5/5: best_val= 56.25% (ep1) test= 37.50%
  S17 1500ms fold1/5: best_val= 75.00% (ep42) test= 43.75%
  S17 1500ms fold2/5: best_val= 56.25% (ep3) test= 62.50%
  S17 1500ms fold3/5: best_val= 62.50% (ep17) test= 56.25%
  S17 1500ms fold4/5: best_val= 75.00% (ep26) test= 50.00%
  S17 1500ms fold5/5: best_val= 62.50% (ep1) test= 62.50%
  S17 3000ms fold1/5: best_val= 62.50% (ep12) test= 37.50%
  S17 3000ms fold2/5: best_val= 56.25% (ep6) test= 50.00%
  S17 3000ms fold3/5: best_val= 56.25% (ep3) test= 56.25%
  S17 3000ms fold4/5: best_val= 62.50% (ep1) test= 43.75%
  S17 3000ms fold5/5: best_val= 62.50% (ep2) test= 50.00%
  S17 4000ms fold1/5: best_val= 56.25% (ep11) test= 56.25%
  S17 4000ms fold2/5: best_val= 81.25% (ep11) test= 68.75%
  S17 4000ms fold3/5: best_val= 62.50% (ep2) test= 50.00%
  S17 4000ms fold4/5: best_val= 75.00% (ep24) test= 43.75%
  S17 4000ms fold5/5: best_val= 50.00% (ep2) test= 43.75%
S17: 800ms= 43.75%  1500ms= 55.00%  3000ms= 47.50%  4000ms= 52.50%   (73s)
  S18 800ms fold1/5: best_val= 62.50% (ep2) test= 43.75%
  S18 800ms fold2/5: best_val= 56.25% (ep11) test= 37.50%
  S18 800ms fold3/5: best_val= 62.50% (ep2) test= 68.75%
  S18 800ms fold4/5: best_val= 81.25% (ep6) test= 37.50%
  S18 800ms fold5/5: best_val= 50.00% (ep1) test= 37.50%
  S18 1500ms fold1/5: best_val= 56.25% (ep5) test= 43.75%
  S18 1500ms fold2/5: best_val= 81.25% (ep6) test= 75.00%
  S18 1500ms fold3/5: best_val= 62.50% (ep8) test= 75.00%
  S18 1500ms fold4/5: best_val= 62.50% (ep2) test= 43.75%
  S18 1500ms fold5/5: best_val= 62.50% (ep8) test= 68.75%
  S18 3000ms fold1/5: best_val= 75.00% (ep14) test= 50.00%
  S18 3000ms fold2/5: best_val= 68.75% (ep5) test= 56.25%
  S18 3000ms fold3/5: best_val= 56.25% (ep10) test= 50.00%
  S18 3000ms fold4/5: best_val= 75.00% (ep9) test= 43.75%
  S18 3000ms fold5/5: best_val= 75.00% (ep13) test= 43.75%
  S18 4000ms fold1/5: best_val= 75.00% (ep13) test= 43.75%
  S18 4000ms fold2/5: best_val= 68.75% (ep9) test= 56.25%
  S18 4000ms fold3/5: best_val= 81.25% (ep10) test= 68.75%
  S18 4000ms fold4/5: best_val= 68.75% (ep10) test= 56.25%
  S18 4000ms fold5/5: best_val= 81.25% (ep11) test= 50.00%
S18: 800ms= 45.00%  1500ms= 61.25%  3000ms= 48.75%  4000ms= 55.00%   (73s)

ALL SUBJECTS COMPLETED — HOC/WAA  (1331s)

====================================================================
SAVED HOC/WAA -> /work/11862/rmaahin/ls6/FineMI-enhancements/ConformerEEG/experiments/option_a/results/full/HOC_WAA
gpu=NVIDIA A100-PCIE-40GB | torch=2.8.0+cu128 | seed=42 | model=conformer_a | mode=full
====================================================================
window_ms   800    1500   3000   4000
subject                              
1          48.89  45.56  48.89  53.33
2          50.00  51.25  60.00  51.25
3          57.50  52.50  52.50  63.75
4          52.50  45.00  55.00  48.75
5          47.50  53.75  48.75  62.50
6          62.50  52.50  50.00  48.75
7          50.00  48.75  47.50  45.00
8          65.00  57.50  50.00  61.25
9          48.75  46.25  51.25  53.75
10         43.75  43.75  60.00  48.75
11         58.75  60.00  56.25  60.00
12         56.25  57.50  47.50  51.25
13         53.75  53.75  47.50  52.50
14         72.50  71.25  47.50  58.75
15         56.25  56.25  57.50  60.00
16         51.25  47.50  58.75  57.50
17         43.75  55.00  47.50  52.50
18         45.00  61.25  48.75  55.00

mean: {800: 53.55, 1500: 53.29, 3000: 51.95, 4000: 54.7}
sd  : {800: 7.69, 1500: 6.89, 3000: 4.68, 4000: 5.44}

Pairs saved so far in /work/11862/rmaahin/ls6/FineMI-enhancements/ConformerEEG/experiments/option_a/results/full: 6/28

##### pair_idx=2 (HOC_EPS) #####

Using device: cuda | gpu=NVIDIA A100-PCIE-40GB | torch=2.8.0+cu128
NOTE: determinism holds per-GPU-model. Record this GPU name.

PAIR: HOC/EPS  (classes 0 vs 3)  model=conformer_a  mode=full
Test time windows: [800, 1500, 3000, 4000] ms
Test time windows (samples): [200, 375, 750, 1000]

BINARY CLASSIFICATION: Class 0 vs Class 3  (HOC/EPS)
  Class 0 (original 0): 725 trials
  Class 1 (original 3): 725 trials

Extracted time windows:
  800ms (200 samples): shape (1450, 62, 200)
  1500ms (375 samples): shape (1450, 62, 375)
  3000ms (750 samples): shape (1450, 62, 750)
  4000ms (1000 samples): shape (1450, 62, 1000)

Model configuration:
  Model: conformer_a
  Channels: 62
  Subjects: [1, 2, 3, 4, 5, 6, 7, 8, 9, 10, 11, 12, 13, 14, 15, 16, 17, 18]
  Time windows: [800, 1500, 3000, 4000] ms
  Classes: 2 (Binary: Class 0 vs Class 3)
  Folds: 5
  Batch size: 32
  Epochs per subject per time window: 50
  S1 800ms fold1/5: best_val= 72.22% (ep37) test= 50.00%
  S1 800ms fold2/5: best_val= 66.67% (ep17) test= 55.56%
  S1 800ms fold3/5: best_val= 66.67% (ep45) test= 61.11%
  S1 800ms fold4/5: best_val= 55.56% (ep10) test= 50.00%
  S1 800ms fold5/5: best_val= 72.22% (ep11) test= 33.33%
  S1 1500ms fold1/5: best_val= 61.11% (ep1) test= 38.89%
  S1 1500ms fold2/5: best_val= 61.11% (ep4) test= 55.56%
  S1 1500ms fold3/5: best_val= 66.67% (ep2) test= 50.00%
  S1 1500ms fold4/5: best_val= 72.22% (ep1) test= 50.00%
  S1 1500ms fold5/5: best_val= 72.22% (ep26) test= 44.44%
  S1 3000ms fold1/5: best_val= 72.22% (ep14) test= 55.56%
  S1 3000ms fold2/5: best_val= 72.22% (ep13) test= 38.89%
  S1 3000ms fold3/5: best_val= 72.22% (ep5) test= 50.00%
  S1 3000ms fold4/5: best_val= 55.56% (ep23) test= 44.44%
  S1 3000ms fold5/5: best_val= 77.78% (ep3) test= 44.44%
  S1 4000ms fold1/5: best_val= 77.78% (ep4) test= 50.00%
  S1 4000ms fold2/5: best_val= 72.22% (ep9) test= 44.44%
  S1 4000ms fold3/5: best_val= 72.22% (ep4) test= 38.89%
  S1 4000ms fold4/5: best_val= 72.22% (ep7) test= 27.78%
  S1 4000ms fold5/5: best_val= 72.22% (ep29) test= 33.33%
S 1: 800ms= 50.00%  1500ms= 47.78%  3000ms= 46.67%  4000ms= 38.89%   (87s)
  S2 800ms fold1/5: best_val= 62.50% (ep2) test= 37.50%
  S2 800ms fold2/5: best_val= 50.00% (ep4) test= 50.00%
  S2 800ms fold3/5: best_val= 50.00% (ep4) test= 37.50%
  S2 800ms fold4/5: best_val= 81.25% (ep1) test= 31.25%
  S2 800ms fold5/5: best_val= 43.75% (ep3) test= 50.00%
  S2 1500ms fold1/5: best_val= 62.50% (ep9) test= 37.50%
  S2 1500ms fold2/5: best_val= 62.50% (ep11) test= 43.75%
  S2 1500ms fold3/5: best_val= 56.25% (ep2) test= 56.25%
  S2 1500ms fold4/5: best_val= 68.75% (ep4) test= 50.00%
  S2 1500ms fold5/5: best_val= 56.25% (ep20) test= 56.25%
  S2 3000ms fold1/5: best_val= 62.50% (ep1) test= 31.25%
  S2 3000ms fold2/5: best_val= 68.75% (ep1) test= 62.50%
  S2 3000ms fold3/5: best_val= 56.25% (ep6) test= 50.00%
  S2 3000ms fold4/5: best_val= 68.75% (ep5) test= 43.75%
  S2 3000ms fold5/5: best_val= 56.25% (ep1) test= 56.25%
  S2 4000ms fold1/5: best_val= 68.75% (ep21) test= 43.75%
  S2 4000ms fold2/5: best_val= 50.00% (ep9) test= 56.25%
  S2 4000ms fold3/5: best_val= 50.00% (ep5) test= 37.50%
  S2 4000ms fold4/5: best_val= 62.50% (ep2) test= 37.50%
  S2 4000ms fold5/5: best_val= 37.50% (ep4) test= 50.00%
S 2: 800ms= 41.25%  1500ms= 48.75%  3000ms= 48.75%  4000ms= 45.00%   (73s)
  S3 800ms fold1/5: best_val= 68.75% (ep2) test= 37.50%
  S3 800ms fold2/5: best_val= 68.75% (ep19) test= 43.75%
  S3 800ms fold3/5: best_val= 62.50% (ep8) test= 43.75%
  S3 800ms fold4/5: best_val= 56.25% (ep4) test= 31.25%
  S3 800ms fold5/5: best_val= 68.75% (ep12) test= 62.50%
  S3 1500ms fold1/5: best_val= 56.25% (ep6) test= 43.75%
  S3 1500ms fold2/5: best_val= 62.50% (ep1) test= 31.25%
  S3 1500ms fold3/5: best_val= 75.00% (ep1) test= 31.25%
  S3 1500ms fold4/5: best_val= 68.75% (ep19) test= 25.00%
  S3 1500ms fold5/5: best_val= 75.00% (ep4) test= 43.75%
  S3 3000ms fold1/5: best_val= 62.50% (ep5) test= 56.25%
  S3 3000ms fold2/5: best_val= 68.75% (ep2) test= 68.75%
  S3 3000ms fold3/5: best_val= 68.75% (ep33) test= 43.75%
  S3 3000ms fold4/5: best_val= 62.50% (ep23) test= 37.50%
  S3 3000ms fold5/5: best_val= 68.75% (ep12) test= 56.25%
  S3 4000ms fold1/5: best_val= 56.25% (ep2) test= 43.75%
  S3 4000ms fold2/5: best_val= 68.75% (ep2) test= 31.25%
  S3 4000ms fold3/5: best_val= 75.00% (ep27) test= 62.50%
  S3 4000ms fold4/5: best_val= 56.25% (ep2) test= 50.00%
  S3 4000ms fold5/5: best_val= 56.25% (ep8) test= 68.75%
S 3: 800ms= 43.75%  1500ms= 35.00%  3000ms= 52.50%  4000ms= 51.25%   (73s)
  S4 800ms fold1/5: best_val= 62.50% (ep3) test= 56.25%
  S4 800ms fold2/5: best_val= 62.50% (ep2) test= 50.00%
  S4 800ms fold3/5: best_val= 43.75% (ep1) test= 68.75%
  S4 800ms fold4/5: best_val= 81.25% (ep13) test= 62.50%
  S4 800ms fold5/5: best_val= 56.25% (ep26) test= 68.75%
  S4 1500ms fold1/5: best_val= 62.50% (ep2) test= 62.50%
  S4 1500ms fold2/5: best_val= 62.50% (ep4) test= 68.75%
  S4 1500ms fold3/5: best_val= 68.75% (ep7) test= 68.75%
  S4 1500ms fold4/5: best_val= 68.75% (ep21) test= 43.75%
  S4 1500ms fold5/5: best_val= 68.75% (ep2) test= 50.00%
  S4 3000ms fold1/5: best_val= 62.50% (ep1) test= 37.50%
  S4 3000ms fold2/5: best_val= 68.75% (ep8) test= 62.50%
  S4 3000ms fold3/5: best_val= 87.50% (ep9) test= 62.50%
  S4 3000ms fold4/5: best_val= 81.25% (ep9) test= 62.50%
  S4 3000ms fold5/5: best_val= 68.75% (ep2) test= 62.50%
  S4 4000ms fold1/5: best_val= 75.00% (ep1) test= 25.00%
  S4 4000ms fold2/5: best_val= 75.00% (ep11) test= 68.75%
  S4 4000ms fold3/5: best_val= 87.50% (ep13) test= 62.50%
  S4 4000ms fold4/5: best_val= 93.75% (ep22) test= 75.00%
  S4 4000ms fold5/5: best_val= 75.00% (ep11) test= 68.75%
S 4: 800ms= 61.25%  1500ms= 58.75%  3000ms= 57.50%  4000ms= 60.00%   (73s)
  S5 800ms fold1/5: best_val= 62.50% (ep1) test= 56.25%
  S5 800ms fold2/5: best_val= 75.00% (ep9) test= 43.75%
  S5 800ms fold3/5: best_val= 68.75% (ep8) test= 37.50%
  S5 800ms fold4/5: best_val= 43.75% (ep1) test= 56.25%
  S5 800ms fold5/5: best_val= 68.75% (ep17) test= 62.50%
  S5 1500ms fold1/5: best_val= 81.25% (ep24) test= 43.75%
  S5 1500ms fold2/5: best_val= 62.50% (ep4) test= 31.25%
  S5 1500ms fold3/5: best_val= 68.75% (ep3) test= 12.50%
  S5 1500ms fold4/5: best_val= 43.75% (ep5) test= 62.50%
  S5 1500ms fold5/5: best_val= 75.00% (ep4) test= 68.75%
  S5 3000ms fold1/5: best_val= 62.50% (ep29) test= 37.50%
  S5 3000ms fold2/5: best_val= 56.25% (ep1) test= 43.75%
  S5 3000ms fold3/5: best_val= 56.25% (ep1) test= 31.25%
  S5 3000ms fold4/5: best_val= 56.25% (ep1) test= 43.75%
  S5 3000ms fold5/5: best_val= 93.75% (ep30) test= 75.00%
  S5 4000ms fold1/5: best_val= 75.00% (ep38) test= 62.50%
  S5 4000ms fold2/5: best_val= 56.25% (ep6) test= 43.75%
  S5 4000ms fold3/5: best_val= 62.50% (ep1) test= 37.50%
  S5 4000ms fold4/5: best_val= 62.50% (ep5) test= 37.50%
  S5 4000ms fold5/5: best_val= 93.75% (ep10) test= 56.25%
S 5: 800ms= 51.25%  1500ms= 43.75%  3000ms= 46.25%  4000ms= 47.50%   (73s)
  S6 800ms fold1/5: best_val= 62.50% (ep1) test= 56.25%
  S6 800ms fold2/5: best_val= 87.50% (ep9) test= 37.50%
  S6 800ms fold3/5: best_val= 81.25% (ep30) test= 62.50%
  S6 800ms fold4/5: best_val= 75.00% (ep2) test= 56.25%
  S6 800ms fold5/5: best_val= 62.50% (ep7) test= 37.50%
  S6 1500ms fold1/5: best_val= 62.50% (ep13) test= 43.75%
  S6 1500ms fold2/5: best_val= 81.25% (ep17) test= 68.75%
  S6 1500ms fold3/5: best_val= 87.50% (ep15) test= 37.50%
  S6 1500ms fold4/5: best_val= 68.75% (ep3) test= 37.50%
  S6 1500ms fold5/5: best_val= 62.50% (ep10) test= 37.50%
  S6 3000ms fold1/5: best_val= 75.00% (ep5) test= 75.00%
  S6 3000ms fold2/5: best_val= 81.25% (ep27) test= 37.50%
  S6 3000ms fold3/5: best_val= 81.25% (ep32) test= 50.00%
  S6 3000ms fold4/5: best_val= 56.25% (ep1) test= 43.75%
  S6 3000ms fold5/5: best_val= 68.75% (ep21) test= 56.25%
  S6 4000ms fold1/5: best_val= 81.25% (ep21) test= 56.25%
  S6 4000ms fold2/5: best_val= 75.00% (ep27) test= 50.00%
  S6 4000ms fold3/5: best_val= 87.50% (ep25) test= 25.00%
  S6 4000ms fold4/5: best_val= 62.50% (ep23) test= 68.75%
  S6 4000ms fold5/5: best_val= 62.50% (ep10) test= 56.25%
S 6: 800ms= 50.00%  1500ms= 45.00%  3000ms= 52.50%  4000ms= 51.25%   (73s)
  S7 800ms fold1/5: best_val= 62.50% (ep8) test= 56.25%
  S7 800ms fold2/5: best_val= 68.75% (ep1) test= 56.25%
  S7 800ms fold3/5: best_val= 62.50% (ep4) test= 37.50%
  S7 800ms fold4/5: best_val= 62.50% (ep8) test= 43.75%
  S7 800ms fold5/5: best_val= 68.75% (ep6) test= 37.50%
  S7 1500ms fold1/5: best_val= 56.25% (ep1) test= 56.25%
  S7 1500ms fold2/5: best_val= 68.75% (ep13) test= 56.25%
  S7 1500ms fold3/5: best_val= 50.00% (ep17) test= 31.25%
  S7 1500ms fold4/5: best_val= 81.25% (ep19) test= 62.50%
  S7 1500ms fold5/5: best_val= 81.25% (ep18) test= 37.50%
  S7 3000ms fold1/5: best_val= 68.75% (ep9) test= 37.50%
  S7 3000ms fold2/5: best_val= 62.50% (ep2) test= 43.75%
  S7 3000ms fold3/5: best_val= 56.25% (ep6) test= 25.00%
  S7 3000ms fold4/5: best_val= 68.75% (ep7) test= 12.50%
  S7 3000ms fold5/5: best_val= 75.00% (ep4) test= 31.25%
  S7 4000ms fold1/5: best_val= 68.75% (ep18) test= 50.00%
  S7 4000ms fold2/5: best_val= 50.00% (ep3) test= 43.75%
  S7 4000ms fold3/5: best_val= 56.25% (ep2) test= 43.75%
  S7 4000ms fold4/5: best_val= 56.25% (ep11) test= 43.75%
  S7 4000ms fold5/5: best_val= 75.00% (ep4) test= 37.50%
S 7: 800ms= 46.25%  1500ms= 48.75%  3000ms= 30.00%  4000ms= 43.75%   (73s)
  S8 800ms fold1/5: best_val= 75.00% (ep24) test= 81.25%
  S8 800ms fold2/5: best_val= 50.00% (ep13) test= 56.25%
  S8 800ms fold3/5: best_val= 68.75% (ep13) test= 43.75%
  S8 800ms fold4/5: best_val= 68.75% (ep43) test= 68.75%
  S8 800ms fold5/5: best_val= 62.50% (ep7) test= 50.00%
  S8 1500ms fold1/5: best_val= 62.50% (ep1) test= 62.50%
  S8 1500ms fold2/5: best_val= 56.25% (ep4) test= 62.50%
  S8 1500ms fold3/5: best_val= 56.25% (ep1) test= 37.50%
  S8 1500ms fold4/5: best_val= 68.75% (ep9) test= 68.75%
  S8 1500ms fold5/5: best_val= 62.50% (ep8) test= 56.25%
  S8 3000ms fold1/5: best_val= 62.50% (ep2) test= 56.25%
  S8 3000ms fold2/5: best_val= 50.00% (ep12) test= 56.25%
  S8 3000ms fold3/5: best_val= 62.50% (ep2) test= 43.75%
  S8 3000ms fold4/5: best_val= 75.00% (ep12) test= 87.50%
  S8 3000ms fold5/5: best_val= 75.00% (ep9) test= 68.75%
  S8 4000ms fold1/5: best_val= 62.50% (ep3) test= 56.25%
  S8 4000ms fold2/5: best_val= 43.75% (ep1) test= 43.75%
  S8 4000ms fold3/5: best_val= 56.25% (ep1) test= 62.50%
  S8 4000ms fold4/5: best_val= 81.25% (ep2) test= 56.25%
  S8 4000ms fold5/5: best_val= 81.25% (ep5) test= 68.75%
S 8: 800ms= 60.00%  1500ms= 57.50%  3000ms= 62.50%  4000ms= 57.50%   (73s)
  S9 800ms fold1/5: best_val= 68.75% (ep6) test= 50.00%
  S9 800ms fold2/5: best_val= 50.00% (ep3) test= 43.75%
  S9 800ms fold3/5: best_val= 56.25% (ep2) test= 56.25%
  S9 800ms fold4/5: best_val= 43.75% (ep1) test= 81.25%
  S9 800ms fold5/5: best_val= 68.75% (ep17) test= 56.25%
  S9 1500ms fold1/5: best_val= 75.00% (ep29) test= 43.75%
  S9 1500ms fold2/5: best_val= 68.75% (ep11) test= 43.75%
  S9 1500ms fold3/5: best_val= 68.75% (ep2) test= 56.25%
  S9 1500ms fold4/5: best_val= 68.75% (ep1) test= 68.75%
  S9 1500ms fold5/5: best_val= 68.75% (ep17) test= 56.25%
  S9 3000ms fold1/5: best_val= 75.00% (ep7) test= 25.00%
  S9 3000ms fold2/5: best_val= 87.50% (ep7) test= 37.50%
  S9 3000ms fold3/5: best_val= 75.00% (ep1) test= 43.75%
  S9 3000ms fold4/5: best_val= 68.75% (ep3) test= 56.25%
  S9 3000ms fold5/5: best_val= 68.75% (ep1) test= 56.25%
  S9 4000ms fold1/5: best_val= 68.75% (ep15) test= 37.50%
  S9 4000ms fold2/5: best_val= 75.00% (ep8) test= 50.00%
  S9 4000ms fold3/5: best_val= 75.00% (ep2) test= 62.50%
  S9 4000ms fold4/5: best_val= 62.50% (ep1) test= 37.50%
  S9 4000ms fold5/5: best_val= 68.75% (ep6) test= 56.25%
S 9: 800ms= 57.50%  1500ms= 53.75%  3000ms= 43.75%  4000ms= 48.75%   (73s)
  S10 800ms fold1/5: best_val= 75.00% (ep1) test= 56.25%
  S10 800ms fold2/5: best_val= 62.50% (ep1) test= 43.75%
  S10 800ms fold3/5: best_val= 68.75% (ep13) test= 62.50%
  S10 800ms fold4/5: best_val= 75.00% (ep18) test= 43.75%
  S10 800ms fold5/5: best_val= 75.00% (ep7) test= 50.00%
  S10 1500ms fold1/5: best_val= 62.50% (ep11) test= 56.25%
  S10 1500ms fold2/5: best_val= 62.50% (ep5) test= 75.00%
  S10 1500ms fold3/5: best_val= 81.25% (ep10) test= 50.00%
  S10 1500ms fold4/5: best_val= 75.00% (ep3) test= 56.25%
  S10 1500ms fold5/5: best_val= 81.25% (ep9) test= 43.75%
  S10 3000ms fold1/5: best_val= 56.25% (ep5) test= 56.25%
  S10 3000ms fold2/5: best_val= 62.50% (ep6) test= 56.25%
  S10 3000ms fold3/5: best_val= 81.25% (ep11) test= 56.25%
  S10 3000ms fold4/5: best_val= 56.25% (ep3) test= 68.75%
  S10 3000ms fold5/5: best_val= 87.50% (ep11) test= 56.25%
  S10 4000ms fold1/5: best_val= 68.75% (ep5) test= 56.25%
  S10 4000ms fold2/5: best_val= 62.50% (ep4) test= 56.25%
  S10 4000ms fold3/5: best_val= 68.75% (ep8) test= 62.50%
  S10 4000ms fold4/5: best_val= 81.25% (ep2) test= 37.50%
  S10 4000ms fold5/5: best_val= 81.25% (ep1) test= 56.25%
S10: 800ms= 51.25%  1500ms= 56.25%  3000ms= 58.75%  4000ms= 53.75%   (74s)
  S11 800ms fold1/5: best_val= 68.75% (ep4) test= 56.25%
  S11 800ms fold2/5: best_val= 62.50% (ep19) test= 62.50%
  S11 800ms fold3/5: best_val= 56.25% (ep5) test= 56.25%
  S11 800ms fold4/5: best_val= 62.50% (ep1) test= 37.50%
  S11 800ms fold5/5: best_val= 43.75% (ep1) test= 68.75%
  S11 1500ms fold1/5: best_val= 50.00% (ep1) test= 56.25%
  S11 1500ms fold2/5: best_val= 56.25% (ep1) test= 68.75%
  S11 1500ms fold3/5: best_val= 43.75% (ep2) test= 62.50%
  S11 1500ms fold4/5: best_val= 56.25% (ep13) test= 25.00%
  S11 1500ms fold5/5: best_val= 43.75% (ep2) test= 81.25%
  S11 3000ms fold1/5: best_val= 62.50% (ep10) test= 68.75%
  S11 3000ms fold2/5: best_val= 62.50% (ep5) test= 50.00%
  S11 3000ms fold3/5: best_val= 62.50% (ep6) test= 43.75%
  S11 3000ms fold4/5: best_val= 56.25% (ep1) test= 50.00%
  S11 3000ms fold5/5: best_val= 50.00% (ep2) test= 62.50%
  S11 4000ms fold1/5: best_val= 68.75% (ep12) test= 56.25%
  S11 4000ms fold2/5: best_val= 62.50% (ep1) test= 50.00%
  S11 4000ms fold3/5: best_val= 56.25% (ep1) test= 50.00%
  S11 4000ms fold4/5: best_val= 56.25% (ep1) test= 50.00%
  S11 4000ms fold5/5: best_val= 50.00% (ep17) test= 68.75%
S11: 800ms= 56.25%  1500ms= 58.75%  3000ms= 55.00%  4000ms= 55.00%   (73s)
  S12 800ms fold1/5: best_val= 50.00% (ep2) test= 62.50%
  S12 800ms fold2/5: best_val= 75.00% (ep3) test= 56.25%
  S12 800ms fold3/5: best_val= 56.25% (ep2) test= 75.00%
  S12 800ms fold4/5: best_val= 62.50% (ep14) test= 37.50%
  S12 800ms fold5/5: best_val= 43.75% (ep5) test= 50.00%
  S12 1500ms fold1/5: best_val= 68.75% (ep33) test= 56.25%
  S12 1500ms fold2/5: best_val= 68.75% (ep13) test= 50.00%
  S12 1500ms fold3/5: best_val= 62.50% (ep27) test= 62.50%
  S12 1500ms fold4/5: best_val= 56.25% (ep2) test= 43.75%
  S12 1500ms fold5/5: best_val= 68.75% (ep3) test= 37.50%
  S12 3000ms fold1/5: best_val= 62.50% (ep1) test= 68.75%
  S12 3000ms fold2/5: best_val= 56.25% (ep2) test= 56.25%
  S12 3000ms fold3/5: best_val= 56.25% (ep5) test= 43.75%
  S12 3000ms fold4/5: best_val= 43.75% (ep1) test= 50.00%
  S12 3000ms fold5/5: best_val= 56.25% (ep4) test= 50.00%
  S12 4000ms fold1/5: best_val= 81.25% (ep1) test= 56.25%
  S12 4000ms fold2/5: best_val= 62.50% (ep1) test= 37.50%
  S12 4000ms fold3/5: best_val= 62.50% (ep19) test= 62.50%
  S12 4000ms fold4/5: best_val= 62.50% (ep30) test= 37.50%
  S12 4000ms fold5/5: best_val= 37.50% (ep1) test= 56.25%
S12: 800ms= 56.25%  1500ms= 50.00%  3000ms= 53.75%  4000ms= 50.00%   (73s)
  S13 800ms fold1/5: best_val= 62.50% (ep22) test= 37.50%
  S13 800ms fold2/5: best_val= 56.25% (ep1) test= 68.75%
  S13 800ms fold3/5: best_val= 56.25% (ep13) test= 37.50%
  S13 800ms fold4/5: best_val= 68.75% (ep1) test= 81.25%
  S13 800ms fold5/5: best_val= 62.50% (ep2) test= 62.50%
  S13 1500ms fold1/5: best_val= 68.75% (ep17) test= 56.25%
  S13 1500ms fold2/5: best_val= 37.50% (ep6) test= 50.00%
  S13 1500ms fold3/5: best_val= 62.50% (ep8) test= 43.75%
  S13 1500ms fold4/5: best_val= 56.25% (ep4) test= 43.75%
  S13 1500ms fold5/5: best_val= 62.50% (ep3) test= 31.25%
  S13 3000ms fold1/5: best_val= 50.00% (ep5) test= 43.75%
  S13 3000ms fold2/5: best_val= 56.25% (ep3) test= 56.25%
  S13 3000ms fold3/5: best_val= 75.00% (ep2) test= 31.25%
  S13 3000ms fold4/5: best_val= 62.50% (ep2) test= 37.50%
  S13 3000ms fold5/5: best_val= 56.25% (ep6) test= 62.50%
  S13 4000ms fold1/5: best_val= 62.50% (ep11) test= 31.25%
  S13 4000ms fold2/5: best_val= 50.00% (ep2) test= 50.00%
  S13 4000ms fold3/5: best_val= 62.50% (ep48) test= 50.00%
  S13 4000ms fold4/5: best_val= 56.25% (ep1) test= 18.75%
  S13 4000ms fold5/5: best_val= 62.50% (ep4) test= 43.75%
S13: 800ms= 57.50%  1500ms= 45.00%  3000ms= 46.25%  4000ms= 38.75%   (73s)
  S14 800ms fold1/5: best_val= 62.50% (ep5) test= 62.50%
  S14 800ms fold2/5: best_val= 50.00% (ep4) test= 43.75%
  S14 800ms fold3/5: best_val= 87.50% (ep9) test= 75.00%
  S14 800ms fold4/5: best_val= 62.50% (ep12) test= 62.50%
  S14 800ms fold5/5: best_val= 56.25% (ep2) test= 43.75%
  S14 1500ms fold1/5: best_val= 50.00% (ep1) test= 43.75%
  S14 1500ms fold2/5: best_val= 62.50% (ep42) test= 50.00%
  S14 1500ms fold3/5: best_val= 75.00% (ep25) test= 50.00%
  S14 1500ms fold4/5: best_val= 62.50% (ep9) test= 56.25%
  S14 1500ms fold5/5: best_val= 50.00% (ep2) test= 50.00%
  S14 3000ms fold1/5: best_val= 56.25% (ep1) test= 56.25%
  S14 3000ms fold2/5: best_val= 56.25% (ep8) test= 56.25%
  S14 3000ms fold3/5: best_val= 81.25% (ep27) test= 31.25%
  S14 3000ms fold4/5: best_val= 56.25% (ep1) test= 50.00%
  S14 3000ms fold5/5: best_val= 50.00% (ep24) test= 43.75%
  S14 4000ms fold1/5: best_val= 62.50% (ep1) test= 56.25%
  S14 4000ms fold2/5: best_val= 68.75% (ep8) test= 68.75%
  S14 4000ms fold3/5: best_val= 62.50% (ep8) test= 56.25%
  S14 4000ms fold4/5: best_val= 68.75% (ep14) test= 37.50%
  S14 4000ms fold5/5: best_val= 62.50% (ep2) test= 31.25%
S14: 800ms= 57.50%  1500ms= 50.00%  3000ms= 47.50%  4000ms= 50.00%   (73s)
  S15 800ms fold1/5: best_val= 75.00% (ep2) test= 50.00%
  S15 800ms fold2/5: best_val= 56.25% (ep1) test= 56.25%
  S15 800ms fold3/5: best_val= 50.00% (ep1) test= 56.25%
  S15 800ms fold4/5: best_val= 87.50% (ep8) test= 81.25%
  S15 800ms fold5/5: best_val= 75.00% (ep12) test= 81.25%
  S15 1500ms fold1/5: best_val= 56.25% (ep13) test= 56.25%
  S15 1500ms fold2/5: best_val= 68.75% (ep1) test= 75.00%
  S15 1500ms fold3/5: best_val= 50.00% (ep5) test= 62.50%
  S15 1500ms fold4/5: best_val= 81.25% (ep8) test= 68.75%
  S15 1500ms fold5/5: best_val= 68.75% (ep1) test= 75.00%
  S15 3000ms fold1/5: best_val= 56.25% (ep5) test= 50.00%
  S15 3000ms fold2/5: best_val= 68.75% (ep7) test= 50.00%
  S15 3000ms fold3/5: best_val= 68.75% (ep6) test= 75.00%
  S15 3000ms fold4/5: best_val= 81.25% (ep11) test= 50.00%
  S15 3000ms fold5/5: best_val= 87.50% (ep6) test= 43.75%
  S15 4000ms fold1/5: best_val= 68.75% (ep3) test= 62.50%
  S15 4000ms fold2/5: best_val= 68.75% (ep5) test= 56.25%
  S15 4000ms fold3/5: best_val= 56.25% (ep25) test= 68.75%
  S15 4000ms fold4/5: best_val= 87.50% (ep6) test= 62.50%
  S15 4000ms fold5/5: best_val= 75.00% (ep21) test= 68.75%
S15: 800ms= 65.00%  1500ms= 67.50%  3000ms= 53.75%  4000ms= 63.75%   (73s)
  S16 800ms fold1/5: best_val= 75.00% (ep7) test= 81.25%
  S16 800ms fold2/5: best_val= 62.50% (ep16) test= 50.00%
  S16 800ms fold3/5: best_val= 56.25% (ep11) test= 50.00%
  S16 800ms fold4/5: best_val= 68.75% (ep1) test= 68.75%
  S16 800ms fold5/5: best_val= 81.25% (ep6) test= 50.00%
  S16 1500ms fold1/5: best_val= 75.00% (ep6) test= 56.25%
  S16 1500ms fold2/5: best_val= 68.75% (ep2) test= 37.50%
  S16 1500ms fold3/5: best_val= 68.75% (ep5) test= 56.25%
  S16 1500ms fold4/5: best_val= 81.25% (ep4) test= 50.00%
  S16 1500ms fold5/5: best_val= 87.50% (ep3) test= 37.50%
  S16 3000ms fold1/5: best_val= 75.00% (ep3) test= 56.25%
  S16 3000ms fold2/5: best_val= 68.75% (ep1) test= 43.75%
  S16 3000ms fold3/5: best_val= 75.00% (ep24) test= 87.50%
  S16 3000ms fold4/5: best_val= 68.75% (ep4) test= 62.50%
  S16 3000ms fold5/5: best_val= 75.00% (ep20) test= 43.75%
  S16 4000ms fold1/5: best_val= 62.50% (ep6) test= 43.75%
  S16 4000ms fold2/5: best_val= 75.00% (ep7) test= 50.00%
  S16 4000ms fold3/5: best_val= 68.75% (ep4) test= 50.00%
  S16 4000ms fold4/5: best_val= 75.00% (ep6) test= 75.00%
  S16 4000ms fold5/5: best_val= 75.00% (ep10) test= 25.00%
S16: 800ms= 60.00%  1500ms= 47.50%  3000ms= 58.75%  4000ms= 48.75%   (73s)
  S17 800ms fold1/5: best_val= 62.50% (ep3) test= 43.75%
  S17 800ms fold2/5: best_val= 56.25% (ep3) test= 68.75%
  S17 800ms fold3/5: best_val= 62.50% (ep34) test= 68.75%
  S17 800ms fold4/5: best_val= 43.75% (ep1) test= 62.50%
  S17 800ms fold5/5: best_val= 68.75% (ep42) test= 68.75%
  S17 1500ms fold1/5: best_val= 68.75% (ep5) test= 50.00%
  S17 1500ms fold2/5: best_val= 50.00% (ep14) test= 50.00%
  S17 1500ms fold3/5: best_val= 62.50% (ep1) test= 56.25%
  S17 1500ms fold4/5: best_val= 56.25% (ep2) test= 68.75%
  S17 1500ms fold5/5: best_val= 62.50% (ep39) test= 56.25%
  S17 3000ms fold1/5: best_val= 62.50% (ep5) test= 68.75%
  S17 3000ms fold2/5: best_val= 62.50% (ep23) test= 62.50%
  S17 3000ms fold3/5: best_val= 81.25% (ep11) test= 43.75%
  S17 3000ms fold4/5: best_val= 68.75% (ep12) test= 62.50%
  S17 3000ms fold5/5: best_val= 75.00% (ep19) test= 56.25%
  S17 4000ms fold1/5: best_val= 68.75% (ep4) test= 43.75%
  S17 4000ms fold2/5: best_val= 62.50% (ep1) test= 56.25%
  S17 4000ms fold3/5: best_val= 68.75% (ep17) test= 50.00%
  S17 4000ms fold4/5: best_val= 75.00% (ep1) test= 56.25%
  S17 4000ms fold5/5: best_val= 75.00% (ep35) test= 62.50%
S17: 800ms= 62.50%  1500ms= 56.25%  3000ms= 58.75%  4000ms= 53.75%   (73s)
  S18 800ms fold1/5: best_val= 62.50% (ep1) test= 81.25%
  S18 800ms fold2/5: best_val= 43.75% (ep5) test= 56.25%
  S18 800ms fold3/5: best_val= 62.50% (ep2) test= 43.75%
  S18 800ms fold4/5: best_val= 62.50% (ep1) test= 37.50%
  S18 800ms fold5/5: best_val= 50.00% (ep1) test= 37.50%
  S18 1500ms fold1/5: best_val= 62.50% (ep15) test= 50.00%
  S18 1500ms fold2/5: best_val= 87.50% (ep29) test= 68.75%
  S18 1500ms fold3/5: best_val= 56.25% (ep12) test= 50.00%
  S18 1500ms fold4/5: best_val= 62.50% (ep1) test= 50.00%
  S18 1500ms fold5/5: best_val= 56.25% (ep1) test= 56.25%
  S18 3000ms fold1/5: best_val= 68.75% (ep1) test= 18.75%
  S18 3000ms fold2/5: best_val= 68.75% (ep5) test= 37.50%
  S18 3000ms fold3/5: best_val= 68.75% (ep24) test= 50.00%
  S18 3000ms fold4/5: best_val= 62.50% (ep1) test= 56.25%
  S18 3000ms fold5/5: best_val= 75.00% (ep8) test= 31.25%
  S18 4000ms fold1/5: best_val= 62.50% (ep3) test= 37.50%
  S18 4000ms fold2/5: best_val= 81.25% (ep22) test= 75.00%
  S18 4000ms fold3/5: best_val= 56.25% (ep15) test= 50.00%
  S18 4000ms fold4/5: best_val= 81.25% (ep2) test= 43.75%
  S18 4000ms fold5/5: best_val= 68.75% (ep5) test= 56.25%
S18: 800ms= 51.25%  1500ms= 55.00%  3000ms= 38.75%  4000ms= 52.50%   (73s)

ALL SUBJECTS COMPLETED — HOC/EPS  (1331s)

====================================================================
SAVED HOC/EPS -> /work/11862/rmaahin/ls6/FineMI-enhancements/ConformerEEG/experiments/option_a/results/full/HOC_EPS
gpu=NVIDIA A100-PCIE-40GB | torch=2.8.0+cu128 | seed=42 | model=conformer_a | mode=full
====================================================================
window_ms   800    1500   3000   4000
subject                              
1          50.00  47.78  46.67  38.89
2          41.25  48.75  48.75  45.00
3          43.75  35.00  52.50  51.25
4          61.25  58.75  57.50  60.00
5          51.25  43.75  46.25  47.50
6          50.00  45.00  52.50  51.25
7          46.25  48.75  30.00  43.75
8          60.00  57.50  62.50  57.50
9          57.50  53.75  43.75  48.75
10         51.25  56.25  58.75  53.75
11         56.25  58.75  55.00  55.00
12         56.25  50.00  53.75  50.00
13         57.50  45.00  46.25  38.75
14         57.50  50.00  47.50  50.00
15         65.00  67.50  53.75  63.75
16         60.00  47.50  58.75  48.75
17         62.50  56.25  58.75  53.75
18         51.25  55.00  38.75  52.50

mean: {800: 54.38, 1500: 51.4, 3000: 50.65, 4000: 50.56}
sd  : {800: 6.62, 1500: 7.38, 3000: 8.09, 4000: 6.53}

Pairs saved so far in /work/11862/rmaahin/ls6/FineMI-enhancements/ConformerEEG/experiments/option_a/results/full: 9/28

##### pair_idx=3 (HOC_EFE) #####

Using device: cuda | gpu=NVIDIA A100-PCIE-40GB | torch=2.8.0+cu128
NOTE: determinism holds per-GPU-model. Record this GPU name.

PAIR: HOC/EFE  (classes 0 vs 4)  model=conformer_a  mode=full
Test time windows: [800, 1500, 3000, 4000] ms
Test time windows (samples): [200, 375, 750, 1000]

BINARY CLASSIFICATION: Class 0 vs Class 4  (HOC/EFE)
  Class 0 (original 0): 725 trials
  Class 1 (original 4): 725 trials

Extracted time windows:
  800ms (200 samples): shape (1450, 62, 200)
  1500ms (375 samples): shape (1450, 62, 375)
  3000ms (750 samples): shape (1450, 62, 750)
  4000ms (1000 samples): shape (1450, 62, 1000)

Model configuration:
  Model: conformer_a
  Channels: 62
  Subjects: [1, 2, 3, 4, 5, 6, 7, 8, 9, 10, 11, 12, 13, 14, 15, 16, 17, 18]
  Time windows: [800, 1500, 3000, 4000] ms
  Classes: 2 (Binary: Class 0 vs Class 4)
  Folds: 5
  Batch size: 32
  Epochs per subject per time window: 50
  S1 800ms fold1/5: best_val= 61.11% (ep2) test= 50.00%
  S1 800ms fold2/5: best_val= 72.22% (ep24) test= 61.11%
  S1 800ms fold3/5: best_val= 55.56% (ep27) test= 66.67%
  S1 800ms fold4/5: best_val= 66.67% (ep1) test= 44.44%
  S1 800ms fold5/5: best_val= 72.22% (ep2) test= 44.44%
  S1 1500ms fold1/5: best_val= 38.89% (ep2) test= 50.00%
  S1 1500ms fold2/5: best_val= 50.00% (ep3) test= 72.22%
  S1 1500ms fold3/5: best_val= 72.22% (ep19) test= 66.67%
  S1 1500ms fold4/5: best_val= 55.56% (ep2) test= 55.56%
  S1 1500ms fold5/5: best_val= 77.78% (ep17) test= 55.56%
  S1 3000ms fold1/5: best_val= 77.78% (ep12) test= 83.33%
  S1 3000ms fold2/5: best_val= 77.78% (ep17) test= 66.67%
  S1 3000ms fold3/5: best_val= 94.44% (ep19) test= 72.22%
  S1 3000ms fold4/5: best_val= 83.33% (ep33) test= 61.11%
  S1 3000ms fold5/5: best_val= 94.44% (ep10) test= 61.11%
  S1 4000ms fold1/5: best_val= 83.33% (ep36) test= 77.78%
  S1 4000ms fold2/5: best_val= 94.44% (ep32) test= 72.22%
  S1 4000ms fold3/5: best_val= 77.78% (ep2) test= 50.00%
  S1 4000ms fold4/5: best_val= 83.33% (ep5) test= 55.56%
  S1 4000ms fold5/5: best_val= 83.33% (ep7) test= 55.56%
S 1: 800ms= 53.33%  1500ms= 60.00%  3000ms= 68.89%  4000ms= 62.22%   (87s)
  S2 800ms fold1/5: best_val= 56.25% (ep1) test= 31.25%
  S2 800ms fold2/5: best_val= 62.50% (ep1) test= 43.75%
  S2 800ms fold3/5: best_val= 62.50% (ep1) test= 56.25%
  S2 800ms fold4/5: best_val= 56.25% (ep1) test= 62.50%
  S2 800ms fold5/5: best_val= 62.50% (ep2) test= 43.75%
  S2 1500ms fold1/5: best_val= 56.25% (ep1) test= 56.25%
  S2 1500ms fold2/5: best_val= 56.25% (ep1) test= 50.00%
  S2 1500ms fold3/5: best_val= 50.00% (ep2) test= 43.75%
  S2 1500ms fold4/5: best_val= 87.50% (ep4) test= 43.75%
  S2 1500ms fold5/5: best_val= 56.25% (ep4) test= 37.50%
  S2 3000ms fold1/5: best_val= 56.25% (ep1) test= 50.00%
  S2 3000ms fold2/5: best_val= 62.50% (ep1) test= 50.00%
  S2 3000ms fold3/5: best_val= 62.50% (ep4) test= 50.00%
  S2 3000ms fold4/5: best_val= 81.25% (ep18) test= 62.50%
  S2 3000ms fold5/5: best_val= 50.00% (ep2) test= 50.00%
  S2 4000ms fold1/5: best_val= 50.00% (ep3) test= 50.00%
  S2 4000ms fold2/5: best_val= 68.75% (ep3) test= 50.00%
  S2 4000ms fold3/5: best_val= 56.25% (ep7) test= 43.75%
  S2 4000ms fold4/5: best_val= 68.75% (ep10) test= 68.75%
  S2 4000ms fold5/5: best_val= 50.00% (ep23) test= 50.00%
S 2: 800ms= 47.50%  1500ms= 46.25%  3000ms= 52.50%  4000ms= 52.50%   (73s)
  S3 800ms fold1/5: best_val= 75.00% (ep2) test= 62.50%
  S3 800ms fold2/5: best_val= 81.25% (ep45) test= 56.25%
  S3 800ms fold3/5: best_val= 81.25% (ep15) test= 87.50%
  S3 800ms fold4/5: best_val= 87.50% (ep1) test= 62.50%
  S3 800ms fold5/5: best_val= 68.75% (ep26) test= 50.00%
  S3 1500ms fold1/5: best_val= 56.25% (ep1) test= 62.50%
  S3 1500ms fold2/5: best_val= 62.50% (ep4) test= 75.00%
  S3 1500ms fold3/5: best_val= 75.00% (ep1) test= 56.25%
  S3 1500ms fold4/5: best_val= 68.75% (ep12) test= 50.00%
  S3 1500ms fold5/5: best_val= 68.75% (ep14) test= 50.00%
  S3 3000ms fold1/5: best_val= 62.50% (ep3) test= 62.50%
  S3 3000ms fold2/5: best_val= 62.50% (ep2) test= 56.25%
  S3 3000ms fold3/5: best_val= 68.75% (ep13) test= 56.25%
  S3 3000ms fold4/5: best_val= 75.00% (ep4) test= 43.75%
  S3 3000ms fold5/5: best_val= 75.00% (ep50) test= 56.25%
  S3 4000ms fold1/5: best_val= 56.25% (ep20) test= 50.00%
  S3 4000ms fold2/5: best_val= 56.25% (ep1) test= 43.75%
  S3 4000ms fold3/5: best_val= 56.25% (ep1) test= 43.75%
  S3 4000ms fold4/5: best_val= 75.00% (ep7) test= 43.75%
  S3 4000ms fold5/5: best_val= 56.25% (ep2) test= 43.75%
S 3: 800ms= 63.75%  1500ms= 58.75%  3000ms= 55.00%  4000ms= 45.00%   (73s)
  S4 800ms fold1/5: best_val= 56.25% (ep20) test= 56.25%
  S4 800ms fold2/5: best_val= 68.75% (ep25) test= 56.25%
  S4 800ms fold3/5: best_val= 68.75% (ep9) test= 56.25%
  S4 800ms fold4/5: best_val= 62.50% (ep3) test= 50.00%
  S4 800ms fold5/5: best_val= 62.50% (ep2) test= 43.75%
  S4 1500ms fold1/5: best_val= 50.00% (ep4) test= 75.00%
  S4 1500ms fold2/5: best_val= 62.50% (ep2) test= 68.75%
  S4 1500ms fold3/5: best_val= 81.25% (ep28) test= 43.75%
  S4 1500ms fold4/5: best_val= 68.75% (ep19) test= 81.25%
  S4 1500ms fold5/5: best_val= 62.50% (ep2) test= 50.00%
  S4 3000ms fold1/5: best_val= 62.50% (ep16) test= 93.75%
  S4 3000ms fold2/5: best_val= 75.00% (ep10) test= 75.00%
  S4 3000ms fold3/5: best_val= 81.25% (ep10) test= 68.75%
  S4 3000ms fold4/5: best_val= 93.75% (ep21) test= 81.25%
  S4 3000ms fold5/5: best_val= 75.00% (ep10) test= 62.50%
  S4 4000ms fold1/5: best_val= 62.50% (ep19) test= 81.25%
  S4 4000ms fold2/5: best_val= 75.00% (ep12) test= 56.25%
  S4 4000ms fold3/5: best_val= 87.50% (ep6) test= 68.75%
  S4 4000ms fold4/5: best_val= 68.75% (ep3) test= 62.50%
  S4 4000ms fold5/5: best_val= 75.00% (ep4) test= 68.75%
S 4: 800ms= 52.50%  1500ms= 63.75%  3000ms= 76.25%  4000ms= 67.50%   (73s)
  S5 800ms fold1/5: best_val= 62.50% (ep13) test= 50.00%
  S5 800ms fold2/5: best_val= 81.25% (ep12) test= 68.75%
  S5 800ms fold3/5: best_val= 62.50% (ep2) test= 62.50%
  S5 800ms fold4/5: best_val= 62.50% (ep11) test= 56.25%
  S5 800ms fold5/5: best_val= 75.00% (ep8) test= 68.75%
  S5 1500ms fold1/5: best_val= 68.75% (ep4) test= 62.50%
  S5 1500ms fold2/5: best_val= 68.75% (ep10) test= 68.75%
  S5 1500ms fold3/5: best_val= 81.25% (ep2) test= 50.00%
  S5 1500ms fold4/5: best_val= 68.75% (ep2) test= 37.50%
  S5 1500ms fold5/5: best_val= 75.00% (ep8) test= 68.75%
  S5 3000ms fold1/5: best_val= 68.75% (ep14) test= 75.00%
  S5 3000ms fold2/5: best_val= 68.75% (ep12) test= 75.00%
  S5 3000ms fold3/5: best_val= 68.75% (ep26) test= 62.50%
  S5 3000ms fold4/5: best_val= 68.75% (ep1) test= 37.50%
  S5 3000ms fold5/5: best_val= 68.75% (ep1) test= 43.75%
  S5 4000ms fold1/5: best_val= 68.75% (ep1) test= 56.25%
  S5 4000ms fold2/5: best_val= 68.75% (ep7) test= 87.50%
  S5 4000ms fold3/5: best_val= 68.75% (ep6) test= 37.50%
  S5 4000ms fold4/5: best_val= 68.75% (ep3) test= 43.75%
  S5 4000ms fold5/5: best_val= 75.00% (ep1) test= 75.00%
S 5: 800ms= 61.25%  1500ms= 57.50%  3000ms= 58.75%  4000ms= 60.00%   (73s)
  S6 800ms fold1/5: best_val= 68.75% (ep19) test= 50.00%
  S6 800ms fold2/5: best_val= 81.25% (ep6) test= 31.25%
  S6 800ms fold3/5: best_val= 81.25% (ep14) test= 68.75%
  S6 800ms fold4/5: best_val= 62.50% (ep2) test= 43.75%
  S6 800ms fold5/5: best_val= 62.50% (ep2) test= 50.00%
  S6 1500ms fold1/5: best_val= 75.00% (ep7) test= 56.25%
  S6 1500ms fold2/5: best_val= 75.00% (ep6) test= 37.50%
  S6 1500ms fold3/5: best_val= 62.50% (ep4) test= 37.50%
  S6 1500ms fold4/5: best_val= 56.25% (ep1) test= 37.50%
  S6 1500ms fold5/5: best_val= 56.25% (ep16) test= 50.00%
  S6 3000ms fold1/5: best_val= 68.75% (ep7) test= 56.25%
  S6 3000ms fold2/5: best_val= 68.75% (ep3) test= 31.25%
  S6 3000ms fold3/5: best_val= 56.25% (ep2) test= 50.00%
  S6 3000ms fold4/5: best_val= 56.25% (ep1) test= 37.50%
  S6 3000ms fold5/5: best_val= 62.50% (ep24) test= 43.75%
  S6 4000ms fold1/5: best_val= 62.50% (ep19) test= 56.25%
  S6 4000ms fold2/5: best_val= 68.75% (ep1) test= 56.25%
  S6 4000ms fold3/5: best_val= 62.50% (ep11) test= 43.75%
  S6 4000ms fold4/5: best_val= 56.25% (ep3) test= 37.50%
  S6 4000ms fold5/5: best_val= 68.75% (ep1) test= 56.25%
S 6: 800ms= 48.75%  1500ms= 43.75%  3000ms= 43.75%  4000ms= 50.00%   (73s)
  S7 800ms fold1/5: best_val= 75.00% (ep29) test= 62.50%
  S7 800ms fold2/5: best_val= 75.00% (ep4) test= 50.00%
  S7 800ms fold3/5: best_val= 68.75% (ep8) test= 50.00%
  S7 800ms fold4/5: best_val= 56.25% (ep7) test= 62.50%
  S7 800ms fold5/5: best_val= 62.50% (ep8) test= 56.25%
  S7 1500ms fold1/5: best_val= 75.00% (ep16) test= 62.50%
  S7 1500ms fold2/5: best_val= 62.50% (ep8) test= 62.50%
  S7 1500ms fold3/5: best_val= 56.25% (ep19) test= 56.25%
  S7 1500ms fold4/5: best_val= 68.75% (ep11) test= 50.00%
  S7 1500ms fold5/5: best_val= 62.50% (ep30) test= 75.00%
  S7 3000ms fold1/5: best_val= 81.25% (ep18) test= 68.75%
  S7 3000ms fold2/5: best_val= 56.25% (ep14) test= 62.50%
  S7 3000ms fold3/5: best_val= 81.25% (ep9) test= 43.75%
  S7 3000ms fold4/5: best_val= 56.25% (ep1) test= 62.50%
  S7 3000ms fold5/5: best_val= 68.75% (ep3) test= 37.50%
  S7 4000ms fold1/5: best_val= 56.25% (ep4) test= 56.25%
  S7 4000ms fold2/5: best_val= 62.50% (ep2) test= 56.25%
  S7 4000ms fold3/5: best_val= 56.25% (ep15) test= 68.75%
  S7 4000ms fold4/5: best_val= 62.50% (ep22) test= 75.00%
  S7 4000ms fold5/5: best_val= 56.25% (ep8) test= 43.75%
S 7: 800ms= 56.25%  1500ms= 61.25%  3000ms= 55.00%  4000ms= 60.00%   (73s)
  S8 800ms fold1/5: best_val= 62.50% (ep7) test= 75.00%
  S8 800ms fold2/5: best_val= 50.00% (ep2) test= 56.25%
  S8 800ms fold3/5: best_val= 68.75% (ep13) test= 56.25%
  S8 800ms fold4/5: best_val= 56.25% (ep2) test= 62.50%
  S8 800ms fold5/5: best_val= 68.75% (ep19) test= 43.75%
  S8 1500ms fold1/5: best_val= 56.25% (ep2) test= 68.75%
  S8 1500ms fold2/5: best_val= 50.00% (ep7) test= 62.50%
  S8 1500ms fold3/5: best_val= 75.00% (ep1) test= 50.00%
  S8 1500ms fold4/5: best_val= 75.00% (ep2) test= 50.00%
  S8 1500ms fold5/5: best_val= 62.50% (ep7) test= 56.25%
  S8 3000ms fold1/5: best_val= 68.75% (ep2) test= 50.00%
  S8 3000ms fold2/5: best_val= 50.00% (ep1) test= 50.00%
  S8 3000ms fold3/5: best_val= 62.50% (ep4) test= 62.50%
  S8 3000ms fold4/5: best_val= 68.75% (ep5) test= 62.50%
  S8 3000ms fold5/5: best_val= 68.75% (ep5) test= 56.25%
  S8 4000ms fold1/5: best_val= 68.75% (ep1) test= 56.25%
  S8 4000ms fold2/5: best_val= 50.00% (ep36) test= 68.75%
  S8 4000ms fold3/5: best_val= 62.50% (ep34) test= 50.00%
  S8 4000ms fold4/5: best_val= 75.00% (ep9) test= 37.50%
  S8 4000ms fold5/5: best_val= 62.50% (ep2) test= 62.50%
S 8: 800ms= 58.75%  1500ms= 57.50%  3000ms= 56.25%  4000ms= 55.00%   (73s)
  S9 800ms fold1/5: best_val= 75.00% (ep2) test= 68.75%
  S9 800ms fold2/5: best_val= 56.25% (ep1) test= 56.25%
  S9 800ms fold3/5: best_val= 68.75% (ep4) test= 56.25%
  S9 800ms fold4/5: best_val= 62.50% (ep4) test= 50.00%
  S9 800ms fold5/5: best_val= 62.50% (ep1) test= 43.75%
  S9 1500ms fold1/5: best_val= 68.75% (ep14) test= 37.50%
  S9 1500ms fold2/5: best_val= 68.75% (ep32) test= 50.00%
  S9 1500ms fold3/5: best_val= 75.00% (ep11) test= 43.75%
  S9 1500ms fold4/5: best_val= 56.25% (ep8) test= 81.25%
  S9 1500ms fold5/5: best_val= 50.00% (ep11) test= 43.75%
  S9 3000ms fold1/5: best_val= 87.50% (ep21) test= 37.50%
  S9 3000ms fold2/5: best_val= 87.50% (ep1) test= 43.75%
  S9 3000ms fold3/5: best_val= 75.00% (ep7) test= 31.25%
  S9 3000ms fold4/5: best_val= 56.25% (ep1) test= 68.75%
  S9 3000ms fold5/5: best_val= 50.00% (ep4) test= 31.25%
  S9 4000ms fold1/5: best_val= 62.50% (ep1) test= 37.50%
  S9 4000ms fold2/5: best_val= 87.50% (ep24) test= 68.75%
  S9 4000ms fold3/5: best_val= 62.50% (ep2) test= 31.25%
  S9 4000ms fold4/5: best_val= 50.00% (ep1) test= 56.25%
  S9 4000ms fold5/5: best_val= 43.75% (ep2) test= 31.25%
S 9: 800ms= 55.00%  1500ms= 51.25%  3000ms= 42.50%  4000ms= 45.00%   (73s)
  S10 800ms fold1/5: best_val= 75.00% (ep21) test= 43.75%
  S10 800ms fold2/5: best_val= 75.00% (ep7) test= 56.25%
  S10 800ms fold3/5: best_val= 75.00% (ep1) test= 43.75%
  S10 800ms fold4/5: best_val= 56.25% (ep1) test= 56.25%
  S10 800ms fold5/5: best_val= 56.25% (ep3) test= 56.25%
  S10 1500ms fold1/5: best_val= 81.25% (ep16) test= 43.75%
  S10 1500ms fold2/5: best_val= 68.75% (ep14) test= 56.25%
  S10 1500ms fold3/5: best_val= 68.75% (ep1) test= 43.75%
  S10 1500ms fold4/5: best_val= 62.50% (ep18) test= 75.00%
  S10 1500ms fold5/5: best_val= 56.25% (ep17) test= 50.00%
  S10 3000ms fold1/5: best_val= 87.50% (ep11) test= 31.25%
  S10 3000ms fold2/5: best_val= 87.50% (ep9) test= 50.00%
  S10 3000ms fold3/5: best_val= 68.75% (ep11) test= 68.75%
  S10 3000ms fold4/5: best_val= 81.25% (ep10) test= 37.50%
  S10 3000ms fold5/5: best_val= 75.00% (ep7) test= 56.25%
  S10 4000ms fold1/5: best_val= 87.50% (ep5) test= 50.00%
  S10 4000ms fold2/5: best_val= 81.25% (ep4) test= 43.75%
  S10 4000ms fold3/5: best_val= 81.25% (ep6) test= 81.25%
  S10 4000ms fold4/5: best_val= 81.25% (ep4) test= 81.25%
  S10 4000ms fold5/5: best_val= 62.50% (ep8) test= 56.25%
S10: 800ms= 51.25%  1500ms= 53.75%  3000ms= 48.75%  4000ms= 62.50%   (73s)
  S11 800ms fold1/5: best_val= 68.75% (ep14) test= 68.75%
  S11 800ms fold2/5: best_val= 81.25% (ep4) test= 50.00%
  S11 800ms fold3/5: best_val= 75.00% (ep10) test= 43.75%
  S11 800ms fold4/5: best_val= 62.50% (ep30) test= 62.50%
  S11 800ms fold5/5: best_val= 75.00% (ep6) test= 87.50%
  S11 1500ms fold1/5: best_val= 62.50% (ep1) test= 56.25%
  S11 1500ms fold2/5: best_val= 62.50% (ep4) test= 56.25%
  S11 1500ms fold3/5: best_val= 62.50% (ep9) test= 56.25%
  S11 1500ms fold4/5: best_val= 62.50% (ep3) test= 56.25%
  S11 1500ms fold5/5: best_val= 62.50% (ep6) test= 81.25%
  S11 3000ms fold1/5: best_val= 56.25% (ep2) test= 50.00%
  S11 3000ms fold2/5: best_val= 68.75% (ep5) test= 56.25%
  S11 3000ms fold3/5: best_val= 87.50% (ep3) test= 43.75%
  S11 3000ms fold4/5: best_val= 68.75% (ep5) test= 50.00%
  S11 3000ms fold5/5: best_val= 50.00% (ep4) test= 62.50%
  S11 4000ms fold1/5: best_val= 62.50% (ep15) test= 56.25%
  S11 4000ms fold2/5: best_val= 62.50% (ep4) test= 50.00%
  S11 4000ms fold3/5: best_val= 68.75% (ep1) test= 50.00%
  S11 4000ms fold4/5: best_val= 68.75% (ep7) test= 75.00%
  S11 4000ms fold5/5: best_val= 68.75% (ep3) test= 75.00%
S11: 800ms= 62.50%  1500ms= 61.25%  3000ms= 52.50%  4000ms= 61.25%   (73s)
  S12 800ms fold1/5: best_val= 81.25% (ep10) test= 50.00%
  S12 800ms fold2/5: best_val= 62.50% (ep11) test= 56.25%
  S12 800ms fold3/5: best_val= 56.25% (ep3) test= 68.75%
  S12 800ms fold4/5: best_val= 62.50% (ep8) test= 43.75%
  S12 800ms fold5/5: best_val= 68.75% (ep14) test= 37.50%
  S12 1500ms fold1/5: best_val= 68.75% (ep6) test= 81.25%
  S12 1500ms fold2/5: best_val= 75.00% (ep5) test= 37.50%
  S12 1500ms fold3/5: best_val= 50.00% (ep2) test= 50.00%
  S12 1500ms fold4/5: best_val= 62.50% (ep29) test= 50.00%
  S12 1500ms fold5/5: best_val= 68.75% (ep6) test= 37.50%
  S12 3000ms fold1/5: best_val= 68.75% (ep14) test= 62.50%
  S12 3000ms fold2/5: best_val= 68.75% (ep5) test= 56.25%
  S12 3000ms fold3/5: best_val= 56.25% (ep6) test= 37.50%
  S12 3000ms fold4/5: best_val= 37.50% (ep3) test= 31.25%
  S12 3000ms fold5/5: best_val= 68.75% (ep3) test= 43.75%
  S12 4000ms fold1/5: best_val= 75.00% (ep2) test= 56.25%
  S12 4000ms fold2/5: best_val= 68.75% (ep10) test= 50.00%
  S12 4000ms fold3/5: best_val= 56.25% (ep3) test= 68.75%
  S12 4000ms fold4/5: best_val= 62.50% (ep4) test= 37.50%
  S12 4000ms fold5/5: best_val= 68.75% (ep1) test= 25.00%
S12: 800ms= 51.25%  1500ms= 51.25%  3000ms= 46.25%  4000ms= 47.50%   (73s)
  S13 800ms fold1/5: best_val= 62.50% (ep8) test= 75.00%
  S13 800ms fold2/5: best_val= 75.00% (ep11) test= 50.00%
  S13 800ms fold3/5: best_val= 56.25% (ep3) test= 62.50%
  S13 800ms fold4/5: best_val= 62.50% (ep5) test= 50.00%
  S13 800ms fold5/5: best_val= 62.50% (ep16) test= 56.25%
  S13 1500ms fold1/5: best_val= 50.00% (ep1) test= 50.00%
  S13 1500ms fold2/5: best_val= 62.50% (ep11) test= 37.50%
  S13 1500ms fold3/5: best_val= 50.00% (ep9) test= 50.00%
  S13 1500ms fold4/5: best_val= 56.25% (ep3) test= 43.75%
  S13 1500ms fold5/5: best_val= 56.25% (ep12) test= 50.00%
  S13 3000ms fold1/5: best_val= 62.50% (ep1) test= 81.25%
  S13 3000ms fold2/5: best_val= 68.75% (ep8) test= 37.50%
  S13 3000ms fold3/5: best_val= 50.00% (ep1) test= 50.00%
  S13 3000ms fold4/5: best_val= 50.00% (ep4) test= 56.25%
  S13 3000ms fold5/5: best_val= 56.25% (ep36) test= 43.75%
  S13 4000ms fold1/5: best_val= 43.75% (ep1) test= 62.50%
  S13 4000ms fold2/5: best_val= 62.50% (ep1) test= 37.50%
  S13 4000ms fold3/5: best_val= 62.50% (ep25) test= 43.75%
  S13 4000ms fold4/5: best_val= 56.25% (ep3) test= 50.00%
  S13 4000ms fold5/5: best_val= 56.25% (ep1) test= 56.25%
S13: 800ms= 58.75%  1500ms= 46.25%  3000ms= 53.75%  4000ms= 50.00%   (73s)
  S14 800ms fold1/5: best_val= 62.50% (ep5) test= 43.75%
  S14 800ms fold2/5: best_val= 68.75% (ep26) test= 56.25%
  S14 800ms fold3/5: best_val= 81.25% (ep6) test= 62.50%
  S14 800ms fold4/5: best_val= 75.00% (ep1) test= 56.25%
  S14 800ms fold5/5: best_val= 62.50% (ep6) test= 56.25%
  S14 1500ms fold1/5: best_val= 56.25% (ep2) test= 50.00%
  S14 1500ms fold2/5: best_val= 62.50% (ep1) test= 50.00%
  S14 1500ms fold3/5: best_val= 68.75% (ep3) test= 81.25%
  S14 1500ms fold4/5: best_val= 56.25% (ep50) test= 62.50%
  S14 1500ms fold5/5: best_val= 75.00% (ep14) test= 50.00%
  S14 3000ms fold1/5: best_val= 50.00% (ep3) test= 62.50%
  S14 3000ms fold2/5: best_val= 62.50% (ep1) test= 56.25%
  S14 3000ms fold3/5: best_val= 75.00% (ep4) test= 62.50%
  S14 3000ms fold4/5: best_val= 75.00% (ep30) test= 62.50%
  S14 3000ms fold5/5: best_val= 56.25% (ep1) test= 50.00%
  S14 4000ms fold1/5: best_val= 56.25% (ep1) test= 62.50%
  S14 4000ms fold2/5: best_val= 56.25% (ep1) test= 31.25%
  S14 4000ms fold3/5: best_val= 87.50% (ep13) test= 43.75%
  S14 4000ms fold4/5: best_val= 68.75% (ep22) test= 56.25%
  S14 4000ms fold5/5: best_val= 68.75% (ep1) test= 31.25%
S14: 800ms= 55.00%  1500ms= 58.75%  3000ms= 58.75%  4000ms= 45.00%   (73s)
  S15 800ms fold1/5: best_val= 50.00% (ep2) test= 56.25%
  S15 800ms fold2/5: best_val= 62.50% (ep1) test= 50.00%
  S15 800ms fold3/5: best_val= 62.50% (ep8) test= 62.50%
  S15 800ms fold4/5: best_val= 75.00% (ep5) test= 37.50%
  S15 800ms fold5/5: best_val= 43.75% (ep1) test= 87.50%
  S15 1500ms fold1/5: best_val= 37.50% (ep2) test= 68.75%
  S15 1500ms fold2/5: best_val= 56.25% (ep26) test= 62.50%
  S15 1500ms fold3/5: best_val= 75.00% (ep16) test= 62.50%
  S15 1500ms fold4/5: best_val= 62.50% (ep3) test= 50.00%
  S15 1500ms fold5/5: best_val= 62.50% (ep1) test= 75.00%
  S15 3000ms fold1/5: best_val= 37.50% (ep1) test= 62.50%
  S15 3000ms fold2/5: best_val= 56.25% (ep24) test= 43.75%
  S15 3000ms fold3/5: best_val= 62.50% (ep5) test= 37.50%
  S15 3000ms fold4/5: best_val= 62.50% (ep4) test= 43.75%
  S15 3000ms fold5/5: best_val= 56.25% (ep1) test= 56.25%
  S15 4000ms fold1/5: best_val= 37.50% (ep1) test= 62.50%
  S15 4000ms fold2/5: best_val= 62.50% (ep7) test= 43.75%
  S15 4000ms fold3/5: best_val= 68.75% (ep3) test= 56.25%
  S15 4000ms fold4/5: best_val= 68.75% (ep6) test= 50.00%
  S15 4000ms fold5/5: best_val= 56.25% (ep5) test= 68.75%
S15: 800ms= 58.75%  1500ms= 63.75%  3000ms= 48.75%  4000ms= 56.25%   (73s)
  S16 800ms fold1/5: best_val= 87.50% (ep8) test= 75.00%
  S16 800ms fold2/5: best_val= 68.75% (ep3) test= 62.50%
  S16 800ms fold3/5: best_val= 81.25% (ep10) test= 37.50%
  S16 800ms fold4/5: best_val= 75.00% (ep22) test= 75.00%
  S16 800ms fold5/5: best_val= 81.25% (ep25) test= 56.25%
  S16 1500ms fold1/5: best_val= 81.25% (ep10) test= 50.00%
  S16 1500ms fold2/5: best_val= 62.50% (ep10) test= 56.25%
  S16 1500ms fold3/5: best_val= 81.25% (ep14) test= 31.25%
  S16 1500ms fold4/5: best_val= 56.25% (ep4) test= 50.00%
  S16 1500ms fold5/5: best_val= 68.75% (ep24) test= 68.75%
  S16 3000ms fold1/5: best_val= 62.50% (ep4) test= 43.75%
  S16 3000ms fold2/5: best_val= 62.50% (ep5) test= 56.25%
  S16 3000ms fold3/5: best_val= 75.00% (ep17) test= 37.50%
  S16 3000ms fold4/5: best_val= 62.50% (ep6) test= 50.00%
  S16 3000ms fold5/5: best_val= 62.50% (ep1) test= 43.75%
  S16 4000ms fold1/5: best_val= 81.25% (ep17) test= 56.25%
  S16 4000ms fold2/5: best_val= 62.50% (ep8) test= 37.50%
  S16 4000ms fold3/5: best_val= 68.75% (ep19) test= 31.25%
  S16 4000ms fold4/5: best_val= 56.25% (ep3) test= 62.50%
  S16 4000ms fold5/5: best_val= 81.25% (ep6) test= 62.50%
S16: 800ms= 61.25%  1500ms= 51.25%  3000ms= 46.25%  4000ms= 50.00%   (73s)
  S17 800ms fold1/5: best_val= 68.75% (ep2) test= 50.00%
  S17 800ms fold2/5: best_val= 43.75% (ep8) test= 56.25%
  S17 800ms fold3/5: best_val= 68.75% (ep4) test= 50.00%
  S17 800ms fold4/5: best_val= 75.00% (ep17) test= 50.00%
  S17 800ms fold5/5: best_val= 62.50% (ep7) test= 62.50%
  S17 1500ms fold1/5: best_val= 75.00% (ep21) test= 50.00%
  S17 1500ms fold2/5: best_val= 62.50% (ep2) test= 50.00%
  S17 1500ms fold3/5: best_val= 68.75% (ep13) test= 31.25%
  S17 1500ms fold4/5: best_val= 68.75% (ep2) test= 56.25%
  S17 1500ms fold5/5: best_val= 56.25% (ep30) test= 68.75%
  S17 3000ms fold1/5: best_val= 62.50% (ep3) test= 50.00%
  S17 3000ms fold2/5: best_val= 62.50% (ep2) test= 37.50%
  S17 3000ms fold3/5: best_val= 62.50% (ep28) test= 43.75%
  S17 3000ms fold4/5: best_val= 62.50% (ep3) test= 50.00%
  S17 3000ms fold5/5: best_val= 68.75% (ep1) test= 50.00%
  S17 4000ms fold1/5: best_val= 62.50% (ep14) test= 62.50%
  S17 4000ms fold2/5: best_val= 56.25% (ep1) test= 43.75%
  S17 4000ms fold3/5: best_val= 68.75% (ep9) test= 37.50%
  S17 4000ms fold4/5: best_val= 62.50% (ep3) test= 62.50%
  S17 4000ms fold5/5: best_val= 62.50% (ep1) test= 62.50%
S17: 800ms= 53.75%  1500ms= 51.25%  3000ms= 46.25%  4000ms= 53.75%   (73s)
  S18 800ms fold1/5: best_val= 62.50% (ep9) test= 62.50%
  S18 800ms fold2/5: best_val= 68.75% (ep16) test= 68.75%
  S18 800ms fold3/5: best_val= 81.25% (ep11) test= 56.25%
  S18 800ms fold4/5: best_val= 56.25% (ep4) test= 56.25%
  S18 800ms fold5/5: best_val= 81.25% (ep14) test= 56.25%
  S18 1500ms fold1/5: best_val= 56.25% (ep2) test= 43.75%
  S18 1500ms fold2/5: best_val= 81.25% (ep4) test= 56.25%
  S18 1500ms fold3/5: best_val= 75.00% (ep23) test= 62.50%
  S18 1500ms fold4/5: best_val= 62.50% (ep1) test= 50.00%
  S18 1500ms fold5/5: best_val= 68.75% (ep2) test= 50.00%
  S18 3000ms fold1/5: best_val= 75.00% (ep10) test= 75.00%
  S18 3000ms fold2/5: best_val= 75.00% (ep7) test= 56.25%
  S18 3000ms fold3/5: best_val= 81.25% (ep5) test= 50.00%
  S18 3000ms fold4/5: best_val= 56.25% (ep7) test= 68.75%
  S18 3000ms fold5/5: best_val= 68.75% (ep4) test= 56.25%
  S18 4000ms fold1/5: best_val= 68.75% (ep4) test= 75.00%
  S18 4000ms fold2/5: best_val= 68.75% (ep1) test= 56.25%
  S18 4000ms fold3/5: best_val= 81.25% (ep3) test= 50.00%
  S18 4000ms fold4/5: best_val= 56.25% (ep7) test= 68.75%
  S18 4000ms fold5/5: best_val= 68.75% (ep3) test= 50.00%
S18: 800ms= 60.00%  1500ms= 52.50%  3000ms= 61.25%  4000ms= 60.00%   (73s)

ALL SUBJECTS COMPLETED — HOC/EFE  (1330s)

====================================================================
SAVED HOC/EFE -> /work/11862/rmaahin/ls6/FineMI-enhancements/ConformerEEG/experiments/option_a/results/full/HOC_EFE
gpu=NVIDIA A100-PCIE-40GB | torch=2.8.0+cu128 | seed=42 | model=conformer_a | mode=full
====================================================================
window_ms   800    1500   3000   4000
subject                              
1          53.33  60.00  68.89  62.22
2          47.50  46.25  52.50  52.50
3          63.75  58.75  55.00  45.00
4          52.50  63.75  76.25  67.50
5          61.25  57.50  58.75  60.00
6          48.75  43.75  43.75  50.00
7          56.25  61.25  55.00  60.00
8          58.75  57.50  56.25  55.00
9          55.00  51.25  42.50  45.00
10         51.25  53.75  48.75  62.50
11         62.50  61.25  52.50  61.25
12         51.25  51.25  46.25  47.50
13         58.75  46.25  53.75  50.00
14         55.00  58.75  58.75  45.00
15         58.75  63.75  48.75  56.25
16         61.25  51.25  46.25  50.00
17         53.75  51.25  46.25  53.75
18         60.00  52.50  61.25  60.00

mean: {800: 56.09, 1500: 55.0, 3000: 53.97, 4000: 54.64}
sd  : {800: 4.8, 1500: 6.14, 3000: 8.74, 4000: 6.93}

Pairs saved so far in /work/11862/rmaahin/ls6/FineMI-enhancements/ConformerEEG/experiments/option_a/results/full: 12/28

##### pair_idx=4 (HOC_SPS) #####

Using device: cuda | gpu=NVIDIA A100-PCIE-40GB | torch=2.8.0+cu128
NOTE: determinism holds per-GPU-model. Record this GPU name.

PAIR: HOC/SPS  (classes 0 vs 5)  model=conformer_a  mode=full
Test time windows: [800, 1500, 3000, 4000] ms
Test time windows (samples): [200, 375, 750, 1000]

BINARY CLASSIFICATION: Class 0 vs Class 5  (HOC/SPS)
  Class 0 (original 0): 725 trials
  Class 1 (original 5): 725 trials

Extracted time windows:
  800ms (200 samples): shape (1450, 62, 200)
  1500ms (375 samples): shape (1450, 62, 375)
  3000ms (750 samples): shape (1450, 62, 750)
  4000ms (1000 samples): shape (1450, 62, 1000)

Model configuration:
  Model: conformer_a
  Channels: 62
  Subjects: [1, 2, 3, 4, 5, 6, 7, 8, 9, 10, 11, 12, 13, 14, 15, 16, 17, 18]
  Time windows: [800, 1500, 3000, 4000] ms
  Classes: 2 (Binary: Class 0 vs Class 5)
  Folds: 5
  Batch size: 32
  Epochs per subject per time window: 50
  S1 800ms fold1/5: best_val= 61.11% (ep3) test= 50.00%
  S1 800ms fold2/5: best_val= 55.56% (ep1) test= 50.00%
  S1 800ms fold3/5: best_val= 66.67% (ep30) test= 38.89%
  S1 800ms fold4/5: best_val= 83.33% (ep1) test= 72.22%
  S1 800ms fold5/5: best_val= 88.89% (ep14) test= 55.56%
  S1 1500ms fold1/5: best_val= 61.11% (ep20) test= 66.67%
  S1 1500ms fold2/5: best_val= 38.89% (ep3) test= 66.67%
  S1 1500ms fold3/5: best_val= 72.22% (ep37) test= 33.33%
  S1 1500ms fold4/5: best_val= 61.11% (ep14) test= 83.33%
  S1 1500ms fold5/5: best_val= 88.89% (ep31) test= 27.78%
  S1 3000ms fold1/5: best_val= 66.67% (ep6) test= 83.33%
  S1 3000ms fold2/5: best_val= 83.33% (ep23) test= 83.33%
  S1 3000ms fold3/5: best_val= 94.44% (ep3) test= 38.89%
  S1 3000ms fold4/5: best_val= 77.78% (ep17) test= 72.22%
  S1 3000ms fold5/5: best_val= 83.33% (ep5) test= 55.56%
  S1 4000ms fold1/5: best_val= 66.67% (ep6) test= 72.22%
  S1 4000ms fold2/5: best_val= 77.78% (ep8) test= 72.22%
  S1 4000ms fold3/5: best_val=100.00% (ep5) test= 72.22%
  S1 4000ms fold4/5: best_val= 77.78% (ep10) test= 83.33%
  S1 4000ms fold5/5: best_val= 88.89% (ep6) test= 66.67%
S 1: 800ms= 53.33%  1500ms= 55.56%  3000ms= 66.67%  4000ms= 73.33%   (87s)
  S2 800ms fold1/5: best_val= 81.25% (ep9) test= 43.75%
  S2 800ms fold2/5: best_val= 62.50% (ep4) test= 62.50%
  S2 800ms fold3/5: best_val= 68.75% (ep1) test= 56.25%
  S2 800ms fold4/5: best_val= 62.50% (ep11) test= 56.25%
  S2 800ms fold5/5: best_val= 81.25% (ep10) test= 62.50%
  S2 1500ms fold1/5: best_val= 87.50% (ep13) test= 43.75%
  S2 1500ms fold2/5: best_val= 68.75% (ep12) test= 68.75%
  S2 1500ms fold3/5: best_val= 68.75% (ep10) test= 56.25%
  S2 1500ms fold4/5: best_val= 62.50% (ep7) test= 68.75%
  S2 1500ms fold5/5: best_val= 68.75% (ep5) test= 62.50%
  S2 3000ms fold1/5: best_val= 75.00% (ep8) test= 43.75%
  S2 3000ms fold2/5: best_val= 68.75% (ep10) test= 56.25%
  S2 3000ms fold3/5: best_val= 75.00% (ep4) test= 62.50%
  S2 3000ms fold4/5: best_val= 62.50% (ep2) test= 56.25%
  S2 3000ms fold5/5: best_val= 62.50% (ep6) test= 56.25%
  S2 4000ms fold1/5: best_val= 68.75% (ep10) test= 62.50%
  S2 4000ms fold2/5: best_val= 62.50% (ep1) test= 50.00%
  S2 4000ms fold3/5: best_val= 68.75% (ep11) test= 75.00%
  S2 4000ms fold4/5: best_val= 62.50% (ep5) test= 56.25%
  S2 4000ms fold5/5: best_val= 62.50% (ep6) test= 56.25%
S 2: 800ms= 56.25%  1500ms= 60.00%  3000ms= 55.00%  4000ms= 60.00%   (73s)
  S3 800ms fold1/5: best_val= 87.50% (ep6) test= 56.25%
  S3 800ms fold2/5: best_val= 81.25% (ep38) test= 87.50%
  S3 800ms fold3/5: best_val= 75.00% (ep1) test= 68.75%
  S3 800ms fold4/5: best_val= 68.75% (ep18) test= 75.00%
  S3 800ms fold5/5: best_val= 81.25% (ep12) test= 81.25%
  S3 1500ms fold1/5: best_val= 87.50% (ep14) test= 62.50%
  S3 1500ms fold2/5: best_val= 87.50% (ep23) test= 81.25%
  S3 1500ms fold3/5: best_val= 81.25% (ep12) test=100.00%
  S3 1500ms fold4/5: best_val= 81.25% (ep23) test= 75.00%
  S3 1500ms fold5/5: best_val= 87.50% (ep31) test= 75.00%
  S3 3000ms fold1/5: best_val= 75.00% (ep24) test= 68.75%
  S3 3000ms fold2/5: best_val= 87.50% (ep8) test= 62.50%
  S3 3000ms fold3/5: best_val= 87.50% (ep11) test= 68.75%
  S3 3000ms fold4/5: best_val= 75.00% (ep11) test= 75.00%
  S3 3000ms fold5/5: best_val= 75.00% (ep4) test= 68.75%
  S3 4000ms fold1/5: best_val= 62.50% (ep4) test= 50.00%
  S3 4000ms fold2/5: best_val= 81.25% (ep3) test= 56.25%
  S3 4000ms fold3/5: best_val= 68.75% (ep19) test= 68.75%
  S3 4000ms fold4/5: best_val= 81.25% (ep15) test= 62.50%
  S3 4000ms fold5/5: best_val= 50.00% (ep28) test= 62.50%
S 3: 800ms= 73.75%  1500ms= 78.75%  3000ms= 68.75%  4000ms= 60.00%   (73s)
  S4 800ms fold1/5: best_val= 68.75% (ep7) test= 37.50%
  S4 800ms fold2/5: best_val= 75.00% (ep1) test= 62.50%
  S4 800ms fold3/5: best_val= 62.50% (ep9) test= 50.00%
  S4 800ms fold4/5: best_val= 75.00% (ep9) test= 56.25%
  S4 800ms fold5/5: best_val= 68.75% (ep5) test= 31.25%
  S4 1500ms fold1/5: best_val= 75.00% (ep25) test= 43.75%
  S4 1500ms fold2/5: best_val= 81.25% (ep16) test= 68.75%
  S4 1500ms fold3/5: best_val= 68.75% (ep11) test= 50.00%
  S4 1500ms fold4/5: best_val= 68.75% (ep35) test= 81.25%
  S4 1500ms fold5/5: best_val= 75.00% (ep15) test= 43.75%
  S4 3000ms fold1/5: best_val= 75.00% (ep44) test= 75.00%
  S4 3000ms fold2/5: best_val= 93.75% (ep6) test= 81.25%
  S4 3000ms fold3/5: best_val= 93.75% (ep19) test= 56.25%
  S4 3000ms fold4/5: best_val= 81.25% (ep5) test= 87.50%
  S4 3000ms fold5/5: best_val= 87.50% (ep9) test= 68.75%
  S4 4000ms fold1/5: best_val= 68.75% (ep9) test= 87.50%
  S4 4000ms fold2/5: best_val= 87.50% (ep26) test= 87.50%
  S4 4000ms fold3/5: best_val= 87.50% (ep13) test= 75.00%
  S4 4000ms fold4/5: best_val= 93.75% (ep7) test= 87.50%
  S4 4000ms fold5/5: best_val= 81.25% (ep13) test= 68.75%
S 4: 800ms= 47.50%  1500ms= 57.50%  3000ms= 73.75%  4000ms= 81.25%   (73s)
  S5 800ms fold1/5: best_val= 68.75% (ep4) test= 43.75%
  S5 800ms fold2/5: best_val= 87.50% (ep9) test= 50.00%
  S5 800ms fold3/5: best_val= 93.75% (ep23) test= 62.50%
  S5 800ms fold4/5: best_val= 62.50% (ep24) test= 56.25%
  S5 800ms fold5/5: best_val= 81.25% (ep7) test= 68.75%
  S5 1500ms fold1/5: best_val= 62.50% (ep19) test= 68.75%
  S5 1500ms fold2/5: best_val= 68.75% (ep2) test= 50.00%
  S5 1500ms fold3/5: best_val= 87.50% (ep5) test= 62.50%
  S5 1500ms fold4/5: best_val= 75.00% (ep1) test= 43.75%
  S5 1500ms fold5/5: best_val= 93.75% (ep21) test= 75.00%
  S5 3000ms fold1/5: best_val= 75.00% (ep1) test= 62.50%
  S5 3000ms fold2/5: best_val= 75.00% (ep12) test= 75.00%
  S5 3000ms fold3/5: best_val= 68.75% (ep6) test= 62.50%
  S5 3000ms fold4/5: best_val= 68.75% (ep12) test= 62.50%
  S5 3000ms fold5/5: best_val=100.00% (ep26) test= 68.75%
  S5 4000ms fold1/5: best_val= 68.75% (ep5) test= 68.75%
  S5 4000ms fold2/5: best_val= 68.75% (ep1) test= 62.50%
  S5 4000ms fold3/5: best_val= 75.00% (ep5) test= 62.50%
  S5 4000ms fold4/5: best_val= 68.75% (ep5) test= 62.50%
  S5 4000ms fold5/5: best_val=100.00% (ep13) test= 56.25%
S 5: 800ms= 56.25%  1500ms= 60.00%  3000ms= 66.25%  4000ms= 62.50%   (73s)
  S6 800ms fold1/5: best_val= 68.75% (ep3) test= 31.25%
  S6 800ms fold2/5: best_val= 68.75% (ep8) test= 56.25%
  S6 800ms fold3/5: best_val= 68.75% (ep8) test= 50.00%
  S6 800ms fold4/5: best_val= 62.50% (ep2) test= 62.50%
  S6 800ms fold5/5: best_val= 75.00% (ep21) test= 62.50%
  S6 1500ms fold1/5: best_val= 62.50% (ep7) test= 75.00%
  S6 1500ms fold2/5: best_val= 62.50% (ep19) test= 56.25%
  S6 1500ms fold3/5: best_val= 68.75% (ep14) test= 43.75%
  S6 1500ms fold4/5: best_val= 87.50% (ep26) test= 56.25%
  S6 1500ms fold5/5: best_val= 68.75% (ep5) test= 68.75%
  S6 3000ms fold1/5: best_val= 75.00% (ep17) test= 62.50%
  S6 3000ms fold2/5: best_val= 68.75% (ep9) test= 56.25%
  S6 3000ms fold3/5: best_val= 75.00% (ep4) test= 50.00%
  S6 3000ms fold4/5: best_val= 68.75% (ep3) test= 56.25%
  S6 3000ms fold5/5: best_val= 68.75% (ep21) test= 68.75%
  S6 4000ms fold1/5: best_val= 68.75% (ep3) test= 50.00%
  S6 4000ms fold2/5: best_val= 68.75% (ep10) test= 37.50%
  S6 4000ms fold3/5: best_val= 75.00% (ep5) test= 43.75%
  S6 4000ms fold4/5: best_val= 62.50% (ep14) test= 50.00%
  S6 4000ms fold5/5: best_val= 50.00% (ep1) test= 50.00%
S 6: 800ms= 52.50%  1500ms= 60.00%  3000ms= 58.75%  4000ms= 46.25%   (73s)
  S7 800ms fold1/5: best_val= 68.75% (ep3) test= 62.50%
  S7 800ms fold2/5: best_val= 68.75% (ep1) test= 50.00%
  S7 800ms fold3/5: best_val= 50.00% (ep5) test= 43.75%
  S7 800ms fold4/5: best_val= 68.75% (ep1) test= 31.25%
  S7 800ms fold5/5: best_val= 50.00% (ep2) test= 56.25%
  S7 1500ms fold1/5: best_val= 68.75% (ep4) test= 43.75%
  S7 1500ms fold2/5: best_val= 68.75% (ep9) test= 43.75%
  S7 1500ms fold3/5: best_val= 75.00% (ep3) test= 43.75%
  S7 1500ms fold4/5: best_val= 56.25% (ep2) test= 43.75%
  S7 1500ms fold5/5: best_val= 62.50% (ep1) test= 56.25%
  S7 3000ms fold1/5: best_val= 75.00% (ep6) test= 62.50%
  S7 3000ms fold2/5: best_val= 68.75% (ep8) test= 50.00%
  S7 3000ms fold3/5: best_val= 68.75% (ep20) test= 62.50%
  S7 3000ms fold4/5: best_val= 56.25% (ep11) test= 56.25%
  S7 3000ms fold5/5: best_val= 56.25% (ep3) test= 50.00%
  S7 4000ms fold1/5: best_val= 68.75% (ep8) test= 56.25%
  S7 4000ms fold2/5: best_val= 68.75% (ep4) test= 37.50%
  S7 4000ms fold3/5: best_val= 62.50% (ep4) test= 50.00%
  S7 4000ms fold4/5: best_val= 68.75% (ep3) test= 62.50%
  S7 4000ms fold5/5: best_val= 56.25% (ep5) test= 56.25%
S 7: 800ms= 48.75%  1500ms= 46.25%  3000ms= 56.25%  4000ms= 52.50%   (73s)
  S8 800ms fold1/5: best_val= 68.75% (ep40) test= 75.00%
  S8 800ms fold2/5: best_val= 75.00% (ep6) test= 31.25%
  S8 800ms fold3/5: best_val= 68.75% (ep7) test= 43.75%
  S8 800ms fold4/5: best_val= 62.50% (ep7) test= 56.25%
  S8 800ms fold5/5: best_val= 62.50% (ep28) test= 56.25%
  S8 1500ms fold1/5: best_val= 62.50% (ep1) test= 50.00%
  S8 1500ms fold2/5: best_val= 50.00% (ep2) test= 31.25%
  S8 1500ms fold3/5: best_val= 81.25% (ep9) test= 56.25%
  S8 1500ms fold4/5: best_val= 68.75% (ep7) test= 50.00%
  S8 1500ms fold5/5: best_val= 62.50% (ep13) test= 68.75%
  S8 3000ms fold1/5: best_val= 75.00% (ep11) test= 62.50%
  S8 3000ms fold2/5: best_val= 75.00% (ep1) test= 43.75%
  S8 3000ms fold3/5: best_val= 56.25% (ep4) test= 37.50%
  S8 3000ms fold4/5: best_val= 81.25% (ep23) test= 43.75%
  S8 3000ms fold5/5: best_val= 56.25% (ep1) test= 56.25%
  S8 4000ms fold1/5: best_val= 62.50% (ep7) test= 37.50%
  S8 4000ms fold2/5: best_val= 56.25% (ep1) test= 25.00%
  S8 4000ms fold3/5: best_val= 50.00% (ep2) test= 68.75%
  S8 4000ms fold4/5: best_val= 81.25% (ep20) test= 43.75%
  S8 4000ms fold5/5: best_val= 56.25% (ep5) test= 62.50%
S 8: 800ms= 52.50%  1500ms= 51.25%  3000ms= 48.75%  4000ms= 47.50%   (73s)
  S9 800ms fold1/5: best_val= 75.00% (ep7) test= 50.00%
  S9 800ms fold2/5: best_val= 87.50% (ep2) test= 62.50%
  S9 800ms fold3/5: best_val= 68.75% (ep1) test= 50.00%
  S9 800ms fold4/5: best_val= 75.00% (ep9) test= 37.50%
  S9 800ms fold5/5: best_val= 68.75% (ep2) test= 75.00%
  S9 1500ms fold1/5: best_val= 75.00% (ep12) test= 62.50%
  S9 1500ms fold2/5: best_val= 56.25% (ep1) test= 81.25%
  S9 1500ms fold3/5: best_val= 62.50% (ep10) test= 62.50%
  S9 1500ms fold4/5: best_val= 56.25% (ep4) test= 62.50%
  S9 1500ms fold5/5: best_val= 75.00% (ep21) test= 50.00%
  S9 3000ms fold1/5: best_val= 87.50% (ep12) test= 43.75%
  S9 3000ms fold2/5: best_val= 87.50% (ep4) test= 56.25%
  S9 3000ms fold3/5: best_val= 62.50% (ep12) test= 68.75%
  S9 3000ms fold4/5: best_val= 62.50% (ep1) test= 43.75%
  S9 3000ms fold5/5: best_val= 87.50% (ep31) test= 62.50%
  S9 4000ms fold1/5: best_val= 81.25% (ep10) test= 43.75%
  S9 4000ms fold2/5: best_val= 75.00% (ep6) test= 56.25%
  S9 4000ms fold3/5: best_val= 56.25% (ep3) test= 68.75%
  S9 4000ms fold4/5: best_val= 81.25% (ep21) test= 62.50%
  S9 4000ms fold5/5: best_val= 75.00% (ep1) test= 56.25%
S 9: 800ms= 55.00%  1500ms= 63.75%  3000ms= 55.00%  4000ms= 57.50%   (73s)
  S10 800ms fold1/5: best_val= 68.75% (ep4) test= 68.75%
  S10 800ms fold2/5: best_val= 93.75% (ep14) test= 75.00%
  S10 800ms fold3/5: best_val= 93.75% (ep22) test= 68.75%
  S10 800ms fold4/5: best_val= 87.50% (ep11) test= 56.25%
  S10 800ms fold5/5: best_val= 75.00% (ep26) test= 75.00%
  S10 1500ms fold1/5: best_val= 68.75% (ep11) test= 75.00%
  S10 1500ms fold2/5: best_val=100.00% (ep14) test= 87.50%
  S10 1500ms fold3/5: best_val= 93.75% (ep25) test= 81.25%
  S10 1500ms fold4/5: best_val= 93.75% (ep6) test= 56.25%
  S10 1500ms fold5/5: best_val= 87.50% (ep8) test= 75.00%
  S10 3000ms fold1/5: best_val= 87.50% (ep34) test= 93.75%
  S10 3000ms fold2/5: best_val=100.00% (ep13) test= 75.00%
  S10 3000ms fold3/5: best_val= 93.75% (ep4) test= 81.25%
  S10 3000ms fold4/5: best_val= 93.75% (ep7) test= 56.25%
  S10 3000ms fold5/5: best_val= 93.75% (ep5) test= 68.75%
  S10 4000ms fold1/5: best_val=100.00% (ep15) test= 93.75%
  S10 4000ms fold2/5: best_val= 93.75% (ep4) test= 56.25%
  S10 4000ms fold3/5: best_val= 93.75% (ep9) test= 75.00%
  S10 4000ms fold4/5: best_val= 93.75% (ep14) test= 62.50%
  S10 4000ms fold5/5: best_val= 75.00% (ep7) test= 75.00%
S10: 800ms= 68.75%  1500ms= 75.00%  3000ms= 75.00%  4000ms= 72.50%   (73s)
  S11 800ms fold1/5: best_val= 62.50% (ep4) test= 43.75%
  S11 800ms fold2/5: best_val= 50.00% (ep1) test= 56.25%
  S11 800ms fold3/5: best_val= 56.25% (ep1) test= 50.00%
  S11 800ms fold4/5: best_val= 62.50% (ep2) test= 31.25%
  S11 800ms fold5/5: best_val= 68.75% (ep9) test= 56.25%
  S11 1500ms fold1/5: best_val= 62.50% (ep2) test= 43.75%
  S11 1500ms fold2/5: best_val= 50.00% (ep1) test= 75.00%
  S11 1500ms fold3/5: best_val= 62.50% (ep4) test= 56.25%
  S11 1500ms fold4/5: best_val= 43.75% (ep2) test= 56.25%
  S11 1500ms fold5/5: best_val= 43.75% (ep1) test= 62.50%
  S11 3000ms fold1/5: best_val= 62.50% (ep12) test= 43.75%
  S11 3000ms fold2/5: best_val= 56.25% (ep3) test= 62.50%
  S11 3000ms fold3/5: best_val= 50.00% (ep1) test= 56.25%
  S11 3000ms fold4/5: best_val= 56.25% (ep1) test= 37.50%
  S11 3000ms fold5/5: best_val= 56.25% (ep4) test= 68.75%
  S11 4000ms fold1/5: best_val= 62.50% (ep17) test= 43.75%
  S11 4000ms fold2/5: best_val= 43.75% (ep3) test= 50.00%
  S11 4000ms fold3/5: best_val= 68.75% (ep13) test= 43.75%
  S11 4000ms fold4/5: best_val= 56.25% (ep9) test= 50.00%
  S11 4000ms fold5/5: best_val= 50.00% (ep10) test= 75.00%
S11: 800ms= 47.50%  1500ms= 58.75%  3000ms= 53.75%  4000ms= 52.50%   (73s)
  S12 800ms fold1/5: best_val= 68.75% (ep2) test= 37.50%
  S12 800ms fold2/5: best_val= 56.25% (ep3) test= 50.00%
  S12 800ms fold3/5: best_val= 75.00% (ep4) test= 37.50%
  S12 800ms fold4/5: best_val= 56.25% (ep1) test= 56.25%
  S12 800ms fold5/5: best_val= 43.75% (ep1) test= 68.75%
  S12 1500ms fold1/5: best_val= 62.50% (ep2) test= 75.00%
  S12 1500ms fold2/5: best_val= 68.75% (ep13) test= 31.25%
  S12 1500ms fold3/5: best_val= 62.50% (ep1) test= 31.25%
  S12 1500ms fold4/5: best_val= 68.75% (ep1) test= 62.50%
  S12 1500ms fold5/5: best_val= 62.50% (ep1) test= 37.50%
  S12 3000ms fold1/5: best_val= 56.25% (ep14) test= 56.25%
  S12 3000ms fold2/5: best_val= 56.25% (ep3) test= 56.25%
  S12 3000ms fold3/5: best_val= 75.00% (ep8) test= 43.75%
  S12 3000ms fold4/5: best_val= 75.00% (ep9) test= 68.75%
  S12 3000ms fold5/5: best_val= 56.25% (ep20) test= 56.25%
  S12 4000ms fold1/5: best_val= 62.50% (ep3) test= 62.50%
  S12 4000ms fold2/5: best_val= 75.00% (ep15) test= 50.00%
  S12 4000ms fold3/5: best_val= 62.50% (ep13) test= 31.25%
  S12 4000ms fold4/5: best_val= 56.25% (ep1) test= 31.25%
  S12 4000ms fold5/5: best_val= 56.25% (ep34) test= 50.00%
S12: 800ms= 50.00%  1500ms= 47.50%  3000ms= 56.25%  4000ms= 45.00%   (73s)
  S13 800ms fold1/5: best_val= 56.25% (ep17) test= 56.25%
  S13 800ms fold2/5: best_val= 81.25% (ep2) test= 43.75%
  S13 800ms fold3/5: best_val= 75.00% (ep12) test= 31.25%
  S13 800ms fold4/5: best_val= 68.75% (ep1) test= 68.75%
  S13 800ms fold5/5: best_val= 68.75% (ep1) test= 62.50%
  S13 1500ms fold1/5: best_val= 62.50% (ep3) test= 68.75%
  S13 1500ms fold2/5: best_val= 50.00% (ep1) test= 43.75%
  S13 1500ms fold3/5: best_val= 75.00% (ep17) test= 50.00%
  S13 1500ms fold4/5: best_val= 62.50% (ep3) test= 43.75%
  S13 1500ms fold5/5: best_val= 68.75% (ep6) test= 50.00%
  S13 3000ms fold1/5: best_val= 50.00% (ep11) test= 75.00%
  S13 3000ms fold2/5: best_val= 50.00% (ep21) test= 62.50%
  S13 3000ms fold3/5: best_val= 81.25% (ep1) test= 50.00%
  S13 3000ms fold4/5: best_val= 68.75% (ep10) test= 62.50%
  S13 3000ms fold5/5: best_val= 68.75% (ep11) test= 75.00%
  S13 4000ms fold1/5: best_val= 68.75% (ep11) test= 62.50%
  S13 4000ms fold2/5: best_val= 56.25% (ep1) test= 43.75%
  S13 4000ms fold3/5: best_val= 62.50% (ep3) test= 50.00%
  S13 4000ms fold4/5: best_val= 75.00% (ep5) test= 68.75%
  S13 4000ms fold5/5: best_val= 62.50% (ep18) test= 75.00%
S13: 800ms= 52.50%  1500ms= 51.25%  3000ms= 65.00%  4000ms= 60.00%   (73s)
  S14 800ms fold1/5: best_val= 68.75% (ep8) test= 37.50%
  S14 800ms fold2/5: best_val= 56.25% (ep5) test= 31.25%
  S14 800ms fold3/5: best_val= 50.00% (ep32) test= 75.00%
  S14 800ms fold4/5: best_val= 56.25% (ep1) test= 50.00%
  S14 800ms fold5/5: best_val= 62.50% (ep17) test= 50.00%
  S14 1500ms fold1/5: best_val= 81.25% (ep20) test= 56.25%
  S14 1500ms fold2/5: best_val= 75.00% (ep16) test= 56.25%
  S14 1500ms fold3/5: best_val= 56.25% (ep10) test= 75.00%
  S14 1500ms fold4/5: best_val= 50.00% (ep1) test= 43.75%
  S14 1500ms fold5/5: best_val= 62.50% (ep25) test= 81.25%
  S14 3000ms fold1/5: best_val= 75.00% (ep1) test= 37.50%
  S14 3000ms fold2/5: best_val= 62.50% (ep3) test= 50.00%
  S14 3000ms fold3/5: best_val= 81.25% (ep17) test= 37.50%
  S14 3000ms fold4/5: best_val= 56.25% (ep6) test= 68.75%
  S14 3000ms fold5/5: best_val= 62.50% (ep11) test= 43.75%
  S14 4000ms fold1/5: best_val= 62.50% (ep3) test= 56.25%
  S14 4000ms fold2/5: best_val= 68.75% (ep2) test= 62.50%
  S14 4000ms fold3/5: best_val= 81.25% (ep35) test= 43.75%
  S14 4000ms fold4/5: best_val= 43.75% (ep1) test= 62.50%
  S14 4000ms fold5/5: best_val= 68.75% (ep1) test= 50.00%
S14: 800ms= 48.75%  1500ms= 62.50%  3000ms= 47.50%  4000ms= 55.00%   (73s)
  S15 800ms fold1/5: best_val= 87.50% (ep5) test= 68.75%
  S15 800ms fold2/5: best_val= 56.25% (ep7) test= 56.25%
  S15 800ms fold3/5: best_val= 50.00% (ep1) test= 43.75%
  S15 800ms fold4/5: best_val= 62.50% (ep6) test= 62.50%
  S15 800ms fold5/5: best_val= 75.00% (ep23) test= 56.25%
  S15 1500ms fold1/5: best_val= 81.25% (ep3) test= 43.75%
  S15 1500ms fold2/5: best_val= 56.25% (ep1) test= 43.75%
  S15 1500ms fold3/5: best_val= 56.25% (ep1) test= 25.00%
  S15 1500ms fold4/5: best_val= 62.50% (ep2) test= 56.25%
  S15 1500ms fold5/5: best_val= 56.25% (ep1) test= 37.50%
  S15 3000ms fold1/5: best_val= 62.50% (ep1) test= 50.00%
  S15 3000ms fold2/5: best_val= 56.25% (ep3) test= 43.75%
  S15 3000ms fold3/5: best_val= 43.75% (ep2) test= 56.25%
  S15 3000ms fold4/5: best_val= 68.75% (ep7) test= 56.25%
  S15 3000ms fold5/5: best_val= 68.75% (ep12) test= 50.00%
  S15 4000ms fold1/5: best_val= 62.50% (ep1) test= 62.50%
  S15 4000ms fold2/5: best_val= 56.25% (ep2) test= 50.00%
  S15 4000ms fold3/5: best_val= 43.75% (ep2) test= 56.25%
  S15 4000ms fold4/5: best_val= 68.75% (ep2) test= 25.00%
  S15 4000ms fold5/5: best_val= 68.75% (ep9) test= 56.25%
S15: 800ms= 57.50%  1500ms= 41.25%  3000ms= 51.25%  4000ms= 50.00%   (73s)
  S16 800ms fold1/5: best_val= 50.00% (ep1) test= 50.00%
  S16 800ms fold2/5: best_val= 62.50% (ep9) test= 31.25%
  S16 800ms fold3/5: best_val= 75.00% (ep13) test= 37.50%
  S16 800ms fold4/5: best_val= 68.75% (ep1) test= 43.75%
  S16 800ms fold5/5: best_val= 75.00% (ep7) test= 50.00%
  S16 1500ms fold1/5: best_val= 56.25% (ep5) test= 62.50%
  S16 1500ms fold2/5: best_val= 56.25% (ep2) test= 25.00%
  S16 1500ms fold3/5: best_val= 81.25% (ep1) test= 62.50%
  S16 1500ms fold4/5: best_val= 62.50% (ep12) test= 62.50%
  S16 1500ms fold5/5: best_val= 68.75% (ep40) test= 43.75%
  S16 3000ms fold1/5: best_val= 62.50% (ep8) test= 43.75%
  S16 3000ms fold2/5: best_val= 87.50% (ep1) test= 56.25%
  S16 3000ms fold3/5: best_val= 68.75% (ep17) test= 43.75%
  S16 3000ms fold4/5: best_val= 68.75% (ep15) test= 50.00%
  S16 3000ms fold5/5: best_val= 62.50% (ep1) test= 68.75%
  S16 4000ms fold1/5: best_val= 62.50% (ep3) test= 62.50%
  S16 4000ms fold2/5: best_val= 68.75% (ep2) test= 43.75%
  S16 4000ms fold3/5: best_val= 62.50% (ep13) test= 37.50%
  S16 4000ms fold4/5: best_val= 81.25% (ep1) test= 56.25%
  S16 4000ms fold5/5: best_val= 68.75% (ep7) test= 68.75%
S16: 800ms= 42.50%  1500ms= 51.25%  3000ms= 52.50%  4000ms= 53.75%   (73s)
  S17 800ms fold1/5: best_val= 50.00% (ep26) test= 81.25%
  S17 800ms fold2/5: best_val= 56.25% (ep1) test= 56.25%
  S17 800ms fold3/5: best_val= 68.75% (ep20) test= 56.25%
  S17 800ms fold4/5: best_val= 56.25% (ep27) test= 37.50%
  S17 800ms fold5/5: best_val= 62.50% (ep2) test= 68.75%
  S17 1500ms fold1/5: best_val= 50.00% (ep29) test= 75.00%
  S17 1500ms fold2/5: best_val= 50.00% (ep1) test= 62.50%
  S17 1500ms fold3/5: best_val= 62.50% (ep24) test= 56.25%
  S17 1500ms fold4/5: best_val= 56.25% (ep8) test= 50.00%
  S17 1500ms fold5/5: best_val= 50.00% (ep19) test= 68.75%
  S17 3000ms fold1/5: best_val= 68.75% (ep2) test= 50.00%
  S17 3000ms fold2/5: best_val= 75.00% (ep2) test= 43.75%
  S17 3000ms fold3/5: best_val= 62.50% (ep26) test= 68.75%
  S17 3000ms fold4/5: best_val= 62.50% (ep17) test= 56.25%
  S17 3000ms fold5/5: best_val= 68.75% (ep30) test= 62.50%
  S17 4000ms fold1/5: best_val= 81.25% (ep4) test= 68.75%
  S17 4000ms fold2/5: best_val= 75.00% (ep7) test= 50.00%
  S17 4000ms fold3/5: best_val= 75.00% (ep22) test= 68.75%
  S17 4000ms fold4/5: best_val= 62.50% (ep11) test= 62.50%
  S17 4000ms fold5/5: best_val= 87.50% (ep7) test= 50.00%
S17: 800ms= 60.00%  1500ms= 62.50%  3000ms= 56.25%  4000ms= 60.00%   (73s)
  S18 800ms fold1/5: best_val= 75.00% (ep1) test= 56.25%
  S18 800ms fold2/5: best_val= 75.00% (ep4) test= 31.25%
  S18 800ms fold3/5: best_val= 56.25% (ep18) test= 68.75%
  S18 800ms fold4/5: best_val= 68.75% (ep1) test= 50.00%
  S18 800ms fold5/5: best_val= 62.50% (ep13) test= 75.00%
  S18 1500ms fold1/5: best_val= 62.50% (ep13) test= 62.50%
  S18 1500ms fold2/5: best_val= 75.00% (ep2) test= 50.00%
  S18 1500ms fold3/5: best_val= 68.75% (ep1) test= 68.75%
  S18 1500ms fold4/5: best_val= 75.00% (ep1) test= 62.50%
  S18 1500ms fold5/5: best_val= 68.75% (ep17) test= 56.25%
  S18 3000ms fold1/5: best_val= 68.75% (ep1) test= 56.25%
  S18 3000ms fold2/5: best_val= 87.50% (ep11) test= 43.75%
  S18 3000ms fold3/5: best_val= 56.25% (ep1) test= 43.75%
  S18 3000ms fold4/5: best_val= 68.75% (ep24) test= 68.75%
  S18 3000ms fold5/5: best_val= 75.00% (ep20) test= 68.75%
  S18 4000ms fold1/5: best_val= 75.00% (ep4) test= 56.25%
  S18 4000ms fold2/5: best_val= 81.25% (ep6) test= 37.50%
  S18 4000ms fold3/5: best_val= 68.75% (ep2) test= 56.25%
  S18 4000ms fold4/5: best_val= 75.00% (ep38) test= 62.50%
  S18 4000ms fold5/5: best_val= 81.25% (ep29) test= 68.75%
S18: 800ms= 56.25%  1500ms= 60.00%  3000ms= 56.25%  4000ms= 56.25%   (73s)

ALL SUBJECTS COMPLETED — HOC/SPS  (1330s)

====================================================================
SAVED HOC/SPS -> /work/11862/rmaahin/ls6/FineMI-enhancements/ConformerEEG/experiments/option_a/results/full/HOC_SPS
gpu=NVIDIA A100-PCIE-40GB | torch=2.8.0+cu128 | seed=42 | model=conformer_a | mode=full
====================================================================
window_ms   800    1500   3000   4000
subject                              
1          53.33  55.56  66.67  73.33
2          56.25  60.00  55.00  60.00
3          73.75  78.75  68.75  60.00
4          47.50  57.50  73.75  81.25
5          56.25  60.00  66.25  62.50
6          52.50  60.00  58.75  46.25
7          48.75  46.25  56.25  52.50
8          52.50  51.25  48.75  47.50
9          55.00  63.75  55.00  57.50
10         68.75  75.00  75.00  72.50
11         47.50  58.75  53.75  52.50
12         50.00  47.50  56.25  45.00
13         52.50  51.25  65.00  60.00
14         48.75  62.50  47.50  55.00
15         57.50  41.25  51.25  50.00
16         42.50  51.25  52.50  53.75
17         60.00  62.50  56.25  60.00
18         56.25  60.00  56.25  56.25

mean: {800: 54.42, 1500: 57.95, 3000: 59.05, 4000: 58.1}
sd  : {800: 7.53, 1500: 9.34, 3000: 8.21, 4000: 9.68}

Pairs saved so far in /work/11862/rmaahin/ls6/FineMI-enhancements/ConformerEEG/experiments/option_a/results/full: 15/28

##### pair_idx=5 (HOC_SAA) #####

Using device: cuda | gpu=NVIDIA A100-PCIE-40GB | torch=2.8.0+cu128
NOTE: determinism holds per-GPU-model. Record this GPU name.

PAIR: HOC/SAA  (classes 0 vs 6)  model=conformer_a  mode=full
Test time windows: [800, 1500, 3000, 4000] ms
Test time windows (samples): [200, 375, 750, 1000]

BINARY CLASSIFICATION: Class 0 vs Class 6  (HOC/SAA)
  Class 0 (original 0): 725 trials
  Class 1 (original 6): 725 trials

Extracted time windows:
  800ms (200 samples): shape (1450, 62, 200)
  1500ms (375 samples): shape (1450, 62, 375)
  3000ms (750 samples): shape (1450, 62, 750)
  4000ms (1000 samples): shape (1450, 62, 1000)

Model configuration:
  Model: conformer_a
  Channels: 62
  Subjects: [1, 2, 3, 4, 5, 6, 7, 8, 9, 10, 11, 12, 13, 14, 15, 16, 17, 18]
  Time windows: [800, 1500, 3000, 4000] ms
  Classes: 2 (Binary: Class 0 vs Class 6)
  Folds: 5
  Batch size: 32
  Epochs per subject per time window: 50
  S1 800ms fold1/5: best_val= 72.22% (ep5) test= 44.44%
  S1 800ms fold2/5: best_val= 50.00% (ep14) test= 50.00%
  S1 800ms fold3/5: best_val= 61.11% (ep27) test= 72.22%
  S1 800ms fold4/5: best_val= 61.11% (ep5) test= 44.44%
  S1 800ms fold5/5: best_val= 77.78% (ep16) test= 44.44%
  S1 1500ms fold1/5: best_val= 66.67% (ep32) test= 38.89%
  S1 1500ms fold2/5: best_val= 66.67% (ep1) test= 66.67%
  S1 1500ms fold3/5: best_val= 83.33% (ep39) test= 50.00%
  S1 1500ms fold4/5: best_val= 66.67% (ep3) test= 38.89%
  S1 1500ms fold5/5: best_val= 66.67% (ep2) test= 66.67%
  S1 3000ms fold1/5: best_val= 83.33% (ep31) test= 44.44%
  S1 3000ms fold2/5: best_val= 72.22% (ep16) test= 55.56%
  S1 3000ms fold3/5: best_val= 88.89% (ep18) test= 55.56%
  S1 3000ms fold4/5: best_val= 66.67% (ep23) test= 72.22%
  S1 3000ms fold5/5: best_val= 83.33% (ep15) test= 38.89%
  S1 4000ms fold1/5: best_val= 77.78% (ep27) test= 55.56%
  S1 4000ms fold2/5: best_val= 72.22% (ep1) test= 55.56%
  S1 4000ms fold3/5: best_val= 88.89% (ep2) test= 66.67%
  S1 4000ms fold4/5: best_val= 72.22% (ep3) test= 38.89%
  S1 4000ms fold5/5: best_val= 88.89% (ep21) test= 55.56%
S 1: 800ms= 51.11%  1500ms= 52.22%  3000ms= 53.33%  4000ms= 54.44%   (87s)
  S2 800ms fold1/5: best_val= 62.50% (ep7) test= 50.00%
  S2 800ms fold2/5: best_val= 50.00% (ep9) test= 62.50%
  S2 800ms fold3/5: best_val= 62.50% (ep1) test= 37.50%
  S2 800ms fold4/5: best_val= 68.75% (ep14) test= 43.75%
  S2 800ms fold5/5: best_val= 75.00% (ep7) test= 50.00%
  S2 1500ms fold1/5: best_val= 75.00% (ep13) test= 56.25%
  S2 1500ms fold2/5: best_val= 56.25% (ep4) test= 56.25%
  S2 1500ms fold3/5: best_val= 75.00% (ep34) test= 68.75%
  S2 1500ms fold4/5: best_val= 75.00% (ep2) test= 25.00%
  S2 1500ms fold5/5: best_val= 81.25% (ep1) test= 50.00%
  S2 3000ms fold1/5: best_val= 81.25% (ep14) test= 50.00%
  S2 3000ms fold2/5: best_val= 56.25% (ep15) test= 68.75%
  S2 3000ms fold3/5: best_val= 81.25% (ep9) test= 81.25%
  S2 3000ms fold4/5: best_val= 62.50% (ep1) test= 68.75%
  S2 3000ms fold5/5: best_val= 56.25% (ep25) test= 56.25%
  S2 4000ms fold1/5: best_val= 81.25% (ep18) test= 62.50%
  S2 4000ms fold2/5: best_val= 50.00% (ep1) test= 62.50%
  S2 4000ms fold3/5: best_val= 68.75% (ep12) test= 62.50%
  S2 4000ms fold4/5: best_val= 56.25% (ep8) test= 37.50%
  S2 4000ms fold5/5: best_val= 62.50% (ep24) test= 56.25%
S 2: 800ms= 48.75%  1500ms= 51.25%  3000ms= 65.00%  4000ms= 56.25%   (73s)
  S3 800ms fold1/5: best_val= 87.50% (ep15) test= 68.75%
  S3 800ms fold2/5: best_val= 75.00% (ep12) test= 68.75%
  S3 800ms fold3/5: best_val= 87.50% (ep11) test= 62.50%
  S3 800ms fold4/5: best_val= 81.25% (ep42) test= 81.25%
  S3 800ms fold5/5: best_val= 81.25% (ep11) test= 87.50%
  S3 1500ms fold1/5: best_val=100.00% (ep16) test= 62.50%
  S3 1500ms fold2/5: best_val= 87.50% (ep9) test= 68.75%
  S3 1500ms fold3/5: best_val=100.00% (ep11) test= 81.25%
  S3 1500ms fold4/5: best_val= 75.00% (ep2) test= 75.00%
  S3 1500ms fold5/5: best_val= 93.75% (ep16) test= 87.50%
  S3 3000ms fold1/5: best_val=100.00% (ep20) test= 68.75%
  S3 3000ms fold2/5: best_val= 93.75% (ep19) test= 56.25%
  S3 3000ms fold3/5: best_val=100.00% (ep3) test= 43.75%
  S3 3000ms fold4/5: best_val= 81.25% (ep18) test=100.00%
  S3 3000ms fold5/5: best_val=100.00% (ep16) test= 87.50%
  S3 4000ms fold1/5: best_val=100.00% (ep33) test= 81.25%
  S3 4000ms fold2/5: best_val= 87.50% (ep20) test= 56.25%
  S3 4000ms fold3/5: best_val=100.00% (ep19) test= 81.25%
  S3 4000ms fold4/5: best_val= 81.25% (ep13) test= 68.75%
  S3 4000ms fold5/5: best_val= 87.50% (ep27) test= 81.25%
S 3: 800ms= 73.75%  1500ms= 75.00%  3000ms= 71.25%  4000ms= 73.75%   (73s)
  S4 800ms fold1/5: best_val= 75.00% (ep21) test= 43.75%
  S4 800ms fold2/5: best_val= 56.25% (ep4) test= 56.25%
  S4 800ms fold3/5: best_val= 75.00% (ep16) test= 56.25%
  S4 800ms fold4/5: best_val= 56.25% (ep3) test= 50.00%
  S4 800ms fold5/5: best_val= 75.00% (ep12) test= 62.50%
  S4 1500ms fold1/5: best_val= 75.00% (ep5) test= 43.75%
  S4 1500ms fold2/5: best_val= 62.50% (ep13) test= 62.50%
  S4 1500ms fold3/5: best_val= 75.00% (ep12) test= 75.00%
  S4 1500ms fold4/5: best_val= 81.25% (ep7) test= 68.75%
  S4 1500ms fold5/5: best_val= 87.50% (ep15) test= 43.75%
  S4 3000ms fold1/5: best_val= 68.75% (ep10) test= 87.50%
  S4 3000ms fold2/5: best_val= 75.00% (ep6) test= 81.25%
  S4 3000ms fold3/5: best_val= 93.75% (ep14) test= 75.00%
  S4 3000ms fold4/5: best_val= 87.50% (ep6) test= 81.25%
  S4 3000ms fold5/5: best_val= 87.50% (ep21) test= 75.00%
  S4 4000ms fold1/5: best_val= 75.00% (ep14) test= 81.25%
  S4 4000ms fold2/5: best_val= 75.00% (ep10) test= 62.50%
  S4 4000ms fold3/5: best_val= 81.25% (ep6) test= 68.75%
  S4 4000ms fold4/5: best_val= 75.00% (ep1) test= 56.25%
  S4 4000ms fold5/5: best_val= 87.50% (ep16) test= 68.75%
S 4: 800ms= 53.75%  1500ms= 58.75%  3000ms= 80.00%  4000ms= 67.50%   (73s)
  S5 800ms fold1/5: best_val= 81.25% (ep11) test= 87.50%
  S5 800ms fold2/5: best_val= 68.75% (ep31) test= 75.00%
  S5 800ms fold3/5: best_val= 87.50% (ep10) test= 62.50%
  S5 800ms fold4/5: best_val= 81.25% (ep8) test= 68.75%
  S5 800ms fold5/5: best_val= 75.00% (ep19) test= 50.00%
  S5 1500ms fold1/5: best_val= 62.50% (ep21) test= 75.00%
  S5 1500ms fold2/5: best_val= 62.50% (ep3) test= 56.25%
  S5 1500ms fold3/5: best_val= 87.50% (ep4) test= 43.75%
  S5 1500ms fold4/5: best_val= 87.50% (ep11) test= 50.00%
  S5 1500ms fold5/5: best_val= 75.00% (ep9) test= 50.00%
  S5 3000ms fold1/5: best_val= 68.75% (ep2) test= 43.75%
  S5 3000ms fold2/5: best_val= 68.75% (ep4) test= 68.75%
  S5 3000ms fold3/5: best_val= 75.00% (ep11) test= 56.25%
  S5 3000ms fold4/5: best_val= 81.25% (ep20) test= 62.50%
  S5 3000ms fold5/5: best_val= 56.25% (ep3) test= 37.50%
  S5 4000ms fold1/5: best_val= 68.75% (ep10) test= 75.00%
  S5 4000ms fold2/5: best_val= 75.00% (ep16) test= 75.00%
  S5 4000ms fold3/5: best_val= 75.00% (ep4) test= 50.00%
  S5 4000ms fold4/5: best_val= 62.50% (ep11) test= 50.00%
  S5 4000ms fold5/5: best_val= 50.00% (ep5) test= 50.00%
S 5: 800ms= 68.75%  1500ms= 55.00%  3000ms= 53.75%  4000ms= 60.00%   (73s)
  S6 800ms fold1/5: best_val= 81.25% (ep7) test= 43.75%
  S6 800ms fold2/5: best_val= 81.25% (ep11) test= 50.00%
  S6 800ms fold3/5: best_val= 68.75% (ep8) test= 56.25%
  S6 800ms fold4/5: best_val= 68.75% (ep3) test= 37.50%
  S6 800ms fold5/5: best_val= 62.50% (ep5) test= 50.00%
  S6 1500ms fold1/5: best_val= 87.50% (ep32) test= 56.25%
  S6 1500ms fold2/5: best_val= 75.00% (ep15) test= 43.75%
  S6 1500ms fold3/5: best_val= 62.50% (ep7) test= 62.50%
  S6 1500ms fold4/5: best_val= 68.75% (ep6) test= 43.75%
  S6 1500ms fold5/5: best_val= 68.75% (ep2) test= 62.50%
  S6 3000ms fold1/5: best_val= 62.50% (ep23) test= 56.25%
  S6 3000ms fold2/5: best_val= 75.00% (ep2) test= 37.50%
  S6 3000ms fold3/5: best_val= 68.75% (ep1) test= 50.00%
  S6 3000ms fold4/5: best_val= 56.25% (ep1) test= 25.00%
  S6 3000ms fold5/5: best_val= 50.00% (ep1) test= 50.00%
  S6 4000ms fold1/5: best_val= 75.00% (ep3) test= 31.25%
  S6 4000ms fold2/5: best_val= 81.25% (ep8) test= 43.75%
  S6 4000ms fold3/5: best_val= 56.25% (ep11) test= 50.00%
  S6 4000ms fold4/5: best_val= 62.50% (ep7) test= 37.50%
  S6 4000ms fold5/5: best_val= 50.00% (ep6) test= 81.25%
S 6: 800ms= 47.50%  1500ms= 53.75%  3000ms= 43.75%  4000ms= 48.75%   (73s)
  S7 800ms fold1/5: best_val= 62.50% (ep8) test= 50.00%
  S7 800ms fold2/5: best_val= 50.00% (ep1) test= 43.75%
  S7 800ms fold3/5: best_val= 75.00% (ep4) test= 56.25%
  S7 800ms fold4/5: best_val= 62.50% (ep1) test= 56.25%
  S7 800ms fold5/5: best_val= 68.75% (ep4) test= 81.25%
  S7 1500ms fold1/5: best_val= 87.50% (ep5) test= 50.00%
  S7 1500ms fold2/5: best_val= 62.50% (ep1) test= 56.25%
  S7 1500ms fold3/5: best_val= 62.50% (ep1) test= 56.25%
  S7 1500ms fold4/5: best_val= 68.75% (ep36) test= 43.75%
  S7 1500ms fold5/5: best_val= 50.00% (ep4) test= 75.00%
  S7 3000ms fold1/5: best_val= 75.00% (ep2) test= 50.00%
  S7 3000ms fold2/5: best_val= 43.75% (ep1) test= 62.50%
  S7 3000ms fold3/5: best_val= 56.25% (ep3) test= 62.50%
  S7 3000ms fold4/5: best_val= 68.75% (ep6) test= 37.50%
  S7 3000ms fold5/5: best_val= 56.25% (ep6) test= 68.75%
  S7 4000ms fold1/5: best_val= 81.25% (ep10) test= 68.75%
  S7 4000ms fold2/5: best_val= 50.00% (ep1) test= 56.25%
  S7 4000ms fold3/5: best_val= 56.25% (ep2) test= 50.00%
  S7 4000ms fold4/5: best_val= 75.00% (ep17) test= 50.00%
  S7 4000ms fold5/5: best_val= 68.75% (ep9) test= 81.25%
S 7: 800ms= 57.50%  1500ms= 56.25%  3000ms= 56.25%  4000ms= 61.25%   (73s)
  S8 800ms fold1/5: best_val= 68.75% (ep8) test= 81.25%
  S8 800ms fold2/5: best_val= 68.75% (ep7) test= 50.00%
  S8 800ms fold3/5: best_val= 62.50% (ep4) test= 68.75%
  S8 800ms fold4/5: best_val= 56.25% (ep33) test= 62.50%
  S8 800ms fold5/5: best_val= 68.75% (ep13) test= 56.25%
  S8 1500ms fold1/5: best_val= 68.75% (ep1) test= 62.50%
  S8 1500ms fold2/5: best_val= 56.25% (ep11) test= 50.00%
  S8 1500ms fold3/5: best_val= 62.50% (ep5) test= 56.25%
  S8 1500ms fold4/5: best_val= 50.00% (ep1) test= 50.00%
  S8 1500ms fold5/5: best_val= 56.25% (ep1) test= 43.75%
  S8 3000ms fold1/5: best_val= 62.50% (ep32) test= 81.25%
  S8 3000ms fold2/5: best_val= 62.50% (ep6) test= 31.25%
  S8 3000ms fold3/5: best_val= 75.00% (ep32) test= 37.50%
  S8 3000ms fold4/5: best_val= 56.25% (ep2) test= 62.50%
  S8 3000ms fold5/5: best_val= 62.50% (ep3) test= 37.50%
  S8 4000ms fold1/5: best_val= 56.25% (ep1) test= 56.25%
  S8 4000ms fold2/5: best_val= 56.25% (ep1) test= 43.75%
  S8 4000ms fold3/5: best_val= 68.75% (ep12) test= 37.50%
  S8 4000ms fold4/5: best_val= 62.50% (ep1) test= 62.50%
  S8 4000ms fold5/5: best_val= 68.75% (ep28) test= 50.00%
S 8: 800ms= 63.75%  1500ms= 52.50%  3000ms= 50.00%  4000ms= 50.00%   (73s)
  S9 800ms fold1/5: best_val= 68.75% (ep3) test= 56.25%
  S9 800ms fold2/5: best_val= 81.25% (ep2) test= 68.75%
  S9 800ms fold3/5: best_val= 68.75% (ep4) test= 56.25%
  S9 800ms fold4/5: best_val= 62.50% (ep4) test= 50.00%
  S9 800ms fold5/5: best_val= 68.75% (ep1) test= 56.25%
  S9 1500ms fold1/5: best_val= 62.50% (ep7) test= 81.25%
  S9 1500ms fold2/5: best_val= 62.50% (ep27) test= 68.75%
  S9 1500ms fold3/5: best_val= 68.75% (ep24) test= 56.25%
  S9 1500ms fold4/5: best_val= 75.00% (ep17) test= 43.75%
  S9 1500ms fold5/5: best_val= 56.25% (ep24) test= 75.00%
  S9 3000ms fold1/5: best_val= 81.25% (ep17) test= 81.25%
  S9 3000ms fold2/5: best_val= 75.00% (ep21) test= 87.50%
  S9 3000ms fold3/5: best_val= 75.00% (ep1) test= 37.50%
  S9 3000ms fold4/5: best_val= 75.00% (ep12) test= 68.75%
  S9 3000ms fold5/5: best_val= 62.50% (ep27) test= 93.75%
  S9 4000ms fold1/5: best_val= 62.50% (ep8) test= 62.50%
  S9 4000ms fold2/5: best_val= 75.00% (ep15) test= 81.25%
  S9 4000ms fold3/5: best_val= 75.00% (ep29) test= 62.50%
  S9 4000ms fold4/5: best_val= 81.25% (ep18) test= 56.25%
  S9 4000ms fold5/5: best_val= 56.25% (ep13) test= 75.00%
S 9: 800ms= 57.50%  1500ms= 65.00%  3000ms= 73.75%  4000ms= 67.50%   (73s)
  S10 800ms fold1/5: best_val= 81.25% (ep14) test= 68.75%
  S10 800ms fold2/5: best_val= 81.25% (ep3) test= 43.75%
  S10 800ms fold3/5: best_val= 81.25% (ep11) test= 75.00%
  S10 800ms fold4/5: best_val= 87.50% (ep15) test= 56.25%
  S10 800ms fold5/5: best_val= 75.00% (ep6) test= 75.00%
  S10 1500ms fold1/5: best_val= 75.00% (ep36) test= 81.25%
  S10 1500ms fold2/5: best_val= 81.25% (ep11) test= 56.25%
  S10 1500ms fold3/5: best_val= 81.25% (ep12) test= 81.25%
  S10 1500ms fold4/5: best_val= 68.75% (ep2) test= 62.50%
  S10 1500ms fold5/5: best_val= 75.00% (ep29) test= 56.25%
  S10 3000ms fold1/5: best_val= 81.25% (ep10) test= 56.25%
  S10 3000ms fold2/5: best_val= 81.25% (ep6) test= 62.50%
  S10 3000ms fold3/5: best_val= 93.75% (ep5) test= 87.50%
  S10 3000ms fold4/5: best_val= 87.50% (ep11) test= 68.75%
  S10 3000ms fold5/5: best_val= 87.50% (ep6) test= 62.50%
  S10 4000ms fold1/5: best_val= 87.50% (ep4) test= 68.75%
  S10 4000ms fold2/5: best_val= 87.50% (ep9) test= 50.00%
  S10 4000ms fold3/5: best_val= 87.50% (ep13) test= 68.75%
  S10 4000ms fold4/5: best_val= 87.50% (ep14) test= 68.75%
  S10 4000ms fold5/5: best_val= 81.25% (ep6) test= 43.75%
S10: 800ms= 63.75%  1500ms= 67.50%  3000ms= 67.50%  4000ms= 60.00%   (73s)
  S11 800ms fold1/5: best_val= 56.25% (ep4) test= 56.25%
  S11 800ms fold2/5: best_val= 62.50% (ep3) test= 56.25%
  S11 800ms fold3/5: best_val= 43.75% (ep8) test= 37.50%
  S11 800ms fold4/5: best_val= 68.75% (ep1) test= 56.25%
  S11 800ms fold5/5: best_val= 56.25% (ep5) test= 68.75%
  S11 1500ms fold1/5: best_val= 68.75% (ep2) test= 50.00%
  S11 1500ms fold2/5: best_val= 56.25% (ep1) test= 43.75%
  S11 1500ms fold3/5: best_val= 56.25% (ep7) test= 56.25%
  S11 1500ms fold4/5: best_val= 68.75% (ep9) test= 56.25%
  S11 1500ms fold5/5: best_val= 62.50% (ep4) test= 68.75%
  S11 3000ms fold1/5: best_val= 56.25% (ep2) test= 62.50%
  S11 3000ms fold2/5: best_val= 68.75% (ep9) test= 50.00%
  S11 3000ms fold3/5: best_val= 75.00% (ep4) test= 43.75%
  S11 3000ms fold4/5: best_val= 81.25% (ep6) test= 56.25%
  S11 3000ms fold5/5: best_val= 56.25% (ep11) test= 43.75%
  S11 4000ms fold1/5: best_val= 56.25% (ep1) test= 43.75%
  S11 4000ms fold2/5: best_val= 62.50% (ep11) test= 50.00%
  S11 4000ms fold3/5: best_val= 81.25% (ep19) test= 62.50%
  S11 4000ms fold4/5: best_val= 68.75% (ep5) test= 56.25%
  S11 4000ms fold5/5: best_val= 68.75% (ep16) test= 43.75%
S11: 800ms= 55.00%  1500ms= 55.00%  3000ms= 51.25%  4000ms= 51.25%   (79s)
  S12 800ms fold1/5: best_val= 68.75% (ep3) test= 50.00%
  S12 800ms fold2/5: best_val= 68.75% (ep8) test= 43.75%
  S12 800ms fold3/5: best_val= 75.00% (ep23) test= 68.75%
  S12 800ms fold4/5: best_val= 62.50% (ep3) test= 43.75%
  S12 800ms fold5/5: best_val= 50.00% (ep4) test= 50.00%
  S12 1500ms fold1/5: best_val= 62.50% (ep4) test= 25.00%
  S12 1500ms fold2/5: best_val= 68.75% (ep3) test= 43.75%
  S12 1500ms fold3/5: best_val= 75.00% (ep11) test= 62.50%
  S12 1500ms fold4/5: best_val= 68.75% (ep3) test= 56.25%
  S12 1500ms fold5/5: best_val= 56.25% (ep9) test= 62.50%
  S12 3000ms fold1/5: best_val= 62.50% (ep11) test= 62.50%
  S12 3000ms fold2/5: best_val= 56.25% (ep1) test= 56.25%
  S12 3000ms fold3/5: best_val= 68.75% (ep7) test= 56.25%
  S12 3000ms fold4/5: best_val= 68.75% (ep9) test= 56.25%
  S12 3000ms fold5/5: best_val= 68.75% (ep21) test= 62.50%
  S12 4000ms fold1/5: best_val= 81.25% (ep16) test= 50.00%
  S12 4000ms fold2/5: best_val= 75.00% (ep3) test= 37.50%
  S12 4000ms fold3/5: best_val= 75.00% (ep31) test= 68.75%
  S12 4000ms fold4/5: best_val= 68.75% (ep8) test= 43.75%
  S12 4000ms fold5/5: best_val= 81.25% (ep8) test= 50.00%
S12: 800ms= 51.25%  1500ms= 50.00%  3000ms= 58.75%  4000ms= 50.00%   (73s)
  S13 800ms fold1/5: best_val= 50.00% (ep32) test= 75.00%
  S13 800ms fold2/5: best_val= 68.75% (ep2) test= 56.25%
  S13 800ms fold3/5: best_val= 75.00% (ep7) test= 68.75%
  S13 800ms fold4/5: best_val= 68.75% (ep22) test= 68.75%
  S13 800ms fold5/5: best_val= 68.75% (ep17) test= 43.75%
  S13 1500ms fold1/5: best_val= 62.50% (ep4) test= 56.25%
  S13 1500ms fold2/5: best_val= 75.00% (ep17) test= 56.25%
  S13 1500ms fold3/5: best_val= 75.00% (ep15) test= 56.25%
  S13 1500ms fold4/5: best_val= 62.50% (ep8) test= 50.00%
  S13 1500ms fold5/5: best_val= 87.50% (ep11) test= 50.00%
  S13 3000ms fold1/5: best_val= 56.25% (ep1) test= 68.75%
  S13 3000ms fold2/5: best_val= 81.25% (ep13) test= 50.00%
  S13 3000ms fold3/5: best_val= 68.75% (ep12) test= 43.75%
  S13 3000ms fold4/5: best_val= 56.25% (ep3) test= 56.25%
  S13 3000ms fold5/5: best_val= 81.25% (ep10) test= 43.75%
  S13 4000ms fold1/5: best_val= 43.75% (ep10) test= 56.25%
  S13 4000ms fold2/5: best_val= 75.00% (ep6) test= 68.75%
  S13 4000ms fold3/5: best_val= 62.50% (ep16) test= 50.00%
  S13 4000ms fold4/5: best_val= 50.00% (ep9) test= 75.00%
  S13 4000ms fold5/5: best_val= 87.50% (ep28) test= 50.00%
S13: 800ms= 62.50%  1500ms= 53.75%  3000ms= 52.50%  4000ms= 60.00%   (73s)
  S14 800ms fold1/5: best_val= 62.50% (ep2) test= 87.50%
  S14 800ms fold2/5: best_val= 62.50% (ep15) test= 62.50%
  S14 800ms fold3/5: best_val= 62.50% (ep1) test= 56.25%
  S14 800ms fold4/5: best_val= 62.50% (ep12) test= 75.00%
  S14 800ms fold5/5: best_val= 68.75% (ep9) test= 43.75%
  S14 1500ms fold1/5: best_val= 56.25% (ep6) test= 68.75%
  S14 1500ms fold2/5: best_val= 68.75% (ep7) test= 56.25%
  S14 1500ms fold3/5: best_val= 81.25% (ep32) test= 81.25%
  S14 1500ms fold4/5: best_val= 62.50% (ep3) test= 62.50%
  S14 1500ms fold5/5: best_val= 75.00% (ep25) test= 75.00%
  S14 3000ms fold1/5: best_val= 68.75% (ep11) test= 62.50%
  S14 3000ms fold2/5: best_val= 68.75% (ep11) test= 43.75%
  S14 3000ms fold3/5: best_val= 62.50% (ep1) test= 56.25%
  S14 3000ms fold4/5: best_val= 68.75% (ep3) test= 62.50%
  S14 3000ms fold5/5: best_val= 56.25% (ep9) test= 43.75%
  S14 4000ms fold1/5: best_val= 62.50% (ep5) test= 56.25%
  S14 4000ms fold2/5: best_val= 68.75% (ep17) test= 43.75%
  S14 4000ms fold3/5: best_val= 62.50% (ep9) test= 56.25%
  S14 4000ms fold4/5: best_val= 56.25% (ep8) test= 62.50%
  S14 4000ms fold5/5: best_val= 62.50% (ep9) test= 50.00%
S14: 800ms= 65.00%  1500ms= 68.75%  3000ms= 53.75%  4000ms= 53.75%   (73s)
  S15 800ms fold1/5: best_val= 87.50% (ep1) test= 62.50%
  S15 800ms fold2/5: best_val= 68.75% (ep6) test= 31.25%
  S15 800ms fold3/5: best_val= 62.50% (ep2) test= 50.00%
  S15 800ms fold4/5: best_val= 62.50% (ep16) test= 68.75%
  S15 800ms fold5/5: best_val= 62.50% (ep8) test= 50.00%
  S15 1500ms fold1/5: best_val= 68.75% (ep9) test= 68.75%
  S15 1500ms fold2/5: best_val= 75.00% (ep1) test= 50.00%
  S15 1500ms fold3/5: best_val= 62.50% (ep4) test= 56.25%
  S15 1500ms fold4/5: best_val= 68.75% (ep10) test= 62.50%
  S15 1500ms fold5/5: best_val= 62.50% (ep7) test= 75.00%
  S15 3000ms fold1/5: best_val= 68.75% (ep1) test= 62.50%
  S15 3000ms fold2/5: best_val= 75.00% (ep9) test= 43.75%
  S15 3000ms fold3/5: best_val= 56.25% (ep11) test= 37.50%
  S15 3000ms fold4/5: best_val= 81.25% (ep1) test= 50.00%
  S15 3000ms fold5/5: best_val= 62.50% (ep11) test= 62.50%
  S15 4000ms fold1/5: best_val= 81.25% (ep3) test= 62.50%
  S15 4000ms fold2/5: best_val= 68.75% (ep8) test= 37.50%
  S15 4000ms fold3/5: best_val= 50.00% (ep6) test= 56.25%
  S15 4000ms fold4/5: best_val= 56.25% (ep3) test= 75.00%
  S15 4000ms fold5/5: best_val= 68.75% (ep2) test= 50.00%
S15: 800ms= 52.50%  1500ms= 62.50%  3000ms= 51.25%  4000ms= 56.25%   (73s)
  S16 800ms fold1/5: best_val= 62.50% (ep38) test= 37.50%
  S16 800ms fold2/5: best_val= 56.25% (ep2) test= 56.25%
  S16 800ms fold3/5: best_val= 62.50% (ep12) test= 68.75%
  S16 800ms fold4/5: best_val= 56.25% (ep4) test= 43.75%
  S16 800ms fold5/5: best_val= 68.75% (ep18) test= 56.25%
  S16 1500ms fold1/5: best_val= 62.50% (ep5) test= 37.50%
  S16 1500ms fold2/5: best_val= 50.00% (ep2) test= 37.50%
  S16 1500ms fold3/5: best_val= 62.50% (ep6) test= 56.25%
  S16 1500ms fold4/5: best_val= 75.00% (ep17) test= 31.25%
  S16 1500ms fold5/5: best_val= 56.25% (ep1) test= 62.50%
  S16 3000ms fold1/5: best_val= 68.75% (ep7) test= 43.75%
  S16 3000ms fold2/5: best_val= 62.50% (ep1) test= 31.25%
  S16 3000ms fold3/5: best_val= 56.25% (ep8) test= 43.75%
  S16 3000ms fold4/5: best_val= 87.50% (ep6) test= 25.00%
  S16 3000ms fold5/5: best_val= 75.00% (ep3) test= 56.25%
  S16 4000ms fold1/5: best_val= 68.75% (ep9) test= 56.25%
  S16 4000ms fold2/5: best_val= 50.00% (ep7) test= 43.75%
  S16 4000ms fold3/5: best_val= 68.75% (ep10) test= 56.25%
  S16 4000ms fold4/5: best_val= 81.25% (ep27) test= 31.25%
  S16 4000ms fold5/5: best_val= 81.25% (ep10) test= 25.00%
S16: 800ms= 52.50%  1500ms= 45.00%  3000ms= 40.00%  4000ms= 42.50%   (73s)
  S17 800ms fold1/5: best_val= 62.50% (ep1) test= 43.75%
  S17 800ms fold2/5: best_val= 62.50% (ep5) test= 93.75%
  S17 800ms fold3/5: best_val= 75.00% (ep8) test= 81.25%
  S17 800ms fold4/5: best_val= 68.75% (ep10) test= 56.25%
  S17 800ms fold5/5: best_val= 68.75% (ep16) test= 56.25%
  S17 1500ms fold1/5: best_val= 62.50% (ep17) test= 68.75%
  S17 1500ms fold2/5: best_val= 68.75% (ep16) test= 75.00%
  S17 1500ms fold3/5: best_val= 68.75% (ep11) test= 75.00%
  S17 1500ms fold4/5: best_val= 68.75% (ep13) test= 62.50%
  S17 1500ms fold5/5: best_val= 81.25% (ep13) test= 62.50%
  S17 3000ms fold1/5: best_val= 56.25% (ep4) test= 37.50%
  S17 3000ms fold2/5: best_val= 62.50% (ep9) test= 62.50%
  S17 3000ms fold3/5: best_val= 68.75% (ep13) test= 50.00%
  S17 3000ms fold4/5: best_val= 62.50% (ep3) test= 31.25%
  S17 3000ms fold5/5: best_val= 62.50% (ep28) test= 62.50%
  S17 4000ms fold1/5: best_val= 56.25% (ep4) test= 50.00%
  S17 4000ms fold2/5: best_val= 68.75% (ep8) test= 68.75%
  S17 4000ms fold3/5: best_val= 56.25% (ep3) test= 50.00%
  S17 4000ms fold4/5: best_val= 75.00% (ep29) test= 68.75%
  S17 4000ms fold5/5: best_val= 87.50% (ep19) test= 81.25%
S17: 800ms= 66.25%  1500ms= 68.75%  3000ms= 48.75%  4000ms= 63.75%   (73s)
  S18 800ms fold1/5: best_val= 81.25% (ep9) test= 62.50%
  S18 800ms fold2/5: best_val= 81.25% (ep16) test= 81.25%
  S18 800ms fold3/5: best_val= 81.25% (ep11) test= 75.00%
  S18 800ms fold4/5: best_val= 81.25% (ep26) test= 81.25%
  S18 800ms fold5/5: best_val= 93.75% (ep33) test= 87.50%
  S18 1500ms fold1/5: best_val= 93.75% (ep14) test= 81.25%
  S18 1500ms fold2/5: best_val= 75.00% (ep1) test= 68.75%
  S18 1500ms fold3/5: best_val= 87.50% (ep7) test= 75.00%
  S18 1500ms fold4/5: best_val= 93.75% (ep4) test= 68.75%
  S18 1500ms fold5/5: best_val= 81.25% (ep7) test= 81.25%
  S18 3000ms fold1/5: best_val= 87.50% (ep7) test= 81.25%
  S18 3000ms fold2/5: best_val= 75.00% (ep9) test= 87.50%
  S18 3000ms fold3/5: best_val= 93.75% (ep5) test= 56.25%
  S18 3000ms fold4/5: best_val= 87.50% (ep5) test= 68.75%
  S18 3000ms fold5/5: best_val= 93.75% (ep13) test= 75.00%
  S18 4000ms fold1/5: best_val= 75.00% (ep17) test= 62.50%
  S18 4000ms fold2/5: best_val= 75.00% (ep18) test= 81.25%
  S18 4000ms fold3/5: best_val= 87.50% (ep5) test= 62.50%
  S18 4000ms fold4/5: best_val= 81.25% (ep12) test= 93.75%
  S18 4000ms fold5/5: best_val= 81.25% (ep13) test= 62.50%
S18: 800ms= 77.50%  1500ms= 75.00%  3000ms= 73.75%  4000ms= 72.50%   (73s)

ALL SUBJECTS COMPLETED — HOC/SAA  (1334s)

====================================================================
SAVED HOC/SAA -> /work/11862/rmaahin/ls6/FineMI-enhancements/ConformerEEG/experiments/option_a/results/full/HOC_SAA
gpu=NVIDIA A100-PCIE-40GB | torch=2.8.0+cu128 | seed=42 | model=conformer_a | mode=full
====================================================================
window_ms   800    1500   3000   4000
subject                              
1          51.11  52.22  53.33  54.44
2          48.75  51.25  65.00  56.25
3          73.75  75.00  71.25  73.75
4          53.75  58.75  80.00  67.50
5          68.75  55.00  53.75  60.00
6          47.50  53.75  43.75  48.75
7          57.50  56.25  56.25  61.25
8          63.75  52.50  50.00  50.00
9          57.50  65.00  73.75  67.50
10         63.75  67.50  67.50  60.00
11         55.00  55.00  51.25  51.25
12         51.25  50.00  58.75  50.00
13         62.50  53.75  52.50  60.00
14         65.00  68.75  53.75  53.75
15         52.50  62.50  51.25  56.25
16         52.50  45.00  40.00  42.50
17         66.25  68.75  48.75  63.75
18         77.50  75.00  73.75  72.50

mean: {800: 59.37, 1500: 59.22, 3000: 58.03, 4000: 58.3}
sd  : {800: 8.71, 1500: 8.88, 3000: 11.26, 4000: 8.5}

Pairs saved so far in /work/11862/rmaahin/ls6/FineMI-enhancements/ConformerEEG/experiments/option_a/results/full: 18/28

##### pair_idx=6 (HOC_SFE) #####

Using device: cuda | gpu=NVIDIA A100-PCIE-40GB | torch=2.8.0+cu128
NOTE: determinism holds per-GPU-model. Record this GPU name.

PAIR: HOC/SFE  (classes 0 vs 7)  model=conformer_a  mode=full
Test time windows: [800, 1500, 3000, 4000] ms
Test time windows (samples): [200, 375, 750, 1000]

BINARY CLASSIFICATION: Class 0 vs Class 7  (HOC/SFE)
  Class 0 (original 0): 725 trials
  Class 1 (original 7): 726 trials

Extracted time windows:
  800ms (200 samples): shape (1451, 62, 200)
  1500ms (375 samples): shape (1451, 62, 375)
  3000ms (750 samples): shape (1451, 62, 750)
  4000ms (1000 samples): shape (1451, 62, 1000)

Model configuration:
  Model: conformer_a
  Channels: 62
  Subjects: [1, 2, 3, 4, 5, 6, 7, 8, 9, 10, 11, 12, 13, 14, 15, 16, 17, 18]
  Time windows: [800, 1500, 3000, 4000] ms
  Classes: 2 (Binary: Class 0 vs Class 7)
  Folds: 5
  Batch size: 32
  Epochs per subject per time window: 50
  S1 800ms fold1/5: best_val= 66.67% (ep19) test= 61.11%
  S1 800ms fold2/5: best_val= 66.67% (ep9) test= 77.78%
  S1 800ms fold3/5: best_val= 77.78% (ep10) test= 83.33%
  S1 800ms fold4/5: best_val= 83.33% (ep5) test= 77.78%
  S1 800ms fold5/5: best_val= 83.33% (ep5) test= 72.22%
  S1 1500ms fold1/5: best_val= 66.67% (ep8) test= 50.00%
  S1 1500ms fold2/5: best_val= 50.00% (ep3) test= 66.67%
  S1 1500ms fold3/5: best_val= 61.11% (ep20) test= 72.22%
  S1 1500ms fold4/5: best_val= 77.78% (ep9) test= 61.11%
  S1 1500ms fold5/5: best_val= 77.78% (ep12) test= 55.56%
  S1 3000ms fold1/5: best_val= 66.67% (ep9) test= 50.00%
  S1 3000ms fold2/5: best_val= 61.11% (ep6) test= 55.56%
  S1 3000ms fold3/5: best_val= 94.44% (ep43) test= 55.56%
  S1 3000ms fold4/5: best_val= 66.67% (ep3) test= 55.56%
  S1 3000ms fold5/5: best_val= 66.67% (ep6) test= 50.00%
  S1 4000ms fold1/5: best_val= 77.78% (ep27) test= 77.78%
  S1 4000ms fold2/5: best_val= 61.11% (ep6) test= 66.67%
  S1 4000ms fold3/5: best_val= 88.89% (ep18) test= 61.11%
  S1 4000ms fold4/5: best_val= 72.22% (ep14) test= 61.11%
  S1 4000ms fold5/5: best_val= 72.22% (ep6) test= 66.67%
S 1: 800ms= 74.44%  1500ms= 61.11%  3000ms= 53.33%  4000ms= 66.67%   (87s)
  S2 800ms fold1/5: best_val= 56.25% (ep25) test= 50.00%
  S2 800ms fold2/5: best_val= 50.00% (ep16) test= 68.75%
  S2 800ms fold3/5: best_val= 62.50% (ep1) test= 62.50%
  S2 800ms fold4/5: best_val= 62.50% (ep12) test= 56.25%
  S2 800ms fold5/5: best_val= 68.75% (ep2) test= 62.50%
  S2 1500ms fold1/5: best_val= 75.00% (ep19) test= 56.25%
  S2 1500ms fold2/5: best_val= 81.25% (ep2) test= 56.25%
  S2 1500ms fold3/5: best_val= 43.75% (ep4) test= 43.75%
  S2 1500ms fold4/5: best_val= 56.25% (ep28) test= 56.25%
  S2 1500ms fold5/5: best_val= 62.50% (ep13) test= 43.75%
  S2 3000ms fold1/5: best_val= 68.75% (ep19) test= 62.50%
  S2 3000ms fold2/5: best_val= 62.50% (ep1) test= 56.25%
  S2 3000ms fold3/5: best_val= 62.50% (ep10) test= 50.00%
  S2 3000ms fold4/5: best_val= 81.25% (ep21) test= 62.50%
  S2 3000ms fold5/5: best_val= 75.00% (ep14) test= 62.50%
  S2 4000ms fold1/5: best_val= 68.75% (ep23) test= 75.00%
  S2 4000ms fold2/5: best_val= 75.00% (ep1) test= 43.75%
  S2 4000ms fold3/5: best_val= 56.25% (ep6) test= 68.75%
  S2 4000ms fold4/5: best_val= 56.25% (ep4) test= 68.75%
  S2 4000ms fold5/5: best_val= 68.75% (ep2) test= 62.50%
S 2: 800ms= 60.00%  1500ms= 51.25%  3000ms= 58.75%  4000ms= 63.75%   (73s)
  S3 800ms fold1/5: best_val= 93.75% (ep13) test= 62.50%
  S3 800ms fold2/5: best_val= 93.75% (ep21) test= 75.00%
  S3 800ms fold3/5: best_val= 81.25% (ep8) test= 81.25%
  S3 800ms fold4/5: best_val= 93.75% (ep8) test= 93.75%
  S3 800ms fold5/5: best_val= 93.75% (ep22) test= 93.75%
  S3 1500ms fold1/5: best_val= 93.75% (ep9) test= 62.50%
  S3 1500ms fold2/5: best_val=100.00% (ep9) test= 56.25%
  S3 1500ms fold3/5: best_val= 87.50% (ep28) test= 62.50%
  S3 1500ms fold4/5: best_val= 75.00% (ep16) test= 93.75%
  S3 1500ms fold5/5: best_val= 81.25% (ep13) test= 81.25%
  S3 3000ms fold1/5: best_val= 68.75% (ep2) test= 56.25%
  S3 3000ms fold2/5: best_val= 81.25% (ep15) test= 62.50%
  S3 3000ms fold3/5: best_val= 75.00% (ep19) test= 68.75%
  S3 3000ms fold4/5: best_val= 75.00% (ep3) test= 75.00%
  S3 3000ms fold5/5: best_val= 68.75% (ep8) test= 56.25%
  S3 4000ms fold1/5: best_val=100.00% (ep19) test= 87.50%
  S3 4000ms fold2/5: best_val= 68.75% (ep3) test= 56.25%
  S3 4000ms fold3/5: best_val= 68.75% (ep1) test= 50.00%
  S3 4000ms fold4/5: best_val= 75.00% (ep15) test= 93.75%
  S3 4000ms fold5/5: best_val= 68.75% (ep28) test= 75.00%
S 3: 800ms= 81.25%  1500ms= 71.25%  3000ms= 63.75%  4000ms= 72.50%   (73s)
  S4 800ms fold1/5: best_val= 62.50% (ep3) test= 68.75%
  S4 800ms fold2/5: best_val= 81.25% (ep10) test= 75.00%
  S4 800ms fold3/5: best_val= 75.00% (ep5) test= 50.00%
  S4 800ms fold4/5: best_val= 75.00% (ep10) test= 56.25%
  S4 800ms fold5/5: best_val= 68.75% (ep14) test= 62.50%
  S4 1500ms fold1/5: best_val= 75.00% (ep5) test= 56.25%
  S4 1500ms fold2/5: best_val= 75.00% (ep12) test= 68.75%
  S4 1500ms fold3/5: best_val= 81.25% (ep2) test= 50.00%
  S4 1500ms fold4/5: best_val= 68.75% (ep3) test= 81.25%
  S4 1500ms fold5/5: best_val= 81.25% (ep3) test= 62.50%
  S4 3000ms fold1/5: best_val= 87.50% (ep3) test= 62.50%
  S4 3000ms fold2/5: best_val= 81.25% (ep11) test= 68.75%
  S4 3000ms fold3/5: best_val= 87.50% (ep8) test= 62.50%
  S4 3000ms fold4/5: best_val= 81.25% (ep5) test= 81.25%
  S4 3000ms fold5/5: best_val= 81.25% (ep11) test= 56.25%
  S4 4000ms fold1/5: best_val= 87.50% (ep8) test= 56.25%
  S4 4000ms fold2/5: best_val= 93.75% (ep1) test= 62.50%
  S4 4000ms fold3/5: best_val= 93.75% (ep9) test= 68.75%
  S4 4000ms fold4/5: best_val= 81.25% (ep31) test= 75.00%
  S4 4000ms fold5/5: best_val= 75.00% (ep13) test= 43.75%
S 4: 800ms= 62.50%  1500ms= 63.75%  3000ms= 66.25%  4000ms= 61.25%   (73s)
  S5 800ms fold1/5: best_val= 62.50% (ep11) test= 70.59%
  S5 800ms fold2/5: best_val= 76.47% (ep7) test= 43.75%
  S5 800ms fold3/5: best_val= 88.24% (ep17) test= 68.75%
  S5 800ms fold4/5: best_val= 70.59% (ep18) test= 75.00%
  S5 800ms fold5/5: best_val= 76.47% (ep7) test= 62.50%
  S5 1500ms fold1/5: best_val= 62.50% (ep23) test= 76.47%
  S5 1500ms fold2/5: best_val= 76.47% (ep38) test= 81.25%
  S5 1500ms fold3/5: best_val= 88.24% (ep8) test= 75.00%
  S5 1500ms fold4/5: best_val= 76.47% (ep17) test= 81.25%
  S5 1500ms fold5/5: best_val= 88.24% (ep14) test= 68.75%
  S5 3000ms fold1/5: best_val= 75.00% (ep19) test= 64.71%
  S5 3000ms fold2/5: best_val= 70.59% (ep13) test= 75.00%
  S5 3000ms fold3/5: best_val= 76.47% (ep30) test= 75.00%
  S5 3000ms fold4/5: best_val= 82.35% (ep20) test= 75.00%
  S5 3000ms fold5/5: best_val= 88.24% (ep11) test= 50.00%
  S5 4000ms fold1/5: best_val= 81.25% (ep25) test= 76.47%
  S5 4000ms fold2/5: best_val= 70.59% (ep5) test= 56.25%
  S5 4000ms fold3/5: best_val= 94.12% (ep17) test= 87.50%
  S5 4000ms fold4/5: best_val= 76.47% (ep15) test= 81.25%
  S5 4000ms fold5/5: best_val= 88.24% (ep2) test= 50.00%
S 5: 800ms= 64.20%  1500ms= 76.54%  3000ms= 67.90%  4000ms= 70.37%   (73s)
  S6 800ms fold1/5: best_val= 50.00% (ep1) test= 37.50%
  S6 800ms fold2/5: best_val= 62.50% (ep7) test= 68.75%
  S6 800ms fold3/5: best_val= 68.75% (ep42) test= 56.25%
  S6 800ms fold4/5: best_val= 75.00% (ep2) test= 43.75%
  S6 800ms fold5/5: best_val= 68.75% (ep2) test= 37.50%
  S6 1500ms fold1/5: best_val= 68.75% (ep21) test= 50.00%
  S6 1500ms fold2/5: best_val= 68.75% (ep8) test= 75.00%
  S6 1500ms fold3/5: best_val= 56.25% (ep11) test= 62.50%
  S6 1500ms fold4/5: best_val= 75.00% (ep3) test= 56.25%
  S6 1500ms fold5/5: best_val= 56.25% (ep2) test= 56.25%
  S6 3000ms fold1/5: best_val= 81.25% (ep28) test= 56.25%
  S6 3000ms fold2/5: best_val= 68.75% (ep19) test= 81.25%
  S6 3000ms fold3/5: best_val= 56.25% (ep1) test= 56.25%
  S6 3000ms fold4/5: best_val= 68.75% (ep30) test= 50.00%
  S6 3000ms fold5/5: best_val= 56.25% (ep2) test= 56.25%
  S6 4000ms fold1/5: best_val= 68.75% (ep19) test= 43.75%
  S6 4000ms fold2/5: best_val= 62.50% (ep5) test= 87.50%
  S6 4000ms fold3/5: best_val= 56.25% (ep6) test= 62.50%
  S6 4000ms fold4/5: best_val= 75.00% (ep17) test= 56.25%
  S6 4000ms fold5/5: best_val= 56.25% (ep1) test= 50.00%
S 6: 800ms= 48.75%  1500ms= 60.00%  3000ms= 60.00%  4000ms= 60.00%   (73s)
  S7 800ms fold1/5: best_val= 87.50% (ep2) test= 43.75%
  S7 800ms fold2/5: best_val= 62.50% (ep2) test= 68.75%
  S7 800ms fold3/5: best_val= 68.75% (ep2) test= 43.75%
  S7 800ms fold4/5: best_val= 68.75% (ep2) test= 68.75%
  S7 800ms fold5/5: best_val= 68.75% (ep10) test= 50.00%
  S7 1500ms fold1/5: best_val= 81.25% (ep3) test= 62.50%
  S7 1500ms fold2/5: best_val= 50.00% (ep1) test= 62.50%
  S7 1500ms fold3/5: best_val= 68.75% (ep2) test= 56.25%
  S7 1500ms fold4/5: best_val= 62.50% (ep4) test= 43.75%
  S7 1500ms fold5/5: best_val= 56.25% (ep7) test= 87.50%
  S7 3000ms fold1/5: best_val= 75.00% (ep3) test= 56.25%
  S7 3000ms fold2/5: best_val= 62.50% (ep3) test= 62.50%
  S7 3000ms fold3/5: best_val= 62.50% (ep8) test= 43.75%
  S7 3000ms fold4/5: best_val= 62.50% (ep5) test= 50.00%
  S7 3000ms fold5/5: best_val= 62.50% (ep3) test= 43.75%
  S7 4000ms fold1/5: best_val= 87.50% (ep5) test= 43.75%
  S7 4000ms fold2/5: best_val= 50.00% (ep1) test= 56.25%
  S7 4000ms fold3/5: best_val= 75.00% (ep9) test= 68.75%
  S7 4000ms fold4/5: best_val= 68.75% (ep6) test= 56.25%
  S7 4000ms fold5/5: best_val= 62.50% (ep2) test= 62.50%
S 7: 800ms= 55.00%  1500ms= 62.50%  3000ms= 51.25%  4000ms= 57.50%   (73s)
  S8 800ms fold1/5: best_val= 75.00% (ep9) test= 37.50%
  S8 800ms fold2/5: best_val= 62.50% (ep26) test= 37.50%
  S8 800ms fold3/5: best_val= 62.50% (ep2) test= 62.50%
  S8 800ms fold4/5: best_val= 62.50% (ep5) test= 62.50%
  S8 800ms fold5/5: best_val= 62.50% (ep3) test= 31.25%
  S8 1500ms fold1/5: best_val= 68.75% (ep1) test= 68.75%
  S8 1500ms fold2/5: best_val= 62.50% (ep4) test= 37.50%
  S8 1500ms fold3/5: best_val= 75.00% (ep28) test= 62.50%
  S8 1500ms fold4/5: best_val= 62.50% (ep4) test= 68.75%
  S8 1500ms fold5/5: best_val= 62.50% (ep2) test= 37.50%
  S8 3000ms fold1/5: best_val= 62.50% (ep1) test= 56.25%
  S8 3000ms fold2/5: best_val= 75.00% (ep2) test= 37.50%
  S8 3000ms fold3/5: best_val= 62.50% (ep25) test= 50.00%
  S8 3000ms fold4/5: best_val= 56.25% (ep16) test= 62.50%
  S8 3000ms fold5/5: best_val= 68.75% (ep14) test= 50.00%
  S8 4000ms fold1/5: best_val= 68.75% (ep9) test= 56.25%
  S8 4000ms fold2/5: best_val= 68.75% (ep1) test= 56.25%
  S8 4000ms fold3/5: best_val= 56.25% (ep4) test= 50.00%
  S8 4000ms fold4/5: best_val= 68.75% (ep3) test= 68.75%
  S8 4000ms fold5/5: best_val= 68.75% (ep6) test= 37.50%
S 8: 800ms= 46.25%  1500ms= 55.00%  3000ms= 51.25%  4000ms= 53.75%   (73s)
  S9 800ms fold1/5: best_val= 75.00% (ep8) test= 62.50%
  S9 800ms fold2/5: best_val= 81.25% (ep15) test= 68.75%
  S9 800ms fold3/5: best_val= 68.75% (ep26) test= 75.00%
  S9 800ms fold4/5: best_val= 68.75% (ep14) test= 62.50%
  S9 800ms fold5/5: best_val= 68.75% (ep26) test= 68.75%
  S9 1500ms fold1/5: best_val= 62.50% (ep21) test= 68.75%
  S9 1500ms fold2/5: best_val= 62.50% (ep1) test= 56.25%
  S9 1500ms fold3/5: best_val= 62.50% (ep14) test= 56.25%
  S9 1500ms fold4/5: best_val= 75.00% (ep20) test= 50.00%
  S9 1500ms fold5/5: best_val= 68.75% (ep7) test= 50.00%
  S9 3000ms fold1/5: best_val= 68.75% (ep8) test= 43.75%
  S9 3000ms fold2/5: best_val= 81.25% (ep10) test= 68.75%
  S9 3000ms fold3/5: best_val= 68.75% (ep1) test= 68.75%
  S9 3000ms fold4/5: best_val= 68.75% (ep5) test= 50.00%
  S9 3000ms fold5/5: best_val= 75.00% (ep9) test= 75.00%
  S9 4000ms fold1/5: best_val= 62.50% (ep4) test= 56.25%
  S9 4000ms fold2/5: best_val= 75.00% (ep5) test= 50.00%
  S9 4000ms fold3/5: best_val= 50.00% (ep11) test= 62.50%
  S9 4000ms fold4/5: best_val= 68.75% (ep4) test= 50.00%
  S9 4000ms fold5/5: best_val= 62.50% (ep3) test= 43.75%
S 9: 800ms= 67.50%  1500ms= 56.25%  3000ms= 61.25%  4000ms= 52.50%   (73s)
  S10 800ms fold1/5: best_val= 81.25% (ep19) test= 56.25%
  S10 800ms fold2/5: best_val= 68.75% (ep17) test= 56.25%
  S10 800ms fold3/5: best_val= 68.75% (ep3) test= 56.25%
  S10 800ms fold4/5: best_val= 43.75% (ep4) test= 50.00%
  S10 800ms fold5/5: best_val= 68.75% (ep7) test= 56.25%
  S10 1500ms fold1/5: best_val= 62.50% (ep7) test= 62.50%
  S10 1500ms fold2/5: best_val= 68.75% (ep9) test= 56.25%
  S10 1500ms fold3/5: best_val= 75.00% (ep21) test= 81.25%
  S10 1500ms fold4/5: best_val= 68.75% (ep7) test= 68.75%
  S10 1500ms fold5/5: best_val= 62.50% (ep4) test= 43.75%
  S10 3000ms fold1/5: best_val= 56.25% (ep5) test= 62.50%
  S10 3000ms fold2/5: best_val= 75.00% (ep5) test= 37.50%
  S10 3000ms fold3/5: best_val= 75.00% (ep5) test= 81.25%
  S10 3000ms fold4/5: best_val= 68.75% (ep9) test= 68.75%
  S10 3000ms fold5/5: best_val= 68.75% (ep6) test= 62.50%
  S10 4000ms fold1/5: best_val= 50.00% (ep4) test= 62.50%
  S10 4000ms fold2/5: best_val= 68.75% (ep5) test= 56.25%
  S10 4000ms fold3/5: best_val= 68.75% (ep16) test= 75.00%
  S10 4000ms fold4/5: best_val= 75.00% (ep23) test= 62.50%
  S10 4000ms fold5/5: best_val= 62.50% (ep16) test= 56.25%
S10: 800ms= 55.00%  1500ms= 62.50%  3000ms= 62.50%  4000ms= 62.50%   (73s)
  S11 800ms fold1/5: best_val= 62.50% (ep2) test= 50.00%
  S11 800ms fold2/5: best_val= 56.25% (ep2) test= 56.25%
  S11 800ms fold3/5: best_val= 62.50% (ep1) test= 62.50%
  S11 800ms fold4/5: best_val= 75.00% (ep1) test= 62.50%
  S11 800ms fold5/5: best_val= 56.25% (ep5) test= 68.75%
  S11 1500ms fold1/5: best_val= 56.25% (ep1) test= 56.25%
  S11 1500ms fold2/5: best_val= 62.50% (ep14) test= 50.00%
  S11 1500ms fold3/5: best_val= 68.75% (ep2) test= 50.00%
  S11 1500ms fold4/5: best_val= 56.25% (ep7) test= 37.50%
  S11 1500ms fold5/5: best_val= 68.75% (ep7) test= 75.00%
  S11 3000ms fold1/5: best_val= 43.75% (ep1) test= 62.50%
  S11 3000ms fold2/5: best_val= 56.25% (ep3) test= 56.25%
  S11 3000ms fold3/5: best_val= 68.75% (ep10) test= 50.00%
  S11 3000ms fold4/5: best_val= 75.00% (ep1) test= 43.75%
  S11 3000ms fold5/5: best_val= 56.25% (ep6) test= 50.00%
  S11 4000ms fold1/5: best_val= 62.50% (ep44) test= 56.25%
  S11 4000ms fold2/5: best_val= 62.50% (ep47) test= 75.00%
  S11 4000ms fold3/5: best_val= 68.75% (ep10) test= 43.75%
  S11 4000ms fold4/5: best_val= 75.00% (ep12) test= 31.25%
  S11 4000ms fold5/5: best_val= 56.25% (ep1) test= 75.00%
S11: 800ms= 60.00%  1500ms= 53.75%  3000ms= 52.50%  4000ms= 56.25%   (73s)
  S12 800ms fold1/5: best_val= 62.50% (ep31) test= 50.00%
  S12 800ms fold2/5: best_val= 68.75% (ep3) test= 50.00%
  S12 800ms fold3/5: best_val= 75.00% (ep12) test= 43.75%
  S12 800ms fold4/5: best_val= 56.25% (ep1) test= 31.25%
  S12 800ms fold5/5: best_val= 68.75% (ep12) test= 50.00%
  S12 1500ms fold1/5: best_val= 56.25% (ep15) test= 50.00%
  S12 1500ms fold2/5: best_val= 75.00% (ep19) test= 31.25%
  S12 1500ms fold3/5: best_val= 56.25% (ep1) test= 31.25%
  S12 1500ms fold4/5: best_val= 56.25% (ep1) test= 25.00%
  S12 1500ms fold5/5: best_val= 56.25% (ep4) test= 31.25%
  S12 3000ms fold1/5: best_val= 62.50% (ep1) test= 43.75%
  S12 3000ms fold2/5: best_val= 75.00% (ep5) test= 56.25%
  S12 3000ms fold3/5: best_val= 68.75% (ep13) test= 50.00%
  S12 3000ms fold4/5: best_val= 56.25% (ep1) test= 50.00%
  S12 3000ms fold5/5: best_val= 68.75% (ep2) test= 56.25%
  S12 4000ms fold1/5: best_val= 56.25% (ep2) test= 50.00%
  S12 4000ms fold2/5: best_val= 56.25% (ep10) test= 37.50%
  S12 4000ms fold3/5: best_val= 62.50% (ep2) test= 56.25%
  S12 4000ms fold4/5: best_val= 62.50% (ep1) test= 50.00%
  S12 4000ms fold5/5: best_val= 68.75% (ep30) test= 25.00%
S12: 800ms= 45.00%  1500ms= 33.75%  3000ms= 51.25%  4000ms= 43.75%   (73s)
  S13 800ms fold1/5: best_val= 62.50% (ep3) test= 62.50%
  S13 800ms fold2/5: best_val= 75.00% (ep43) test= 62.50%
  S13 800ms fold3/5: best_val= 56.25% (ep8) test= 37.50%
  S13 800ms fold4/5: best_val= 56.25% (ep3) test= 31.25%
  S13 800ms fold5/5: best_val= 62.50% (ep1) test= 62.50%
  S13 1500ms fold1/5: best_val= 68.75% (ep1) test= 62.50%
  S13 1500ms fold2/5: best_val= 68.75% (ep2) test= 37.50%
  S13 1500ms fold3/5: best_val= 62.50% (ep14) test= 50.00%
  S13 1500ms fold4/5: best_val= 62.50% (ep24) test= 37.50%
  S13 1500ms fold5/5: best_val= 75.00% (ep3) test= 43.75%
  S13 3000ms fold1/5: best_val= 68.75% (ep7) test= 50.00%
  S13 3000ms fold2/5: best_val= 56.25% (ep11) test= 56.25%
  S13 3000ms fold3/5: best_val= 56.25% (ep21) test= 62.50%
  S13 3000ms fold4/5: best_val= 68.75% (ep3) test= 50.00%
  S13 3000ms fold5/5: best_val= 81.25% (ep18) test= 56.25%
  S13 4000ms fold1/5: best_val= 50.00% (ep2) test= 43.75%
  S13 4000ms fold2/5: best_val= 56.25% (ep18) test= 62.50%
  S13 4000ms fold3/5: best_val= 56.25% (ep3) test= 43.75%
  S13 4000ms fold4/5: best_val= 62.50% (ep10) test= 50.00%
  S13 4000ms fold5/5: best_val= 81.25% (ep25) test= 43.75%
S13: 800ms= 51.25%  1500ms= 46.25%  3000ms= 55.00%  4000ms= 48.75%   (73s)
  S14 800ms fold1/5: best_val= 50.00% (ep2) test= 56.25%
  S14 800ms fold2/5: best_val= 56.25% (ep6) test= 62.50%
  S14 800ms fold3/5: best_val= 50.00% (ep5) test= 87.50%
  S14 800ms fold4/5: best_val= 68.75% (ep1) test= 50.00%
  S14 800ms fold5/5: best_val= 68.75% (ep27) test= 50.00%
  S14 1500ms fold1/5: best_val= 56.25% (ep2) test= 68.75%
  S14 1500ms fold2/5: best_val= 68.75% (ep1) test= 50.00%
  S14 1500ms fold3/5: best_val= 68.75% (ep19) test= 62.50%
  S14 1500ms fold4/5: best_val= 62.50% (ep24) test= 62.50%
  S14 1500ms fold5/5: best_val= 68.75% (ep7) test= 50.00%
  S14 3000ms fold1/5: best_val= 56.25% (ep5) test= 56.25%
  S14 3000ms fold2/5: best_val= 50.00% (ep21) test= 56.25%
  S14 3000ms fold3/5: best_val= 56.25% (ep7) test= 87.50%
  S14 3000ms fold4/5: best_val= 62.50% (ep4) test= 68.75%
  S14 3000ms fold5/5: best_val= 56.25% (ep3) test= 43.75%
  S14 4000ms fold1/5: best_val= 43.75% (ep2) test= 50.00%
  S14 4000ms fold2/5: best_val= 56.25% (ep8) test= 62.50%
  S14 4000ms fold3/5: best_val= 62.50% (ep11) test= 68.75%
  S14 4000ms fold4/5: best_val= 62.50% (ep3) test= 37.50%
  S14 4000ms fold5/5: best_val= 75.00% (ep3) test= 37.50%
S14: 800ms= 61.25%  1500ms= 58.75%  3000ms= 62.50%  4000ms= 51.25%   (73s)
  S15 800ms fold1/5: best_val= 62.50% (ep1) test= 56.25%
  S15 800ms fold2/5: best_val= 68.75% (ep19) test= 25.00%
  S15 800ms fold3/5: best_val= 75.00% (ep16) test= 50.00%
  S15 800ms fold4/5: best_val= 75.00% (ep27) test= 87.50%
  S15 800ms fold5/5: best_val= 68.75% (ep15) test= 43.75%
  S15 1500ms fold1/5: best_val= 56.25% (ep23) test= 56.25%
  S15 1500ms fold2/5: best_val= 68.75% (ep7) test= 50.00%
  S15 1500ms fold3/5: best_val= 68.75% (ep12) test= 56.25%
  S15 1500ms fold4/5: best_val= 56.25% (ep2) test= 68.75%
  S15 1500ms fold5/5: best_val= 62.50% (ep17) test= 43.75%
  S15 3000ms fold1/5: best_val= 62.50% (ep3) test= 62.50%
  S15 3000ms fold2/5: best_val= 68.75% (ep7) test= 43.75%
  S15 3000ms fold3/5: best_val= 75.00% (ep4) test= 56.25%
  S15 3000ms fold4/5: best_val= 62.50% (ep7) test= 68.75%
  S15 3000ms fold5/5: best_val= 62.50% (ep9) test= 56.25%
  S15 4000ms fold1/5: best_val= 68.75% (ep21) test= 75.00%
  S15 4000ms fold2/5: best_val= 68.75% (ep6) test= 50.00%
  S15 4000ms fold3/5: best_val= 68.75% (ep11) test= 62.50%
  S15 4000ms fold4/5: best_val= 56.25% (ep1) test= 56.25%
  S15 4000ms fold5/5: best_val= 62.50% (ep1) test= 62.50%
S15: 800ms= 52.50%  1500ms= 55.00%  3000ms= 57.50%  4000ms= 61.25%   (73s)
  S16 800ms fold1/5: best_val= 50.00% (ep14) test= 31.25%
  S16 800ms fold2/5: best_val= 50.00% (ep4) test= 43.75%
  S16 800ms fold3/5: best_val= 56.25% (ep3) test= 37.50%
  S16 800ms fold4/5: best_val= 62.50% (ep1) test= 56.25%
  S16 800ms fold5/5: best_val= 50.00% (ep1) test= 37.50%
  S16 1500ms fold1/5: best_val= 62.50% (ep1) test= 25.00%
  S16 1500ms fold2/5: best_val= 56.25% (ep12) test= 25.00%
  S16 1500ms fold3/5: best_val= 68.75% (ep4) test= 43.75%
  S16 1500ms fold4/5: best_val= 62.50% (ep1) test= 31.25%
  S16 1500ms fold5/5: best_val= 56.25% (ep5) test= 68.75%
  S16 3000ms fold1/5: best_val= 62.50% (ep5) test= 37.50%
  S16 3000ms fold2/5: best_val= 62.50% (ep1) test= 43.75%
  S16 3000ms fold3/5: best_val= 56.25% (ep1) test= 56.25%
  S16 3000ms fold4/5: best_val= 56.25% (ep2) test= 56.25%
  S16 3000ms fold5/5: best_val= 50.00% (ep2) test= 50.00%
  S16 4000ms fold1/5: best_val= 68.75% (ep5) test= 43.75%
  S16 4000ms fold2/5: best_val= 81.25% (ep2) test= 50.00%
  S16 4000ms fold3/5: best_val= 68.75% (ep8) test= 37.50%
  S16 4000ms fold4/5: best_val= 75.00% (ep4) test= 50.00%
  S16 4000ms fold5/5: best_val= 43.75% (ep1) test= 56.25%
S16: 800ms= 41.25%  1500ms= 38.75%  3000ms= 48.75%  4000ms= 47.50%   (73s)
  S17 800ms fold1/5: best_val= 87.50% (ep28) test= 75.00%
  S17 800ms fold2/5: best_val= 68.75% (ep3) test= 62.50%
  S17 800ms fold3/5: best_val= 75.00% (ep16) test= 43.75%
  S17 800ms fold4/5: best_val= 68.75% (ep11) test= 56.25%
  S17 800ms fold5/5: best_val= 68.75% (ep2) test= 62.50%
  S17 1500ms fold1/5: best_val=100.00% (ep12) test= 56.25%
  S17 1500ms fold2/5: best_val= 68.75% (ep18) test= 68.75%
  S17 1500ms fold3/5: best_val= 93.75% (ep29) test= 75.00%
  S17 1500ms fold4/5: best_val= 81.25% (ep20) test= 87.50%
  S17 1500ms fold5/5: best_val= 75.00% (ep15) test= 87.50%
  S17 3000ms fold1/5: best_val= 87.50% (ep22) test= 62.50%
  S17 3000ms fold2/5: best_val= 81.25% (ep9) test= 75.00%
  S17 3000ms fold3/5: best_val= 68.75% (ep26) test= 81.25%
  S17 3000ms fold4/5: best_val= 75.00% (ep8) test= 62.50%
  S17 3000ms fold5/5: best_val= 62.50% (ep2) test= 50.00%
  S17 4000ms fold1/5: best_val= 81.25% (ep15) test= 68.75%
  S17 4000ms fold2/5: best_val= 81.25% (ep15) test= 75.00%
  S17 4000ms fold3/5: best_val= 75.00% (ep34) test= 81.25%
  S17 4000ms fold4/5: best_val= 87.50% (ep24) test= 62.50%
  S17 4000ms fold5/5: best_val= 75.00% (ep12) test= 68.75%
S17: 800ms= 60.00%  1500ms= 75.00%  3000ms= 66.25%  4000ms= 71.25%   (73s)
  S18 800ms fold1/5: best_val= 68.75% (ep2) test= 50.00%
  S18 800ms fold2/5: best_val= 68.75% (ep13) test= 75.00%
  S18 800ms fold3/5: best_val= 56.25% (ep1) test= 37.50%
  S18 800ms fold4/5: best_val= 75.00% (ep14) test= 37.50%
  S18 800ms fold5/5: best_val= 62.50% (ep10) test= 81.25%
  S18 1500ms fold1/5: best_val= 81.25% (ep21) test= 68.75%
  S18 1500ms fold2/5: best_val= 81.25% (ep25) test= 81.25%
  S18 1500ms fold3/5: best_val= 56.25% (ep4) test= 68.75%
  S18 1500ms fold4/5: best_val= 81.25% (ep10) test= 43.75%
  S18 1500ms fold5/5: best_val= 81.25% (ep23) test= 68.75%
  S18 3000ms fold1/5: best_val= 62.50% (ep20) test= 81.25%
  S18 3000ms fold2/5: best_val= 75.00% (ep32) test= 68.75%
  S18 3000ms fold3/5: best_val= 68.75% (ep1) test= 62.50%
  S18 3000ms fold4/5: best_val= 87.50% (ep4) test= 50.00%
  S18 3000ms fold5/5: best_val= 81.25% (ep19) test= 68.75%
  S18 4000ms fold1/5: best_val= 68.75% (ep13) test= 93.75%
  S18 4000ms fold2/5: best_val= 75.00% (ep2) test= 43.75%
  S18 4000ms fold3/5: best_val= 87.50% (ep23) test= 87.50%
  S18 4000ms fold4/5: best_val= 87.50% (ep4) test= 43.75%
  S18 4000ms fold5/5: best_val= 81.25% (ep10) test= 68.75%
S18: 800ms= 56.25%  1500ms= 66.25%  3000ms= 66.25%  4000ms= 67.50%   (73s)

ALL SUBJECTS COMPLETED — HOC/SFE  (1325s)

====================================================================
SAVED HOC/SFE -> /work/11862/rmaahin/ls6/FineMI-enhancements/ConformerEEG/experiments/option_a/results/full/HOC_SFE
gpu=NVIDIA A100-PCIE-40GB | torch=2.8.0+cu128 | seed=42 | model=conformer_a | mode=full
====================================================================
window_ms   800    1500   3000   4000
subject                              
1          74.44  61.11  53.33  66.67
2          60.00  51.25  58.75  63.75
3          81.25  71.25  63.75  72.50
4          62.50  63.75  66.25  61.25
5          64.20  76.54  67.90  70.37
6          48.75  60.00  60.00  60.00
7          55.00  62.50  51.25  57.50
8          46.25  55.00  51.25  53.75
9          67.50  56.25  61.25  52.50
10         55.00  62.50  62.50  62.50
11         60.00  53.75  52.50  56.25
12         45.00  33.75  51.25  43.75
13         51.25  46.25  55.00  48.75
14         61.25  58.75  62.50  51.25
15         52.50  55.00  57.50  61.25
16         41.25  38.75  48.75  47.50
17         60.00  75.00  66.25  71.25
18         56.25  66.25  66.25  67.50

mean: {800: 57.91, 1500: 58.2, 3000: 58.68, 4000: 59.35}
sd  : {800: 10.15, 1500: 11.23, 3000: 6.26, 4000: 8.56}

Pairs saved so far in /work/11862/rmaahin/ls6/FineMI-enhancements/ConformerEEG/experiments/option_a/results/full: 21/28

##### pair_idx=7 (WFE_WAA) #####

Using device: cuda | gpu=NVIDIA A100-PCIE-40GB | torch=2.8.0+cu128
NOTE: determinism holds per-GPU-model. Record this GPU name.

PAIR: WFE/WAA  (classes 1 vs 2)  model=conformer_a  mode=full
Test time windows: [800, 1500, 3000, 4000] ms
Test time windows (samples): [200, 375, 750, 1000]

BINARY CLASSIFICATION: Class 1 vs Class 2  (WFE/WAA)
  Class 0 (original 1): 725 trials
  Class 1 (original 2): 725 trials

Extracted time windows:
  800ms (200 samples): shape (1450, 62, 200)
  1500ms (375 samples): shape (1450, 62, 375)
  3000ms (750 samples): shape (1450, 62, 750)
  4000ms (1000 samples): shape (1450, 62, 1000)

Model configuration:
  Model: conformer_a
  Channels: 62
  Subjects: [1, 2, 3, 4, 5, 6, 7, 8, 9, 10, 11, 12, 13, 14, 15, 16, 17, 18]
  Time windows: [800, 1500, 3000, 4000] ms
  Classes: 2 (Binary: Class 1 vs Class 2)
  Folds: 5
  Batch size: 32
  Epochs per subject per time window: 50
  S1 800ms fold1/5: best_val= 77.78% (ep32) test= 66.67%
  S1 800ms fold2/5: best_val= 66.67% (ep7) test= 61.11%
  S1 800ms fold3/5: best_val= 50.00% (ep1) test= 50.00%
  S1 800ms fold4/5: best_val= 61.11% (ep11) test= 38.89%
  S1 800ms fold5/5: best_val= 50.00% (ep9) test= 44.44%
  S1 1500ms fold1/5: best_val= 77.78% (ep8) test= 38.89%
  S1 1500ms fold2/5: best_val= 50.00% (ep5) test= 61.11%
  S1 1500ms fold3/5: best_val= 72.22% (ep9) test= 44.44%
  S1 1500ms fold4/5: best_val= 77.78% (ep9) test= 55.56%
  S1 1500ms fold5/5: best_val= 61.11% (ep19) test= 27.78%
  S1 3000ms fold1/5: best_val= 72.22% (ep4) test= 44.44%
  S1 3000ms fold2/5: best_val= 66.67% (ep1) test= 61.11%
  S1 3000ms fold3/5: best_val= 55.56% (ep1) test= 38.89%
  S1 3000ms fold4/5: best_val= 83.33% (ep6) test= 55.56%
  S1 3000ms fold5/5: best_val= 50.00% (ep3) test= 50.00%
  S1 4000ms fold1/5: best_val= 61.11% (ep2) test= 27.78%
  S1 4000ms fold2/5: best_val= 72.22% (ep2) test= 27.78%
  S1 4000ms fold3/5: best_val= 55.56% (ep2) test= 38.89%
  S1 4000ms fold4/5: best_val= 72.22% (ep6) test= 55.56%
  S1 4000ms fold5/5: best_val= 50.00% (ep5) test= 50.00%
S 1: 800ms= 52.22%  1500ms= 45.56%  3000ms= 50.00%  4000ms= 40.00%   (87s)
  S2 800ms fold1/5: best_val= 62.50% (ep2) test= 50.00%
  S2 800ms fold2/5: best_val= 56.25% (ep1) test= 50.00%
  S2 800ms fold3/5: best_val= 62.50% (ep15) test= 75.00%
  S2 800ms fold4/5: best_val= 56.25% (ep8) test= 56.25%
  S2 800ms fold5/5: best_val= 68.75% (ep17) test= 31.25%
  S2 1500ms fold1/5: best_val= 68.75% (ep4) test= 50.00%
  S2 1500ms fold2/5: best_val= 62.50% (ep1) test= 37.50%
  S2 1500ms fold3/5: best_val= 50.00% (ep2) test= 37.50%
  S2 1500ms fold4/5: best_val= 50.00% (ep1) test= 43.75%
  S2 1500ms fold5/5: best_val= 68.75% (ep7) test= 37.50%
  S2 3000ms fold1/5: best_val= 62.50% (ep1) test= 68.75%
  S2 3000ms fold2/5: best_val= 62.50% (ep6) test= 50.00%
  S2 3000ms fold3/5: best_val= 50.00% (ep21) test= 50.00%
  S2 3000ms fold4/5: best_val= 43.75% (ep1) test= 56.25%
  S2 3000ms fold5/5: best_val= 68.75% (ep34) test= 25.00%
  S2 4000ms fold1/5: best_val= 62.50% (ep1) test= 50.00%
  S2 4000ms fold2/5: best_val= 62.50% (ep1) test= 50.00%
  S2 4000ms fold3/5: best_val= 68.75% (ep19) test= 62.50%
  S2 4000ms fold4/5: best_val= 50.00% (ep2) test= 50.00%
  S2 4000ms fold5/5: best_val= 62.50% (ep10) test= 37.50%
S 2: 800ms= 52.50%  1500ms= 41.25%  3000ms= 50.00%  4000ms= 50.00%   (73s)
  S3 800ms fold1/5: best_val= 62.50% (ep14) test= 37.50%
  S3 800ms fold2/5: best_val= 75.00% (ep1) test= 68.75%
  S3 800ms fold3/5: best_val= 62.50% (ep37) test= 68.75%
  S3 800ms fold4/5: best_val= 75.00% (ep5) test= 50.00%
  S3 800ms fold5/5: best_val= 75.00% (ep14) test= 75.00%
  S3 1500ms fold1/5: best_val= 62.50% (ep6) test= 56.25%
  S3 1500ms fold2/5: best_val= 93.75% (ep5) test= 56.25%
  S3 1500ms fold3/5: best_val= 62.50% (ep8) test= 50.00%
  S3 1500ms fold4/5: best_val= 81.25% (ep17) test= 81.25%
  S3 1500ms fold5/5: best_val= 56.25% (ep5) test= 68.75%
  S3 3000ms fold1/5: best_val= 75.00% (ep7) test= 56.25%
  S3 3000ms fold2/5: best_val= 93.75% (ep24) test= 43.75%
  S3 3000ms fold3/5: best_val= 81.25% (ep11) test= 68.75%
  S3 3000ms fold4/5: best_val= 62.50% (ep3) test= 81.25%
  S3 3000ms fold5/5: best_val= 81.25% (ep2) test= 50.00%
  S3 4000ms fold1/5: best_val= 75.00% (ep16) test= 37.50%
  S3 4000ms fold2/5: best_val= 93.75% (ep24) test= 56.25%
  S3 4000ms fold3/5: best_val= 75.00% (ep4) test= 68.75%
  S3 4000ms fold4/5: best_val= 81.25% (ep15) test= 87.50%
  S3 4000ms fold5/5: best_val= 75.00% (ep24) test= 68.75%
S 3: 800ms= 60.00%  1500ms= 62.50%  3000ms= 60.00%  4000ms= 63.75%   (73s)
  S4 800ms fold1/5: best_val= 81.25% (ep21) test= 56.25%
  S4 800ms fold2/5: best_val= 62.50% (ep17) test= 50.00%
  S4 800ms fold3/5: best_val= 62.50% (ep6) test= 56.25%
  S4 800ms fold4/5: best_val= 62.50% (ep3) test= 50.00%
  S4 800ms fold5/5: best_val= 75.00% (ep2) test= 50.00%
  S4 1500ms fold1/5: best_val= 68.75% (ep3) test= 50.00%
  S4 1500ms fold2/5: best_val= 62.50% (ep2) test= 68.75%
  S4 1500ms fold3/5: best_val= 56.25% (ep9) test= 68.75%
  S4 1500ms fold4/5: best_val= 68.75% (ep8) test= 81.25%
  S4 1500ms fold5/5: best_val= 56.25% (ep18) test= 56.25%
  S4 3000ms fold1/5: best_val= 56.25% (ep2) test= 56.25%
  S4 3000ms fold2/5: best_val= 75.00% (ep1) test= 56.25%
  S4 3000ms fold3/5: best_val= 62.50% (ep1) test= 37.50%
  S4 3000ms fold4/5: best_val= 62.50% (ep6) test= 68.75%
  S4 3000ms fold5/5: best_val= 62.50% (ep7) test= 62.50%
  S4 4000ms fold1/5: best_val= 68.75% (ep11) test= 75.00%
  S4 4000ms fold2/5: best_val= 75.00% (ep1) test= 56.25%
  S4 4000ms fold3/5: best_val= 62.50% (ep9) test= 50.00%
  S4 4000ms fold4/5: best_val= 75.00% (ep6) test= 56.25%
  S4 4000ms fold5/5: best_val= 62.50% (ep7) test= 62.50%
S 4: 800ms= 52.50%  1500ms= 65.00%  3000ms= 56.25%  4000ms= 60.00%   (73s)
  S5 800ms fold1/5: best_val= 56.25% (ep1) test= 56.25%
  S5 800ms fold2/5: best_val= 62.50% (ep1) test= 50.00%
  S5 800ms fold3/5: best_val= 68.75% (ep1) test= 56.25%
  S5 800ms fold4/5: best_val= 62.50% (ep10) test= 37.50%
  S5 800ms fold5/5: best_val= 68.75% (ep1) test= 56.25%
  S5 1500ms fold1/5: best_val= 62.50% (ep1) test= 50.00%
  S5 1500ms fold2/5: best_val= 68.75% (ep7) test= 25.00%
  S5 1500ms fold3/5: best_val= 43.75% (ep1) test= 43.75%
  S5 1500ms fold4/5: best_val= 68.75% (ep1) test= 43.75%
  S5 1500ms fold5/5: best_val= 75.00% (ep23) test= 43.75%
  S5 3000ms fold1/5: best_val= 56.25% (ep6) test= 37.50%
  S5 3000ms fold2/5: best_val= 56.25% (ep3) test= 50.00%
  S5 3000ms fold3/5: best_val= 50.00% (ep5) test= 50.00%
  S5 3000ms fold4/5: best_val= 68.75% (ep1) test= 68.75%
  S5 3000ms fold5/5: best_val= 81.25% (ep19) test= 43.75%
  S5 4000ms fold1/5: best_val= 50.00% (ep1) test= 31.25%
  S5 4000ms fold2/5: best_val= 56.25% (ep7) test= 43.75%
  S5 4000ms fold3/5: best_val= 56.25% (ep4) test= 37.50%
  S5 4000ms fold4/5: best_val= 62.50% (ep33) test= 37.50%
  S5 4000ms fold5/5: best_val= 68.75% (ep9) test= 31.25%
S 5: 800ms= 51.25%  1500ms= 41.25%  3000ms= 50.00%  4000ms= 36.25%   (73s)
  S6 800ms fold1/5: best_val= 81.25% (ep2) test= 62.50%
  S6 800ms fold2/5: best_val= 75.00% (ep14) test= 37.50%
  S6 800ms fold3/5: best_val= 68.75% (ep11) test= 62.50%
  S6 800ms fold4/5: best_val= 75.00% (ep22) test= 68.75%
  S6 800ms fold5/5: best_val= 62.50% (ep7) test= 62.50%
  S6 1500ms fold1/5: best_val= 68.75% (ep2) test= 56.25%
  S6 1500ms fold2/5: best_val= 81.25% (ep14) test= 62.50%
  S6 1500ms fold3/5: best_val= 75.00% (ep2) test= 68.75%
  S6 1500ms fold4/5: best_val= 75.00% (ep6) test= 37.50%
  S6 1500ms fold5/5: best_val= 37.50% (ep11) test= 50.00%
  S6 3000ms fold1/5: best_val= 56.25% (ep1) test= 62.50%
  S6 3000ms fold2/5: best_val= 68.75% (ep1) test= 62.50%
  S6 3000ms fold3/5: best_val= 56.25% (ep2) test= 56.25%
  S6 3000ms fold4/5: best_val= 68.75% (ep1) test= 43.75%
  S6 3000ms fold5/5: best_val= 43.75% (ep2) test= 50.00%
  S6 4000ms fold1/5: best_val= 62.50% (ep22) test= 56.25%
  S6 4000ms fold2/5: best_val= 50.00% (ep2) test= 43.75%
  S6 4000ms fold3/5: best_val= 56.25% (ep13) test= 56.25%
  S6 4000ms fold4/5: best_val= 81.25% (ep11) test= 37.50%
  S6 4000ms fold5/5: best_val= 50.00% (ep2) test= 31.25%
S 6: 800ms= 58.75%  1500ms= 55.00%  3000ms= 55.00%  4000ms= 45.00%   (73s)
  S7 800ms fold1/5: best_val= 50.00% (ep1) test= 56.25%
  S7 800ms fold2/5: best_val= 62.50% (ep8) test= 62.50%
  S7 800ms fold3/5: best_val= 75.00% (ep3) test= 37.50%
  S7 800ms fold4/5: best_val= 87.50% (ep12) test= 43.75%
  S7 800ms fold5/5: best_val= 50.00% (ep3) test= 62.50%
  S7 1500ms fold1/5: best_val= 62.50% (ep3) test= 43.75%
  S7 1500ms fold2/5: best_val= 56.25% (ep13) test= 75.00%
  S7 1500ms fold3/5: best_val= 68.75% (ep3) test= 56.25%
  S7 1500ms fold4/5: best_val= 68.75% (ep2) test= 31.25%
  S7 1500ms fold5/5: best_val= 75.00% (ep6) test= 50.00%
  S7 3000ms fold1/5: best_val= 68.75% (ep1) test= 31.25%
  S7 3000ms fold2/5: best_val= 81.25% (ep11) test= 75.00%
  S7 3000ms fold3/5: best_val= 68.75% (ep22) test= 75.00%
  S7 3000ms fold4/5: best_val= 87.50% (ep12) test= 50.00%
  S7 3000ms fold5/5: best_val= 62.50% (ep11) test= 81.25%
  S7 4000ms fold1/5: best_val= 56.25% (ep9) test= 56.25%
  S7 4000ms fold2/5: best_val= 81.25% (ep7) test= 56.25%
  S7 4000ms fold3/5: best_val= 68.75% (ep2) test= 43.75%
  S7 4000ms fold4/5: best_val= 75.00% (ep9) test= 43.75%
  S7 4000ms fold5/5: best_val= 68.75% (ep1) test= 56.25%
S 7: 800ms= 52.50%  1500ms= 51.25%  3000ms= 62.50%  4000ms= 51.25%   (73s)
  S8 800ms fold1/5: best_val= 56.25% (ep1) test= 31.25%
  S8 800ms fold2/5: best_val= 50.00% (ep2) test= 31.25%
  S8 800ms fold3/5: best_val= 62.50% (ep1) test= 43.75%
  S8 800ms fold4/5: best_val= 43.75% (ep1) test= 25.00%
  S8 800ms fold5/5: best_val= 62.50% (ep3) test= 62.50%
  S8 1500ms fold1/5: best_val= 43.75% (ep3) test= 50.00%
  S8 1500ms fold2/5: best_val= 62.50% (ep2) test= 37.50%
  S8 1500ms fold3/5: best_val= 75.00% (ep2) test= 50.00%
  S8 1500ms fold4/5: best_val= 56.25% (ep1) test= 56.25%
  S8 1500ms fold5/5: best_val= 68.75% (ep2) test= 50.00%
  S8 3000ms fold1/5: best_val= 56.25% (ep36) test= 43.75%
  S8 3000ms fold2/5: best_val= 56.25% (ep3) test= 62.50%
  S8 3000ms fold3/5: best_val= 62.50% (ep9) test= 56.25%
  S8 3000ms fold4/5: best_val= 56.25% (ep1) test= 56.25%
  S8 3000ms fold5/5: best_val= 56.25% (ep3) test= 62.50%
  S8 4000ms fold1/5: best_val= 50.00% (ep24) test= 50.00%
  S8 4000ms fold2/5: best_val= 56.25% (ep3) test= 50.00%
  S8 4000ms fold3/5: best_val= 68.75% (ep25) test= 50.00%
  S8 4000ms fold4/5: best_val= 62.50% (ep7) test= 56.25%
  S8 4000ms fold5/5: best_val= 68.75% (ep8) test= 56.25%
S 8: 800ms= 38.75%  1500ms= 48.75%  3000ms= 56.25%  4000ms= 52.50%   (73s)
  S9 800ms fold1/5: best_val= 81.25% (ep11) test= 37.50%
  S9 800ms fold2/5: best_val= 50.00% (ep2) test= 68.75%
  S9 800ms fold3/5: best_val= 75.00% (ep1) test= 43.75%
  S9 800ms fold4/5: best_val= 68.75% (ep6) test= 56.25%
  S9 800ms fold5/5: best_val= 75.00% (ep1) test= 37.50%
  S9 1500ms fold1/5: best_val= 75.00% (ep2) test= 62.50%
  S9 1500ms fold2/5: best_val= 50.00% (ep1) test= 43.75%
  S9 1500ms fold3/5: best_val= 56.25% (ep42) test= 25.00%
  S9 1500ms fold4/5: best_val= 50.00% (ep1) test= 56.25%
  S9 1500ms fold5/5: best_val= 62.50% (ep2) test= 56.25%
  S9 3000ms fold1/5: best_val= 68.75% (ep3) test= 50.00%
  S9 3000ms fold2/5: best_val= 56.25% (ep3) test= 50.00%
  S9 3000ms fold3/5: best_val= 50.00% (ep6) test= 43.75%
  S9 3000ms fold4/5: best_val= 50.00% (ep1) test= 56.25%
  S9 3000ms fold5/5: best_val= 43.75% (ep2) test= 50.00%
  S9 4000ms fold1/5: best_val= 56.25% (ep4) test= 56.25%
  S9 4000ms fold2/5: best_val= 68.75% (ep32) test= 37.50%
  S9 4000ms fold3/5: best_val= 50.00% (ep2) test= 50.00%
  S9 4000ms fold4/5: best_val= 62.50% (ep13) test= 43.75%
  S9 4000ms fold5/5: best_val= 75.00% (ep30) test= 62.50%
S 9: 800ms= 48.75%  1500ms= 48.75%  3000ms= 50.00%  4000ms= 50.00%   (73s)
  S10 800ms fold1/5: best_val= 50.00% (ep2) test= 50.00%
  S10 800ms fold2/5: best_val= 50.00% (ep6) test= 31.25%
  S10 800ms fold3/5: best_val= 50.00% (ep1) test= 50.00%
  S10 800ms fold4/5: best_val= 75.00% (ep2) test= 68.75%
  S10 800ms fold5/5: best_val= 62.50% (ep10) test= 56.25%
  S10 1500ms fold1/5: best_val= 50.00% (ep6) test= 56.25%
  S10 1500ms fold2/5: best_val= 43.75% (ep1) test= 50.00%
  S10 1500ms fold3/5: best_val= 68.75% (ep5) test= 50.00%
  S10 1500ms fold4/5: best_val= 56.25% (ep2) test= 37.50%
  S10 1500ms fold5/5: best_val= 81.25% (ep1) test= 37.50%
  S10 3000ms fold1/5: best_val= 62.50% (ep3) test= 31.25%
  S10 3000ms fold2/5: best_val= 50.00% (ep1) test= 37.50%
  S10 3000ms fold3/5: best_val= 62.50% (ep6) test= 50.00%
  S10 3000ms fold4/5: best_val= 62.50% (ep8) test= 56.25%
  S10 3000ms fold5/5: best_val= 62.50% (ep9) test= 37.50%
  S10 4000ms fold1/5: best_val= 62.50% (ep1) test= 50.00%
  S10 4000ms fold2/5: best_val= 43.75% (ep19) test= 68.75%
  S10 4000ms fold3/5: best_val= 56.25% (ep1) test= 50.00%
  S10 4000ms fold4/5: best_val= 56.25% (ep3) test= 50.00%
  S10 4000ms fold5/5: best_val= 68.75% (ep26) test= 56.25%
S10: 800ms= 51.25%  1500ms= 46.25%  3000ms= 42.50%  4000ms= 55.00%   (73s)
  S11 800ms fold1/5: best_val= 62.50% (ep3) test= 31.25%
  S11 800ms fold2/5: best_val= 68.75% (ep16) test= 56.25%
  S11 800ms fold3/5: best_val= 68.75% (ep11) test= 25.00%
  S11 800ms fold4/5: best_val= 75.00% (ep18) test= 43.75%
  S11 800ms fold5/5: best_val= 68.75% (ep15) test= 31.25%
  S11 1500ms fold1/5: best_val= 56.25% (ep23) test= 50.00%
  S11 1500ms fold2/5: best_val= 81.25% (ep22) test= 62.50%
  S11 1500ms fold3/5: best_val= 75.00% (ep5) test= 43.75%
  S11 1500ms fold4/5: best_val= 68.75% (ep7) test= 43.75%
  S11 1500ms fold5/5: best_val= 68.75% (ep2) test= 56.25%
  S11 3000ms fold1/5: best_val= 62.50% (ep17) test= 37.50%
  S11 3000ms fold2/5: best_val= 81.25% (ep4) test= 43.75%
  S11 3000ms fold3/5: best_val= 68.75% (ep4) test= 75.00%
  S11 3000ms fold4/5: best_val= 68.75% (ep18) test= 43.75%
  S11 3000ms fold5/5: best_val= 81.25% (ep20) test= 50.00%
  S11 4000ms fold1/5: best_val= 75.00% (ep1) test= 50.00%
  S11 4000ms fold2/5: best_val= 68.75% (ep1) test= 31.25%
  S11 4000ms fold3/5: best_val= 62.50% (ep38) test= 68.75%
  S11 4000ms fold4/5: best_val= 68.75% (ep8) test= 31.25%
  S11 4000ms fold5/5: best_val= 81.25% (ep13) test= 43.75%
S11: 800ms= 37.50%  1500ms= 51.25%  3000ms= 50.00%  4000ms= 45.00%   (73s)
  S12 800ms fold1/5: best_val= 62.50% (ep1) test= 50.00%
  S12 800ms fold2/5: best_val= 68.75% (ep1) test= 50.00%
  S12 800ms fold3/5: best_val= 56.25% (ep13) test= 75.00%
  S12 800ms fold4/5: best_val= 68.75% (ep16) test= 68.75%
  S12 800ms fold5/5: best_val= 56.25% (ep2) test= 50.00%
  S12 1500ms fold1/5: best_val= 43.75% (ep4) test= 75.00%
  S12 1500ms fold2/5: best_val= 75.00% (ep9) test= 25.00%
  S12 1500ms fold3/5: best_val= 62.50% (ep15) test= 62.50%
  S12 1500ms fold4/5: best_val= 68.75% (ep2) test= 50.00%
  S12 1500ms fold5/5: best_val= 62.50% (ep35) test= 56.25%
  S12 3000ms fold1/5: best_val= 68.75% (ep1) test= 43.75%
  S12 3000ms fold2/5: best_val= 68.75% (ep3) test= 43.75%
  S12 3000ms fold3/5: best_val= 62.50% (ep4) test= 50.00%
  S12 3000ms fold4/5: best_val= 62.50% (ep1) test= 68.75%
  S12 3000ms fold5/5: best_val= 62.50% (ep13) test= 62.50%
  S12 4000ms fold1/5: best_val= 62.50% (ep1) test= 37.50%
  S12 4000ms fold2/5: best_val= 75.00% (ep4) test= 31.25%
  S12 4000ms fold3/5: best_val= 62.50% (ep5) test= 56.25%
  S12 4000ms fold4/5: best_val= 68.75% (ep37) test= 75.00%
  S12 4000ms fold5/5: best_val= 68.75% (ep31) test= 68.75%
S12: 800ms= 58.75%  1500ms= 53.75%  3000ms= 53.75%  4000ms= 53.75%   (73s)
  S13 800ms fold1/5: best_val= 68.75% (ep13) test= 62.50%
  S13 800ms fold2/5: best_val= 75.00% (ep34) test= 62.50%
  S13 800ms fold3/5: best_val= 75.00% (ep35) test= 68.75%
  S13 800ms fold4/5: best_val= 62.50% (ep25) test= 68.75%
  S13 800ms fold5/5: best_val= 50.00% (ep1) test= 31.25%
  S13 1500ms fold1/5: best_val= 68.75% (ep2) test= 62.50%
  S13 1500ms fold2/5: best_val= 68.75% (ep8) test= 37.50%
  S13 1500ms fold3/5: best_val= 62.50% (ep8) test= 50.00%
  S13 1500ms fold4/5: best_val= 68.75% (ep17) test= 50.00%
  S13 1500ms fold5/5: best_val= 43.75% (ep5) test= 50.00%
  S13 3000ms fold1/5: best_val= 68.75% (ep2) test= 50.00%
  S13 3000ms fold2/5: best_val= 62.50% (ep6) test= 56.25%
  S13 3000ms fold3/5: best_val= 68.75% (ep12) test= 50.00%
  S13 3000ms fold4/5: best_val= 62.50% (ep5) test= 56.25%
  S13 3000ms fold5/5: best_val= 56.25% (ep4) test= 68.75%
  S13 4000ms fold1/5: best_val= 81.25% (ep4) test= 62.50%
  S13 4000ms fold2/5: best_val= 62.50% (ep6) test= 50.00%
  S13 4000ms fold3/5: best_val= 68.75% (ep15) test= 56.25%
  S13 4000ms fold4/5: best_val= 75.00% (ep7) test= 68.75%
  S13 4000ms fold5/5: best_val= 68.75% (ep3) test= 62.50%
S13: 800ms= 58.75%  1500ms= 50.00%  3000ms= 56.25%  4000ms= 60.00%   (73s)
  S14 800ms fold1/5: best_val= 50.00% (ep19) test= 81.25%
  S14 800ms fold2/5: best_val= 62.50% (ep34) test= 56.25%
  S14 800ms fold3/5: best_val= 62.50% (ep4) test= 50.00%
  S14 800ms fold4/5: best_val= 62.50% (ep18) test= 50.00%
  S14 800ms fold5/5: best_val= 68.75% (ep1) test= 37.50%
  S14 1500ms fold1/5: best_val= 56.25% (ep17) test= 75.00%
  S14 1500ms fold2/5: best_val= 75.00% (ep16) test= 31.25%
  S14 1500ms fold3/5: best_val= 50.00% (ep1) test= 50.00%
  S14 1500ms fold4/5: best_val= 62.50% (ep11) test= 50.00%
  S14 1500ms fold5/5: best_val= 62.50% (ep7) test= 50.00%
  S14 3000ms fold1/5: best_val= 56.25% (ep8) test= 62.50%
  S14 3000ms fold2/5: best_val= 68.75% (ep10) test= 37.50%
  S14 3000ms fold3/5: best_val= 56.25% (ep1) test= 43.75%
  S14 3000ms fold4/5: best_val= 68.75% (ep5) test= 62.50%
  S14 3000ms fold5/5: best_val= 56.25% (ep2) test= 62.50%
  S14 4000ms fold1/5: best_val= 50.00% (ep8) test= 62.50%
  S14 4000ms fold2/5: best_val= 68.75% (ep9) test= 37.50%
  S14 4000ms fold3/5: best_val= 56.25% (ep1) test= 43.75%
  S14 4000ms fold4/5: best_val= 75.00% (ep31) test= 43.75%
  S14 4000ms fold5/5: best_val= 56.25% (ep2) test= 56.25%
S14: 800ms= 55.00%  1500ms= 51.25%  3000ms= 53.75%  4000ms= 48.75%   (73s)
  S15 800ms fold1/5: best_val= 56.25% (ep1) test= 50.00%
  S15 800ms fold2/5: best_val= 56.25% (ep2) test= 50.00%
  S15 800ms fold3/5: best_val= 68.75% (ep1) test= 31.25%
  S15 800ms fold4/5: best_val= 50.00% (ep26) test= 56.25%
  S15 800ms fold5/5: best_val= 68.75% (ep2) test= 56.25%
  S15 1500ms fold1/5: best_val= 56.25% (ep11) test= 43.75%
  S15 1500ms fold2/5: best_val= 87.50% (ep1) test= 50.00%
  S15 1500ms fold3/5: best_val= 56.25% (ep1) test= 50.00%
  S15 1500ms fold4/5: best_val= 62.50% (ep1) test= 37.50%
  S15 1500ms fold5/5: best_val= 62.50% (ep2) test= 50.00%
  S15 3000ms fold1/5: best_val= 68.75% (ep2) test= 43.75%
  S15 3000ms fold2/5: best_val= 50.00% (ep4) test= 43.75%
  S15 3000ms fold3/5: best_val= 62.50% (ep3) test= 43.75%
  S15 3000ms fold4/5: best_val= 56.25% (ep12) test= 56.25%
  S15 3000ms fold5/5: best_val= 68.75% (ep2) test= 31.25%
  S15 4000ms fold1/5: best_val= 56.25% (ep4) test= 56.25%
  S15 4000ms fold2/5: best_val= 56.25% (ep3) test= 50.00%
  S15 4000ms fold3/5: best_val= 62.50% (ep2) test= 31.25%
  S15 4000ms fold4/5: best_val= 50.00% (ep2) test= 56.25%
  S15 4000ms fold5/5: best_val= 68.75% (ep25) test= 43.75%
S15: 800ms= 48.75%  1500ms= 46.25%  3000ms= 43.75%  4000ms= 47.50%   (73s)
  S16 800ms fold1/5: best_val= 62.50% (ep12) test= 62.50%
  S16 800ms fold2/5: best_val= 62.50% (ep18) test= 62.50%
  S16 800ms fold3/5: best_val= 50.00% (ep6) test= 56.25%
  S16 800ms fold4/5: best_val= 68.75% (ep14) test= 68.75%
  S16 800ms fold5/5: best_val= 56.25% (ep7) test= 50.00%
  S16 1500ms fold1/5: best_val= 50.00% (ep2) test= 62.50%
  S16 1500ms fold2/5: best_val= 62.50% (ep9) test= 62.50%
  S16 1500ms fold3/5: best_val= 56.25% (ep4) test= 68.75%
  S16 1500ms fold4/5: best_val= 75.00% (ep25) test= 50.00%
  S16 1500ms fold5/5: best_val= 75.00% (ep3) test= 43.75%
  S16 3000ms fold1/5: best_val= 62.50% (ep18) test= 50.00%
  S16 3000ms fold2/5: best_val= 75.00% (ep4) test= 50.00%
  S16 3000ms fold3/5: best_val= 56.25% (ep10) test= 81.25%
  S16 3000ms fold4/5: best_val= 75.00% (ep8) test= 56.25%
  S16 3000ms fold5/5: best_val= 68.75% (ep4) test= 62.50%
  S16 4000ms fold1/5: best_val= 62.50% (ep6) test= 81.25%
  S16 4000ms fold2/5: best_val= 62.50% (ep3) test= 56.25%
  S16 4000ms fold3/5: best_val= 56.25% (ep2) test= 68.75%
  S16 4000ms fold4/5: best_val= 81.25% (ep14) test= 87.50%
  S16 4000ms fold5/5: best_val= 75.00% (ep24) test= 56.25%
S16: 800ms= 60.00%  1500ms= 57.50%  3000ms= 60.00%  4000ms= 70.00%   (73s)
  S17 800ms fold1/5: best_val= 56.25% (ep4) test= 56.25%
  S17 800ms fold2/5: best_val= 50.00% (ep6) test= 56.25%
  S17 800ms fold3/5: best_val= 56.25% (ep12) test= 56.25%
  S17 800ms fold4/5: best_val= 56.25% (ep3) test= 56.25%
  S17 800ms fold5/5: best_val= 75.00% (ep9) test= 56.25%
  S17 1500ms fold1/5: best_val= 68.75% (ep1) test= 43.75%
  S17 1500ms fold2/5: best_val= 68.75% (ep3) test= 50.00%
  S17 1500ms fold3/5: best_val= 56.25% (ep2) test= 75.00%
  S17 1500ms fold4/5: best_val= 68.75% (ep6) test= 62.50%
  S17 1500ms fold5/5: best_val= 68.75% (ep1) test= 37.50%
  S17 3000ms fold1/5: best_val= 56.25% (ep23) test= 43.75%
  S17 3000ms fold2/5: best_val= 62.50% (ep38) test= 81.25%
  S17 3000ms fold3/5: best_val= 68.75% (ep13) test= 56.25%
  S17 3000ms fold4/5: best_val= 62.50% (ep5) test= 50.00%
  S17 3000ms fold5/5: best_val= 50.00% (ep23) test= 62.50%
  S17 4000ms fold1/5: best_val= 62.50% (ep4) test= 56.25%
  S17 4000ms fold2/5: best_val= 56.25% (ep4) test= 75.00%
  S17 4000ms fold3/5: best_val= 68.75% (ep3) test= 50.00%
  S17 4000ms fold4/5: best_val= 75.00% (ep10) test= 56.25%
  S17 4000ms fold5/5: best_val= 62.50% (ep2) test= 50.00%
S17: 800ms= 56.25%  1500ms= 53.75%  3000ms= 58.75%  4000ms= 57.50%   (73s)
  S18 800ms fold1/5: best_val= 81.25% (ep40) test= 43.75%
  S18 800ms fold2/5: best_val= 75.00% (ep8) test= 75.00%
  S18 800ms fold3/5: best_val= 62.50% (ep4) test= 75.00%
  S18 800ms fold4/5: best_val= 62.50% (ep1) test= 68.75%
  S18 800ms fold5/5: best_val= 68.75% (ep17) test= 56.25%
  S18 1500ms fold1/5: best_val= 75.00% (ep9) test= 56.25%
  S18 1500ms fold2/5: best_val= 75.00% (ep8) test= 50.00%
  S18 1500ms fold3/5: best_val= 62.50% (ep33) test= 68.75%
  S18 1500ms fold4/5: best_val= 75.00% (ep23) test= 50.00%
  S18 1500ms fold5/5: best_val= 75.00% (ep3) test= 43.75%
  S18 3000ms fold1/5: best_val= 62.50% (ep2) test= 50.00%
  S18 3000ms fold2/5: best_val= 62.50% (ep8) test= 56.25%
  S18 3000ms fold3/5: best_val= 62.50% (ep6) test= 62.50%
  S18 3000ms fold4/5: best_val= 75.00% (ep5) test= 56.25%
  S18 3000ms fold5/5: best_val= 75.00% (ep1) test= 56.25%
  S18 4000ms fold1/5: best_val= 68.75% (ep10) test= 56.25%
  S18 4000ms fold2/5: best_val= 75.00% (ep2) test= 50.00%
  S18 4000ms fold3/5: best_val= 81.25% (ep29) test= 37.50%
  S18 4000ms fold4/5: best_val= 62.50% (ep1) test= 43.75%
  S18 4000ms fold5/5: best_val= 75.00% (ep2) test= 50.00%
S18: 800ms= 63.75%  1500ms= 53.75%  3000ms= 56.25%  4000ms= 47.50%   (73s)

ALL SUBJECTS COMPLETED — WFE/WAA  (1323s)

====================================================================
SAVED WFE/WAA -> /work/11862/rmaahin/ls6/FineMI-enhancements/ConformerEEG/experiments/option_a/results/full/WFE_WAA
gpu=NVIDIA A100-PCIE-40GB | torch=2.8.0+cu128 | seed=42 | model=conformer_a | mode=full
====================================================================
window_ms   800    1500   3000   4000
subject                              
1          52.22  45.56  50.00  40.00
2          52.50  41.25  50.00  50.00
3          60.00  62.50  60.00  63.75
4          52.50  65.00  56.25  60.00
5          51.25  41.25  50.00  36.25
6          58.75  55.00  55.00  45.00
7          52.50  51.25  62.50  51.25
8          38.75  48.75  56.25  52.50
9          48.75  48.75  50.00  50.00
10         51.25  46.25  42.50  55.00
11         37.50  51.25  50.00  45.00
12         58.75  53.75  53.75  53.75
13         58.75  50.00  56.25  60.00
14         55.00  51.25  53.75  48.75
15         48.75  46.25  43.75  47.50
16         60.00  57.50  60.00  70.00
17         56.25  53.75  58.75  57.50
18         63.75  53.75  56.25  47.50

mean: {800: 53.18, 1500: 51.28, 3000: 53.61, 4000: 51.88}
sd  : {800: 6.92, 1500: 6.34, 3000: 5.44, 4000: 8.34}

Pairs saved so far in /work/11862/rmaahin/ls6/FineMI-enhancements/ConformerEEG/experiments/option_a/results/full: 24/28

##### pair_idx=8 (WFE_EPS) #####

Using device: cuda | gpu=NVIDIA A100-PCIE-40GB | torch=2.8.0+cu128
NOTE: determinism holds per-GPU-model. Record this GPU name.

PAIR: WFE/EPS  (classes 1 vs 3)  model=conformer_a  mode=full
Test time windows: [800, 1500, 3000, 4000] ms
Test time windows (samples): [200, 375, 750, 1000]

BINARY CLASSIFICATION: Class 1 vs Class 3  (WFE/EPS)
  Class 0 (original 1): 725 trials
  Class 1 (original 3): 725 trials

Extracted time windows:
  800ms (200 samples): shape (1450, 62, 200)
  1500ms (375 samples): shape (1450, 62, 375)
  3000ms (750 samples): shape (1450, 62, 750)
  4000ms (1000 samples): shape (1450, 62, 1000)

Model configuration:
  Model: conformer_a
  Channels: 62
  Subjects: [1, 2, 3, 4, 5, 6, 7, 8, 9, 10, 11, 12, 13, 14, 15, 16, 17, 18]
  Time windows: [800, 1500, 3000, 4000] ms
  Classes: 2 (Binary: Class 1 vs Class 3)
  Folds: 5
  Batch size: 32
  Epochs per subject per time window: 50
  S1 800ms fold1/5: best_val= 61.11% (ep3) test= 38.89%
  S1 800ms fold2/5: best_val= 55.56% (ep12) test= 44.44%
  S1 800ms fold3/5: best_val= 55.56% (ep3) test= 50.00%
  S1 800ms fold4/5: best_val= 66.67% (ep4) test= 50.00%
  S1 800ms fold5/5: best_val= 66.67% (ep5) test= 38.89%
  S1 1500ms fold1/5: best_val= 55.56% (ep2) test= 38.89%
  S1 1500ms fold2/5: best_val= 72.22% (ep13) test= 27.78%
  S1 1500ms fold3/5: best_val= 66.67% (ep1) test= 61.11%
  S1 1500ms fold4/5: best_val= 66.67% (ep3) test= 44.44%
  S1 1500ms fold5/5: best_val= 66.67% (ep10) test= 38.89%
  S1 3000ms fold1/5: best_val= 66.67% (ep2) test= 50.00%
  S1 3000ms fold2/5: best_val= 77.78% (ep14) test= 22.22%
  S1 3000ms fold3/5: best_val= 55.56% (ep1) test= 44.44%
  S1 3000ms fold4/5: best_val= 72.22% (ep17) test= 50.00%
  S1 3000ms fold5/5: best_val= 77.78% (ep13) test= 50.00%
  S1 4000ms fold1/5: best_val= 77.78% (ep2) test= 33.33%
  S1 4000ms fold2/5: best_val= 66.67% (ep12) test= 33.33%
  S1 4000ms fold3/5: best_val= 61.11% (ep8) test= 61.11%
  S1 4000ms fold4/5: best_val= 72.22% (ep5) test= 38.89%
  S1 4000ms fold5/5: best_val= 77.78% (ep2) test= 38.89%
S 1: 800ms= 44.44%  1500ms= 42.22%  3000ms= 43.33%  4000ms= 41.11%   (86s)
  S2 800ms fold1/5: best_val= 56.25% (ep1) test= 50.00%
  S2 800ms fold2/5: best_val= 43.75% (ep4) test= 62.50%
  S2 800ms fold3/5: best_val= 50.00% (ep5) test= 50.00%
  S2 800ms fold4/5: best_val= 62.50% (ep1) test= 18.75%
  S2 800ms fold5/5: best_val= 56.25% (ep28) test= 50.00%
  S2 1500ms fold1/5: best_val= 50.00% (ep3) test= 43.75%
  S2 1500ms fold2/5: best_val= 56.25% (ep2) test= 56.25%
  S2 1500ms fold3/5: best_val= 37.50% (ep1) test= 62.50%
  S2 1500ms fold4/5: best_val= 56.25% (ep1) test= 25.00%
  S2 1500ms fold5/5: best_val= 68.75% (ep13) test= 62.50%
  S2 3000ms fold1/5: best_val= 50.00% (ep1) test= 50.00%
  S2 3000ms fold2/5: best_val= 56.25% (ep4) test= 43.75%
  S2 3000ms fold3/5: best_val= 50.00% (ep5) test= 43.75%
  S2 3000ms fold4/5: best_val= 56.25% (ep3) test= 50.00%
  S2 3000ms fold5/5: best_val= 68.75% (ep3) test= 50.00%
  S2 4000ms fold1/5: best_val= 56.25% (ep5) test= 50.00%
  S2 4000ms fold2/5: best_val= 50.00% (ep3) test= 31.25%
  S2 4000ms fold3/5: best_val= 37.50% (ep6) test= 43.75%
  S2 4000ms fold4/5: best_val= 56.25% (ep33) test= 50.00%
  S2 4000ms fold5/5: best_val= 56.25% (ep3) test= 50.00%
S 2: 800ms= 46.25%  1500ms= 50.00%  3000ms= 47.50%  4000ms= 45.00%   (73s)
  S3 800ms fold1/5: best_val= 68.75% (ep13) test= 81.25%
  S3 800ms fold2/5: best_val= 87.50% (ep5) test= 81.25%
  S3 800ms fold3/5: best_val= 81.25% (ep7) test= 62.50%
  S3 800ms fold4/5: best_val= 75.00% (ep1) test= 93.75%
  S3 800ms fold5/5: best_val= 81.25% (ep18) test= 68.75%
  S3 1500ms fold1/5: best_val= 68.75% (ep14) test= 56.25%
  S3 1500ms fold2/5: best_val= 87.50% (ep3) test= 56.25%
  S3 1500ms fold3/5: best_val= 62.50% (ep1) test= 56.25%
  S3 1500ms fold4/5: best_val= 68.75% (ep23) test= 68.75%
  S3 1500ms fold5/5: best_val= 62.50% (ep2) test= 56.25%
  S3 3000ms fold1/5: best_val= 68.75% (ep11) test= 31.25%
  S3 3000ms fold2/5: best_val= 93.75% (ep5) test= 62.50%
  S3 3000ms fold3/5: best_val= 68.75% (ep4) test= 56.25%
  S3 3000ms fold4/5: best_val= 50.00% (ep6) test= 50.00%
  S3 3000ms fold5/5: best_val= 62.50% (ep9) test= 62.50%
  S3 4000ms fold1/5: best_val= 62.50% (ep3) test= 43.75%
  S3 4000ms fold2/5: best_val= 75.00% (ep1) test= 43.75%
  S3 4000ms fold3/5: best_val= 75.00% (ep2) test= 50.00%
  S3 4000ms fold4/5: best_val= 56.25% (ep32) test= 68.75%
  S3 4000ms fold5/5: best_val= 62.50% (ep4) test= 75.00%
S 3: 800ms= 77.50%  1500ms= 58.75%  3000ms= 52.50%  4000ms= 56.25%   (73s)
  S4 800ms fold1/5: best_val= 56.25% (ep4) test= 50.00%
  S4 800ms fold2/5: best_val= 62.50% (ep31) test= 68.75%
  S4 800ms fold3/5: best_val= 68.75% (ep2) test= 43.75%
  S4 800ms fold4/5: best_val= 68.75% (ep21) test= 62.50%
  S4 800ms fold5/5: best_val= 56.25% (ep1) test= 56.25%
  S4 1500ms fold1/5: best_val= 62.50% (ep2) test= 37.50%
  S4 1500ms fold2/5: best_val= 56.25% (ep4) test= 56.25%
  S4 1500ms fold3/5: best_val= 62.50% (ep16) test= 43.75%
  S4 1500ms fold4/5: best_val= 62.50% (ep17) test= 75.00%
  S4 1500ms fold5/5: best_val= 75.00% (ep5) test= 31.25%
  S4 3000ms fold1/5: best_val= 62.50% (ep11) test= 62.50%
  S4 3000ms fold2/5: best_val= 62.50% (ep1) test= 56.25%
  S4 3000ms fold3/5: best_val= 75.00% (ep4) test= 43.75%
  S4 3000ms fold4/5: best_val= 62.50% (ep11) test= 56.25%
  S4 3000ms fold5/5: best_val= 50.00% (ep9) test= 50.00%
  S4 4000ms fold1/5: best_val= 50.00% (ep6) test= 43.75%
  S4 4000ms fold2/5: best_val= 56.25% (ep13) test= 62.50%
  S4 4000ms fold3/5: best_val= 68.75% (ep13) test= 37.50%
  S4 4000ms fold4/5: best_val= 56.25% (ep1) test= 37.50%
  S4 4000ms fold5/5: best_val= 62.50% (ep10) test= 56.25%
S 4: 800ms= 56.25%  1500ms= 48.75%  3000ms= 53.75%  4000ms= 47.50%   (73s)
  S5 800ms fold1/5: best_val= 56.25% (ep2) test= 37.50%
  S5 800ms fold2/5: best_val= 62.50% (ep24) test= 25.00%
  S5 800ms fold3/5: best_val= 56.25% (ep9) test= 68.75%
  S5 800ms fold4/5: best_val= 50.00% (ep38) test= 56.25%
  S5 800ms fold5/5: best_val= 50.00% (ep1) test= 37.50%
  S5 1500ms fold1/5: best_val= 62.50% (ep2) test= 56.25%
  S5 1500ms fold2/5: best_val= 68.75% (ep7) test= 37.50%
  S5 1500ms fold3/5: best_val= 81.25% (ep9) test= 50.00%
  S5 1500ms fold4/5: best_val= 68.75% (ep1) test= 56.25%
  S5 1500ms fold5/5: best_val= 43.75% (ep2) test= 56.25%
  S5 3000ms fold1/5: best_val= 62.50% (ep1) test= 25.00%
  S5 3000ms fold2/5: best_val= 56.25% (ep2) test= 56.25%
  S5 3000ms fold3/5: best_val= 68.75% (ep1) test= 31.25%
  S5 3000ms fold4/5: best_val= 81.25% (ep1) test= 37.50%
  S5 3000ms fold5/5: best_val= 62.50% (ep3) test= 31.25%
  S5 4000ms fold1/5: best_val= 62.50% (ep3) test= 37.50%
  S5 4000ms fold2/5: best_val= 56.25% (ep2) test= 56.25%
  S5 4000ms fold3/5: best_val= 68.75% (ep3) test= 56.25%
  S5 4000ms fold4/5: best_val= 75.00% (ep1) test= 31.25%
  S5 4000ms fold5/5: best_val= 43.75% (ep1) test= 62.50%
S 5: 800ms= 45.00%  1500ms= 51.25%  3000ms= 36.25%  4000ms= 48.75%   (73s)
  S6 800ms fold1/5: best_val= 62.50% (ep2) test= 62.50%
  S6 800ms fold2/5: best_val= 62.50% (ep1) test= 50.00%
  S6 800ms fold3/5: best_val= 62.50% (ep5) test= 56.25%
  S6 800ms fold4/5: best_val= 68.75% (ep16) test= 62.50%
  S6 800ms fold5/5: best_val= 62.50% (ep13) test= 31.25%
  S6 1500ms fold1/5: best_val= 43.75% (ep1) test= 37.50%
  S6 1500ms fold2/5: best_val= 56.25% (ep11) test= 37.50%
  S6 1500ms fold3/5: best_val= 62.50% (ep2) test= 50.00%
  S6 1500ms fold4/5: best_val= 75.00% (ep4) test= 31.25%
  S6 1500ms fold5/5: best_val= 50.00% (ep1) test= 43.75%
  S6 3000ms fold1/5: best_val= 50.00% (ep3) test= 75.00%
  S6 3000ms fold2/5: best_val= 62.50% (ep15) test= 50.00%
  S6 3000ms fold3/5: best_val= 62.50% (ep3) test= 62.50%
  S6 3000ms fold4/5: best_val= 68.75% (ep1) test= 43.75%
  S6 3000ms fold5/5: best_val= 62.50% (ep17) test= 43.75%
  S6 4000ms fold1/5: best_val= 56.25% (ep2) test= 56.25%
  S6 4000ms fold2/5: best_val= 68.75% (ep11) test= 68.75%
  S6 4000ms fold3/5: best_val= 50.00% (ep1) test= 62.50%
  S6 4000ms fold4/5: best_val= 81.25% (ep3) test= 81.25%
  S6 4000ms fold5/5: best_val= 56.25% (ep11) test= 37.50%
S 6: 800ms= 52.50%  1500ms= 40.00%  3000ms= 55.00%  4000ms= 61.25%   (73s)
  S7 800ms fold1/5: best_val= 75.00% (ep15) test= 62.50%
  S7 800ms fold2/5: best_val= 56.25% (ep1) test= 56.25%
  S7 800ms fold3/5: best_val= 62.50% (ep5) test= 50.00%
  S7 800ms fold4/5: best_val= 56.25% (ep13) test= 31.25%
  S7 800ms fold5/5: best_val= 62.50% (ep20) test= 25.00%
  S7 1500ms fold1/5: best_val= 62.50% (ep13) test= 62.50%
  S7 1500ms fold2/5: best_val= 68.75% (ep13) test= 68.75%
  S7 1500ms fold3/5: best_val= 81.25% (ep5) test= 31.25%
  S7 1500ms fold4/5: best_val= 62.50% (ep7) test= 18.75%
  S7 1500ms fold5/5: best_val= 62.50% (ep10) test= 43.75%
  S7 3000ms fold1/5: best_val= 62.50% (ep8) test= 43.75%
  S7 3000ms fold2/5: best_val= 68.75% (ep12) test= 50.00%
  S7 3000ms fold3/5: best_val= 75.00% (ep34) test= 50.00%
  S7 3000ms fold4/5: best_val= 56.25% (ep1) test= 56.25%
  S7 3000ms fold5/5: best_val= 56.25% (ep1) test= 56.25%
  S7 4000ms fold1/5: best_val= 56.25% (ep8) test= 43.75%
  S7 4000ms fold2/5: best_val= 56.25% (ep11) test= 62.50%
  S7 4000ms fold3/5: best_val= 68.75% (ep17) test= 50.00%
  S7 4000ms fold4/5: best_val= 56.25% (ep1) test= 56.25%
  S7 4000ms fold5/5: best_val= 56.25% (ep3) test= 50.00%
S 7: 800ms= 45.00%  1500ms= 45.00%  3000ms= 51.25%  4000ms= 52.50%   (73s)
  S8 800ms fold1/5: best_val= 62.50% (ep9) test= 31.25%
  S8 800ms fold2/5: best_val= 43.75% (ep1) test= 68.75%
  S8 800ms fold3/5: best_val= 43.75% (ep2) test= 37.50%
  S8 800ms fold4/5: best_val= 62.50% (ep1) test= 43.75%
  S8 800ms fold5/5: best_val= 43.75% (ep1) test= 50.00%
  S8 1500ms fold1/5: best_val= 62.50% (ep1) test= 31.25%
  S8 1500ms fold2/5: best_val= 43.75% (ep3) test= 56.25%
  S8 1500ms fold3/5: best_val= 50.00% (ep1) test= 62.50%
  S8 1500ms fold4/5: best_val= 56.25% (ep4) test= 37.50%
  S8 1500ms fold5/5: best_val= 37.50% (ep1) test= 56.25%
  S8 3000ms fold1/5: best_val= 56.25% (ep3) test= 43.75%
  S8 3000ms fold2/5: best_val= 68.75% (ep3) test= 43.75%
  S8 3000ms fold3/5: best_val= 68.75% (ep3) test= 31.25%
  S8 3000ms fold4/5: best_val= 56.25% (ep11) test= 62.50%
  S8 3000ms fold5/5: best_val= 50.00% (ep3) test= 56.25%
  S8 4000ms fold1/5: best_val= 62.50% (ep4) test= 50.00%
  S8 4000ms fold2/5: best_val= 62.50% (ep1) test= 43.75%
  S8 4000ms fold3/5: best_val= 43.75% (ep26) test= 56.25%
  S8 4000ms fold4/5: best_val= 75.00% (ep9) test= 56.25%
  S8 4000ms fold5/5: best_val= 62.50% (ep1) test= 50.00%
S 8: 800ms= 46.25%  1500ms= 48.75%  3000ms= 47.50%  4000ms= 51.25%   (75s)
  S9 800ms fold1/5: best_val= 75.00% (ep2) test= 62.50%
  S9 800ms fold2/5: best_val= 56.25% (ep1) test= 37.50%
  S9 800ms fold3/5: best_val= 62.50% (ep11) test= 31.25%
  S9 800ms fold4/5: best_val= 68.75% (ep2) test= 50.00%
  S9 800ms fold5/5: best_val= 62.50% (ep4) test= 43.75%
  S9 1500ms fold1/5: best_val= 62.50% (ep1) test= 50.00%
  S9 1500ms fold2/5: best_val= 75.00% (ep2) test= 56.25%
  S9 1500ms fold3/5: best_val= 68.75% (ep11) test= 25.00%
  S9 1500ms fold4/5: best_val= 62.50% (ep3) test= 50.00%
  S9 1500ms fold5/5: best_val= 56.25% (ep8) test= 56.25%
  S9 3000ms fold1/5: best_val= 68.75% (ep1) test= 62.50%
  S9 3000ms fold2/5: best_val= 62.50% (ep1) test= 37.50%
  S9 3000ms fold3/5: best_val= 75.00% (ep16) test= 43.75%
  S9 3000ms fold4/5: best_val= 87.50% (ep1) test= 62.50%
  S9 3000ms fold5/5: best_val= 62.50% (ep23) test= 56.25%
  S9 4000ms fold1/5: best_val= 56.25% (ep6) test= 56.25%
  S9 4000ms fold2/5: best_val= 68.75% (ep6) test= 50.00%
  S9 4000ms fold3/5: best_val= 81.25% (ep1) test= 37.50%
  S9 4000ms fold4/5: best_val= 62.50% (ep2) test= 50.00%
  S9 4000ms fold5/5: best_val= 50.00% (ep6) test= 43.75%
S 9: 800ms= 45.00%  1500ms= 47.50%  3000ms= 52.50%  4000ms= 47.50%   (75s)
  S10 800ms fold1/5: best_val= 62.50% (ep1) test= 43.75%
  S10 800ms fold2/5: best_val= 62.50% (ep13) test= 68.75%
  S10 800ms fold3/5: best_val= 50.00% (ep1) test= 31.25%
  S10 800ms fold4/5: best_val= 68.75% (ep3) test= 37.50%
  S10 800ms fold5/5: best_val= 62.50% (ep1) test= 56.25%
  S10 1500ms fold1/5: best_val= 81.25% (ep4) test= 37.50%
  S10 1500ms fold2/5: best_val= 62.50% (ep8) test= 81.25%
  S10 1500ms fold3/5: best_val= 68.75% (ep1) test= 43.75%
  S10 1500ms fold4/5: best_val= 62.50% (ep22) test= 50.00%
  S10 1500ms fold5/5: best_val= 56.25% (ep1) test= 50.00%
  S10 3000ms fold1/5: best_val= 68.75% (ep1) test= 37.50%
  S10 3000ms fold2/5: best_val= 62.50% (ep15) test= 75.00%
  S10 3000ms fold3/5: best_val= 62.50% (ep3) test= 56.25%
  S10 3000ms fold4/5: best_val= 68.75% (ep14) test= 56.25%
  S10 3000ms fold5/5: best_val= 62.50% (ep6) test= 50.00%
  S10 4000ms fold1/5: best_val= 62.50% (ep2) test= 43.75%
  S10 4000ms fold2/5: best_val= 62.50% (ep11) test= 81.25%
  S10 4000ms fold3/5: best_val= 56.25% (ep3) test= 56.25%
  S10 4000ms fold4/5: best_val= 87.50% (ep9) test= 62.50%
  S10 4000ms fold5/5: best_val= 68.75% (ep1) test= 56.25%
S10: 800ms= 47.50%  1500ms= 52.50%  3000ms= 55.00%  4000ms= 60.00%   (75s)
  S11 800ms fold1/5: best_val= 68.75% (ep5) test= 50.00%
  S11 800ms fold2/5: best_val= 81.25% (ep1) test= 62.50%
  S11 800ms fold3/5: best_val= 56.25% (ep2) test= 25.00%
  S11 800ms fold4/5: best_val= 62.50% (ep34) test= 75.00%
  S11 800ms fold5/5: best_val= 56.25% (ep1) test= 31.25%
  S11 1500ms fold1/5: best_val= 81.25% (ep2) test= 37.50%
  S11 1500ms fold2/5: best_val= 62.50% (ep3) test= 50.00%
  S11 1500ms fold3/5: best_val= 62.50% (ep6) test= 43.75%
  S11 1500ms fold4/5: best_val= 68.75% (ep28) test= 50.00%
  S11 1500ms fold5/5: best_val= 50.00% (ep2) test= 62.50%
  S11 3000ms fold1/5: best_val= 68.75% (ep4) test= 50.00%
  S11 3000ms fold2/5: best_val= 68.75% (ep4) test= 37.50%
  S11 3000ms fold3/5: best_val= 68.75% (ep2) test= 31.25%
  S11 3000ms fold4/5: best_val= 75.00% (ep20) test= 37.50%
  S11 3000ms fold5/5: best_val= 68.75% (ep18) test= 50.00%
  S11 4000ms fold1/5: best_val= 62.50% (ep4) test= 43.75%
  S11 4000ms fold2/5: best_val= 62.50% (ep3) test= 50.00%
  S11 4000ms fold3/5: best_val= 75.00% (ep29) test= 12.50%
  S11 4000ms fold4/5: best_val= 75.00% (ep3) test= 56.25%
  S11 4000ms fold5/5: best_val= 56.25% (ep3) test= 50.00%
S11: 800ms= 48.75%  1500ms= 48.75%  3000ms= 41.25%  4000ms= 42.50%   (75s)
  S12 800ms fold1/5: best_val= 75.00% (ep14) test= 56.25%
  S12 800ms fold2/5: best_val= 68.75% (ep3) test= 50.00%
  S12 800ms fold3/5: best_val= 50.00% (ep1) test= 43.75%
  S12 800ms fold4/5: best_val= 68.75% (ep2) test= 37.50%
  S12 800ms fold5/5: best_val= 56.25% (ep1) test= 68.75%
  S12 1500ms fold1/5: best_val= 68.75% (ep5) test= 56.25%
  S12 1500ms fold2/5: best_val= 62.50% (ep1) test= 56.25%
  S12 1500ms fold3/5: best_val= 56.25% (ep8) test= 37.50%
  S12 1500ms fold4/5: best_val= 50.00% (ep2) test= 50.00%
  S12 1500ms fold5/5: best_val= 56.25% (ep2) test= 56.25%
  S12 3000ms fold1/5: best_val= 56.25% (ep1) test= 50.00%
  S12 3000ms fold2/5: best_val= 62.50% (ep4) test= 43.75%
  S12 3000ms fold3/5: best_val= 62.50% (ep7) test= 56.25%
  S12 3000ms fold4/5: best_val= 62.50% (ep8) test= 43.75%
  S12 3000ms fold5/5: best_val= 56.25% (ep1) test= 37.50%
  S12 4000ms fold1/5: best_val= 56.25% (ep1) test= 50.00%
  S12 4000ms fold2/5: best_val= 68.75% (ep25) test= 43.75%
  S12 4000ms fold3/5: best_val= 75.00% (ep8) test= 50.00%
  S12 4000ms fold4/5: best_val= 43.75% (ep1) test= 56.25%
  S12 4000ms fold5/5: best_val= 62.50% (ep1) test= 56.25%
S12: 800ms= 51.25%  1500ms= 51.25%  3000ms= 46.25%  4000ms= 51.25%   (75s)
  S13 800ms fold1/5: best_val= 75.00% (ep7) test= 56.25%
  S13 800ms fold2/5: best_val= 62.50% (ep3) test= 43.75%
  S13 800ms fold3/5: best_val= 56.25% (ep9) test= 56.25%
  S13 800ms fold4/5: best_val= 68.75% (ep16) test= 62.50%
  S13 800ms fold5/5: best_val= 68.75% (ep1) test= 62.50%
  S13 1500ms fold1/5: best_val= 68.75% (ep1) test= 62.50%
  S13 1500ms fold2/5: best_val= 68.75% (ep14) test= 31.25%
  S13 1500ms fold3/5: best_val= 50.00% (ep4) test= 50.00%
  S13 1500ms fold4/5: best_val= 87.50% (ep10) test= 31.25%
  S13 1500ms fold5/5: best_val= 68.75% (ep6) test= 68.75%
  S13 3000ms fold1/5: best_val= 56.25% (ep2) test= 50.00%
  S13 3000ms fold2/5: best_val= 75.00% (ep9) test= 56.25%
  S13 3000ms fold3/5: best_val= 62.50% (ep1) test= 62.50%
  S13 3000ms fold4/5: best_val= 75.00% (ep48) test= 56.25%
  S13 3000ms fold5/5: best_val= 87.50% (ep39) test= 43.75%
  S13 4000ms fold1/5: best_val= 62.50% (ep3) test= 50.00%
  S13 4000ms fold2/5: best_val= 68.75% (ep3) test= 50.00%
  S13 4000ms fold3/5: best_val= 50.00% (ep19) test= 62.50%
  S13 4000ms fold4/5: best_val= 87.50% (ep27) test= 43.75%
  S13 4000ms fold5/5: best_val= 81.25% (ep26) test= 43.75%
S13: 800ms= 56.25%  1500ms= 48.75%  3000ms= 53.75%  4000ms= 50.00%   (75s)
  S14 800ms fold1/5: best_val= 68.75% (ep3) test= 50.00%
  S14 800ms fold2/5: best_val= 56.25% (ep3) test= 37.50%
  S14 800ms fold3/5: best_val= 56.25% (ep5) test= 50.00%
  S14 800ms fold4/5: best_val= 81.25% (ep4) test= 50.00%
  S14 800ms fold5/5: best_val= 56.25% (ep13) test= 50.00%
  S14 1500ms fold1/5: best_val= 62.50% (ep8) test= 56.25%
  S14 1500ms fold2/5: best_val= 62.50% (ep11) test= 25.00%
  S14 1500ms fold3/5: best_val= 75.00% (ep36) test= 37.50%
  S14 1500ms fold4/5: best_val= 56.25% (ep2) test= 62.50%
  S14 1500ms fold5/5: best_val= 50.00% (ep24) test= 62.50%
  S14 3000ms fold1/5: best_val= 75.00% (ep3) test= 50.00%
  S14 3000ms fold2/5: best_val= 43.75% (ep1) test= 31.25%
  S14 3000ms fold3/5: best_val= 56.25% (ep1) test= 56.25%
  S14 3000ms fold4/5: best_val= 62.50% (ep12) test= 62.50%
  S14 3000ms fold5/5: best_val= 43.75% (ep1) test= 50.00%
  S14 4000ms fold1/5: best_val= 68.75% (ep4) test= 56.25%
  S14 4000ms fold2/5: best_val= 50.00% (ep5) test= 25.00%
  S14 4000ms fold3/5: best_val= 62.50% (ep7) test= 43.75%
  S14 4000ms fold4/5: best_val= 62.50% (ep6) test= 62.50%
  S14 4000ms fold5/5: best_val= 50.00% (ep1) test= 43.75%
S14: 800ms= 47.50%  1500ms= 48.75%  3000ms= 50.00%  4000ms= 46.25%   (75s)
  S15 800ms fold1/5: best_val= 62.50% (ep17) test= 25.00%
  S15 800ms fold2/5: best_val= 56.25% (ep5) test= 56.25%
  S15 800ms fold3/5: best_val= 75.00% (ep7) test= 37.50%
  S15 800ms fold4/5: best_val= 62.50% (ep26) test= 43.75%
  S15 800ms fold5/5: best_val= 68.75% (ep2) test= 68.75%
  S15 1500ms fold1/5: best_val= 62.50% (ep1) test= 43.75%
  S15 1500ms fold2/5: best_val= 75.00% (ep1) test= 62.50%
  S15 1500ms fold3/5: best_val= 75.00% (ep6) test= 75.00%
  S15 1500ms fold4/5: best_val= 75.00% (ep3) test= 50.00%
  S15 1500ms fold5/5: best_val= 43.75% (ep3) test= 43.75%
  S15 3000ms fold1/5: best_val= 68.75% (ep6) test= 37.50%
  S15 3000ms fold2/5: best_val= 56.25% (ep2) test= 56.25%
  S15 3000ms fold3/5: best_val= 62.50% (ep2) test= 68.75%
  S15 3000ms fold4/5: best_val= 68.75% (ep17) test= 37.50%
  S15 3000ms fold5/5: best_val= 62.50% (ep6) test= 50.00%
  S15 4000ms fold1/5: best_val= 75.00% (ep28) test= 62.50%
  S15 4000ms fold2/5: best_val= 62.50% (ep23) test= 68.75%
  S15 4000ms fold3/5: best_val= 75.00% (ep1) test= 25.00%
  S15 4000ms fold4/5: best_val= 68.75% (ep2) test= 25.00%
  S15 4000ms fold5/5: best_val= 68.75% (ep7) test= 50.00%
S15: 800ms= 46.25%  1500ms= 55.00%  3000ms= 50.00%  4000ms= 46.25%   (75s)
  S16 800ms fold1/5: best_val= 62.50% (ep1) test= 81.25%
  S16 800ms fold2/5: best_val= 50.00% (ep3) test= 50.00%
  S16 800ms fold3/5: best_val= 56.25% (ep2) test= 62.50%
  S16 800ms fold4/5: best_val= 81.25% (ep9) test= 62.50%
  S16 800ms fold5/5: best_val= 81.25% (ep7) test= 56.25%
  S16 1500ms fold1/5: best_val= 56.25% (ep1) test= 81.25%
  S16 1500ms fold2/5: best_val= 75.00% (ep10) test= 62.50%
  S16 1500ms fold3/5: best_val= 62.50% (ep14) test= 62.50%
  S16 1500ms fold4/5: best_val= 81.25% (ep16) test= 62.50%
  S16 1500ms fold5/5: best_val= 75.00% (ep3) test= 50.00%
  S16 3000ms fold1/5: best_val= 75.00% (ep3) test= 75.00%
  S16 3000ms fold2/5: best_val= 68.75% (ep7) test= 56.25%
  S16 3000ms fold3/5: best_val= 68.75% (ep18) test= 75.00%
  S16 3000ms fold4/5: best_val= 87.50% (ep7) test= 56.25%
  S16 3000ms fold5/5: best_val= 68.75% (ep4) test= 43.75%
  S16 4000ms fold1/5: best_val= 68.75% (ep3) test= 75.00%
  S16 4000ms fold2/5: best_val= 68.75% (ep3) test= 56.25%
  S16 4000ms fold3/5: best_val= 75.00% (ep9) test= 81.25%
  S16 4000ms fold4/5: best_val=100.00% (ep11) test= 68.75%
  S16 4000ms fold5/5: best_val= 81.25% (ep20) test= 43.75%
S16: 800ms= 62.50%  1500ms= 63.75%  3000ms= 61.25%  4000ms= 65.00%   (75s)
  S17 800ms fold1/5: best_val= 56.25% (ep5) test= 56.25%
  S17 800ms fold2/5: best_val= 68.75% (ep4) test= 50.00%
  S17 800ms fold3/5: best_val= 68.75% (ep2) test= 50.00%
  S17 800ms fold4/5: best_val= 81.25% (ep11) test= 56.25%
  S17 800ms fold5/5: best_val= 68.75% (ep4) test= 50.00%
  S17 1500ms fold1/5: best_val= 68.75% (ep21) test= 68.75%
  S17 1500ms fold2/5: best_val= 56.25% (ep3) test= 50.00%
  S17 1500ms fold3/5: best_val= 68.75% (ep4) test= 50.00%
  S17 1500ms fold4/5: best_val= 81.25% (ep31) test= 43.75%
  S17 1500ms fold5/5: best_val= 50.00% (ep4) test= 62.50%
  S17 3000ms fold1/5: best_val= 62.50% (ep20) test= 50.00%
  S17 3000ms fold2/5: best_val= 68.75% (ep2) test= 68.75%
  S17 3000ms fold3/5: best_val= 62.50% (ep2) test= 56.25%
  S17 3000ms fold4/5: best_val= 81.25% (ep19) test= 62.50%
  S17 3000ms fold5/5: best_val= 56.25% (ep1) test= 43.75%
  S17 4000ms fold1/5: best_val= 50.00% (ep1) test= 68.75%
  S17 4000ms fold2/5: best_val= 68.75% (ep6) test= 62.50%
  S17 4000ms fold3/5: best_val= 62.50% (ep5) test= 68.75%
  S17 4000ms fold4/5: best_val= 68.75% (ep6) test= 62.50%
  S17 4000ms fold5/5: best_val= 56.25% (ep1) test= 50.00%
S17: 800ms= 52.50%  1500ms= 55.00%  3000ms= 56.25%  4000ms= 62.50%   (75s)
  S18 800ms fold1/5: best_val= 75.00% (ep11) test= 62.50%
  S18 800ms fold2/5: best_val= 68.75% (ep6) test= 68.75%
  S18 800ms fold3/5: best_val= 56.25% (ep10) test= 56.25%
  S18 800ms fold4/5: best_val= 87.50% (ep1) test= 75.00%
  S18 800ms fold5/5: best_val= 75.00% (ep8) test= 37.50%
  S18 1500ms fold1/5: best_val= 68.75% (ep6) test= 56.25%
  S18 1500ms fold2/5: best_val= 68.75% (ep3) test= 37.50%
  S18 1500ms fold3/5: best_val= 68.75% (ep5) test= 56.25%
  S18 1500ms fold4/5: best_val= 87.50% (ep10) test= 56.25%
  S18 1500ms fold5/5: best_val= 68.75% (ep23) test= 62.50%
  S18 3000ms fold1/5: best_val= 81.25% (ep11) test= 62.50%
  S18 3000ms fold2/5: best_val= 87.50% (ep4) test= 56.25%
  S18 3000ms fold3/5: best_val= 75.00% (ep4) test= 50.00%
  S18 3000ms fold4/5: best_val= 81.25% (ep16) test= 50.00%
  S18 3000ms fold5/5: best_val= 75.00% (ep3) test= 43.75%
  S18 4000ms fold1/5: best_val= 87.50% (ep17) test= 56.25%
  S18 4000ms fold2/5: best_val= 81.25% (ep6) test= 81.25%
  S18 4000ms fold3/5: best_val= 68.75% (ep17) test= 37.50%
  S18 4000ms fold4/5: best_val= 87.50% (ep9) test= 68.75%
  S18 4000ms fold5/5: best_val= 75.00% (ep1) test= 37.50%
S18: 800ms= 60.00%  1500ms= 53.75%  3000ms= 52.50%  4000ms= 56.25%   (75s)

ALL SUBJECTS COMPLETED — WFE/EPS  (1344s)

====================================================================
SAVED WFE/EPS -> /work/11862/rmaahin/ls6/FineMI-enhancements/ConformerEEG/experiments/option_a/results/full/WFE_EPS
gpu=NVIDIA A100-PCIE-40GB | torch=2.8.0+cu128 | seed=42 | model=conformer_a | mode=full
====================================================================
window_ms   800    1500   3000   4000
subject                              
1          44.44  42.22  43.33  41.11
2          46.25  50.00  47.50  45.00
3          77.50  58.75  52.50  56.25
4          56.25  48.75  53.75  47.50
5          45.00  51.25  36.25  48.75
6          52.50  40.00  55.00  61.25
7          45.00  45.00  51.25  52.50
8          46.25  48.75  47.50  51.25
9          45.00  47.50  52.50  47.50
10         47.50  52.50  55.00  60.00
11         48.75  48.75  41.25  42.50
12         51.25  51.25  46.25  51.25
13         56.25  48.75  53.75  50.00
14         47.50  48.75  50.00  46.25
15         46.25  55.00  50.00  46.25
16         62.50  63.75  61.25  65.00
17         52.50  55.00  56.25  62.50
18         60.00  53.75  52.50  56.25

mean: {800: 51.71, 1500: 50.54, 3000: 50.32, 4000: 51.73}
sd  : {800: 8.45, 1500: 5.6, 3000: 5.93, 4000: 7.05}

Pairs saved so far in /work/11862/rmaahin/ls6/FineMI-enhancements/ConformerEEG/experiments/option_a/results/full: 27/28

##### pair_idx=9 (WFE_EFE) #####

Using device: cuda | gpu=NVIDIA A100-PCIE-40GB | torch=2.8.0+cu128
NOTE: determinism holds per-GPU-model. Record this GPU name.

PAIR: WFE/EFE  (classes 1 vs 4)  model=conformer_a  mode=full
Test time windows: [800, 1500, 3000, 4000] ms
Test time windows (samples): [200, 375, 750, 1000]

BINARY CLASSIFICATION: Class 1 vs Class 4  (WFE/EFE)
  Class 0 (original 1): 725 trials
  Class 1 (original 4): 725 trials

Extracted time windows:
  800ms (200 samples): shape (1450, 62, 200)
  1500ms (375 samples): shape (1450, 62, 375)
  3000ms (750 samples): shape (1450, 62, 750)
  4000ms (1000 samples): shape (1450, 62, 1000)

Model configuration:
  Model: conformer_a
  Channels: 62
  Subjects: [1, 2, 3, 4, 5, 6, 7, 8, 9, 10, 11, 12, 13, 14, 15, 16, 17, 18]
  Time windows: [800, 1500, 3000, 4000] ms
  Classes: 2 (Binary: Class 1 vs Class 4)
  Folds: 5
  Batch size: 32
  Epochs per subject per time window: 50
  S1 800ms fold1/5: best_val= 61.11% (ep37) test= 66.67%
  S1 800ms fold2/5: best_val= 55.56% (ep1) test= 61.11%
  S1 800ms fold3/5: best_val= 55.56% (ep1) test= 44.44%
  S1 800ms fold4/5: best_val= 50.00% (ep1) test= 27.78%
  S1 800ms fold5/5: best_val= 55.56% (ep3) test= 38.89%
  S1 1500ms fold1/5: best_val= 66.67% (ep9) test= 38.89%
  S1 1500ms fold2/5: best_val= 66.67% (ep36) test= 55.56%
  S1 1500ms fold3/5: best_val= 72.22% (ep8) test= 55.56%
  S1 1500ms fold4/5: best_val= 66.67% (ep3) test= 38.89%
  S1 1500ms fold5/5: best_val= 66.67% (ep19) test= 44.44%
  S1 3000ms fold1/5: best_val= 72.22% (ep48) test= 55.56%
  S1 3000ms fold2/5: best_val= 77.78% (ep7) test= 33.33%
  S1 3000ms fold3/5: best_val= 61.11% (ep3) test= 61.11%
  S1 3000ms fold4/5: best_val= 83.33% (ep3) test= 27.78%
  S1 3000ms fold5/5: best_val= 66.67% (ep25) test= 77.78%
  S1 4000ms fold1/5: best_val= 66.67% (ep13) test= 38.89%
  S1 4000ms fold2/5: best_val= 66.67% (ep11) test= 61.11%
  S1 4000ms fold3/5: best_val= 83.33% (ep24) test= 55.56%
  S1 4000ms fold4/5: best_val= 83.33% (ep5) test= 27.78%
  S1 4000ms fold5/5: best_val= 77.78% (ep9) test= 55.56%
S 1: 800ms= 47.78%  1500ms= 46.67%  3000ms= 51.11%  4000ms= 47.78%   (89s)
  S2 800ms fold1/5: best_val= 62.50% (ep36) test= 56.25%
  S2 800ms fold2/5: best_val= 50.00% (ep19) test= 31.25%
  S2 800ms fold3/5: best_val= 62.50% (ep10) test= 56.25%
  S2 800ms fold4/5: best_val= 56.25% (ep1) test= 62.50%
  S2 800ms fold5/5: best_val= 68.75% (ep2) test= 43.75%
  S2 1500ms fold1/5: best_val= 68.75% (ep1) test= 43.75%
  S2 1500ms fold2/5: best_val= 56.25% (ep1) test= 56.25%
  S2 1500ms fold3/5: best_val= 37.50% (ep5) test= 56.25%
  S2 1500ms fold4/5: best_val= 50.00% (ep1) test= 37.50%
  S2 1500ms fold5/5: best_val= 56.25% (ep2) test= 50.00%
  S2 3000ms fold1/5: best_val= 62.50% (ep1) test= 56.25%
  S2 3000ms fold2/5: best_val= 62.50% (ep1) test= 50.00%
  S2 3000ms fold3/5: best_val= 56.25% (ep1) test= 50.00%
  S2 3000ms fold4/5: best_val= 43.75% (ep4) test= 56.25%
  S2 3000ms fold5/5: best_val= 75.00% (ep23) test= 62.50%
  S2 4000ms fold1/5: best_val= 62.50% (ep1) test= 50.00%
  S2 4000ms fold2/5: best_val= 75.00% (ep7) test= 50.00%
  S2 4000ms fold3/5: best_val= 50.00% (ep6) test= 62.50%
  S2 4000ms fold4/5: best_val= 56.25% (ep5) test= 43.75%
  S2 4000ms fold5/5: best_val= 68.75% (ep14) test= 43.75%
S 2: 800ms= 50.00%  1500ms= 48.75%  3000ms= 55.00%  4000ms= 50.00%   (75s)
  S3 800ms fold1/5: best_val= 87.50% (ep13) test= 56.25%
  S3 800ms fold2/5: best_val= 87.50% (ep15) test= 68.75%
  S3 800ms fold3/5: best_val= 75.00% (ep4) test= 62.50%
  S3 800ms fold4/5: best_val= 68.75% (ep5) test= 81.25%
  S3 800ms fold5/5: best_val= 68.75% (ep15) test= 75.00%
  S3 1500ms fold1/5: best_val= 81.25% (ep13) test= 68.75%
  S3 1500ms fold2/5: best_val= 81.25% (ep1) test= 75.00%
  S3 1500ms fold3/5: best_val= 75.00% (ep4) test= 68.75%
  S3 1500ms fold4/5: best_val= 75.00% (ep17) test= 81.25%
  S3 1500ms fold5/5: best_val= 75.00% (ep19) test= 75.00%
  S3 3000ms fold1/5: best_val= 81.25% (ep11) test= 56.25%
  S3 3000ms fold2/5: best_val= 81.25% (ep1) test= 62.50%
  S3 3000ms fold3/5: best_val= 62.50% (ep2) test= 62.50%
  S3 3000ms fold4/5: best_val= 68.75% (ep9) test= 68.75%
  S3 3000ms fold5/5: best_val= 75.00% (ep22) test= 56.25%
  S3 4000ms fold1/5: best_val= 87.50% (ep2) test= 56.25%
  S3 4000ms fold2/5: best_val= 68.75% (ep8) test= 62.50%
  S3 4000ms fold3/5: best_val= 68.75% (ep8) test= 62.50%
  S3 4000ms fold4/5: best_val= 62.50% (ep3) test= 62.50%
  S3 4000ms fold5/5: best_val= 62.50% (ep1) test= 56.25%
S 3: 800ms= 68.75%  1500ms= 73.75%  3000ms= 61.25%  4000ms= 60.00%   (75s)
  S4 800ms fold1/5: best_val= 56.25% (ep11) test= 68.75%
  S4 800ms fold2/5: best_val= 50.00% (ep1) test= 56.25%
  S4 800ms fold3/5: best_val= 75.00% (ep9) test= 37.50%
  S4 800ms fold4/5: best_val= 68.75% (ep10) test= 68.75%
  S4 800ms fold5/5: best_val= 68.75% (ep7) test= 56.25%
  S4 1500ms fold1/5: best_val= 68.75% (ep7) test= 62.50%
  S4 1500ms fold2/5: best_val= 62.50% (ep4) test= 68.75%
  S4 1500ms fold3/5: best_val= 68.75% (ep4) test= 43.75%
  S4 1500ms fold4/5: best_val= 56.25% (ep7) test= 62.50%
  S4 1500ms fold5/5: best_val= 75.00% (ep8) test= 56.25%
  S4 3000ms fold1/5: best_val= 68.75% (ep3) test= 68.75%
  S4 3000ms fold2/5: best_val= 56.25% (ep6) test= 68.75%
  S4 3000ms fold3/5: best_val= 87.50% (ep6) test= 56.25%
  S4 3000ms fold4/5: best_val= 62.50% (ep8) test= 68.75%
  S4 3000ms fold5/5: best_val= 75.00% (ep9) test= 37.50%
  S4 4000ms fold1/5: best_val= 68.75% (ep19) test= 62.50%
  S4 4000ms fold2/5: best_val= 56.25% (ep22) test= 68.75%
  S4 4000ms fold3/5: best_val= 75.00% (ep15) test= 43.75%
  S4 4000ms fold4/5: best_val= 62.50% (ep6) test= 50.00%
  S4 4000ms fold5/5: best_val= 81.25% (ep19) test= 68.75%
S 4: 800ms= 57.50%  1500ms= 58.75%  3000ms= 60.00%  4000ms= 58.75%   (75s)
  S5 800ms fold1/5: best_val= 62.50% (ep1) test= 56.25%
  S5 800ms fold2/5: best_val= 62.50% (ep3) test= 75.00%
  S5 800ms fold3/5: best_val= 56.25% (ep8) test= 56.25%
  S5 800ms fold4/5: best_val= 68.75% (ep2) test= 50.00%
  S5 800ms fold5/5: best_val= 50.00% (ep1) test= 50.00%
  S5 1500ms fold1/5: best_val= 56.25% (ep1) test= 56.25%
  S5 1500ms fold2/5: best_val= 56.25% (ep15) test= 50.00%
  S5 1500ms fold3/5: best_val= 68.75% (ep7) test= 43.75%
  S5 1500ms fold4/5: best_val= 62.50% (ep2) test= 43.75%
  S5 1500ms fold5/5: best_val= 62.50% (ep1) test= 62.50%
  S5 3000ms fold1/5: best_val= 62.50% (ep7) test= 37.50%
  S5 3000ms fold2/5: best_val= 62.50% (ep8) test= 56.25%
  S5 3000ms fold3/5: best_val= 68.75% (ep10) test= 37.50%
  S5 3000ms fold4/5: best_val= 75.00% (ep30) test= 43.75%
  S5 3000ms fold5/5: best_val= 62.50% (ep3) test= 56.25%
  S5 4000ms fold1/5: best_val= 56.25% (ep6) test= 37.50%
  S5 4000ms fold2/5: best_val= 68.75% (ep9) test= 37.50%
  S5 4000ms fold3/5: best_val= 68.75% (ep40) test= 37.50%
  S5 4000ms fold4/5: best_val= 68.75% (ep6) test= 37.50%
  S5 4000ms fold5/5: best_val= 75.00% (ep4) test= 56.25%
S 5: 800ms= 57.50%  1500ms= 51.25%  3000ms= 46.25%  4000ms= 41.25%   (75s)
  S6 800ms fold1/5: best_val= 43.75% (ep4) test= 31.25%
  S6 800ms fold2/5: best_val= 56.25% (ep13) test= 43.75%
  S6 800ms fold3/5: best_val= 75.00% (ep3) test= 56.25%
  S6 800ms fold4/5: best_val= 43.75% (ep2) test= 37.50%
  S6 800ms fold5/5: best_val= 56.25% (ep22) test= 56.25%
  S6 1500ms fold1/5: best_val= 50.00% (ep1) test= 31.25%
  S6 1500ms fold2/5: best_val= 68.75% (ep3) test= 50.00%
  S6 1500ms fold3/5: best_val= 62.50% (ep1) test= 50.00%
  S6 1500ms fold4/5: best_val= 56.25% (ep1) test= 50.00%
  S6 1500ms fold5/5: best_val= 56.25% (ep9) test= 62.50%
  S6 3000ms fold1/5: best_val= 68.75% (ep34) test= 62.50%
  S6 3000ms fold2/5: best_val= 56.25% (ep1) test= 56.25%
  S6 3000ms fold3/5: best_val= 56.25% (ep2) test= 25.00%
  S6 3000ms fold4/5: best_val= 50.00% (ep3) test= 50.00%
  S6 3000ms fold5/5: best_val= 50.00% (ep1) test= 37.50%
  S6 4000ms fold1/5: best_val= 62.50% (ep2) test= 62.50%
  S6 4000ms fold2/5: best_val= 56.25% (ep1) test= 50.00%
  S6 4000ms fold3/5: best_val= 62.50% (ep7) test= 50.00%
  S6 4000ms fold4/5: best_val= 75.00% (ep1) test= 62.50%
  S6 4000ms fold5/5: best_val= 68.75% (ep17) test= 62.50%
S 6: 800ms= 45.00%  1500ms= 48.75%  3000ms= 46.25%  4000ms= 57.50%   (75s)
  S7 800ms fold1/5: best_val= 62.50% (ep14) test= 62.50%
  S7 800ms fold2/5: best_val= 68.75% (ep4) test= 50.00%
  S7 800ms fold3/5: best_val= 81.25% (ep23) test= 50.00%
  S7 800ms fold4/5: best_val= 81.25% (ep22) test= 37.50%
  S7 800ms fold5/5: best_val= 62.50% (ep7) test= 62.50%
  S7 1500ms fold1/5: best_val= 75.00% (ep8) test= 50.00%
  S7 1500ms fold2/5: best_val= 50.00% (ep1) test= 62.50%
  S7 1500ms fold3/5: best_val= 68.75% (ep2) test= 31.25%
  S7 1500ms fold4/5: best_val= 81.25% (ep15) test= 37.50%
  S7 1500ms fold5/5: best_val= 68.75% (ep1) test= 37.50%
  S7 3000ms fold1/5: best_val= 62.50% (ep3) test= 56.25%
  S7 3000ms fold2/5: best_val= 56.25% (ep1) test= 37.50%
  S7 3000ms fold3/5: best_val= 68.75% (ep8) test= 50.00%
  S7 3000ms fold4/5: best_val= 75.00% (ep2) test= 31.25%
  S7 3000ms fold5/5: best_val= 68.75% (ep35) test= 75.00%
  S7 4000ms fold1/5: best_val= 56.25% (ep1) test= 56.25%
  S7 4000ms fold2/5: best_val= 50.00% (ep2) test= 56.25%
  S7 4000ms fold3/5: best_val= 68.75% (ep3) test= 50.00%
  S7 4000ms fold4/5: best_val= 75.00% (ep3) test= 37.50%
  S7 4000ms fold5/5: best_val= 56.25% (ep2) test= 62.50%
S 7: 800ms= 52.50%  1500ms= 43.75%  3000ms= 50.00%  4000ms= 52.50%   (75s)
  S8 800ms fold1/5: best_val= 50.00% (ep1) test= 68.75%
  S8 800ms fold2/5: best_val= 62.50% (ep2) test= 62.50%
  S8 800ms fold3/5: best_val= 75.00% (ep5) test= 62.50%
  S8 800ms fold4/5: best_val= 75.00% (ep17) test= 43.75%
  S8 800ms fold5/5: best_val= 68.75% (ep4) test= 37.50%
  S8 1500ms fold1/5: best_val= 68.75% (ep3) test= 43.75%
  S8 1500ms fold2/5: best_val= 56.25% (ep1) test= 50.00%
  S8 1500ms fold3/5: best_val= 62.50% (ep1) test= 37.50%
  S8 1500ms fold4/5: best_val= 81.25% (ep18) test= 37.50%
  S8 1500ms fold5/5: best_val= 68.75% (ep22) test= 81.25%
  S8 3000ms fold1/5: best_val= 50.00% (ep2) test= 62.50%
  S8 3000ms fold2/5: best_val= 56.25% (ep3) test= 50.00%
  S8 3000ms fold3/5: best_val= 62.50% (ep7) test= 31.25%
  S8 3000ms fold4/5: best_val= 68.75% (ep2) test= 25.00%
  S8 3000ms fold5/5: best_val= 62.50% (ep2) test= 50.00%
  S8 4000ms fold1/5: best_val= 50.00% (ep12) test= 37.50%
  S8 4000ms fold2/5: best_val= 50.00% (ep1) test= 56.25%
  S8 4000ms fold3/5: best_val= 50.00% (ep5) test= 62.50%
  S8 4000ms fold4/5: best_val= 75.00% (ep18) test= 43.75%
  S8 4000ms fold5/5: best_val= 68.75% (ep5) test= 56.25%
S 8: 800ms= 55.00%  1500ms= 50.00%  3000ms= 43.75%  4000ms= 51.25%   (75s)
  S9 800ms fold1/5: best_val= 68.75% (ep10) test= 43.75%
  S9 800ms fold2/5: best_val= 56.25% (ep7) test= 37.50%
  S9 800ms fold3/5: best_val= 68.75% (ep2) test= 75.00%
  S9 800ms fold4/5: best_val= 56.25% (ep12) test= 43.75%
  S9 800ms fold5/5: best_val= 62.50% (ep1) test= 31.25%
  S9 1500ms fold1/5: best_val= 62.50% (ep12) test= 31.25%
  S9 1500ms fold2/5: best_val= 68.75% (ep14) test= 43.75%
  S9 1500ms fold3/5: best_val= 56.25% (ep27) test= 43.75%
  S9 1500ms fold4/5: best_val= 37.50% (ep1) test= 56.25%
  S9 1500ms fold5/5: best_val= 68.75% (ep11) test= 50.00%
  S9 3000ms fold1/5: best_val= 68.75% (ep3) test= 43.75%
  S9 3000ms fold2/5: best_val= 68.75% (ep34) test= 50.00%
  S9 3000ms fold3/5: best_val= 62.50% (ep1) test= 25.00%
  S9 3000ms fold4/5: best_val= 50.00% (ep16) test= 50.00%
  S9 3000ms fold5/5: best_val= 56.25% (ep1) test= 50.00%
  S9 4000ms fold1/5: best_val= 68.75% (ep2) test= 43.75%
  S9 4000ms fold2/5: best_val= 56.25% (ep5) test= 56.25%
  S9 4000ms fold3/5: best_val= 56.25% (ep1) test= 56.25%
  S9 4000ms fold4/5: best_val= 50.00% (ep5) test= 50.00%
  S9 4000ms fold5/5: best_val= 56.25% (ep3) test= 68.75%
S 9: 800ms= 46.25%  1500ms= 45.00%  3000ms= 43.75%  4000ms= 55.00%   (75s)
  S10 800ms fold1/5: best_val= 87.50% (ep12) test= 37.50%
  S10 800ms fold2/5: best_val= 50.00% (ep3) test= 62.50%
  S10 800ms fold3/5: best_val= 50.00% (ep1) test= 50.00%
  S10 800ms fold4/5: best_val= 68.75% (ep12) test= 56.25%
  S10 800ms fold5/5: best_val= 50.00% (ep6) test= 62.50%
  S10 1500ms fold1/5: best_val= 56.25% (ep2) test= 56.25%
  S10 1500ms fold2/5: best_val= 50.00% (ep6) test= 56.25%
  S10 1500ms fold3/5: best_val= 50.00% (ep1) test= 62.50%
  S10 1500ms fold4/5: best_val= 56.25% (ep1) test= 50.00%
  S10 1500ms fold5/5: best_val= 43.75% (ep13) test= 75.00%
  S10 3000ms fold1/5: best_val= 56.25% (ep3) test= 43.75%
  S10 3000ms fold2/5: best_val= 62.50% (ep2) test= 43.75%
  S10 3000ms fold3/5: best_val= 56.25% (ep3) test= 50.00%
  S10 3000ms fold4/5: best_val= 62.50% (ep18) test= 56.25%
  S10 3000ms fold5/5: best_val= 68.75% (ep7) test= 68.75%
  S10 4000ms fold1/5: best_val= 75.00% (ep3) test= 56.25%
  S10 4000ms fold2/5: best_val= 50.00% (ep1) test= 50.00%
  S10 4000ms fold3/5: best_val= 62.50% (ep4) test= 62.50%
  S10 4000ms fold4/5: best_val= 68.75% (ep21) test= 62.50%
  S10 4000ms fold5/5: best_val= 56.25% (ep3) test= 50.00%
S10: 800ms= 53.75%  1500ms= 60.00%  3000ms= 52.50%  4000ms= 56.25%   (75s)
  S11 800ms fold1/5: best_val= 68.75% (ep6) test= 43.75%
  S11 800ms fold2/5: best_val= 62.50% (ep3) test= 31.25%
  S11 800ms fold3/5: best_val= 75.00% (ep2) test= 37.50%
  S11 800ms fold4/5: best_val= 56.25% (ep2) test= 56.25%
  S11 800ms fold5/5: best_val= 62.50% (ep1) test= 50.00%
  S11 1500ms fold1/5: best_val= 56.25% (ep11) test= 56.25%
  S11 1500ms fold2/5: best_val= 56.25% (ep11) test= 25.00%
  S11 1500ms fold3/5: best_val= 68.75% (ep5) test= 43.75%
  S11 1500ms fold4/5: best_val= 68.75% (ep12) test= 25.00%
  S11 1500ms fold5/5: best_val= 62.50% (ep4) test= 62.50%
  S11 3000ms fold1/5: best_val= 50.00% (ep1) test= 56.25%
  S11 3000ms fold2/5: best_val= 56.25% (ep1) test= 50.00%
  S11 3000ms fold3/5: best_val= 56.25% (ep10) test= 18.75%
  S11 3000ms fold4/5: best_val= 50.00% (ep1) test= 31.25%
  S11 3000ms fold5/5: best_val= 68.75% (ep29) test= 43.75%
  S11 4000ms fold1/5: best_val= 56.25% (ep1) test= 43.75%
  S11 4000ms fold2/5: best_val= 62.50% (ep1) test= 62.50%
  S11 4000ms fold3/5: best_val= 87.50% (ep2) test= 31.25%
  S11 4000ms fold4/5: best_val= 50.00% (ep2) test= 43.75%
  S11 4000ms fold5/5: best_val= 56.25% (ep2) test= 43.75%
S11: 800ms= 43.75%  1500ms= 42.50%  3000ms= 40.00%  4000ms= 45.00%   (75s)
  S12 800ms fold1/5: best_val= 75.00% (ep25) test= 50.00%
  S12 800ms fold2/5: best_val= 56.25% (ep13) test= 37.50%
  S12 800ms fold3/5: best_val= 56.25% (ep1) test= 37.50%
  S12 800ms fold4/5: best_val= 68.75% (ep10) test= 50.00%
  S12 800ms fold5/5: best_val= 56.25% (ep4) test= 50.00%
  S12 1500ms fold1/5: best_val= 62.50% (ep3) test= 50.00%
  S12 1500ms fold2/5: best_val= 68.75% (ep15) test= 43.75%
  S12 1500ms fold3/5: best_val= 50.00% (ep4) test= 43.75%
  S12 1500ms fold4/5: best_val= 62.50% (ep11) test= 50.00%
  S12 1500ms fold5/5: best_val= 50.00% (ep26) test= 62.50%
  S12 3000ms fold1/5: best_val= 56.25% (ep2) test= 43.75%
  S12 3000ms fold2/5: best_val= 56.25% (ep2) test= 62.50%
  S12 3000ms fold3/5: best_val= 75.00% (ep39) test= 62.50%
  S12 3000ms fold4/5: best_val= 56.25% (ep31) test= 62.50%
  S12 3000ms fold5/5: best_val= 56.25% (ep2) test= 62.50%
  S12 4000ms fold1/5: best_val= 62.50% (ep1) test= 31.25%
  S12 4000ms fold2/5: best_val= 62.50% (ep2) test= 50.00%
  S12 4000ms fold3/5: best_val= 56.25% (ep2) test= 56.25%
  S12 4000ms fold4/5: best_val= 62.50% (ep2) test= 62.50%
  S12 4000ms fold5/5: best_val= 62.50% (ep1) test= 50.00%
S12: 800ms= 45.00%  1500ms= 50.00%  3000ms= 58.75%  4000ms= 50.00%   (75s)
  S13 800ms fold1/5: best_val= 56.25% (ep1) test= 37.50%
  S13 800ms fold2/5: best_val= 81.25% (ep4) test= 37.50%
  S13 800ms fold3/5: best_val= 62.50% (ep31) test= 62.50%
  S13 800ms fold4/5: best_val= 62.50% (ep7) test= 43.75%
  S13 800ms fold5/5: best_val= 68.75% (ep13) test= 62.50%
  S13 1500ms fold1/5: best_val= 50.00% (ep2) test= 43.75%
  S13 1500ms fold2/5: best_val= 75.00% (ep11) test= 43.75%
  S13 1500ms fold3/5: best_val= 62.50% (ep8) test= 75.00%
  S13 1500ms fold4/5: best_val= 75.00% (ep22) test= 56.25%
  S13 1500ms fold5/5: best_val= 62.50% (ep5) test= 31.25%
  S13 3000ms fold1/5: best_val= 50.00% (ep2) test= 56.25%
  S13 3000ms fold2/5: best_val= 68.75% (ep8) test= 43.75%
  S13 3000ms fold3/5: best_val= 68.75% (ep5) test= 43.75%
  S13 3000ms fold4/5: best_val= 56.25% (ep9) test= 62.50%
  S13 3000ms fold5/5: best_val= 81.25% (ep1) test= 50.00%
  S13 4000ms fold1/5: best_val= 43.75% (ep2) test= 37.50%
  S13 4000ms fold2/5: best_val= 75.00% (ep9) test= 43.75%
  S13 4000ms fold3/5: best_val= 68.75% (ep29) test= 50.00%
  S13 4000ms fold4/5: best_val= 62.50% (ep1) test= 56.25%
  S13 4000ms fold5/5: best_val= 68.75% (ep2) test= 43.75%
S13: 800ms= 48.75%  1500ms= 50.00%  3000ms= 51.25%  4000ms= 46.25%   (75s)
  S14 800ms fold1/5: best_val= 62.50% (ep2) test= 56.25%
  S14 800ms fold2/5: best_val= 43.75% (ep1) test= 37.50%
  S14 800ms fold3/5: best_val= 87.50% (ep3) test= 62.50%
  S14 800ms fold4/5: best_val= 43.75% (ep8) test= 50.00%
  S14 800ms fold5/5: best_val= 75.00% (ep4) test= 43.75%
  S14 1500ms fold1/5: best_val= 56.25% (ep2) test= 50.00%
  S14 1500ms fold2/5: best_val= 50.00% (ep10) test= 43.75%
  S14 1500ms fold3/5: best_val= 56.25% (ep2) test= 50.00%
  S14 1500ms fold4/5: best_val= 56.25% (ep1) test= 50.00%
  S14 1500ms fold5/5: best_val= 62.50% (ep1) test= 50.00%
  S14 3000ms fold1/5: best_val= 62.50% (ep1) test= 50.00%
  S14 3000ms fold2/5: best_val= 62.50% (ep8) test= 50.00%
  S14 3000ms fold3/5: best_val= 56.25% (ep5) test= 56.25%
  S14 3000ms fold4/5: best_val= 81.25% (ep9) test= 37.50%
  S14 3000ms fold5/5: best_val= 68.75% (ep22) test= 68.75%
  S14 4000ms fold1/5: best_val= 62.50% (ep16) test= 37.50%
  S14 4000ms fold2/5: best_val= 68.75% (ep25) test= 62.50%
  S14 4000ms fold3/5: best_val= 62.50% (ep9) test= 62.50%
  S14 4000ms fold4/5: best_val= 75.00% (ep6) test= 43.75%
  S14 4000ms fold5/5: best_val= 81.25% (ep6) test= 68.75%
S14: 800ms= 50.00%  1500ms= 48.75%  3000ms= 52.50%  4000ms= 55.00%   (75s)
  S15 800ms fold1/5: best_val= 62.50% (ep16) test= 56.25%
  S15 800ms fold2/5: best_val= 75.00% (ep2) test= 37.50%
  S15 800ms fold3/5: best_val= 50.00% (ep3) test= 68.75%
  S15 800ms fold4/5: best_val= 75.00% (ep2) test= 50.00%
  S15 800ms fold5/5: best_val= 56.25% (ep5) test= 75.00%
  S15 1500ms fold1/5: best_val= 62.50% (ep14) test= 62.50%
  S15 1500ms fold2/5: best_val= 62.50% (ep3) test= 43.75%
  S15 1500ms fold3/5: best_val= 68.75% (ep1) test= 43.75%
  S15 1500ms fold4/5: best_val= 56.25% (ep1) test= 50.00%
  S15 1500ms fold5/5: best_val= 62.50% (ep2) test= 37.50%
  S15 3000ms fold1/5: best_val= 50.00% (ep2) test= 43.75%
  S15 3000ms fold2/5: best_val= 62.50% (ep2) test= 62.50%
  S15 3000ms fold3/5: best_val= 56.25% (ep5) test= 43.75%
  S15 3000ms fold4/5: best_val= 56.25% (ep4) test= 37.50%
  S15 3000ms fold5/5: best_val= 50.00% (ep1) test= 43.75%
  S15 4000ms fold1/5: best_val= 43.75% (ep3) test= 56.25%
  S15 4000ms fold2/5: best_val= 56.25% (ep5) test= 37.50%
  S15 4000ms fold3/5: best_val= 75.00% (ep2) test= 56.25%
  S15 4000ms fold4/5: best_val= 56.25% (ep1) test= 43.75%
  S15 4000ms fold5/5: best_val= 56.25% (ep1) test= 50.00%
S15: 800ms= 57.50%  1500ms= 47.50%  3000ms= 46.25%  4000ms= 48.75%   (75s)
  S16 800ms fold1/5: best_val= 56.25% (ep2) test= 62.50%
  S16 800ms fold2/5: best_val= 75.00% (ep12) test= 62.50%
  S16 800ms fold3/5: best_val= 62.50% (ep6) test= 37.50%
  S16 800ms fold4/5: best_val= 68.75% (ep20) test= 68.75%
  S16 800ms fold5/5: best_val= 62.50% (ep16) test= 68.75%
  S16 1500ms fold1/5: best_val= 56.25% (ep1) test= 50.00%
  S16 1500ms fold2/5: best_val= 81.25% (ep10) test= 43.75%
  S16 1500ms fold3/5: best_val= 56.25% (ep21) test= 43.75%
  S16 1500ms fold4/5: best_val= 50.00% (ep3) test= 50.00%
  S16 1500ms fold5/5: best_val= 62.50% (ep5) test= 62.50%
  S16 3000ms fold1/5: best_val= 75.00% (ep12) test= 56.25%
  S16 3000ms fold2/5: best_val= 81.25% (ep11) test= 50.00%
  S16 3000ms fold3/5: best_val= 50.00% (ep1) test= 56.25%
  S16 3000ms fold4/5: best_val= 50.00% (ep1) test= 50.00%
  S16 3000ms fold5/5: best_val= 56.25% (ep10) test= 75.00%
  S16 4000ms fold1/5: best_val= 68.75% (ep9) test= 62.50%
  S16 4000ms fold2/5: best_val= 68.75% (ep6) test= 31.25%
  S16 4000ms fold3/5: best_val= 62.50% (ep6) test= 68.75%
  S16 4000ms fold4/5: best_val= 62.50% (ep2) test= 56.25%
  S16 4000ms fold5/5: best_val= 62.50% (ep30) test= 68.75%
S16: 800ms= 60.00%  1500ms= 50.00%  3000ms= 57.50%  4000ms= 57.50%   (75s)
  S17 800ms fold1/5: best_val= 50.00% (ep1) test= 37.50%
  S17 800ms fold2/5: best_val= 62.50% (ep7) test= 43.75%
  S17 800ms fold3/5: best_val= 68.75% (ep11) test= 31.25%
  S17 800ms fold4/5: best_val= 68.75% (ep11) test= 62.50%
  S17 800ms fold5/5: best_val= 68.75% (ep2) test= 62.50%
  S17 1500ms fold1/5: best_val= 50.00% (ep1) test= 43.75%
  S17 1500ms fold2/5: best_val= 62.50% (ep1) test= 43.75%
  S17 1500ms fold3/5: best_val= 75.00% (ep2) test= 50.00%
  S17 1500ms fold4/5: best_val= 62.50% (ep13) test= 50.00%
  S17 1500ms fold5/5: best_val= 56.25% (ep19) test= 50.00%
  S17 3000ms fold1/5: best_val= 56.25% (ep5) test= 43.75%
  S17 3000ms fold2/5: best_val= 62.50% (ep4) test= 37.50%
  S17 3000ms fold3/5: best_val= 75.00% (ep7) test= 62.50%
  S17 3000ms fold4/5: best_val= 62.50% (ep4) test= 43.75%
  S17 3000ms fold5/5: best_val= 56.25% (ep1) test= 37.50%
  S17 4000ms fold1/5: best_val= 50.00% (ep2) test= 50.00%
  S17 4000ms fold2/5: best_val= 62.50% (ep13) test= 43.75%
  S17 4000ms fold3/5: best_val= 56.25% (ep5) test= 56.25%
  S17 4000ms fold4/5: best_val= 62.50% (ep6) test= 50.00%
  S17 4000ms fold5/5: best_val= 56.25% (ep1) test= 62.50%
S17: 800ms= 47.50%  1500ms= 47.50%  3000ms= 45.00%  4000ms= 52.50%   (74s)
  S18 800ms fold1/5: best_val= 68.75% (ep1) test= 43.75%
  S18 800ms fold2/5: best_val= 62.50% (ep15) test= 62.50%
  S18 800ms fold3/5: best_val= 56.25% (ep37) test= 56.25%
  S18 800ms fold4/5: best_val= 62.50% (ep1) test= 68.75%
  S18 800ms fold5/5: best_val= 56.25% (ep22) test= 62.50%
  S18 1500ms fold1/5: best_val= 56.25% (ep2) test= 50.00%
  S18 1500ms fold2/5: best_val= 62.50% (ep18) test= 68.75%
  S18 1500ms fold3/5: best_val= 50.00% (ep14) test= 56.25%
  S18 1500ms fold4/5: best_val= 68.75% (ep23) test= 50.00%
  S18 1500ms fold5/5: best_val= 56.25% (ep2) test= 18.75%
  S18 3000ms fold1/5: best_val= 62.50% (ep13) test= 43.75%
  S18 3000ms fold2/5: best_val= 68.75% (ep1) test= 62.50%
  S18 3000ms fold3/5: best_val= 62.50% (ep1) test= 68.75%
  S18 3000ms fold4/5: best_val= 62.50% (ep6) test= 56.25%
  S18 3000ms fold5/5: best_val= 62.50% (ep2) test= 25.00%
  S18 4000ms fold1/5: best_val= 56.25% (ep5) test= 50.00%
  S18 4000ms fold2/5: best_val= 68.75% (ep1) test= 68.75%
  S18 4000ms fold3/5: best_val= 56.25% (ep1) test= 62.50%
  S18 4000ms fold4/5: best_val= 62.50% (ep1) test= 50.00%
  S18 4000ms fold5/5: best_val= 56.25% (ep14) test= 31.25%
S18: 800ms= 58.75%  1500ms= 48.75%  3000ms= 51.25%  4000ms= 52.50%   (73s)

ALL SUBJECTS COMPLETED — WFE/EFE  (1357s)

====================================================================
SAVED WFE/EFE -> /work/11862/rmaahin/ls6/FineMI-enhancements/ConformerEEG/experiments/option_a/results/full/WFE_EFE
gpu=NVIDIA A100-PCIE-40GB | torch=2.8.0+cu128 | seed=42 | model=conformer_a | mode=full
====================================================================
window_ms   800    1500   3000   4000
subject                              
1          47.78  46.67  51.11  47.78
2          50.00  48.75  55.00  50.00
3          68.75  73.75  61.25  60.00
4          57.50  58.75  60.00  58.75
5          57.50  51.25  46.25  41.25
6          45.00  48.75  46.25  57.50
7          52.50  43.75  50.00  52.50
8          55.00  50.00  43.75  51.25
9          46.25  45.00  43.75  55.00
10         53.75  60.00  52.50  56.25
11         43.75  42.50  40.00  45.00
12         45.00  50.00  58.75  50.00
13         48.75  50.00  51.25  46.25
14         50.00  48.75  52.50  55.00
15         57.50  47.50  46.25  48.75
16         60.00  50.00  57.50  57.50
17         47.50  47.50  45.00  52.50
18         58.75  48.75  51.25  52.50

mean: {800: 52.52, 1500: 50.65, 3000: 50.69, 4000: 52.1}
sd  : {800: 6.62, 1500: 7.21, 3000: 6.13, 4000: 5.09}

Pairs saved so far in /work/11862/rmaahin/ls6/FineMI-enhancements/ConformerEEG/experiments/option_a/results/full: 28/28

Done: pairs [0, 1, 2, 3, 4, 5, 6, 7, 8, 9]
