run_pairs_range: model=conformer_a mode=full range=[10, 19) -> pairs [10, 11, 12, 13, 14, 15, 16, 17, 18]
  dataset_root=/scratch/11862/rmaahin/finemi-dataset/FineMI
  results_root=/work/11862/rmaahin/ls6/FineMI-enhancements/ConformerEEG/experiments/option_a/results/full
  config=/work/11862/rmaahin/ls6/FineMI-enhancements/ConformerEEG/experiments/option_a/config_full.json

##### pair_idx=10 (WFE_SPS) #####

Using device: cuda | gpu=NVIDIA A100-PCIE-40GB | torch=2.8.0+cu128
NOTE: determinism holds per-GPU-model. Record this GPU name.

PAIR: WFE/SPS  (classes 1 vs 5)  model=conformer_a  mode=full
Test time windows: [800, 1500, 3000, 4000] ms
Test time windows (samples): [200, 375, 750, 1000]

Found 0 subject folders
No subject folders; found 18 subject .npz files

BINARY CLASSIFICATION: Class 1 vs Class 5  (WFE/SPS)
  Class 0 (original 1): 725 trials
  Class 1 (original 5): 725 trials

Extracted time windows:
  800ms (200 samples): shape (1450, 62, 200)
  1500ms (375 samples): shape (1450, 62, 375)
  3000ms (750 samples): shape (1450, 62, 750)
  4000ms (1000 samples): shape (1450, 62, 1000)

Model configuration:
  Model: conformer_a
  Channels: 62
  Subjects: [1, 2, 3, 4, 5, 6, 7, 8, 9, 10, 11, 12, 13, 14, 15, 16, 17, 18]
  Time windows: [800, 1500, 3000, 4000] ms
  Classes: 2 (Binary: Class 1 vs Class 5)
  Folds: 5
  Batch size: 32
  Epochs per subject per time window: 50
  S1 800ms fold1/5: best_val= 61.11% (ep14) test= 44.44%
  S1 800ms fold2/5: best_val= 66.67% (ep15) test= 66.67%
  S1 800ms fold3/5: best_val= 77.78% (ep26) test= 61.11%
  S1 800ms fold4/5: best_val= 77.78% (ep16) test= 33.33%
  S1 800ms fold5/5: best_val= 61.11% (ep1) test= 44.44%
  S1 1500ms fold1/5: best_val= 72.22% (ep9) test= 44.44%
  S1 1500ms fold2/5: best_val= 77.78% (ep13) test= 44.44%
  S1 1500ms fold3/5: best_val= 77.78% (ep8) test= 38.89%
  S1 1500ms fold4/5: best_val= 66.67% (ep11) test= 44.44%
  S1 1500ms fold5/5: best_val= 66.67% (ep28) test= 61.11%
  S1 3000ms fold1/5: best_val= 72.22% (ep13) test= 50.00%
  S1 3000ms fold2/5: best_val= 83.33% (ep15) test= 50.00%
  S1 3000ms fold3/5: best_val= 72.22% (ep3) test= 72.22%
  S1 3000ms fold4/5: best_val= 66.67% (ep13) test= 55.56%
  S1 3000ms fold5/5: best_val= 72.22% (ep7) test= 61.11%
  S1 4000ms fold1/5: best_val= 77.78% (ep17) test= 72.22%
  S1 4000ms fold2/5: best_val= 88.89% (ep12) test= 38.89%
  S1 4000ms fold3/5: best_val= 77.78% (ep12) test= 72.22%
  S1 4000ms fold4/5: best_val= 66.67% (ep5) test= 55.56%
  S1 4000ms fold5/5: best_val= 77.78% (ep3) test= 72.22%
S 1: 800ms= 50.00%  1500ms= 46.67%  3000ms= 57.78%  4000ms= 62.22%   (134s)
  S2 800ms fold1/5: best_val= 62.50% (ep1) test= 43.75%
  S2 800ms fold2/5: best_val= 62.50% (ep1) test= 50.00%
  S2 800ms fold3/5: best_val= 62.50% (ep3) test= 56.25%
  S2 800ms fold4/5: best_val= 43.75% (ep1) test= 31.25%
  S2 800ms fold5/5: best_val= 50.00% (ep6) test= 50.00%
  S2 1500ms fold1/5: best_val= 81.25% (ep12) test= 56.25%
  S2 1500ms fold2/5: best_val= 68.75% (ep6) test= 50.00%
  S2 1500ms fold3/5: best_val= 50.00% (ep18) test= 56.25%
  S2 1500ms fold4/5: best_val= 62.50% (ep3) test= 50.00%
  S2 1500ms fold5/5: best_val= 50.00% (ep7) test= 43.75%
  S2 3000ms fold1/5: best_val= 87.50% (ep25) test= 50.00%
  S2 3000ms fold2/5: best_val= 68.75% (ep9) test= 62.50%
  S2 3000ms fold3/5: best_val= 68.75% (ep22) test= 56.25%
  S2 3000ms fold4/5: best_val= 56.25% (ep19) test= 68.75%
  S2 3000ms fold5/5: best_val= 50.00% (ep17) test= 56.25%
  S2 4000ms fold1/5: best_val= 56.25% (ep5) test= 50.00%
  S2 4000ms fold2/5: best_val= 62.50% (ep10) test= 56.25%
  S2 4000ms fold3/5: best_val= 62.50% (ep1) test= 62.50%
  S2 4000ms fold4/5: best_val= 62.50% (ep6) test= 62.50%
  S2 4000ms fold5/5: best_val= 56.25% (ep15) test= 50.00%
S 2: 800ms= 46.25%  1500ms= 51.25%  3000ms= 58.75%  4000ms= 56.25%   (71s)
  S3 800ms fold1/5: best_val= 75.00% (ep3) test= 37.50%
  S3 800ms fold2/5: best_val= 81.25% (ep6) test= 56.25%
  S3 800ms fold3/5: best_val= 68.75% (ep11) test= 56.25%
  S3 800ms fold4/5: best_val= 56.25% (ep21) test= 68.75%
  S3 800ms fold5/5: best_val= 56.25% (ep1) test= 62.50%
  S3 1500ms fold1/5: best_val= 75.00% (ep3) test= 43.75%
  S3 1500ms fold2/5: best_val= 81.25% (ep10) test= 87.50%
  S3 1500ms fold3/5: best_val= 93.75% (ep12) test= 56.25%
  S3 1500ms fold4/5: best_val= 75.00% (ep19) test= 87.50%
  S3 1500ms fold5/5: best_val= 81.25% (ep46) test= 75.00%
  S3 3000ms fold1/5: best_val= 75.00% (ep18) test= 50.00%
  S3 3000ms fold2/5: best_val= 81.25% (ep23) test= 56.25%
  S3 3000ms fold3/5: best_val= 93.75% (ep10) test= 75.00%
  S3 3000ms fold4/5: best_val= 68.75% (ep5) test= 87.50%
  S3 3000ms fold5/5: best_val= 81.25% (ep10) test= 68.75%
  S3 4000ms fold1/5: best_val= 75.00% (ep15) test= 50.00%
  S3 4000ms fold2/5: best_val= 68.75% (ep6) test= 62.50%
  S3 4000ms fold3/5: best_val= 81.25% (ep16) test= 75.00%
  S3 4000ms fold4/5: best_val= 75.00% (ep9) test= 75.00%
  S3 4000ms fold5/5: best_val= 62.50% (ep25) test= 68.75%
S 3: 800ms= 56.25%  1500ms= 70.00%  3000ms= 67.50%  4000ms= 66.25%   (71s)
  S4 800ms fold1/5: best_val= 81.25% (ep19) test= 50.00%
  S4 800ms fold2/5: best_val= 75.00% (ep24) test= 56.25%
  S4 800ms fold3/5: best_val= 62.50% (ep8) test= 75.00%
  S4 800ms fold4/5: best_val= 68.75% (ep14) test= 68.75%
  S4 800ms fold5/5: best_val= 75.00% (ep7) test= 68.75%
  S4 1500ms fold1/5: best_val= 56.25% (ep1) test= 37.50%
  S4 1500ms fold2/5: best_val= 87.50% (ep5) test= 62.50%
  S4 1500ms fold3/5: best_val= 81.25% (ep16) test= 62.50%
  S4 1500ms fold4/5: best_val= 75.00% (ep11) test= 68.75%
  S4 1500ms fold5/5: best_val= 75.00% (ep49) test= 68.75%
  S4 3000ms fold1/5: best_val= 62.50% (ep8) test= 68.75%
  S4 3000ms fold2/5: best_val= 75.00% (ep12) test= 87.50%
  S4 3000ms fold3/5: best_val= 93.75% (ep9) test= 50.00%
  S4 3000ms fold4/5: best_val= 68.75% (ep13) test= 87.50%
  S4 3000ms fold5/5: best_val= 75.00% (ep12) test= 68.75%
  S4 4000ms fold1/5: best_val= 62.50% (ep9) test= 81.25%
  S4 4000ms fold2/5: best_val= 75.00% (ep19) test= 75.00%
  S4 4000ms fold3/5: best_val= 81.25% (ep7) test= 62.50%
  S4 4000ms fold4/5: best_val= 75.00% (ep15) test= 93.75%
  S4 4000ms fold5/5: best_val= 75.00% (ep10) test= 81.25%
S 4: 800ms= 63.75%  1500ms= 60.00%  3000ms= 72.50%  4000ms= 78.75%   (71s)
  S5 800ms fold1/5: best_val= 50.00% (ep1) test= 43.75%
  S5 800ms fold2/5: best_val= 62.50% (ep3) test= 62.50%
  S5 800ms fold3/5: best_val= 62.50% (ep6) test= 43.75%
  S5 800ms fold4/5: best_val= 43.75% (ep9) test= 50.00%
  S5 800ms fold5/5: best_val= 56.25% (ep2) test= 31.25%
  S5 1500ms fold1/5: best_val= 56.25% (ep2) test= 56.25%
  S5 1500ms fold2/5: best_val= 68.75% (ep1) test= 37.50%
  S5 1500ms fold3/5: best_val= 68.75% (ep17) test= 37.50%
  S5 1500ms fold4/5: best_val= 62.50% (ep2) test= 43.75%
  S5 1500ms fold5/5: best_val= 56.25% (ep2) test= 37.50%
  S5 3000ms fold1/5: best_val= 68.75% (ep3) test= 43.75%
  S5 3000ms fold2/5: best_val= 62.50% (ep1) test= 50.00%
  S5 3000ms fold3/5: best_val= 56.25% (ep8) test= 50.00%
  S5 3000ms fold4/5: best_val= 56.25% (ep25) test= 56.25%
  S5 3000ms fold5/5: best_val= 56.25% (ep2) test= 50.00%
  S5 4000ms fold1/5: best_val= 68.75% (ep1) test= 56.25%
  S5 4000ms fold2/5: best_val= 56.25% (ep3) test= 56.25%
  S5 4000ms fold3/5: best_val= 62.50% (ep2) test= 31.25%
  S5 4000ms fold4/5: best_val= 56.25% (ep14) test= 62.50%
  S5 4000ms fold5/5: best_val= 56.25% (ep2) test= 43.75%
S 5: 800ms= 46.25%  1500ms= 42.50%  3000ms= 50.00%  4000ms= 50.00%   (71s)
  S6 800ms fold1/5: best_val= 56.25% (ep1) test= 56.25%
  S6 800ms fold2/5: best_val= 62.50% (ep22) test= 37.50%
  S6 800ms fold3/5: best_val= 68.75% (ep46) test= 56.25%
  S6 800ms fold4/5: best_val= 56.25% (ep1) test= 50.00%
  S6 800ms fold5/5: best_val= 68.75% (ep5) test= 50.00%
  S6 1500ms fold1/5: best_val= 56.25% (ep2) test= 68.75%
  S6 1500ms fold2/5: best_val= 75.00% (ep34) test= 37.50%
  S6 1500ms fold3/5: best_val= 75.00% (ep23) test= 56.25%
  S6 1500ms fold4/5: best_val= 56.25% (ep15) test= 50.00%
  S6 1500ms fold5/5: best_val= 62.50% (ep10) test= 56.25%
  S6 3000ms fold1/5: best_val= 56.25% (ep15) test= 68.75%
  S6 3000ms fold2/5: best_val= 81.25% (ep9) test= 68.75%
  S6 3000ms fold3/5: best_val= 62.50% (ep1) test= 50.00%
  S6 3000ms fold4/5: best_val= 62.50% (ep3) test= 50.00%
  S6 3000ms fold5/5: best_val= 68.75% (ep8) test= 56.25%
  S6 4000ms fold1/5: best_val= 50.00% (ep6) test= 50.00%
  S6 4000ms fold2/5: best_val= 75.00% (ep7) test= 31.25%
  S6 4000ms fold3/5: best_val= 56.25% (ep1) test= 50.00%
  S6 4000ms fold4/5: best_val= 62.50% (ep18) test= 50.00%
  S6 4000ms fold5/5: best_val= 68.75% (ep12) test= 62.50%
S 6: 800ms= 50.00%  1500ms= 53.75%  3000ms= 58.75%  4000ms= 48.75%   (71s)
  S7 800ms fold1/5: best_val= 68.75% (ep3) test= 50.00%
  S7 800ms fold2/5: best_val= 56.25% (ep19) test= 68.75%
  S7 800ms fold3/5: best_val= 50.00% (ep1) test= 31.25%
  S7 800ms fold4/5: best_val= 81.25% (ep1) test= 37.50%
  S7 800ms fold5/5: best_val= 62.50% (ep18) test= 37.50%
  S7 1500ms fold1/5: best_val= 68.75% (ep1) test= 43.75%
  S7 1500ms fold2/5: best_val= 62.50% (ep2) test= 56.25%
  S7 1500ms fold3/5: best_val= 68.75% (ep1) test= 50.00%
  S7 1500ms fold4/5: best_val= 68.75% (ep2) test= 50.00%
  S7 1500ms fold5/5: best_val= 62.50% (ep6) test= 43.75%
  S7 3000ms fold1/5: best_val= 56.25% (ep1) test= 43.75%
  S7 3000ms fold2/5: best_val= 75.00% (ep32) test= 50.00%
  S7 3000ms fold3/5: best_val= 68.75% (ep3) test= 37.50%
  S7 3000ms fold4/5: best_val= 81.25% (ep22) test= 62.50%
  S7 3000ms fold5/5: best_val= 62.50% (ep50) test= 62.50%
  S7 4000ms fold1/5: best_val= 62.50% (ep9) test= 68.75%
  S7 4000ms fold2/5: best_val= 68.75% (ep17) test= 68.75%
  S7 4000ms fold3/5: best_val= 62.50% (ep6) test= 37.50%
  S7 4000ms fold4/5: best_val= 75.00% (ep12) test= 43.75%
  S7 4000ms fold5/5: best_val= 62.50% (ep8) test= 56.25%
S 7: 800ms= 45.00%  1500ms= 48.75%  3000ms= 51.25%  4000ms= 55.00%   (71s)
  S8 800ms fold1/5: best_val= 50.00% (ep3) test= 31.25%
  S8 800ms fold2/5: best_val= 75.00% (ep3) test= 43.75%
  S8 800ms fold3/5: best_val= 56.25% (ep1) test= 43.75%
  S8 800ms fold4/5: best_val= 62.50% (ep1) test= 50.00%
  S8 800ms fold5/5: best_val= 56.25% (ep15) test= 43.75%
  S8 1500ms fold1/5: best_val= 50.00% (ep1) test= 50.00%
  S8 1500ms fold2/5: best_val= 50.00% (ep2) test= 31.25%
  S8 1500ms fold3/5: best_val= 56.25% (ep1) test= 43.75%
  S8 1500ms fold4/5: best_val= 62.50% (ep3) test= 56.25%
  S8 1500ms fold5/5: best_val= 43.75% (ep31) test= 62.50%
  S8 3000ms fold1/5: best_val= 50.00% (ep1) test= 43.75%
  S8 3000ms fold2/5: best_val= 56.25% (ep1) test= 56.25%
  S8 3000ms fold3/5: best_val= 56.25% (ep11) test= 62.50%
  S8 3000ms fold4/5: best_val= 68.75% (ep8) test= 43.75%
  S8 3000ms fold5/5: best_val= 68.75% (ep2) test= 68.75%
  S8 4000ms fold1/5: best_val= 62.50% (ep1) test= 62.50%
  S8 4000ms fold2/5: best_val= 62.50% (ep1) test= 56.25%
  S8 4000ms fold3/5: best_val= 56.25% (ep1) test= 50.00%
  S8 4000ms fold4/5: best_val= 87.50% (ep49) test= 50.00%
  S8 4000ms fold5/5: best_val= 56.25% (ep1) test= 43.75%
S 8: 800ms= 42.50%  1500ms= 48.75%  3000ms= 55.00%  4000ms= 52.50%   (71s)
  S9 800ms fold1/5: best_val= 56.25% (ep2) test= 43.75%
  S9 800ms fold2/5: best_val= 31.25% (ep2) test= 56.25%
  S9 800ms fold3/5: best_val= 62.50% (ep6) test= 56.25%
  S9 800ms fold4/5: best_val= 56.25% (ep1) test= 75.00%
  S9 800ms fold5/5: best_val= 68.75% (ep1) test= 56.25%
  S9 1500ms fold1/5: best_val= 68.75% (ep2) test= 50.00%
  S9 1500ms fold2/5: best_val= 62.50% (ep8) test= 37.50%
  S9 1500ms fold3/5: best_val= 62.50% (ep1) test= 68.75%
  S9 1500ms fold4/5: best_val= 56.25% (ep19) test= 62.50%
  S9 1500ms fold5/5: best_val= 68.75% (ep23) test= 56.25%
  S9 3000ms fold1/5: best_val= 75.00% (ep8) test= 37.50%
  S9 3000ms fold2/5: best_val= 62.50% (ep15) test= 50.00%
  S9 3000ms fold3/5: best_val= 81.25% (ep38) test= 56.25%
  S9 3000ms fold4/5: best_val= 68.75% (ep1) test= 43.75%
  S9 3000ms fold5/5: best_val= 81.25% (ep15) test= 62.50%
  S9 4000ms fold1/5: best_val= 68.75% (ep17) test= 43.75%
  S9 4000ms fold2/5: best_val= 50.00% (ep16) test= 43.75%
  S9 4000ms fold3/5: best_val= 68.75% (ep27) test= 56.25%
  S9 4000ms fold4/5: best_val= 62.50% (ep23) test= 37.50%
  S9 4000ms fold5/5: best_val= 62.50% (ep9) test= 50.00%
S 9: 800ms= 57.50%  1500ms= 55.00%  3000ms= 50.00%  4000ms= 46.25%   (71s)
  S10 800ms fold1/5: best_val= 68.75% (ep26) test= 75.00%
  S10 800ms fold2/5: best_val= 75.00% (ep22) test= 93.75%
  S10 800ms fold3/5: best_val= 87.50% (ep12) test= 68.75%
  S10 800ms fold4/5: best_val= 81.25% (ep19) test= 62.50%
  S10 800ms fold5/5: best_val= 62.50% (ep20) test= 87.50%
  S10 1500ms fold1/5: best_val= 62.50% (ep3) test= 43.75%
  S10 1500ms fold2/5: best_val= 87.50% (ep22) test= 87.50%
  S10 1500ms fold3/5: best_val= 87.50% (ep41) test= 81.25%
  S10 1500ms fold4/5: best_val= 87.50% (ep8) test= 50.00%
  S10 1500ms fold5/5: best_val= 81.25% (ep2) test= 50.00%
  S10 3000ms fold1/5: best_val= 81.25% (ep14) test= 75.00%
  S10 3000ms fold2/5: best_val= 75.00% (ep5) test= 68.75%
  S10 3000ms fold3/5: best_val= 75.00% (ep8) test= 62.50%
  S10 3000ms fold4/5: best_val= 93.75% (ep12) test= 68.75%
  S10 3000ms fold5/5: best_val= 87.50% (ep5) test= 62.50%
  S10 4000ms fold1/5: best_val= 68.75% (ep5) test= 75.00%
  S10 4000ms fold2/5: best_val= 81.25% (ep14) test= 75.00%
  S10 4000ms fold3/5: best_val= 87.50% (ep8) test= 62.50%
  S10 4000ms fold4/5: best_val= 93.75% (ep8) test= 62.50%
  S10 4000ms fold5/5: best_val= 81.25% (ep4) test= 62.50%
S10: 800ms= 77.50%  1500ms= 62.50%  3000ms= 67.50%  4000ms= 67.50%   (71s)
  S11 800ms fold1/5: best_val= 75.00% (ep1) test= 62.50%
  S11 800ms fold2/5: best_val= 37.50% (ep11) test= 43.75%
  S11 800ms fold3/5: best_val= 56.25% (ep1) test= 43.75%
  S11 800ms fold4/5: best_val= 50.00% (ep1) test= 56.25%
  S11 800ms fold5/5: best_val= 62.50% (ep4) test= 31.25%
  S11 1500ms fold1/5: best_val= 50.00% (ep3) test= 50.00%
  S11 1500ms fold2/5: best_val= 56.25% (ep1) test= 56.25%
  S11 1500ms fold3/5: best_val= 68.75% (ep5) test= 37.50%
  S11 1500ms fold4/5: best_val= 68.75% (ep1) test= 50.00%
  S11 1500ms fold5/5: best_val= 56.25% (ep15) test= 25.00%
  S11 3000ms fold1/5: best_val= 50.00% (ep2) test= 50.00%
  S11 3000ms fold2/5: best_val= 56.25% (ep11) test= 37.50%
  S11 3000ms fold3/5: best_val= 62.50% (ep32) test= 50.00%
  S11 3000ms fold4/5: best_val= 56.25% (ep14) test= 43.75%
  S11 3000ms fold5/5: best_val= 62.50% (ep17) test= 56.25%
  S11 4000ms fold1/5: best_val= 62.50% (ep1) test= 43.75%
  S11 4000ms fold2/5: best_val= 37.50% (ep1) test= 62.50%
  S11 4000ms fold3/5: best_val= 56.25% (ep26) test= 37.50%
  S11 4000ms fold4/5: best_val= 62.50% (ep20) test= 62.50%
  S11 4000ms fold5/5: best_val= 50.00% (ep8) test= 31.25%
S11: 800ms= 47.50%  1500ms= 43.75%  3000ms= 47.50%  4000ms= 47.50%   (71s)
  S12 800ms fold1/5: best_val= 68.75% (ep4) test= 56.25%
  S12 800ms fold2/5: best_val= 62.50% (ep6) test= 56.25%
  S12 800ms fold3/5: best_val= 87.50% (ep14) test= 50.00%
  S12 800ms fold4/5: best_val= 68.75% (ep14) test= 75.00%
  S12 800ms fold5/5: best_val= 56.25% (ep6) test= 50.00%
  S12 1500ms fold1/5: best_val= 43.75% (ep37) test= 56.25%
  S12 1500ms fold2/5: best_val= 75.00% (ep1) test= 56.25%
  S12 1500ms fold3/5: best_val= 81.25% (ep3) test= 43.75%
  S12 1500ms fold4/5: best_val= 75.00% (ep19) test= 50.00%
  S12 1500ms fold5/5: best_val= 62.50% (ep6) test= 50.00%
  S12 3000ms fold1/5: best_val= 56.25% (ep1) test= 81.25%
  S12 3000ms fold2/5: best_val= 81.25% (ep2) test= 62.50%
  S12 3000ms fold3/5: best_val= 68.75% (ep5) test= 62.50%
  S12 3000ms fold4/5: best_val= 68.75% (ep6) test= 56.25%
  S12 3000ms fold5/5: best_val= 81.25% (ep11) test= 56.25%
  S12 4000ms fold1/5: best_val= 50.00% (ep1) test= 18.75%
  S12 4000ms fold2/5: best_val= 87.50% (ep1) test= 62.50%
  S12 4000ms fold3/5: best_val= 62.50% (ep5) test= 37.50%
  S12 4000ms fold4/5: best_val= 68.75% (ep18) test= 75.00%
  S12 4000ms fold5/5: best_val= 87.50% (ep3) test= 56.25%
S12: 800ms= 57.50%  1500ms= 51.25%  3000ms= 63.75%  4000ms= 50.00%   (71s)
  S13 800ms fold1/5: best_val= 56.25% (ep2) test= 37.50%
  S13 800ms fold2/5: best_val= 68.75% (ep12) test= 68.75%
  S13 800ms fold3/5: best_val= 62.50% (ep5) test= 62.50%
  S13 800ms fold4/5: best_val= 56.25% (ep19) test= 62.50%
  S13 800ms fold5/5: best_val= 62.50% (ep5) test= 68.75%
  S13 1500ms fold1/5: best_val= 68.75% (ep11) test= 50.00%
  S13 1500ms fold2/5: best_val= 68.75% (ep26) test= 62.50%
  S13 1500ms fold3/5: best_val= 43.75% (ep1) test= 43.75%
  S13 1500ms fold4/5: best_val= 56.25% (ep1) test= 43.75%
  S13 1500ms fold5/5: best_val= 81.25% (ep17) test= 50.00%
  S13 3000ms fold1/5: best_val= 68.75% (ep5) test= 68.75%
  S13 3000ms fold2/5: best_val= 75.00% (ep1) test= 31.25%
  S13 3000ms fold3/5: best_val= 62.50% (ep18) test= 68.75%
  S13 3000ms fold4/5: best_val= 68.75% (ep13) test= 62.50%
  S13 3000ms fold5/5: best_val= 75.00% (ep13) test= 62.50%
  S13 4000ms fold1/5: best_val= 68.75% (ep3) test= 75.00%
  S13 4000ms fold2/5: best_val= 56.25% (ep7) test= 62.50%
  S13 4000ms fold3/5: best_val= 50.00% (ep1) test= 50.00%
  S13 4000ms fold4/5: best_val= 62.50% (ep13) test= 56.25%
  S13 4000ms fold5/5: best_val= 75.00% (ep8) test= 75.00%
S13: 800ms= 60.00%  1500ms= 50.00%  3000ms= 58.75%  4000ms= 63.75%   (71s)
  S14 800ms fold1/5: best_val= 62.50% (ep1) test= 31.25%
  S14 800ms fold2/5: best_val= 68.75% (ep15) test= 25.00%
  S14 800ms fold3/5: best_val= 81.25% (ep2) test= 50.00%
  S14 800ms fold4/5: best_val= 62.50% (ep3) test= 56.25%
  S14 800ms fold5/5: best_val= 56.25% (ep12) test= 50.00%
  S14 1500ms fold1/5: best_val= 43.75% (ep1) test= 37.50%
  S14 1500ms fold2/5: best_val= 56.25% (ep2) test= 50.00%
  S14 1500ms fold3/5: best_val= 62.50% (ep4) test= 43.75%
  S14 1500ms fold4/5: best_val= 62.50% (ep7) test= 43.75%
  S14 1500ms fold5/5: best_val= 50.00% (ep12) test= 25.00%
  S14 3000ms fold1/5: best_val= 50.00% (ep10) test= 50.00%
  S14 3000ms fold2/5: best_val= 81.25% (ep26) test= 37.50%
  S14 3000ms fold3/5: best_val= 68.75% (ep12) test= 50.00%
  S14 3000ms fold4/5: best_val= 81.25% (ep12) test= 50.00%
  S14 3000ms fold5/5: best_val= 50.00% (ep1) test= 50.00%
  S14 4000ms fold1/5: best_val= 43.75% (ep5) test= 68.75%
  S14 4000ms fold2/5: best_val= 62.50% (ep6) test= 68.75%
  S14 4000ms fold3/5: best_val= 68.75% (ep8) test= 62.50%
  S14 4000ms fold4/5: best_val= 75.00% (ep10) test= 56.25%
  S14 4000ms fold5/5: best_val= 62.50% (ep4) test= 62.50%
S14: 800ms= 42.50%  1500ms= 40.00%  3000ms= 47.50%  4000ms= 63.75%   (70s)
  S15 800ms fold1/5: best_val= 50.00% (ep1) test= 68.75%
  S15 800ms fold2/5: best_val= 43.75% (ep8) test= 56.25%
  S15 800ms fold3/5: best_val= 68.75% (ep11) test= 62.50%
  S15 800ms fold4/5: best_val= 50.00% (ep1) test= 50.00%
  S15 800ms fold5/5: best_val= 62.50% (ep8) test= 43.75%
  S15 1500ms fold1/5: best_val= 50.00% (ep6) test= 43.75%
  S15 1500ms fold2/5: best_val= 50.00% (ep2) test= 43.75%
  S15 1500ms fold3/5: best_val= 56.25% (ep1) test= 43.75%
  S15 1500ms fold4/5: best_val= 56.25% (ep1) test= 56.25%
  S15 1500ms fold5/5: best_val= 56.25% (ep42) test= 43.75%
  S15 3000ms fold1/5: best_val= 50.00% (ep1) test= 50.00%
  S15 3000ms fold2/5: best_val= 56.25% (ep8) test= 43.75%
  S15 3000ms fold3/5: best_val= 43.75% (ep1) test= 50.00%
  S15 3000ms fold4/5: best_val= 62.50% (ep3) test= 43.75%
  S15 3000ms fold5/5: best_val= 56.25% (ep16) test= 62.50%
  S15 4000ms fold1/5: best_val= 43.75% (ep2) test= 43.75%
  S15 4000ms fold2/5: best_val= 56.25% (ep3) test= 43.75%
  S15 4000ms fold3/5: best_val= 68.75% (ep1) test= 62.50%
  S15 4000ms fold4/5: best_val= 50.00% (ep3) test= 50.00%
  S15 4000ms fold5/5: best_val= 56.25% (ep2) test= 56.25%
S15: 800ms= 56.25%  1500ms= 46.25%  3000ms= 50.00%  4000ms= 51.25%   (69s)
  S16 800ms fold1/5: best_val= 62.50% (ep1) test= 56.25%
  S16 800ms fold2/5: best_val= 56.25% (ep8) test= 62.50%
  S16 800ms fold3/5: best_val= 56.25% (ep11) test= 56.25%
  S16 800ms fold4/5: best_val= 56.25% (ep1) test= 62.50%
  S16 800ms fold5/5: best_val= 62.50% (ep2) test= 56.25%
  S16 1500ms fold1/5: best_val= 68.75% (ep1) test= 75.00%
  S16 1500ms fold2/5: best_val= 81.25% (ep5) test= 56.25%
  S16 1500ms fold3/5: best_val= 68.75% (ep5) test= 56.25%
  S16 1500ms fold4/5: best_val= 62.50% (ep15) test= 68.75%
  S16 1500ms fold5/5: best_val= 56.25% (ep1) test= 37.50%
  S16 3000ms fold1/5: best_val= 68.75% (ep3) test= 43.75%
  S16 3000ms fold2/5: best_val= 75.00% (ep6) test= 68.75%
  S16 3000ms fold3/5: best_val= 62.50% (ep4) test= 56.25%
  S16 3000ms fold4/5: best_val= 75.00% (ep9) test= 62.50%
  S16 3000ms fold5/5: best_val= 68.75% (ep6) test= 68.75%
  S16 4000ms fold1/5: best_val= 68.75% (ep4) test= 81.25%
  S16 4000ms fold2/5: best_val= 75.00% (ep4) test= 62.50%
  S16 4000ms fold3/5: best_val= 68.75% (ep9) test= 75.00%
  S16 4000ms fold4/5: best_val= 75.00% (ep5) test= 68.75%
  S16 4000ms fold5/5: best_val= 75.00% (ep6) test= 68.75%
S16: 800ms= 58.75%  1500ms= 58.75%  3000ms= 60.00%  4000ms= 71.25%   (69s)
  S17 800ms fold1/5: best_val= 75.00% (ep31) test= 43.75%
  S17 800ms fold2/5: best_val= 81.25% (ep20) test= 37.50%
  S17 800ms fold3/5: best_val= 62.50% (ep4) test= 62.50%
  S17 800ms fold4/5: best_val= 56.25% (ep7) test= 56.25%
  S17 800ms fold5/5: best_val= 62.50% (ep4) test= 43.75%
  S17 1500ms fold1/5: best_val= 56.25% (ep1) test= 50.00%
  S17 1500ms fold2/5: best_val= 68.75% (ep7) test= 62.50%
  S17 1500ms fold3/5: best_val= 75.00% (ep6) test= 56.25%
  S17 1500ms fold4/5: best_val= 68.75% (ep24) test= 43.75%
  S17 1500ms fold5/5: best_val= 56.25% (ep1) test= 62.50%
  S17 3000ms fold1/5: best_val= 75.00% (ep18) test= 50.00%
  S17 3000ms fold2/5: best_val= 68.75% (ep3) test= 56.25%
  S17 3000ms fold3/5: best_val= 62.50% (ep5) test= 56.25%
  S17 3000ms fold4/5: best_val= 81.25% (ep7) test= 68.75%
  S17 3000ms fold5/5: best_val= 37.50% (ep1) test= 50.00%
  S17 4000ms fold1/5: best_val= 62.50% (ep4) test= 75.00%
  S17 4000ms fold2/5: best_val= 68.75% (ep7) test= 43.75%
  S17 4000ms fold3/5: best_val= 75.00% (ep6) test= 68.75%
  S17 4000ms fold4/5: best_val= 75.00% (ep6) test= 43.75%
  S17 4000ms fold5/5: best_val= 62.50% (ep5) test= 75.00%
S17: 800ms= 48.75%  1500ms= 55.00%  3000ms= 56.25%  4000ms= 61.25%   (69s)
  S18 800ms fold1/5: best_val= 62.50% (ep23) test= 37.50%
  S18 800ms fold2/5: best_val= 75.00% (ep4) test= 56.25%
  S18 800ms fold3/5: best_val= 50.00% (ep1) test= 31.25%
  S18 800ms fold4/5: best_val= 62.50% (ep11) test= 43.75%
  S18 800ms fold5/5: best_val= 50.00% (ep1) test= 62.50%
  S18 1500ms fold1/5: best_val= 62.50% (ep7) test= 50.00%
  S18 1500ms fold2/5: best_val= 75.00% (ep3) test= 75.00%
  S18 1500ms fold3/5: best_val= 62.50% (ep6) test= 25.00%
  S18 1500ms fold4/5: best_val= 56.25% (ep6) test= 43.75%
  S18 1500ms fold5/5: best_val= 68.75% (ep9) test= 50.00%
  S18 3000ms fold1/5: best_val= 68.75% (ep7) test= 62.50%
  S18 3000ms fold2/5: best_val= 75.00% (ep40) test= 56.25%
  S18 3000ms fold3/5: best_val= 56.25% (ep14) test= 50.00%
  S18 3000ms fold4/5: best_val= 62.50% (ep4) test= 50.00%
  S18 3000ms fold5/5: best_val= 87.50% (ep15) test= 56.25%
  S18 4000ms fold1/5: best_val= 62.50% (ep14) test= 62.50%
  S18 4000ms fold2/5: best_val= 81.25% (ep3) test= 37.50%
  S18 4000ms fold3/5: best_val= 50.00% (ep1) test= 50.00%
  S18 4000ms fold4/5: best_val= 93.75% (ep19) test= 50.00%
  S18 4000ms fold5/5: best_val= 75.00% (ep24) test= 43.75%
S18: 800ms= 46.25%  1500ms= 48.75%  3000ms= 55.00%  4000ms= 48.75%   (69s)

ALL SUBJECTS COMPLETED — WFE/SPS  (1332s)

====================================================================
SAVED WFE/SPS -> /work/11862/rmaahin/ls6/FineMI-enhancements/ConformerEEG/experiments/option_a/results/full/WFE_SPS
gpu=NVIDIA A100-PCIE-40GB | torch=2.8.0+cu128 | seed=42 | model=conformer_a | mode=full
====================================================================
window_ms   800    1500   3000   4000
subject                              
1          50.00  46.67  57.78  62.22
2          46.25  51.25  58.75  56.25
3          56.25  70.00  67.50  66.25
4          63.75  60.00  72.50  78.75
5          46.25  42.50  50.00  50.00
6          50.00  53.75  58.75  48.75
7          45.00  48.75  51.25  55.00
8          42.50  48.75  55.00  52.50
9          57.50  55.00  50.00  46.25
10         77.50  62.50  67.50  67.50
11         47.50  43.75  47.50  47.50
12         57.50  51.25  63.75  50.00
13         60.00  50.00  58.75  63.75
14         42.50  40.00  47.50  63.75
15         56.25  46.25  50.00  51.25
16         58.75  58.75  60.00  71.25
17         48.75  55.00  56.25  61.25
18         46.25  48.75  55.00  48.75

mean: {800: 52.92, 1500: 51.83, 3000: 57.1, 4000: 57.83}
sd  : {800: 8.9, 1500: 7.53, 3000: 7.25, 4000: 9.37}

Pairs saved so far in /work/11862/rmaahin/ls6/FineMI-enhancements/ConformerEEG/experiments/option_a/results/full: 2/28

##### pair_idx=11 (WFE_SAA) #####

Using device: cuda | gpu=NVIDIA A100-PCIE-40GB | torch=2.8.0+cu128
NOTE: determinism holds per-GPU-model. Record this GPU name.

PAIR: WFE/SAA  (classes 1 vs 6)  model=conformer_a  mode=full
Test time windows: [800, 1500, 3000, 4000] ms
Test time windows (samples): [200, 375, 750, 1000]

BINARY CLASSIFICATION: Class 1 vs Class 6  (WFE/SAA)
  Class 0 (original 1): 725 trials
  Class 1 (original 6): 725 trials

Extracted time windows:
  800ms (200 samples): shape (1450, 62, 200)
  1500ms (375 samples): shape (1450, 62, 375)
  3000ms (750 samples): shape (1450, 62, 750)
  4000ms (1000 samples): shape (1450, 62, 1000)

Model configuration:
  Model: conformer_a
  Channels: 62
  Subjects: [1, 2, 3, 4, 5, 6, 7, 8, 9, 10, 11, 12, 13, 14, 15, 16, 17, 18]
  Time windows: [800, 1500, 3000, 4000] ms
  Classes: 2 (Binary: Class 1 vs Class 6)
  Folds: 5
  Batch size: 32
  Epochs per subject per time window: 50
  S1 800ms fold1/5: best_val= 77.78% (ep9) test= 50.00%
  S1 800ms fold2/5: best_val= 61.11% (ep1) test= 55.56%
  S1 800ms fold3/5: best_val= 66.67% (ep16) test= 33.33%
  S1 800ms fold4/5: best_val= 77.78% (ep6) test= 50.00%
  S1 800ms fold5/5: best_val= 66.67% (ep8) test= 44.44%
  S1 1500ms fold1/5: best_val= 77.78% (ep1) test= 66.67%
  S1 1500ms fold2/5: best_val= 61.11% (ep2) test= 66.67%
  S1 1500ms fold3/5: best_val= 83.33% (ep1) test= 38.89%
  S1 1500ms fold4/5: best_val= 77.78% (ep5) test= 50.00%
  S1 1500ms fold5/5: best_val= 72.22% (ep2) test= 61.11%
  S1 3000ms fold1/5: best_val= 61.11% (ep19) test= 72.22%
  S1 3000ms fold2/5: best_val= 72.22% (ep1) test= 66.67%
  S1 3000ms fold3/5: best_val= 77.78% (ep11) test= 38.89%
  S1 3000ms fold4/5: best_val= 66.67% (ep7) test= 61.11%
  S1 3000ms fold5/5: best_val= 83.33% (ep17) test= 50.00%
  S1 4000ms fold1/5: best_val= 66.67% (ep12) test= 72.22%
  S1 4000ms fold2/5: best_val= 77.78% (ep8) test= 72.22%
  S1 4000ms fold3/5: best_val= 83.33% (ep9) test= 55.56%
  S1 4000ms fold4/5: best_val= 72.22% (ep6) test= 61.11%
  S1 4000ms fold5/5: best_val= 83.33% (ep1) test= 44.44%
S 1: 800ms= 46.67%  1500ms= 56.67%  3000ms= 57.78%  4000ms= 61.11%   (82s)
  S2 800ms fold1/5: best_val= 50.00% (ep1) test= 50.00%
  S2 800ms fold2/5: best_val= 50.00% (ep3) test= 56.25%
  S2 800ms fold3/5: best_val= 31.25% (ep2) test= 50.00%
  S2 800ms fold4/5: best_val= 50.00% (ep3) test= 43.75%
  S2 800ms fold5/5: best_val= 68.75% (ep13) test= 50.00%
  S2 1500ms fold1/5: best_val= 62.50% (ep10) test= 62.50%
  S2 1500ms fold2/5: best_val= 62.50% (ep1) test= 50.00%
  S2 1500ms fold3/5: best_val= 56.25% (ep4) test= 62.50%
  S2 1500ms fold4/5: best_val= 50.00% (ep1) test= 43.75%
  S2 1500ms fold5/5: best_val= 68.75% (ep3) test= 56.25%
  S2 3000ms fold1/5: best_val= 68.75% (ep1) test= 56.25%
  S2 3000ms fold2/5: best_val= 68.75% (ep15) test= 62.50%
  S2 3000ms fold3/5: best_val= 37.50% (ep1) test= 43.75%
  S2 3000ms fold4/5: best_val= 56.25% (ep13) test= 62.50%
  S2 3000ms fold5/5: best_val= 68.75% (ep7) test= 37.50%
  S2 4000ms fold1/5: best_val= 56.25% (ep2) test= 75.00%
  S2 4000ms fold2/5: best_val= 62.50% (ep12) test= 62.50%
  S2 4000ms fold3/5: best_val= 43.75% (ep6) test= 37.50%
  S2 4000ms fold4/5: best_val= 50.00% (ep8) test= 62.50%
  S2 4000ms fold5/5: best_val= 75.00% (ep4) test= 31.25%
S 2: 800ms= 50.00%  1500ms= 55.00%  3000ms= 52.50%  4000ms= 53.75%   (69s)
  S3 800ms fold1/5: best_val= 56.25% (ep9) test= 43.75%
  S3 800ms fold2/5: best_val= 50.00% (ep7) test= 50.00%
  S3 800ms fold3/5: best_val= 68.75% (ep3) test= 43.75%
  S3 800ms fold4/5: best_val= 50.00% (ep1) test= 43.75%
  S3 800ms fold5/5: best_val= 56.25% (ep4) test= 50.00%
  S3 1500ms fold1/5: best_val= 87.50% (ep5) test= 62.50%
  S3 1500ms fold2/5: best_val= 75.00% (ep1) test= 50.00%
  S3 1500ms fold3/5: best_val= 68.75% (ep19) test= 62.50%
  S3 1500ms fold4/5: best_val= 68.75% (ep20) test= 75.00%
  S3 1500ms fold5/5: best_val= 62.50% (ep15) test= 68.75%
  S3 3000ms fold1/5: best_val=100.00% (ep9) test= 62.50%
  S3 3000ms fold2/5: best_val= 68.75% (ep24) test= 68.75%
  S3 3000ms fold3/5: best_val= 93.75% (ep8) test= 68.75%
  S3 3000ms fold4/5: best_val= 81.25% (ep22) test=100.00%
  S3 3000ms fold5/5: best_val= 93.75% (ep24) test= 68.75%
  S3 4000ms fold1/5: best_val=100.00% (ep14) test= 56.25%
  S3 4000ms fold2/5: best_val= 81.25% (ep17) test= 62.50%
  S3 4000ms fold3/5: best_val= 93.75% (ep7) test= 75.00%
  S3 4000ms fold4/5: best_val= 81.25% (ep19) test= 93.75%
  S3 4000ms fold5/5: best_val= 93.75% (ep14) test= 68.75%
S 3: 800ms= 46.25%  1500ms= 63.75%  3000ms= 73.75%  4000ms= 71.25%   (71s)
  S4 800ms fold1/5: best_val= 81.25% (ep4) test= 56.25%
  S4 800ms fold2/5: best_val= 62.50% (ep10) test= 68.75%
  S4 800ms fold3/5: best_val= 87.50% (ep4) test= 75.00%
  S4 800ms fold4/5: best_val= 68.75% (ep18) test= 56.25%
  S4 800ms fold5/5: best_val= 50.00% (ep2) test= 50.00%
  S4 1500ms fold1/5: best_val= 75.00% (ep15) test= 62.50%
  S4 1500ms fold2/5: best_val= 68.75% (ep8) test= 62.50%
  S4 1500ms fold3/5: best_val= 87.50% (ep28) test= 62.50%
  S4 1500ms fold4/5: best_val= 75.00% (ep13) test= 75.00%
  S4 1500ms fold5/5: best_val= 68.75% (ep5) test= 56.25%
  S4 3000ms fold1/5: best_val= 68.75% (ep4) test= 56.25%
  S4 3000ms fold2/5: best_val= 75.00% (ep32) test= 81.25%
  S4 3000ms fold3/5: best_val= 93.75% (ep13) test= 75.00%
  S4 3000ms fold4/5: best_val= 62.50% (ep2) test= 68.75%
  S4 3000ms fold5/5: best_val= 68.75% (ep4) test= 68.75%
  S4 4000ms fold1/5: best_val= 75.00% (ep1) test= 56.25%
  S4 4000ms fold2/5: best_val= 75.00% (ep10) test= 62.50%
  S4 4000ms fold3/5: best_val= 75.00% (ep2) test= 56.25%
  S4 4000ms fold4/5: best_val= 62.50% (ep2) test= 56.25%
  S4 4000ms fold5/5: best_val= 87.50% (ep28) test= 75.00%
S 4: 800ms= 61.25%  1500ms= 63.75%  3000ms= 70.00%  4000ms= 61.25%   (71s)
  S5 800ms fold1/5: best_val= 68.75% (ep1) test= 43.75%
  S5 800ms fold2/5: best_val= 75.00% (ep13) test= 68.75%
  S5 800ms fold3/5: best_val= 68.75% (ep8) test= 43.75%
  S5 800ms fold4/5: best_val= 81.25% (ep30) test= 68.75%
  S5 800ms fold5/5: best_val= 62.50% (ep1) test= 50.00%
  S5 1500ms fold1/5: best_val= 62.50% (ep4) test= 18.75%
  S5 1500ms fold2/5: best_val= 56.25% (ep2) test= 50.00%
  S5 1500ms fold3/5: best_val= 50.00% (ep1) test= 56.25%
  S5 1500ms fold4/5: best_val= 62.50% (ep8) test= 56.25%
  S5 1500ms fold5/5: best_val= 62.50% (ep3) test= 43.75%
  S5 3000ms fold1/5: best_val= 43.75% (ep5) test= 56.25%
  S5 3000ms fold2/5: best_val= 62.50% (ep2) test= 56.25%
  S5 3000ms fold3/5: best_val= 75.00% (ep46) test= 37.50%
  S5 3000ms fold4/5: best_val= 56.25% (ep4) test= 43.75%
  S5 3000ms fold5/5: best_val= 50.00% (ep2) test= 62.50%
  S5 4000ms fold1/5: best_val= 56.25% (ep2) test= 37.50%
  S5 4000ms fold2/5: best_val= 62.50% (ep2) test= 50.00%
  S5 4000ms fold3/5: best_val= 62.50% (ep1) test= 43.75%
  S5 4000ms fold4/5: best_val= 50.00% (ep7) test= 50.00%
  S5 4000ms fold5/5: best_val= 75.00% (ep19) test= 37.50%
S 5: 800ms= 55.00%  1500ms= 45.00%  3000ms= 51.25%  4000ms= 43.75%   (71s)
  S6 800ms fold1/5: best_val= 50.00% (ep10) test= 62.50%
  S6 800ms fold2/5: best_val= 56.25% (ep25) test= 68.75%
  S6 800ms fold3/5: best_val= 62.50% (ep2) test= 43.75%
  S6 800ms fold4/5: best_val= 62.50% (ep8) test= 37.50%
  S6 800ms fold5/5: best_val= 81.25% (ep24) test= 81.25%
  S6 1500ms fold1/5: best_val= 68.75% (ep6) test= 62.50%
  S6 1500ms fold2/5: best_val= 81.25% (ep8) test= 62.50%
  S6 1500ms fold3/5: best_val= 75.00% (ep31) test= 75.00%
  S6 1500ms fold4/5: best_val= 68.75% (ep16) test= 56.25%
  S6 1500ms fold5/5: best_val= 62.50% (ep1) test= 43.75%
  S6 3000ms fold1/5: best_val= 62.50% (ep2) test= 43.75%
  S6 3000ms fold2/5: best_val= 68.75% (ep13) test= 68.75%
  S6 3000ms fold3/5: best_val= 62.50% (ep4) test= 62.50%
  S6 3000ms fold4/5: best_val= 62.50% (ep1) test= 50.00%
  S6 3000ms fold5/5: best_val= 75.00% (ep9) test= 50.00%
  S6 4000ms fold1/5: best_val= 62.50% (ep3) test= 43.75%
  S6 4000ms fold2/5: best_val= 81.25% (ep13) test= 56.25%
  S6 4000ms fold3/5: best_val= 68.75% (ep14) test= 68.75%
  S6 4000ms fold4/5: best_val= 68.75% (ep19) test= 62.50%
  S6 4000ms fold5/5: best_val= 75.00% (ep8) test= 62.50%
S 6: 800ms= 58.75%  1500ms= 60.00%  3000ms= 55.00%  4000ms= 58.75%   (71s)
  S7 800ms fold1/5: best_val= 56.25% (ep4) test= 56.25%
  S7 800ms fold2/5: best_val= 56.25% (ep1) test= 62.50%
  S7 800ms fold3/5: best_val= 56.25% (ep8) test= 75.00%
  S7 800ms fold4/5: best_val= 62.50% (ep7) test= 50.00%
  S7 800ms fold5/5: best_val= 62.50% (ep7) test= 56.25%
  S7 1500ms fold1/5: best_val= 62.50% (ep3) test= 43.75%
  S7 1500ms fold2/5: best_val= 56.25% (ep1) test= 56.25%
  S7 1500ms fold3/5: best_val= 50.00% (ep1) test= 75.00%
  S7 1500ms fold4/5: best_val= 75.00% (ep2) test= 50.00%
  S7 1500ms fold5/5: best_val= 56.25% (ep7) test= 56.25%
  S7 3000ms fold1/5: best_val= 50.00% (ep18) test= 50.00%
  S7 3000ms fold2/5: best_val= 50.00% (ep2) test= 50.00%
  S7 3000ms fold3/5: best_val= 68.75% (ep23) test= 68.75%
  S7 3000ms fold4/5: best_val= 62.50% (ep3) test= 75.00%
  S7 3000ms fold5/5: best_val= 62.50% (ep17) test= 50.00%
  S7 4000ms fold1/5: best_val= 56.25% (ep1) test= 50.00%
  S7 4000ms fold2/5: best_val= 43.75% (ep1) test= 56.25%
  S7 4000ms fold3/5: best_val= 50.00% (ep10) test= 68.75%
  S7 4000ms fold4/5: best_val= 50.00% (ep5) test= 68.75%
  S7 4000ms fold5/5: best_val= 50.00% (ep4) test= 43.75%
S 7: 800ms= 60.00%  1500ms= 56.25%  3000ms= 58.75%  4000ms= 57.50%   (71s)
  S8 800ms fold1/5: best_val= 56.25% (ep17) test= 50.00%
  S8 800ms fold2/5: best_val= 43.75% (ep1) test= 56.25%
  S8 800ms fold3/5: best_val= 56.25% (ep2) test= 50.00%
  S8 800ms fold4/5: best_val= 56.25% (ep1) test= 43.75%
  S8 800ms fold5/5: best_val= 62.50% (ep1) test= 31.25%
  S8 1500ms fold1/5: best_val= 56.25% (ep2) test= 50.00%
  S8 1500ms fold2/5: best_val= 56.25% (ep14) test= 37.50%
  S8 1500ms fold3/5: best_val= 50.00% (ep2) test= 31.25%
  S8 1500ms fold4/5: best_val= 50.00% (ep1) test= 43.75%
  S8 1500ms fold5/5: best_val= 62.50% (ep6) test= 37.50%
  S8 3000ms fold1/5: best_val= 56.25% (ep1) test= 43.75%
  S8 3000ms fold2/5: best_val= 75.00% (ep2) test= 56.25%
  S8 3000ms fold3/5: best_val= 56.25% (ep1) test= 56.25%
  S8 3000ms fold4/5: best_val= 75.00% (ep3) test= 62.50%
  S8 3000ms fold5/5: best_val= 68.75% (ep1) test= 50.00%
  S8 4000ms fold1/5: best_val= 62.50% (ep3) test= 37.50%
  S8 4000ms fold2/5: best_val= 68.75% (ep4) test= 43.75%
  S8 4000ms fold3/5: best_val= 56.25% (ep1) test= 43.75%
  S8 4000ms fold4/5: best_val= 56.25% (ep2) test= 31.25%
  S8 4000ms fold5/5: best_val= 62.50% (ep31) test= 31.25%
S 8: 800ms= 46.25%  1500ms= 40.00%  3000ms= 53.75%  4000ms= 37.50%   (71s)
  S9 800ms fold1/5: best_val= 50.00% (ep1) test= 56.25%
  S9 800ms fold2/5: best_val= 56.25% (ep20) test= 62.50%
  S9 800ms fold3/5: best_val= 68.75% (ep10) test= 62.50%
  S9 800ms fold4/5: best_val= 81.25% (ep5) test= 62.50%
  S9 800ms fold5/5: best_val= 62.50% (ep15) test= 56.25%
  S9 1500ms fold1/5: best_val= 56.25% (ep4) test= 56.25%
  S9 1500ms fold2/5: best_val= 50.00% (ep2) test= 50.00%
  S9 1500ms fold3/5: best_val= 68.75% (ep1) test= 43.75%
  S9 1500ms fold4/5: best_val= 50.00% (ep1) test= 56.25%
  S9 1500ms fold5/5: best_val= 75.00% (ep23) test= 50.00%
  S9 3000ms fold1/5: best_val= 62.50% (ep14) test= 43.75%
  S9 3000ms fold2/5: best_val= 68.75% (ep10) test= 43.75%
  S9 3000ms fold3/5: best_val= 62.50% (ep6) test= 62.50%
  S9 3000ms fold4/5: best_val= 43.75% (ep1) test= 56.25%
  S9 3000ms fold5/5: best_val= 81.25% (ep13) test= 56.25%
  S9 4000ms fold1/5: best_val= 62.50% (ep23) test= 43.75%
  S9 4000ms fold2/5: best_val= 68.75% (ep5) test= 75.00%
  S9 4000ms fold3/5: best_val= 75.00% (ep3) test= 50.00%
  S9 4000ms fold4/5: best_val= 68.75% (ep3) test= 43.75%
  S9 4000ms fold5/5: best_val= 75.00% (ep13) test= 37.50%
S 9: 800ms= 60.00%  1500ms= 51.25%  3000ms= 52.50%  4000ms= 50.00%   (71s)
  S10 800ms fold1/5: best_val= 68.75% (ep38) test= 75.00%
  S10 800ms fold2/5: best_val= 56.25% (ep1) test= 37.50%
  S10 800ms fold3/5: best_val= 56.25% (ep2) test= 50.00%
  S10 800ms fold4/5: best_val= 68.75% (ep13) test= 68.75%
  S10 800ms fold5/5: best_val= 68.75% (ep16) test= 62.50%
  S10 1500ms fold1/5: best_val= 68.75% (ep13) test= 62.50%
  S10 1500ms fold2/5: best_val= 56.25% (ep2) test= 62.50%
  S10 1500ms fold3/5: best_val= 50.00% (ep3) test= 62.50%
  S10 1500ms fold4/5: best_val= 62.50% (ep1) test= 37.50%
  S10 1500ms fold5/5: best_val= 62.50% (ep8) test= 75.00%
  S10 3000ms fold1/5: best_val= 62.50% (ep2) test= 62.50%
  S10 3000ms fold2/5: best_val= 56.25% (ep5) test= 68.75%
  S10 3000ms fold3/5: best_val= 62.50% (ep6) test= 75.00%
  S10 3000ms fold4/5: best_val= 68.75% (ep8) test= 50.00%
  S10 3000ms fold5/5: best_val= 75.00% (ep25) test= 68.75%
  S10 4000ms fold1/5: best_val= 68.75% (ep11) test= 50.00%
  S10 4000ms fold2/5: best_val= 50.00% (ep1) test= 56.25%
  S10 4000ms fold3/5: best_val= 56.25% (ep3) test= 56.25%
  S10 4000ms fold4/5: best_val= 62.50% (ep8) test= 50.00%
  S10 4000ms fold5/5: best_val= 68.75% (ep3) test= 62.50%
S10: 800ms= 58.75%  1500ms= 60.00%  3000ms= 65.00%  4000ms= 55.00%   (71s)
  S11 800ms fold1/5: best_val= 62.50% (ep5) test= 56.25%
  S11 800ms fold2/5: best_val= 62.50% (ep1) test= 50.00%
  S11 800ms fold3/5: best_val= 75.00% (ep1) test= 43.75%
  S11 800ms fold4/5: best_val= 50.00% (ep3) test= 50.00%
  S11 800ms fold5/5: best_val= 62.50% (ep1) test= 43.75%
  S11 1500ms fold1/5: best_val= 56.25% (ep1) test= 56.25%
  S11 1500ms fold2/5: best_val= 68.75% (ep4) test= 43.75%
  S11 1500ms fold3/5: best_val= 50.00% (ep2) test= 56.25%
  S11 1500ms fold4/5: best_val= 87.50% (ep20) test= 31.25%
  S11 1500ms fold5/5: best_val= 62.50% (ep1) test= 37.50%
  S11 3000ms fold1/5: best_val= 75.00% (ep17) test= 56.25%
  S11 3000ms fold2/5: best_val= 68.75% (ep34) test= 62.50%
  S11 3000ms fold3/5: best_val= 50.00% (ep5) test= 43.75%
  S11 3000ms fold4/5: best_val= 81.25% (ep13) test= 25.00%
  S11 3000ms fold5/5: best_val= 75.00% (ep36) test= 62.50%
  S11 4000ms fold1/5: best_val= 62.50% (ep16) test= 62.50%
  S11 4000ms fold2/5: best_val= 75.00% (ep2) test= 56.25%
  S11 4000ms fold3/5: best_val= 56.25% (ep1) test= 43.75%
  S11 4000ms fold4/5: best_val= 87.50% (ep17) test= 25.00%
  S11 4000ms fold5/5: best_val= 62.50% (ep11) test= 62.50%
S11: 800ms= 48.75%  1500ms= 45.00%  3000ms= 50.00%  4000ms= 50.00%   (71s)
  S12 800ms fold1/5: best_val= 81.25% (ep11) test= 68.75%
  S12 800ms fold2/5: best_val= 75.00% (ep16) test= 75.00%
  S12 800ms fold3/5: best_val= 75.00% (ep2) test= 56.25%
  S12 800ms fold4/5: best_val= 68.75% (ep2) test= 56.25%
  S12 800ms fold5/5: best_val= 75.00% (ep7) test= 56.25%
  S12 1500ms fold1/5: best_val= 75.00% (ep28) test= 68.75%
  S12 1500ms fold2/5: best_val= 62.50% (ep17) test= 50.00%
  S12 1500ms fold3/5: best_val= 81.25% (ep28) test= 68.75%
  S12 1500ms fold4/5: best_val= 62.50% (ep13) test= 56.25%
  S12 1500ms fold5/5: best_val= 68.75% (ep27) test= 87.50%
  S12 3000ms fold1/5: best_val= 68.75% (ep1) test= 56.25%
  S12 3000ms fold2/5: best_val= 68.75% (ep2) test= 43.75%
  S12 3000ms fold3/5: best_val= 68.75% (ep9) test= 50.00%
  S12 3000ms fold4/5: best_val= 75.00% (ep15) test= 68.75%
  S12 3000ms fold5/5: best_val= 68.75% (ep1) test= 75.00%
  S12 4000ms fold1/5: best_val= 56.25% (ep3) test= 62.50%
  S12 4000ms fold2/5: best_val= 68.75% (ep2) test= 50.00%
  S12 4000ms fold3/5: best_val= 81.25% (ep4) test= 50.00%
  S12 4000ms fold4/5: best_val= 75.00% (ep16) test= 75.00%
  S12 4000ms fold5/5: best_val= 68.75% (ep1) test= 50.00%
S12: 800ms= 62.50%  1500ms= 66.25%  3000ms= 58.75%  4000ms= 57.50%   (70s)
  S13 800ms fold1/5: best_val= 56.25% (ep7) test= 50.00%
  S13 800ms fold2/5: best_val= 62.50% (ep2) test= 75.00%
  S13 800ms fold3/5: best_val= 43.75% (ep1) test= 56.25%
  S13 800ms fold4/5: best_val= 50.00% (ep2) test= 50.00%
  S13 800ms fold5/5: best_val= 50.00% (ep1) test= 50.00%
  S13 1500ms fold1/5: best_val= 56.25% (ep7) test= 62.50%
  S13 1500ms fold2/5: best_val= 81.25% (ep13) test= 62.50%
  S13 1500ms fold3/5: best_val= 50.00% (ep1) test= 37.50%
  S13 1500ms fold4/5: best_val= 62.50% (ep2) test= 50.00%
  S13 1500ms fold5/5: best_val= 68.75% (ep14) test= 25.00%
  S13 3000ms fold1/5: best_val= 56.25% (ep5) test= 68.75%
  S13 3000ms fold2/5: best_val= 75.00% (ep26) test= 68.75%
  S13 3000ms fold3/5: best_val= 43.75% (ep5) test= 50.00%
  S13 3000ms fold4/5: best_val= 62.50% (ep17) test= 62.50%
  S13 3000ms fold5/5: best_val= 81.25% (ep8) test= 31.25%
  S13 4000ms fold1/5: best_val= 37.50% (ep1) test= 75.00%
  S13 4000ms fold2/5: best_val= 62.50% (ep13) test= 37.50%
  S13 4000ms fold3/5: best_val= 68.75% (ep44) test= 68.75%
  S13 4000ms fold4/5: best_val= 75.00% (ep3) test= 50.00%
  S13 4000ms fold5/5: best_val= 68.75% (ep1) test= 37.50%
S13: 800ms= 56.25%  1500ms= 47.50%  3000ms= 56.25%  4000ms= 53.75%   (69s)
  S14 800ms fold1/5: best_val= 75.00% (ep7) test= 62.50%
  S14 800ms fold2/5: best_val= 56.25% (ep1) test= 56.25%
  S14 800ms fold3/5: best_val= 62.50% (ep3) test= 81.25%
  S14 800ms fold4/5: best_val= 81.25% (ep18) test= 68.75%
  S14 800ms fold5/5: best_val= 75.00% (ep9) test= 31.25%
  S14 1500ms fold1/5: best_val= 68.75% (ep20) test= 62.50%
  S14 1500ms fold2/5: best_val= 62.50% (ep14) test= 43.75%
  S14 1500ms fold3/5: best_val= 56.25% (ep5) test= 75.00%
  S14 1500ms fold4/5: best_val= 56.25% (ep2) test= 50.00%
  S14 1500ms fold5/5: best_val= 68.75% (ep1) test= 62.50%
  S14 3000ms fold1/5: best_val= 81.25% (ep24) test= 62.50%
  S14 3000ms fold2/5: best_val= 62.50% (ep4) test= 50.00%
  S14 3000ms fold3/5: best_val= 68.75% (ep7) test= 50.00%
  S14 3000ms fold4/5: best_val= 56.25% (ep10) test= 62.50%
  S14 3000ms fold5/5: best_val= 62.50% (ep22) test= 50.00%
  S14 4000ms fold1/5: best_val= 75.00% (ep17) test= 43.75%
  S14 4000ms fold2/5: best_val= 56.25% (ep1) test= 56.25%
  S14 4000ms fold3/5: best_val= 56.25% (ep5) test= 62.50%
  S14 4000ms fold4/5: best_val= 62.50% (ep1) test= 68.75%
  S14 4000ms fold5/5: best_val= 75.00% (ep10) test= 50.00%
S14: 800ms= 60.00%  1500ms= 58.75%  3000ms= 55.00%  4000ms= 56.25%   (69s)
  S15 800ms fold1/5: best_val= 75.00% (ep1) test= 37.50%
  S15 800ms fold2/5: best_val= 68.75% (ep1) test= 68.75%
  S15 800ms fold3/5: best_val= 56.25% (ep7) test= 56.25%
  S15 800ms fold4/5: best_val= 75.00% (ep2) test= 50.00%
  S15 800ms fold5/5: best_val= 50.00% (ep8) test= 56.25%
  S15 1500ms fold1/5: best_val= 68.75% (ep6) test= 62.50%
  S15 1500ms fold2/5: best_val= 68.75% (ep14) test= 56.25%
  S15 1500ms fold3/5: best_val= 56.25% (ep2) test= 68.75%
  S15 1500ms fold4/5: best_val= 75.00% (ep9) test= 50.00%
  S15 1500ms fold5/5: best_val= 56.25% (ep14) test= 50.00%
  S15 3000ms fold1/5: best_val= 68.75% (ep6) test= 50.00%
  S15 3000ms fold2/5: best_val= 62.50% (ep1) test= 50.00%
  S15 3000ms fold3/5: best_val= 50.00% (ep1) test= 56.25%
  S15 3000ms fold4/5: best_val= 62.50% (ep15) test= 25.00%
  S15 3000ms fold5/5: best_val= 62.50% (ep10) test= 75.00%
  S15 4000ms fold1/5: best_val= 56.25% (ep1) test= 50.00%
  S15 4000ms fold2/5: best_val= 68.75% (ep10) test= 62.50%
  S15 4000ms fold3/5: best_val= 56.25% (ep7) test= 43.75%
  S15 4000ms fold4/5: best_val= 62.50% (ep4) test= 43.75%
  S15 4000ms fold5/5: best_val= 62.50% (ep31) test= 56.25%
S15: 800ms= 53.75%  1500ms= 57.50%  3000ms= 51.25%  4000ms= 51.25%   (69s)
  S16 800ms fold1/5: best_val= 56.25% (ep7) test= 62.50%
  S16 800ms fold2/5: best_val= 87.50% (ep13) test= 50.00%
  S16 800ms fold3/5: best_val= 50.00% (ep18) test= 50.00%
  S16 800ms fold4/5: best_val= 56.25% (ep26) test= 75.00%
  S16 800ms fold5/5: best_val= 75.00% (ep9) test= 56.25%
  S16 1500ms fold1/5: best_val= 75.00% (ep5) test= 62.50%
  S16 1500ms fold2/5: best_val= 75.00% (ep2) test= 56.25%
  S16 1500ms fold3/5: best_val= 56.25% (ep2) test= 37.50%
  S16 1500ms fold4/5: best_val= 75.00% (ep2) test= 75.00%
  S16 1500ms fold5/5: best_val= 81.25% (ep3) test= 62.50%
  S16 3000ms fold1/5: best_val= 68.75% (ep1) test= 50.00%
  S16 3000ms fold2/5: best_val= 87.50% (ep1) test= 50.00%
  S16 3000ms fold3/5: best_val= 62.50% (ep1) test= 62.50%
  S16 3000ms fold4/5: best_val= 68.75% (ep19) test= 68.75%
  S16 3000ms fold5/5: best_val= 75.00% (ep6) test= 68.75%
  S16 4000ms fold1/5: best_val= 81.25% (ep6) test= 68.75%
  S16 4000ms fold2/5: best_val= 93.75% (ep4) test= 50.00%
  S16 4000ms fold3/5: best_val= 62.50% (ep2) test= 68.75%
  S16 4000ms fold4/5: best_val= 75.00% (ep12) test= 81.25%
  S16 4000ms fold5/5: best_val= 81.25% (ep11) test= 75.00%
S16: 800ms= 58.75%  1500ms= 58.75%  3000ms= 60.00%  4000ms= 68.75%   (69s)
  S17 800ms fold1/5: best_val= 68.75% (ep8) test= 56.25%
  S17 800ms fold2/5: best_val= 56.25% (ep10) test= 68.75%
  S17 800ms fold3/5: best_val= 56.25% (ep2) test= 56.25%
  S17 800ms fold4/5: best_val= 81.25% (ep2) test= 68.75%
  S17 800ms fold5/5: best_val= 56.25% (ep7) test= 31.25%
  S17 1500ms fold1/5: best_val= 75.00% (ep22) test= 43.75%
  S17 1500ms fold2/5: best_val= 62.50% (ep12) test= 43.75%
  S17 1500ms fold3/5: best_val= 62.50% (ep1) test= 56.25%
  S17 1500ms fold4/5: best_val= 62.50% (ep4) test= 56.25%
  S17 1500ms fold5/5: best_val= 62.50% (ep1) test= 56.25%
  S17 3000ms fold1/5: best_val= 62.50% (ep1) test= 50.00%
  S17 3000ms fold2/5: best_val= 75.00% (ep3) test= 50.00%
  S17 3000ms fold3/5: best_val= 68.75% (ep1) test= 31.25%
  S17 3000ms fold4/5: best_val= 68.75% (ep6) test= 56.25%
  S17 3000ms fold5/5: best_val= 56.25% (ep3) test= 50.00%
  S17 4000ms fold1/5: best_val= 56.25% (ep2) test= 68.75%
  S17 4000ms fold2/5: best_val= 62.50% (ep4) test= 68.75%
  S17 4000ms fold3/5: best_val= 62.50% (ep5) test= 56.25%
  S17 4000ms fold4/5: best_val= 68.75% (ep16) test= 43.75%
  S17 4000ms fold5/5: best_val= 68.75% (ep5) test= 37.50%
S17: 800ms= 56.25%  1500ms= 51.25%  3000ms= 47.50%  4000ms= 55.00%   (69s)
  S18 800ms fold1/5: best_val= 75.00% (ep2) test= 68.75%
  S18 800ms fold2/5: best_val= 87.50% (ep13) test= 56.25%
  S18 800ms fold3/5: best_val= 87.50% (ep22) test= 75.00%
  S18 800ms fold4/5: best_val= 62.50% (ep4) test= 62.50%
  S18 800ms fold5/5: best_val= 68.75% (ep18) test= 68.75%
  S18 1500ms fold1/5: best_val= 81.25% (ep5) test= 56.25%
  S18 1500ms fold2/5: best_val= 68.75% (ep10) test= 68.75%
  S18 1500ms fold3/5: best_val= 87.50% (ep25) test= 75.00%
  S18 1500ms fold4/5: best_val= 75.00% (ep14) test= 62.50%
  S18 1500ms fold5/5: best_val= 75.00% (ep2) test= 37.50%
  S18 3000ms fold1/5: best_val= 75.00% (ep18) test= 68.75%
  S18 3000ms fold2/5: best_val= 81.25% (ep1) test= 50.00%
  S18 3000ms fold3/5: best_val= 81.25% (ep20) test= 62.50%
  S18 3000ms fold4/5: best_val= 81.25% (ep9) test= 56.25%
  S18 3000ms fold5/5: best_val= 81.25% (ep28) test= 50.00%
  S18 4000ms fold1/5: best_val= 81.25% (ep5) test= 56.25%
  S18 4000ms fold2/5: best_val= 87.50% (ep1) test= 50.00%
  S18 4000ms fold3/5: best_val= 93.75% (ep14) test= 50.00%
  S18 4000ms fold4/5: best_val= 81.25% (ep22) test= 62.50%
  S18 4000ms fold5/5: best_val= 75.00% (ep3) test= 37.50%
S18: 800ms= 66.25%  1500ms= 60.00%  3000ms= 57.50%  4000ms= 51.25%   (69s)

ALL SUBJECTS COMPLETED — WFE/SAA  (1275s)

====================================================================
SAVED WFE/SAA -> /work/11862/rmaahin/ls6/FineMI-enhancements/ConformerEEG/experiments/option_a/results/full/WFE_SAA
gpu=NVIDIA A100-PCIE-40GB | torch=2.8.0+cu128 | seed=42 | model=conformer_a | mode=full
====================================================================
window_ms   800    1500   3000   4000
subject                              
1          46.67  56.67  57.78  61.11
2          50.00  55.00  52.50  53.75
3          46.25  63.75  73.75  71.25
4          61.25  63.75  70.00  61.25
5          55.00  45.00  51.25  43.75
6          58.75  60.00  55.00  58.75
7          60.00  56.25  58.75  57.50
8          46.25  40.00  53.75  37.50
9          60.00  51.25  52.50  50.00
10         58.75  60.00  65.00  55.00
11         48.75  45.00  50.00  50.00
12         62.50  66.25  58.75  57.50
13         56.25  47.50  56.25  53.75
14         60.00  58.75  55.00  56.25
15         53.75  57.50  51.25  51.25
16         58.75  58.75  60.00  68.75
17         56.25  51.25  47.50  55.00
18         66.25  60.00  57.50  51.25

mean: {800: 55.86, 1500: 55.37, 3000: 57.03, 4000: 55.2}
sd  : {800: 6.03, 1500: 7.28, 3000: 6.84, 4000: 7.94}

Pairs saved so far in /work/11862/rmaahin/ls6/FineMI-enhancements/ConformerEEG/experiments/option_a/results/full: 4/28

##### pair_idx=12 (WFE_SFE) #####

Using device: cuda | gpu=NVIDIA A100-PCIE-40GB | torch=2.8.0+cu128
NOTE: determinism holds per-GPU-model. Record this GPU name.

PAIR: WFE/SFE  (classes 1 vs 7)  model=conformer_a  mode=full
Test time windows: [800, 1500, 3000, 4000] ms
Test time windows (samples): [200, 375, 750, 1000]

BINARY CLASSIFICATION: Class 1 vs Class 7  (WFE/SFE)
  Class 0 (original 1): 725 trials
  Class 1 (original 7): 726 trials

Extracted time windows:
  800ms (200 samples): shape (1451, 62, 200)
  1500ms (375 samples): shape (1451, 62, 375)
  3000ms (750 samples): shape (1451, 62, 750)
  4000ms (1000 samples): shape (1451, 62, 1000)

Model configuration:
  Model: conformer_a
  Channels: 62
  Subjects: [1, 2, 3, 4, 5, 6, 7, 8, 9, 10, 11, 12, 13, 14, 15, 16, 17, 18]
  Time windows: [800, 1500, 3000, 4000] ms
  Classes: 2 (Binary: Class 1 vs Class 7)
  Folds: 5
  Batch size: 32
  Epochs per subject per time window: 50
  S1 800ms fold1/5: best_val= 88.89% (ep5) test= 55.56%
  S1 800ms fold2/5: best_val= 77.78% (ep23) test= 44.44%
  S1 800ms fold3/5: best_val= 66.67% (ep7) test= 55.56%
  S1 800ms fold4/5: best_val= 61.11% (ep15) test= 44.44%
  S1 800ms fold5/5: best_val= 55.56% (ep2) test= 61.11%
  S1 1500ms fold1/5: best_val= 88.89% (ep6) test= 27.78%
  S1 1500ms fold2/5: best_val= 66.67% (ep7) test= 55.56%
  S1 1500ms fold3/5: best_val= 66.67% (ep18) test= 33.33%
  S1 1500ms fold4/5: best_val= 61.11% (ep1) test= 55.56%
  S1 1500ms fold5/5: best_val= 72.22% (ep17) test= 55.56%
  S1 3000ms fold1/5: best_val= 61.11% (ep13) test= 33.33%
  S1 3000ms fold2/5: best_val= 77.78% (ep11) test= 38.89%
  S1 3000ms fold3/5: best_val= 66.67% (ep1) test= 44.44%
  S1 3000ms fold4/5: best_val= 72.22% (ep3) test= 44.44%
  S1 3000ms fold5/5: best_val= 61.11% (ep5) test= 66.67%
  S1 4000ms fold1/5: best_val= 77.78% (ep7) test= 38.89%
  S1 4000ms fold2/5: best_val= 83.33% (ep2) test= 61.11%
  S1 4000ms fold3/5: best_val= 72.22% (ep8) test= 55.56%
  S1 4000ms fold4/5: best_val= 77.78% (ep7) test= 44.44%
  S1 4000ms fold5/5: best_val= 55.56% (ep35) test= 83.33%
S 1: 800ms= 52.22%  1500ms= 45.56%  3000ms= 45.56%  4000ms= 56.67%   (83s)
  S2 800ms fold1/5: best_val= 62.50% (ep10) test= 43.75%
  S2 800ms fold2/5: best_val= 50.00% (ep5) test= 75.00%
  S2 800ms fold3/5: best_val= 56.25% (ep12) test= 68.75%
  S2 800ms fold4/5: best_val= 56.25% (ep2) test= 50.00%
  S2 800ms fold5/5: best_val= 50.00% (ep1) test= 56.25%
  S2 1500ms fold1/5: best_val= 62.50% (ep4) test= 50.00%
  S2 1500ms fold2/5: best_val= 62.50% (ep1) test= 50.00%
  S2 1500ms fold3/5: best_val= 56.25% (ep10) test= 50.00%
  S2 1500ms fold4/5: best_val= 62.50% (ep2) test= 37.50%
  S2 1500ms fold5/5: best_val= 50.00% (ep3) test= 50.00%
  S2 3000ms fold1/5: best_val= 68.75% (ep1) test= 43.75%
  S2 3000ms fold2/5: best_val= 50.00% (ep2) test= 62.50%
  S2 3000ms fold3/5: best_val= 56.25% (ep1) test= 56.25%
  S2 3000ms fold4/5: best_val= 56.25% (ep5) test= 62.50%
  S2 3000ms fold5/5: best_val= 62.50% (ep8) test= 56.25%
  S2 4000ms fold1/5: best_val= 62.50% (ep1) test= 43.75%
  S2 4000ms fold2/5: best_val= 68.75% (ep1) test= 31.25%
  S2 4000ms fold3/5: best_val= 62.50% (ep16) test= 56.25%
  S2 4000ms fold4/5: best_val= 68.75% (ep1) test= 50.00%
  S2 4000ms fold5/5: best_val= 68.75% (ep27) test= 68.75%
S 2: 800ms= 58.75%  1500ms= 47.50%  3000ms= 56.25%  4000ms= 50.00%   (69s)
  S3 800ms fold1/5: best_val= 75.00% (ep14) test= 81.25%
  S3 800ms fold2/5: best_val= 87.50% (ep5) test= 62.50%
  S3 800ms fold3/5: best_val= 87.50% (ep28) test= 62.50%
  S3 800ms fold4/5: best_val= 75.00% (ep12) test= 68.75%
  S3 800ms fold5/5: best_val= 68.75% (ep5) test= 81.25%
  S3 1500ms fold1/5: best_val= 68.75% (ep1) test= 56.25%
  S3 1500ms fold2/5: best_val=100.00% (ep20) test= 56.25%
  S3 1500ms fold3/5: best_val= 75.00% (ep16) test= 50.00%
  S3 1500ms fold4/5: best_val= 62.50% (ep3) test= 68.75%
  S3 1500ms fold5/5: best_val= 68.75% (ep12) test= 81.25%
  S3 3000ms fold1/5: best_val= 68.75% (ep1) test= 68.75%
  S3 3000ms fold2/5: best_val= 75.00% (ep27) test= 81.25%
  S3 3000ms fold3/5: best_val= 81.25% (ep15) test= 56.25%
  S3 3000ms fold4/5: best_val= 62.50% (ep2) test= 62.50%
  S3 3000ms fold5/5: best_val= 75.00% (ep1) test= 56.25%
  S3 4000ms fold1/5: best_val= 87.50% (ep17) test= 68.75%
  S3 4000ms fold2/5: best_val= 81.25% (ep28) test= 81.25%
  S3 4000ms fold3/5: best_val= 87.50% (ep10) test= 56.25%
  S3 4000ms fold4/5: best_val= 68.75% (ep2) test= 56.25%
  S3 4000ms fold5/5: best_val= 81.25% (ep9) test= 62.50%
S 3: 800ms= 71.25%  1500ms= 62.50%  3000ms= 65.00%  4000ms= 65.00%   (69s)
  S4 800ms fold1/5: best_val= 75.00% (ep4) test= 81.25%
  S4 800ms fold2/5: best_val= 93.75% (ep16) test= 75.00%
  S4 800ms fold3/5: best_val= 87.50% (ep7) test= 62.50%
  S4 800ms fold4/5: best_val= 87.50% (ep7) test= 81.25%
  S4 800ms fold5/5: best_val= 75.00% (ep5) test= 75.00%
  S4 1500ms fold1/5: best_val= 75.00% (ep6) test= 68.75%
  S4 1500ms fold2/5: best_val= 93.75% (ep14) test= 75.00%
  S4 1500ms fold3/5: best_val= 93.75% (ep8) test= 43.75%
  S4 1500ms fold4/5: best_val= 81.25% (ep9) test= 81.25%
  S4 1500ms fold5/5: best_val= 75.00% (ep2) test= 50.00%
  S4 3000ms fold1/5: best_val= 75.00% (ep9) test= 62.50%
  S4 3000ms fold2/5: best_val= 81.25% (ep5) test= 50.00%
  S4 3000ms fold3/5: best_val= 81.25% (ep4) test= 81.25%
  S4 3000ms fold4/5: best_val= 87.50% (ep6) test= 68.75%
  S4 3000ms fold5/5: best_val= 68.75% (ep7) test= 50.00%
  S4 4000ms fold1/5: best_val= 62.50% (ep5) test= 62.50%
  S4 4000ms fold2/5: best_val= 68.75% (ep5) test= 68.75%
  S4 4000ms fold3/5: best_val= 75.00% (ep12) test= 68.75%
  S4 4000ms fold4/5: best_val= 81.25% (ep15) test= 87.50%
  S4 4000ms fold5/5: best_val= 50.00% (ep1) test= 62.50%
S 4: 800ms= 75.00%  1500ms= 63.75%  3000ms= 62.50%  4000ms= 70.00%   (69s)
  S5 800ms fold1/5: best_val= 75.00% (ep7) test= 47.06%
  S5 800ms fold2/5: best_val= 64.71% (ep13) test= 50.00%
  S5 800ms fold3/5: best_val= 64.71% (ep2) test= 50.00%
  S5 800ms fold4/5: best_val= 41.18% (ep1) test= 68.75%
  S5 800ms fold5/5: best_val= 70.59% (ep3) test= 37.50%
  S5 1500ms fold1/5: best_val= 50.00% (ep29) test= 47.06%
  S5 1500ms fold2/5: best_val= 64.71% (ep2) test= 56.25%
  S5 1500ms fold3/5: best_val= 52.94% (ep13) test= 31.25%
  S5 1500ms fold4/5: best_val= 47.06% (ep1) test= 56.25%
  S5 1500ms fold5/5: best_val= 58.82% (ep23) test= 68.75%
  S5 3000ms fold1/5: best_val= 68.75% (ep29) test= 35.29%
  S5 3000ms fold2/5: best_val= 70.59% (ep9) test= 62.50%
  S5 3000ms fold3/5: best_val= 52.94% (ep2) test= 50.00%
  S5 3000ms fold4/5: best_val= 47.06% (ep11) test= 56.25%
  S5 3000ms fold5/5: best_val= 64.71% (ep8) test= 50.00%
  S5 4000ms fold1/5: best_val= 62.50% (ep26) test= 35.29%
  S5 4000ms fold2/5: best_val= 76.47% (ep46) test= 62.50%
  S5 4000ms fold3/5: best_val= 64.71% (ep31) test= 43.75%
  S5 4000ms fold4/5: best_val= 47.06% (ep5) test= 50.00%
  S5 4000ms fold5/5: best_val= 64.71% (ep6) test= 50.00%
S 5: 800ms= 50.62%  1500ms= 51.85%  3000ms= 50.62%  4000ms= 48.15%   (69s)
  S6 800ms fold1/5: best_val= 56.25% (ep9) test= 50.00%
  S6 800ms fold2/5: best_val= 50.00% (ep6) test= 31.25%
  S6 800ms fold3/5: best_val= 81.25% (ep2) test= 25.00%
  S6 800ms fold4/5: best_val= 50.00% (ep1) test= 50.00%
  S6 800ms fold5/5: best_val= 68.75% (ep22) test= 56.25%
  S6 1500ms fold1/5: best_val= 43.75% (ep1) test= 56.25%
  S6 1500ms fold2/5: best_val= 56.25% (ep1) test= 50.00%
  S6 1500ms fold3/5: best_val= 75.00% (ep4) test= 68.75%
  S6 1500ms fold4/5: best_val= 56.25% (ep3) test= 50.00%
  S6 1500ms fold5/5: best_val= 75.00% (ep7) test= 37.50%
  S6 3000ms fold1/5: best_val= 68.75% (ep12) test= 56.25%
  S6 3000ms fold2/5: best_val= 62.50% (ep1) test= 62.50%
  S6 3000ms fold3/5: best_val= 50.00% (ep1) test= 50.00%
  S6 3000ms fold4/5: best_val= 62.50% (ep37) test= 56.25%
  S6 3000ms fold5/5: best_val= 68.75% (ep43) test= 62.50%
  S6 4000ms fold1/5: best_val= 56.25% (ep2) test= 56.25%
  S6 4000ms fold2/5: best_val= 75.00% (ep15) test= 62.50%
  S6 4000ms fold3/5: best_val= 43.75% (ep5) test= 75.00%
  S6 4000ms fold4/5: best_val= 62.50% (ep1) test= 56.25%
  S6 4000ms fold5/5: best_val= 81.25% (ep37) test= 56.25%
S 6: 800ms= 42.50%  1500ms= 52.50%  3000ms= 57.50%  4000ms= 61.25%   (69s)
  S7 800ms fold1/5: best_val= 56.25% (ep4) test= 50.00%
  S7 800ms fold2/5: best_val= 56.25% (ep1) test= 62.50%
  S7 800ms fold3/5: best_val= 56.25% (ep2) test= 43.75%
  S7 800ms fold4/5: best_val= 62.50% (ep19) test= 62.50%
  S7 800ms fold5/5: best_val= 56.25% (ep8) test= 68.75%
  S7 1500ms fold1/5: best_val= 68.75% (ep6) test= 43.75%
  S7 1500ms fold2/5: best_val= 50.00% (ep11) test= 75.00%
  S7 1500ms fold3/5: best_val= 56.25% (ep4) test= 62.50%
  S7 1500ms fold4/5: best_val= 75.00% (ep6) test= 56.25%
  S7 1500ms fold5/5: best_val= 68.75% (ep2) test= 56.25%
  S7 3000ms fold1/5: best_val= 62.50% (ep25) test= 62.50%
  S7 3000ms fold2/5: best_val= 68.75% (ep32) test= 68.75%
  S7 3000ms fold3/5: best_val= 62.50% (ep3) test= 62.50%
  S7 3000ms fold4/5: best_val= 75.00% (ep4) test= 62.50%
  S7 3000ms fold5/5: best_val= 68.75% (ep13) test= 56.25%
  S7 4000ms fold1/5: best_val= 62.50% (ep42) test= 50.00%
  S7 4000ms fold2/5: best_val= 68.75% (ep13) test= 68.75%
  S7 4000ms fold3/5: best_val= 68.75% (ep8) test= 37.50%
  S7 4000ms fold4/5: best_val= 75.00% (ep4) test= 68.75%
  S7 4000ms fold5/5: best_val= 62.50% (ep2) test= 50.00%
S 7: 800ms= 57.50%  1500ms= 58.75%  3000ms= 62.50%  4000ms= 55.00%   (69s)
  S8 800ms fold1/5: best_val= 43.75% (ep2) test= 56.25%
  S8 800ms fold2/5: best_val= 56.25% (ep2) test= 43.75%
  S8 800ms fold3/5: best_val= 56.25% (ep1) test= 56.25%
  S8 800ms fold4/5: best_val= 75.00% (ep17) test= 31.25%
  S8 800ms fold5/5: best_val= 75.00% (ep22) test= 31.25%
  S8 1500ms fold1/5: best_val= 68.75% (ep1) test= 37.50%
  S8 1500ms fold2/5: best_val= 75.00% (ep2) test= 56.25%
  S8 1500ms fold3/5: best_val= 50.00% (ep2) test= 68.75%
  S8 1500ms fold4/5: best_val= 68.75% (ep7) test= 31.25%
  S8 1500ms fold5/5: best_val= 62.50% (ep9) test= 43.75%
  S8 3000ms fold1/5: best_val= 75.00% (ep16) test= 56.25%
  S8 3000ms fold2/5: best_val= 62.50% (ep3) test= 62.50%
  S8 3000ms fold3/5: best_val= 50.00% (ep1) test= 50.00%
  S8 3000ms fold4/5: best_val= 62.50% (ep2) test= 31.25%
  S8 3000ms fold5/5: best_val= 56.25% (ep1) test= 50.00%
  S8 4000ms fold1/5: best_val= 50.00% (ep5) test= 43.75%
  S8 4000ms fold2/5: best_val= 62.50% (ep9) test= 31.25%
  S8 4000ms fold3/5: best_val= 62.50% (ep15) test= 56.25%
  S8 4000ms fold4/5: best_val= 68.75% (ep12) test= 43.75%
  S8 4000ms fold5/5: best_val= 62.50% (ep2) test= 31.25%
S 8: 800ms= 43.75%  1500ms= 47.50%  3000ms= 50.00%  4000ms= 41.25%   (69s)
  S9 800ms fold1/5: best_val= 50.00% (ep4) test= 43.75%
  S9 800ms fold2/5: best_val= 68.75% (ep3) test= 56.25%
  S9 800ms fold3/5: best_val= 68.75% (ep4) test= 50.00%
  S9 800ms fold4/5: best_val= 62.50% (ep3) test= 43.75%
  S9 800ms fold5/5: best_val= 43.75% (ep2) test= 43.75%
  S9 1500ms fold1/5: best_val= 62.50% (ep6) test= 43.75%
  S9 1500ms fold2/5: best_val= 50.00% (ep1) test= 68.75%
  S9 1500ms fold3/5: best_val= 87.50% (ep38) test= 43.75%
  S9 1500ms fold4/5: best_val= 50.00% (ep1) test= 50.00%
  S9 1500ms fold5/5: best_val= 62.50% (ep1) test= 50.00%
  S9 3000ms fold1/5: best_val= 68.75% (ep19) test= 37.50%
  S9 3000ms fold2/5: best_val= 62.50% (ep13) test= 25.00%
  S9 3000ms fold3/5: best_val= 81.25% (ep20) test= 43.75%
  S9 3000ms fold4/5: best_val= 50.00% (ep1) test= 37.50%
  S9 3000ms fold5/5: best_val= 75.00% (ep18) test= 68.75%
  S9 4000ms fold1/5: best_val= 68.75% (ep19) test= 50.00%
  S9 4000ms fold2/5: best_val= 50.00% (ep2) test= 56.25%
  S9 4000ms fold3/5: best_val= 75.00% (ep1) test= 56.25%
  S9 4000ms fold4/5: best_val= 62.50% (ep4) test= 37.50%
  S9 4000ms fold5/5: best_val= 75.00% (ep12) test= 62.50%
S 9: 800ms= 47.50%  1500ms= 51.25%  3000ms= 42.50%  4000ms= 52.50%   (69s)
  S10 800ms fold1/5: best_val= 56.25% (ep5) test= 50.00%
  S10 800ms fold2/5: best_val= 56.25% (ep1) test= 37.50%
  S10 800ms fold3/5: best_val= 56.25% (ep8) test= 68.75%
  S10 800ms fold4/5: best_val= 43.75% (ep19) test= 62.50%
  S10 800ms fold5/5: best_val= 56.25% (ep24) test= 62.50%
  S10 1500ms fold1/5: best_val= 50.00% (ep14) test= 56.25%
  S10 1500ms fold2/5: best_val= 43.75% (ep6) test= 62.50%
  S10 1500ms fold3/5: best_val= 62.50% (ep1) test= 37.50%
  S10 1500ms fold4/5: best_val= 50.00% (ep3) test= 56.25%
  S10 1500ms fold5/5: best_val= 56.25% (ep3) test= 56.25%
  S10 3000ms fold1/5: best_val= 56.25% (ep1) test= 50.00%
  S10 3000ms fold2/5: best_val= 56.25% (ep7) test= 75.00%
  S10 3000ms fold3/5: best_val= 62.50% (ep1) test= 62.50%
  S10 3000ms fold4/5: best_val= 50.00% (ep2) test= 75.00%
  S10 3000ms fold5/5: best_val= 68.75% (ep10) test= 62.50%
  S10 4000ms fold1/5: best_val= 68.75% (ep16) test= 43.75%
  S10 4000ms fold2/5: best_val= 56.25% (ep2) test= 56.25%
  S10 4000ms fold3/5: best_val= 62.50% (ep1) test= 43.75%
  S10 4000ms fold4/5: best_val= 50.00% (ep13) test= 62.50%
  S10 4000ms fold5/5: best_val= 56.25% (ep19) test= 62.50%
S10: 800ms= 56.25%  1500ms= 53.75%  3000ms= 65.00%  4000ms= 53.75%   (69s)
  S11 800ms fold1/5: best_val= 50.00% (ep1) test= 37.50%
  S11 800ms fold2/5: best_val= 50.00% (ep1) test= 31.25%
  S11 800ms fold3/5: best_val= 75.00% (ep1) test= 31.25%
  S11 800ms fold4/5: best_val= 50.00% (ep6) test= 62.50%
  S11 800ms fold5/5: best_val= 56.25% (ep2) test= 56.25%
  S11 1500ms fold1/5: best_val= 56.25% (ep12) test= 56.25%
  S11 1500ms fold2/5: best_val= 43.75% (ep2) test= 56.25%
  S11 1500ms fold3/5: best_val= 75.00% (ep7) test= 43.75%
  S11 1500ms fold4/5: best_val= 56.25% (ep2) test= 50.00%
  S11 1500ms fold5/5: best_val= 43.75% (ep3) test= 50.00%
  S11 3000ms fold1/5: best_val= 56.25% (ep6) test= 56.25%
  S11 3000ms fold2/5: best_val= 62.50% (ep4) test= 50.00%
  S11 3000ms fold3/5: best_val= 68.75% (ep7) test= 43.75%
  S11 3000ms fold4/5: best_val= 56.25% (ep3) test= 31.25%
  S11 3000ms fold5/5: best_val= 68.75% (ep6) test= 56.25%
  S11 4000ms fold1/5: best_val= 62.50% (ep1) test= 43.75%
  S11 4000ms fold2/5: best_val= 50.00% (ep3) test= 31.25%
  S11 4000ms fold3/5: best_val= 68.75% (ep1) test= 56.25%
  S11 4000ms fold4/5: best_val= 50.00% (ep9) test= 43.75%
  S11 4000ms fold5/5: best_val= 50.00% (ep6) test= 62.50%
S11: 800ms= 43.75%  1500ms= 51.25%  3000ms= 47.50%  4000ms= 47.50%   (69s)
  S12 800ms fold1/5: best_val= 68.75% (ep4) test= 50.00%
  S12 800ms fold2/5: best_val= 75.00% (ep24) test= 62.50%
  S12 800ms fold3/5: best_val= 81.25% (ep27) test= 56.25%
  S12 800ms fold4/5: best_val= 62.50% (ep3) test= 56.25%
  S12 800ms fold5/5: best_val= 62.50% (ep12) test= 56.25%
  S12 1500ms fold1/5: best_val= 37.50% (ep8) test= 50.00%
  S12 1500ms fold2/5: best_val= 75.00% (ep21) test= 56.25%
  S12 1500ms fold3/5: best_val= 62.50% (ep5) test= 50.00%
  S12 1500ms fold4/5: best_val= 62.50% (ep2) test= 56.25%
  S12 1500ms fold5/5: best_val= 43.75% (ep1) test= 56.25%
  S12 3000ms fold1/5: best_val= 56.25% (ep1) test= 43.75%
  S12 3000ms fold2/5: best_val= 75.00% (ep3) test= 56.25%
  S12 3000ms fold3/5: best_val= 62.50% (ep1) test= 62.50%
  S12 3000ms fold4/5: best_val= 50.00% (ep2) test= 43.75%
  S12 3000ms fold5/5: best_val= 62.50% (ep2) test= 62.50%
  S12 4000ms fold1/5: best_val= 56.25% (ep3) test= 68.75%
  S12 4000ms fold2/5: best_val= 56.25% (ep1) test= 50.00%
  S12 4000ms fold3/5: best_val= 50.00% (ep18) test= 68.75%
  S12 4000ms fold4/5: best_val= 56.25% (ep3) test= 31.25%
  S12 4000ms fold5/5: best_val= 37.50% (ep1) test= 43.75%
S12: 800ms= 56.25%  1500ms= 53.75%  3000ms= 53.75%  4000ms= 52.50%   (69s)
  S13 800ms fold1/5: best_val= 56.25% (ep1) test= 68.75%
  S13 800ms fold2/5: best_val= 81.25% (ep7) test= 50.00%
  S13 800ms fold3/5: best_val= 56.25% (ep2) test= 68.75%
  S13 800ms fold4/5: best_val= 56.25% (ep1) test= 50.00%
  S13 800ms fold5/5: best_val= 62.50% (ep1) test= 37.50%
  S13 1500ms fold1/5: best_val= 75.00% (ep2) test= 56.25%
  S13 1500ms fold2/5: best_val= 68.75% (ep6) test= 68.75%
  S13 1500ms fold3/5: best_val= 68.75% (ep8) test= 62.50%
  S13 1500ms fold4/5: best_val= 75.00% (ep17) test= 56.25%
  S13 1500ms fold5/5: best_val= 62.50% (ep12) test= 62.50%
  S13 3000ms fold1/5: best_val= 68.75% (ep2) test= 62.50%
  S13 3000ms fold2/5: best_val= 68.75% (ep4) test= 56.25%
  S13 3000ms fold3/5: best_val= 56.25% (ep1) test= 56.25%
  S13 3000ms fold4/5: best_val= 50.00% (ep2) test= 31.25%
  S13 3000ms fold5/5: best_val= 75.00% (ep5) test= 56.25%
  S13 4000ms fold1/5: best_val= 56.25% (ep4) test= 56.25%
  S13 4000ms fold2/5: best_val= 81.25% (ep12) test= 75.00%
  S13 4000ms fold3/5: best_val= 68.75% (ep6) test= 56.25%
  S13 4000ms fold4/5: best_val= 75.00% (ep18) test= 37.50%
  S13 4000ms fold5/5: best_val= 75.00% (ep19) test= 75.00%
S13: 800ms= 55.00%  1500ms= 61.25%  3000ms= 52.50%  4000ms= 60.00%   (71s)
  S14 800ms fold1/5: best_val= 81.25% (ep4) test= 62.50%
  S14 800ms fold2/5: best_val= 81.25% (ep46) test= 56.25%
  S14 800ms fold3/5: best_val= 68.75% (ep1) test= 43.75%
  S14 800ms fold4/5: best_val= 81.25% (ep21) test= 68.75%
  S14 800ms fold5/5: best_val= 56.25% (ep1) test= 56.25%
  S14 1500ms fold1/5: best_val= 75.00% (ep9) test= 56.25%
  S14 1500ms fold2/5: best_val= 87.50% (ep15) test= 50.00%
  S14 1500ms fold3/5: best_val= 75.00% (ep2) test= 75.00%
  S14 1500ms fold4/5: best_val= 75.00% (ep14) test= 62.50%
  S14 1500ms fold5/5: best_val= 62.50% (ep16) test= 56.25%
  S14 3000ms fold1/5: best_val= 62.50% (ep28) test= 56.25%
  S14 3000ms fold2/5: best_val= 93.75% (ep29) test= 56.25%
  S14 3000ms fold3/5: best_val= 68.75% (ep1) test= 43.75%
  S14 3000ms fold4/5: best_val= 81.25% (ep16) test= 56.25%
  S14 3000ms fold5/5: best_val= 62.50% (ep34) test= 37.50%
  S14 4000ms fold1/5: best_val= 56.25% (ep3) test= 50.00%
  S14 4000ms fold2/5: best_val= 87.50% (ep13) test= 50.00%
  S14 4000ms fold3/5: best_val= 68.75% (ep4) test= 43.75%
  S14 4000ms fold4/5: best_val= 81.25% (ep15) test= 50.00%
  S14 4000ms fold5/5: best_val= 75.00% (ep6) test= 56.25%
S14: 800ms= 57.50%  1500ms= 60.00%  3000ms= 50.00%  4000ms= 50.00%   (71s)
  S15 800ms fold1/5: best_val= 62.50% (ep2) test= 50.00%
  S15 800ms fold2/5: best_val= 68.75% (ep19) test= 50.00%
  S15 800ms fold3/5: best_val= 62.50% (ep2) test= 56.25%
  S15 800ms fold4/5: best_val= 62.50% (ep5) test= 68.75%
  S15 800ms fold5/5: best_val= 68.75% (ep10) test= 37.50%
  S15 1500ms fold1/5: best_val= 68.75% (ep24) test= 50.00%
  S15 1500ms fold2/5: best_val= 68.75% (ep39) test= 56.25%
  S15 1500ms fold3/5: best_val= 68.75% (ep1) test= 50.00%
  S15 1500ms fold4/5: best_val= 68.75% (ep1) test= 50.00%
  S15 1500ms fold5/5: best_val= 75.00% (ep35) test= 37.50%
  S15 3000ms fold1/5: best_val= 50.00% (ep12) test= 50.00%
  S15 3000ms fold2/5: best_val= 81.25% (ep10) test= 50.00%
  S15 3000ms fold3/5: best_val= 56.25% (ep2) test= 56.25%
  S15 3000ms fold4/5: best_val= 62.50% (ep6) test= 37.50%
  S15 3000ms fold5/5: best_val= 43.75% (ep4) test= 37.50%
  S15 4000ms fold1/5: best_val= 62.50% (ep1) test= 56.25%
  S15 4000ms fold2/5: best_val= 68.75% (ep21) test= 50.00%
  S15 4000ms fold3/5: best_val= 56.25% (ep2) test= 50.00%
  S15 4000ms fold4/5: best_val= 68.75% (ep1) test= 31.25%
  S15 4000ms fold5/5: best_val= 68.75% (ep5) test= 37.50%
S15: 800ms= 52.50%  1500ms= 48.75%  3000ms= 46.25%  4000ms= 45.00%   (71s)
  S16 800ms fold1/5: best_val= 43.75% (ep1) test= 43.75%
  S16 800ms fold2/5: best_val= 62.50% (ep19) test= 50.00%
  S16 800ms fold3/5: best_val= 56.25% (ep1) test= 50.00%
  S16 800ms fold4/5: best_val= 56.25% (ep3) test= 43.75%
  S16 800ms fold5/5: best_val= 50.00% (ep4) test= 56.25%
  S16 1500ms fold1/5: best_val= 62.50% (ep1) test= 37.50%
  S16 1500ms fold2/5: best_val= 68.75% (ep7) test= 50.00%
  S16 1500ms fold3/5: best_val= 56.25% (ep29) test= 37.50%
  S16 1500ms fold4/5: best_val= 62.50% (ep12) test= 43.75%
  S16 1500ms fold5/5: best_val= 56.25% (ep6) test= 43.75%
  S16 3000ms fold1/5: best_val= 62.50% (ep11) test= 25.00%
  S16 3000ms fold2/5: best_val= 75.00% (ep3) test= 50.00%
  S16 3000ms fold3/5: best_val= 56.25% (ep2) test= 62.50%
  S16 3000ms fold4/5: best_val= 62.50% (ep5) test= 56.25%
  S16 3000ms fold5/5: best_val= 50.00% (ep4) test= 43.75%
  S16 4000ms fold1/5: best_val= 56.25% (ep2) test= 75.00%
  S16 4000ms fold2/5: best_val= 68.75% (ep18) test= 43.75%
  S16 4000ms fold3/5: best_val= 50.00% (ep2) test= 50.00%
  S16 4000ms fold4/5: best_val= 81.25% (ep5) test= 50.00%
  S16 4000ms fold5/5: best_val= 62.50% (ep5) test= 37.50%
S16: 800ms= 48.75%  1500ms= 42.50%  3000ms= 47.50%  4000ms= 51.25%   (71s)
  S17 800ms fold1/5: best_val= 56.25% (ep1) test= 43.75%
  S17 800ms fold2/5: best_val= 62.50% (ep11) test= 43.75%
  S17 800ms fold3/5: best_val= 62.50% (ep6) test= 62.50%
  S17 800ms fold4/5: best_val= 68.75% (ep9) test= 50.00%
  S17 800ms fold5/5: best_val= 37.50% (ep1) test= 18.75%
  S17 1500ms fold1/5: best_val= 50.00% (ep16) test= 43.75%
  S17 1500ms fold2/5: best_val= 68.75% (ep20) test= 68.75%
  S17 1500ms fold3/5: best_val= 75.00% (ep8) test= 43.75%
  S17 1500ms fold4/5: best_val= 62.50% (ep15) test= 68.75%
  S17 1500ms fold5/5: best_val= 56.25% (ep7) test= 37.50%
  S17 3000ms fold1/5: best_val= 75.00% (ep2) test= 50.00%
  S17 3000ms fold2/5: best_val= 62.50% (ep1) test= 50.00%
  S17 3000ms fold3/5: best_val= 62.50% (ep21) test= 62.50%
  S17 3000ms fold4/5: best_val= 68.75% (ep3) test= 43.75%
  S17 3000ms fold5/5: best_val= 37.50% (ep2) test= 37.50%
  S17 4000ms fold1/5: best_val= 56.25% (ep11) test= 56.25%
  S17 4000ms fold2/5: best_val= 81.25% (ep3) test= 50.00%
  S17 4000ms fold3/5: best_val= 81.25% (ep6) test= 37.50%
  S17 4000ms fold4/5: best_val= 56.25% (ep5) test= 62.50%
  S17 4000ms fold5/5: best_val= 62.50% (ep5) test= 50.00%
S17: 800ms= 43.75%  1500ms= 52.50%  3000ms= 48.75%  4000ms= 51.25%   (71s)
  S18 800ms fold1/5: best_val= 68.75% (ep12) test= 43.75%
  S18 800ms fold2/5: best_val= 81.25% (ep2) test= 50.00%
  S18 800ms fold3/5: best_val= 56.25% (ep1) test= 43.75%
  S18 800ms fold4/5: best_val= 81.25% (ep17) test= 50.00%
  S18 800ms fold5/5: best_val= 62.50% (ep17) test= 75.00%
  S18 1500ms fold1/5: best_val= 68.75% (ep24) test= 56.25%
  S18 1500ms fold2/5: best_val= 62.50% (ep8) test= 50.00%
  S18 1500ms fold3/5: best_val= 75.00% (ep3) test= 68.75%
  S18 1500ms fold4/5: best_val= 56.25% (ep6) test= 50.00%
  S18 1500ms fold5/5: best_val= 50.00% (ep1) test= 56.25%
  S18 3000ms fold1/5: best_val= 68.75% (ep1) test= 62.50%
  S18 3000ms fold2/5: best_val= 75.00% (ep1) test= 68.75%
  S18 3000ms fold3/5: best_val= 93.75% (ep49) test= 50.00%
  S18 3000ms fold4/5: best_val= 93.75% (ep26) test= 56.25%
  S18 3000ms fold5/5: best_val= 75.00% (ep22) test= 56.25%
  S18 4000ms fold1/5: best_val= 75.00% (ep3) test= 56.25%
  S18 4000ms fold2/5: best_val= 62.50% (ep8) test= 62.50%
  S18 4000ms fold3/5: best_val= 75.00% (ep1) test= 43.75%
  S18 4000ms fold4/5: best_val= 75.00% (ep11) test= 56.25%
  S18 4000ms fold5/5: best_val= 68.75% (ep3) test= 62.50%
S18: 800ms= 52.50%  1500ms= 56.25%  3000ms= 58.75%  4000ms= 56.25%   (71s)

ALL SUBJECTS COMPLETED — WFE/SFE  (1270s)

====================================================================
SAVED WFE/SFE -> /work/11862/rmaahin/ls6/FineMI-enhancements/ConformerEEG/experiments/option_a/results/full/WFE_SFE
gpu=NVIDIA A100-PCIE-40GB | torch=2.8.0+cu128 | seed=42 | model=conformer_a | mode=full
====================================================================
window_ms   800    1500   3000   4000
subject                              
1          52.22  45.56  45.56  56.67
2          58.75  47.50  56.25  50.00
3          71.25  62.50  65.00  65.00
4          75.00  63.75  62.50  70.00
5          50.62  51.85  50.62  48.15
6          42.50  52.50  57.50  61.25
7          57.50  58.75  62.50  55.00
8          43.75  47.50  50.00  41.25
9          47.50  51.25  42.50  52.50
10         56.25  53.75  65.00  53.75
11         43.75  51.25  47.50  47.50
12         56.25  53.75  53.75  52.50
13         55.00  61.25  52.50  60.00
14         57.50  60.00  50.00  50.00
15         52.50  48.75  46.25  45.00
16         48.75  42.50  47.50  51.25
17         43.75  52.50  48.75  51.25
18         52.50  56.25  58.75  56.25

mean: {800: 53.63, 1500: 53.4, 3000: 53.47, 4000: 53.74}
sd  : {800: 8.85, 1500: 6.02, 3000: 7.04, 4000: 7.07}

Pairs saved so far in /work/11862/rmaahin/ls6/FineMI-enhancements/ConformerEEG/experiments/option_a/results/full: 7/28

##### pair_idx=13 (WAA_EPS) #####

Using device: cuda | gpu=NVIDIA A100-PCIE-40GB | torch=2.8.0+cu128
NOTE: determinism holds per-GPU-model. Record this GPU name.

PAIR: WAA/EPS  (classes 2 vs 3)  model=conformer_a  mode=full
Test time windows: [800, 1500, 3000, 4000] ms
Test time windows (samples): [200, 375, 750, 1000]

BINARY CLASSIFICATION: Class 2 vs Class 3  (WAA/EPS)
  Class 0 (original 2): 725 trials
  Class 1 (original 3): 725 trials

Extracted time windows:
  800ms (200 samples): shape (1450, 62, 200)
  1500ms (375 samples): shape (1450, 62, 375)
  3000ms (750 samples): shape (1450, 62, 750)
  4000ms (1000 samples): shape (1450, 62, 1000)

Model configuration:
  Model: conformer_a
  Channels: 62
  Subjects: [1, 2, 3, 4, 5, 6, 7, 8, 9, 10, 11, 12, 13, 14, 15, 16, 17, 18]
  Time windows: [800, 1500, 3000, 4000] ms
  Classes: 2 (Binary: Class 2 vs Class 3)
  Folds: 5
  Batch size: 32
  Epochs per subject per time window: 50
  S1 800ms fold1/5: best_val= 55.56% (ep18) test= 44.44%
  S1 800ms fold2/5: best_val= 61.11% (ep7) test= 55.56%
  S1 800ms fold3/5: best_val= 61.11% (ep19) test= 44.44%
  S1 800ms fold4/5: best_val= 72.22% (ep31) test= 55.56%
  S1 800ms fold5/5: best_val= 55.56% (ep1) test= 38.89%
  S1 1500ms fold1/5: best_val= 50.00% (ep1) test= 33.33%
  S1 1500ms fold2/5: best_val= 66.67% (ep33) test= 44.44%
  S1 1500ms fold3/5: best_val= 66.67% (ep1) test= 50.00%
  S1 1500ms fold4/5: best_val= 66.67% (ep6) test= 44.44%
  S1 1500ms fold5/5: best_val= 66.67% (ep4) test= 50.00%
  S1 3000ms fold1/5: best_val= 66.67% (ep8) test= 38.89%
  S1 3000ms fold2/5: best_val= 72.22% (ep6) test= 61.11%
  S1 3000ms fold3/5: best_val= 61.11% (ep6) test= 50.00%
  S1 3000ms fold4/5: best_val= 55.56% (ep13) test= 44.44%
  S1 3000ms fold5/5: best_val= 61.11% (ep1) test= 27.78%
  S1 4000ms fold1/5: best_val= 72.22% (ep4) test= 27.78%
  S1 4000ms fold2/5: best_val= 61.11% (ep20) test= 44.44%
  S1 4000ms fold3/5: best_val= 66.67% (ep18) test= 44.44%
  S1 4000ms fold4/5: best_val= 61.11% (ep2) test= 44.44%
  S1 4000ms fold5/5: best_val= 66.67% (ep4) test= 50.00%
S 1: 800ms= 47.78%  1500ms= 44.44%  3000ms= 44.44%  4000ms= 42.22%   (85s)
  S2 800ms fold1/5: best_val= 62.50% (ep4) test= 50.00%
  S2 800ms fold2/5: best_val= 75.00% (ep5) test= 68.75%
  S2 800ms fold3/5: best_val= 62.50% (ep2) test= 56.25%
  S2 800ms fold4/5: best_val= 75.00% (ep15) test= 50.00%
  S2 800ms fold5/5: best_val= 75.00% (ep2) test= 25.00%
  S2 1500ms fold1/5: best_val= 75.00% (ep16) test= 62.50%
  S2 1500ms fold2/5: best_val= 56.25% (ep2) test= 56.25%
  S2 1500ms fold3/5: best_val= 62.50% (ep3) test= 62.50%
  S2 1500ms fold4/5: best_val= 75.00% (ep6) test= 56.25%
  S2 1500ms fold5/5: best_val= 75.00% (ep9) test= 43.75%
  S2 3000ms fold1/5: best_val= 75.00% (ep7) test= 56.25%
  S2 3000ms fold2/5: best_val= 62.50% (ep4) test= 62.50%
  S2 3000ms fold3/5: best_val= 50.00% (ep4) test= 56.25%
  S2 3000ms fold4/5: best_val= 75.00% (ep29) test= 56.25%
  S2 3000ms fold5/5: best_val= 81.25% (ep15) test= 43.75%
  S2 4000ms fold1/5: best_val= 75.00% (ep6) test= 56.25%
  S2 4000ms fold2/5: best_val= 62.50% (ep2) test= 56.25%
  S2 4000ms fold3/5: best_val= 56.25% (ep2) test= 56.25%
  S2 4000ms fold4/5: best_val= 68.75% (ep7) test= 62.50%
  S2 4000ms fold5/5: best_val= 81.25% (ep3) test= 43.75%
S 2: 800ms= 50.00%  1500ms= 56.25%  3000ms= 55.00%  4000ms= 55.00%   (71s)
  S3 800ms fold1/5: best_val= 81.25% (ep4) test= 62.50%
  S3 800ms fold2/5: best_val= 62.50% (ep18) test= 62.50%
  S3 800ms fold3/5: best_val= 75.00% (ep30) test= 68.75%
  S3 800ms fold4/5: best_val= 68.75% (ep6) test= 50.00%
  S3 800ms fold5/5: best_val= 81.25% (ep11) test= 62.50%
  S3 1500ms fold1/5: best_val= 68.75% (ep31) test= 50.00%
  S3 1500ms fold2/5: best_val= 56.25% (ep1) test= 62.50%
  S3 1500ms fold3/5: best_val= 56.25% (ep1) test= 43.75%
  S3 1500ms fold4/5: best_val= 50.00% (ep7) test= 56.25%
  S3 1500ms fold5/5: best_val= 81.25% (ep8) test= 43.75%
  S3 3000ms fold1/5: best_val= 62.50% (ep19) test= 43.75%
  S3 3000ms fold2/5: best_val= 75.00% (ep2) test= 31.25%
  S3 3000ms fold3/5: best_val= 62.50% (ep2) test= 43.75%
  S3 3000ms fold4/5: best_val= 56.25% (ep28) test= 62.50%
  S3 3000ms fold5/5: best_val= 68.75% (ep5) test= 56.25%
  S3 4000ms fold1/5: best_val= 68.75% (ep3) test= 56.25%
  S3 4000ms fold2/5: best_val= 75.00% (ep13) test= 50.00%
  S3 4000ms fold3/5: best_val= 68.75% (ep24) test= 62.50%
  S3 4000ms fold4/5: best_val= 56.25% (ep2) test= 31.25%
  S3 4000ms fold5/5: best_val= 75.00% (ep3) test= 50.00%
S 3: 800ms= 61.25%  1500ms= 51.25%  3000ms= 47.50%  4000ms= 50.00%   (71s)
  S4 800ms fold1/5: best_val= 75.00% (ep23) test= 62.50%
  S4 800ms fold2/5: best_val= 56.25% (ep2) test= 50.00%
  S4 800ms fold3/5: best_val= 75.00% (ep1) test= 62.50%
  S4 800ms fold4/5: best_val= 68.75% (ep42) test= 43.75%
  S4 800ms fold5/5: best_val= 68.75% (ep5) test= 56.25%
  S4 1500ms fold1/5: best_val= 62.50% (ep4) test= 43.75%
  S4 1500ms fold2/5: best_val= 62.50% (ep11) test= 50.00%
  S4 1500ms fold3/5: best_val= 56.25% (ep1) test= 50.00%
  S4 1500ms fold4/5: best_val= 75.00% (ep6) test= 50.00%
  S4 1500ms fold5/5: best_val= 62.50% (ep4) test= 50.00%
  S4 3000ms fold1/5: best_val= 68.75% (ep13) test= 56.25%
  S4 3000ms fold2/5: best_val= 68.75% (ep1) test= 56.25%
  S4 3000ms fold3/5: best_val= 81.25% (ep20) test= 62.50%
  S4 3000ms fold4/5: best_val= 81.25% (ep11) test= 56.25%
  S4 3000ms fold5/5: best_val= 81.25% (ep12) test= 43.75%
  S4 4000ms fold1/5: best_val= 75.00% (ep4) test= 75.00%
  S4 4000ms fold2/5: best_val= 81.25% (ep4) test= 68.75%
  S4 4000ms fold3/5: best_val= 75.00% (ep18) test= 62.50%
  S4 4000ms fold4/5: best_val= 87.50% (ep8) test= 75.00%
  S4 4000ms fold5/5: best_val= 81.25% (ep11) test= 75.00%
S 4: 800ms= 55.00%  1500ms= 48.75%  3000ms= 55.00%  4000ms= 71.25%   (71s)
  S5 800ms fold1/5: best_val= 68.75% (ep2) test= 37.50%
  S5 800ms fold2/5: best_val= 56.25% (ep1) test= 43.75%
  S5 800ms fold3/5: best_val= 75.00% (ep18) test= 43.75%
  S5 800ms fold4/5: best_val= 50.00% (ep1) test= 43.75%
  S5 800ms fold5/5: best_val= 68.75% (ep1) test= 50.00%
  S5 1500ms fold1/5: best_val= 75.00% (ep2) test= 62.50%
  S5 1500ms fold2/5: best_val= 50.00% (ep3) test= 37.50%
  S5 1500ms fold3/5: best_val= 50.00% (ep2) test= 31.25%
  S5 1500ms fold4/5: best_val= 56.25% (ep7) test= 68.75%
  S5 1500ms fold5/5: best_val= 50.00% (ep1) test= 37.50%
  S5 3000ms fold1/5: best_val= 37.50% (ep3) test= 37.50%
  S5 3000ms fold2/5: best_val= 56.25% (ep10) test= 31.25%
  S5 3000ms fold3/5: best_val= 62.50% (ep1) test= 43.75%
  S5 3000ms fold4/5: best_val= 50.00% (ep2) test= 50.00%
  S5 3000ms fold5/5: best_val= 50.00% (ep13) test= 18.75%
  S5 4000ms fold1/5: best_val= 31.25% (ep1) test= 37.50%
  S5 4000ms fold2/5: best_val= 62.50% (ep1) test= 56.25%
  S5 4000ms fold3/5: best_val= 56.25% (ep1) test= 37.50%
  S5 4000ms fold4/5: best_val= 50.00% (ep2) test= 50.00%
  S5 4000ms fold5/5: best_val= 50.00% (ep1) test= 43.75%
S 5: 800ms= 43.75%  1500ms= 47.50%  3000ms= 36.25%  4000ms= 45.00%   (71s)
  S6 800ms fold1/5: best_val= 68.75% (ep9) test= 68.75%
  S6 800ms fold2/5: best_val= 62.50% (ep7) test= 75.00%
  S6 800ms fold3/5: best_val= 81.25% (ep5) test= 68.75%
  S6 800ms fold4/5: best_val= 87.50% (ep7) test= 68.75%
  S6 800ms fold5/5: best_val= 75.00% (ep13) test= 50.00%
  S6 1500ms fold1/5: best_val= 62.50% (ep4) test= 43.75%
  S6 1500ms fold2/5: best_val= 62.50% (ep1) test= 81.25%
  S6 1500ms fold3/5: best_val= 62.50% (ep3) test= 50.00%
  S6 1500ms fold4/5: best_val= 62.50% (ep4) test= 50.00%
  S6 1500ms fold5/5: best_val= 56.25% (ep1) test= 43.75%
  S6 3000ms fold1/5: best_val= 56.25% (ep2) test= 56.25%
  S6 3000ms fold2/5: best_val= 68.75% (ep7) test= 75.00%
  S6 3000ms fold3/5: best_val= 75.00% (ep12) test= 56.25%
  S6 3000ms fold4/5: best_val= 75.00% (ep1) test= 43.75%
  S6 3000ms fold5/5: best_val= 56.25% (ep15) test= 43.75%
  S6 4000ms fold1/5: best_val= 56.25% (ep1) test= 56.25%
  S6 4000ms fold2/5: best_val= 75.00% (ep5) test= 56.25%
  S6 4000ms fold3/5: best_val= 68.75% (ep4) test= 68.75%
  S6 4000ms fold4/5: best_val= 87.50% (ep16) test= 68.75%
  S6 4000ms fold5/5: best_val= 62.50% (ep2) test= 62.50%
S 6: 800ms= 66.25%  1500ms= 53.75%  3000ms= 55.00%  4000ms= 62.50%   (71s)
  S7 800ms fold1/5: best_val= 81.25% (ep11) test= 56.25%
  S7 800ms fold2/5: best_val= 68.75% (ep28) test= 68.75%
  S7 800ms fold3/5: best_val= 75.00% (ep19) test= 68.75%
  S7 800ms fold4/5: best_val= 68.75% (ep1) test= 31.25%
  S7 800ms fold5/5: best_val= 62.50% (ep1) test= 50.00%
  S7 1500ms fold1/5: best_val= 62.50% (ep19) test= 62.50%
  S7 1500ms fold2/5: best_val= 68.75% (ep2) test= 62.50%
  S7 1500ms fold3/5: best_val= 62.50% (ep13) test= 62.50%
  S7 1500ms fold4/5: best_val= 62.50% (ep2) test= 75.00%
  S7 1500ms fold5/5: best_val= 81.25% (ep1) test= 62.50%
  S7 3000ms fold1/5: best_val= 75.00% (ep19) test= 75.00%
  S7 3000ms fold2/5: best_val= 75.00% (ep4) test= 56.25%
  S7 3000ms fold3/5: best_val= 62.50% (ep6) test= 43.75%
  S7 3000ms fold4/5: best_val= 62.50% (ep6) test= 56.25%
  S7 3000ms fold5/5: best_val= 68.75% (ep9) test= 50.00%
  S7 4000ms fold1/5: best_val= 62.50% (ep28) test= 68.75%
  S7 4000ms fold2/5: best_val= 75.00% (ep8) test= 56.25%
  S7 4000ms fold3/5: best_val= 75.00% (ep3) test= 43.75%
  S7 4000ms fold4/5: best_val= 68.75% (ep3) test= 56.25%
  S7 4000ms fold5/5: best_val= 75.00% (ep16) test= 50.00%
S 7: 800ms= 55.00%  1500ms= 65.00%  3000ms= 56.25%  4000ms= 55.00%   (70s)
  S8 800ms fold1/5: best_val= 62.50% (ep50) test= 50.00%
  S8 800ms fold2/5: best_val= 68.75% (ep19) test= 25.00%
  S8 800ms fold3/5: best_val= 50.00% (ep9) test= 56.25%
  S8 800ms fold4/5: best_val= 50.00% (ep25) test= 37.50%
  S8 800ms fold5/5: best_val= 68.75% (ep5) test= 56.25%
  S8 1500ms fold1/5: best_val= 62.50% (ep1) test= 37.50%
  S8 1500ms fold2/5: best_val= 68.75% (ep14) test= 43.75%
  S8 1500ms fold3/5: best_val= 56.25% (ep4) test= 43.75%
  S8 1500ms fold4/5: best_val= 56.25% (ep16) test= 43.75%
  S8 1500ms fold5/5: best_val= 62.50% (ep8) test= 62.50%
  S8 3000ms fold1/5: best_val= 62.50% (ep3) test= 56.25%
  S8 3000ms fold2/5: best_val= 68.75% (ep1) test= 37.50%
  S8 3000ms fold3/5: best_val= 62.50% (ep1) test= 50.00%
  S8 3000ms fold4/5: best_val= 68.75% (ep2) test= 56.25%
  S8 3000ms fold5/5: best_val= 68.75% (ep23) test= 56.25%
  S8 4000ms fold1/5: best_val= 43.75% (ep7) test= 50.00%
  S8 4000ms fold2/5: best_val= 75.00% (ep11) test= 56.25%
  S8 4000ms fold3/5: best_val= 56.25% (ep25) test= 68.75%
  S8 4000ms fold4/5: best_val= 50.00% (ep1) test= 56.25%
  S8 4000ms fold5/5: best_val= 68.75% (ep24) test= 43.75%
S 8: 800ms= 45.00%  1500ms= 46.25%  3000ms= 51.25%  4000ms= 55.00%   (69s)
  S9 800ms fold1/5: best_val= 68.75% (ep7) test= 43.75%
  S9 800ms fold2/5: best_val= 68.75% (ep7) test= 50.00%
  S9 800ms fold3/5: best_val= 62.50% (ep7) test= 50.00%
  S9 800ms fold4/5: best_val= 68.75% (ep5) test= 56.25%
  S9 800ms fold5/5: best_val= 62.50% (ep3) test= 62.50%
  S9 1500ms fold1/5: best_val= 75.00% (ep8) test= 25.00%
  S9 1500ms fold2/5: best_val= 81.25% (ep3) test= 43.75%
  S9 1500ms fold3/5: best_val= 56.25% (ep8) test= 37.50%
  S9 1500ms fold4/5: best_val= 62.50% (ep4) test= 43.75%
  S9 1500ms fold5/5: best_val= 43.75% (ep1) test= 56.25%
  S9 3000ms fold1/5: best_val= 62.50% (ep8) test= 43.75%
  S9 3000ms fold2/5: best_val= 56.25% (ep1) test= 62.50%
  S9 3000ms fold3/5: best_val= 81.25% (ep3) test= 43.75%
  S9 3000ms fold4/5: best_val= 50.00% (ep23) test= 43.75%
  S9 3000ms fold5/5: best_val= 56.25% (ep4) test= 50.00%
  S9 4000ms fold1/5: best_val= 68.75% (ep5) test= 18.75%
  S9 4000ms fold2/5: best_val= 62.50% (ep17) test= 50.00%
  S9 4000ms fold3/5: best_val= 81.25% (ep8) test= 31.25%
  S9 4000ms fold4/5: best_val= 37.50% (ep1) test= 56.25%
  S9 4000ms fold5/5: best_val= 50.00% (ep5) test= 75.00%
S 9: 800ms= 52.50%  1500ms= 41.25%  3000ms= 48.75%  4000ms= 46.25%   (69s)
  S10 800ms fold1/5: best_val= 75.00% (ep11) test= 56.25%
  S10 800ms fold2/5: best_val= 62.50% (ep4) test= 43.75%
  S10 800ms fold3/5: best_val= 50.00% (ep7) test= 50.00%
  S10 800ms fold4/5: best_val= 56.25% (ep2) test= 43.75%
  S10 800ms fold5/5: best_val= 62.50% (ep9) test= 50.00%
  S10 1500ms fold1/5: best_val= 62.50% (ep4) test= 56.25%
  S10 1500ms fold2/5: best_val= 56.25% (ep1) test= 56.25%
  S10 1500ms fold3/5: best_val= 68.75% (ep2) test= 43.75%
  S10 1500ms fold4/5: best_val= 56.25% (ep1) test= 43.75%
  S10 1500ms fold5/5: best_val= 75.00% (ep7) test= 43.75%
  S10 3000ms fold1/5: best_val= 68.75% (ep3) test= 50.00%
  S10 3000ms fold2/5: best_val= 68.75% (ep4) test= 56.25%
  S10 3000ms fold3/5: best_val= 62.50% (ep1) test= 68.75%
  S10 3000ms fold4/5: best_val= 56.25% (ep10) test= 31.25%
  S10 3000ms fold5/5: best_val= 68.75% (ep14) test= 43.75%
  S10 4000ms fold1/5: best_val= 56.25% (ep2) test= 50.00%
  S10 4000ms fold2/5: best_val= 56.25% (ep15) test= 25.00%
  S10 4000ms fold3/5: best_val= 56.25% (ep1) test= 50.00%
  S10 4000ms fold4/5: best_val= 68.75% (ep3) test= 43.75%
  S10 4000ms fold5/5: best_val= 68.75% (ep9) test= 37.50%
S10: 800ms= 48.75%  1500ms= 48.75%  3000ms= 50.00%  4000ms= 41.25%   (69s)
  S11 800ms fold1/5: best_val= 56.25% (ep4) test= 56.25%
  S11 800ms fold2/5: best_val= 75.00% (ep2) test= 37.50%
  S11 800ms fold3/5: best_val= 56.25% (ep2) test= 18.75%
  S11 800ms fold4/5: best_val= 68.75% (ep11) test= 43.75%
  S11 800ms fold5/5: best_val= 43.75% (ep32) test= 56.25%
  S11 1500ms fold1/5: best_val= 62.50% (ep2) test= 56.25%
  S11 1500ms fold2/5: best_val= 56.25% (ep3) test= 62.50%
  S11 1500ms fold3/5: best_val= 68.75% (ep21) test= 50.00%
  S11 1500ms fold4/5: best_val= 56.25% (ep17) test= 62.50%
  S11 1500ms fold5/5: best_val= 75.00% (ep17) test= 50.00%
  S11 3000ms fold1/5: best_val= 62.50% (ep4) test= 50.00%
  S11 3000ms fold2/5: best_val= 62.50% (ep5) test= 50.00%
  S11 3000ms fold3/5: best_val= 56.25% (ep32) test= 50.00%
  S11 3000ms fold4/5: best_val= 56.25% (ep1) test= 50.00%
  S11 3000ms fold5/5: best_val= 68.75% (ep9) test= 62.50%
  S11 4000ms fold1/5: best_val= 62.50% (ep2) test= 43.75%
  S11 4000ms fold2/5: best_val= 50.00% (ep1) test= 43.75%
  S11 4000ms fold3/5: best_val= 68.75% (ep1) test= 37.50%
  S11 4000ms fold4/5: best_val= 75.00% (ep1) test= 68.75%
  S11 4000ms fold5/5: best_val= 56.25% (ep8) test= 56.25%
S11: 800ms= 42.50%  1500ms= 56.25%  3000ms= 52.50%  4000ms= 50.00%   (69s)
  S12 800ms fold1/5: best_val= 56.25% (ep21) test= 37.50%
  S12 800ms fold2/5: best_val= 81.25% (ep31) test= 68.75%
  S12 800ms fold3/5: best_val= 56.25% (ep2) test= 62.50%
  S12 800ms fold4/5: best_val= 75.00% (ep7) test= 50.00%
  S12 800ms fold5/5: best_val= 68.75% (ep1) test= 56.25%
  S12 1500ms fold1/5: best_val= 62.50% (ep2) test= 56.25%
  S12 1500ms fold2/5: best_val= 62.50% (ep4) test= 43.75%
  S12 1500ms fold3/5: best_val= 68.75% (ep13) test= 50.00%
  S12 1500ms fold4/5: best_val= 50.00% (ep16) test= 25.00%
  S12 1500ms fold5/5: best_val= 75.00% (ep10) test= 31.25%
  S12 3000ms fold1/5: best_val= 68.75% (ep2) test= 50.00%
  S12 3000ms fold2/5: best_val= 81.25% (ep10) test= 37.50%
  S12 3000ms fold3/5: best_val= 62.50% (ep5) test= 56.25%
  S12 3000ms fold4/5: best_val= 56.25% (ep15) test= 31.25%
  S12 3000ms fold5/5: best_val= 81.25% (ep3) test= 18.75%
  S12 4000ms fold1/5: best_val= 75.00% (ep6) test= 62.50%
  S12 4000ms fold2/5: best_val= 68.75% (ep1) test= 50.00%
  S12 4000ms fold3/5: best_val= 75.00% (ep1) test= 68.75%
  S12 4000ms fold4/5: best_val= 56.25% (ep2) test= 43.75%
  S12 4000ms fold5/5: best_val= 81.25% (ep9) test= 18.75%
S12: 800ms= 55.00%  1500ms= 41.25%  3000ms= 38.75%  4000ms= 48.75%   (69s)
  S13 800ms fold1/5: best_val= 75.00% (ep9) test= 50.00%
  S13 800ms fold2/5: best_val= 68.75% (ep9) test= 62.50%
  S13 800ms fold3/5: best_val= 75.00% (ep6) test= 43.75%
  S13 800ms fold4/5: best_val= 87.50% (ep2) test= 62.50%
  S13 800ms fold5/5: best_val= 56.25% (ep1) test= 56.25%
  S13 1500ms fold1/5: best_val= 68.75% (ep19) test= 43.75%
  S13 1500ms fold2/5: best_val= 50.00% (ep1) test= 56.25%
  S13 1500ms fold3/5: best_val= 75.00% (ep1) test= 56.25%
  S13 1500ms fold4/5: best_val= 56.25% (ep1) test= 56.25%
  S13 1500ms fold5/5: best_val= 50.00% (ep2) test= 37.50%
  S13 3000ms fold1/5: best_val= 62.50% (ep14) test= 37.50%
  S13 3000ms fold2/5: best_val= 56.25% (ep41) test= 56.25%
  S13 3000ms fold3/5: best_val= 62.50% (ep6) test= 56.25%
  S13 3000ms fold4/5: best_val= 75.00% (ep3) test= 75.00%
  S13 3000ms fold5/5: best_val= 68.75% (ep12) test= 43.75%
  S13 4000ms fold1/5: best_val= 62.50% (ep4) test= 31.25%
  S13 4000ms fold2/5: best_val= 87.50% (ep1) test= 62.50%
  S13 4000ms fold3/5: best_val= 62.50% (ep1) test= 62.50%
  S13 4000ms fold4/5: best_val= 56.25% (ep1) test= 62.50%
  S13 4000ms fold5/5: best_val= 37.50% (ep1) test= 50.00%
S13: 800ms= 55.00%  1500ms= 50.00%  3000ms= 53.75%  4000ms= 53.75%   (69s)
  S14 800ms fold1/5: best_val= 87.50% (ep1) test= 68.75%
  S14 800ms fold2/5: best_val= 87.50% (ep17) test= 56.25%
  S14 800ms fold3/5: best_val=100.00% (ep21) test= 37.50%
  S14 800ms fold4/5: best_val= 87.50% (ep9) test= 50.00%
  S14 800ms fold5/5: best_val= 62.50% (ep2) test= 62.50%
  S14 1500ms fold1/5: best_val= 62.50% (ep44) test= 81.25%
  S14 1500ms fold2/5: best_val= 68.75% (ep3) test= 37.50%
  S14 1500ms fold3/5: best_val= 81.25% (ep24) test= 43.75%
  S14 1500ms fold4/5: best_val= 68.75% (ep22) test= 68.75%
  S14 1500ms fold5/5: best_val= 56.25% (ep14) test= 56.25%
  S14 3000ms fold1/5: best_val= 50.00% (ep1) test= 50.00%
  S14 3000ms fold2/5: best_val= 68.75% (ep11) test= 43.75%
  S14 3000ms fold3/5: best_val= 75.00% (ep3) test= 31.25%
  S14 3000ms fold4/5: best_val= 62.50% (ep20) test= 31.25%
  S14 3000ms fold5/5: best_val= 75.00% (ep12) test= 43.75%
  S14 4000ms fold1/5: best_val= 56.25% (ep1) test= 56.25%
  S14 4000ms fold2/5: best_val= 68.75% (ep4) test= 37.50%
  S14 4000ms fold3/5: best_val= 62.50% (ep1) test= 50.00%
  S14 4000ms fold4/5: best_val= 68.75% (ep10) test= 25.00%
  S14 4000ms fold5/5: best_val= 56.25% (ep5) test= 56.25%
S14: 800ms= 55.00%  1500ms= 57.50%  3000ms= 40.00%  4000ms= 45.00%   (69s)
  S15 800ms fold1/5: best_val= 62.50% (ep8) test= 50.00%
  S15 800ms fold2/5: best_val= 68.75% (ep1) test= 43.75%
  S15 800ms fold3/5: best_val= 62.50% (ep2) test= 56.25%
  S15 800ms fold4/5: best_val= 68.75% (ep1) test= 56.25%
  S15 800ms fold5/5: best_val= 62.50% (ep5) test= 31.25%
  S15 1500ms fold1/5: best_val= 81.25% (ep9) test= 50.00%
  S15 1500ms fold2/5: best_val= 75.00% (ep8) test= 50.00%
  S15 1500ms fold3/5: best_val= 75.00% (ep29) test= 62.50%
  S15 1500ms fold4/5: best_val= 62.50% (ep1) test= 56.25%
  S15 1500ms fold5/5: best_val= 75.00% (ep5) test= 37.50%
  S15 3000ms fold1/5: best_val= 68.75% (ep31) test= 50.00%
  S15 3000ms fold2/5: best_val= 87.50% (ep15) test= 56.25%
  S15 3000ms fold3/5: best_val= 68.75% (ep6) test= 68.75%
  S15 3000ms fold4/5: best_val= 68.75% (ep31) test= 31.25%
  S15 3000ms fold5/5: best_val= 75.00% (ep1) test= 56.25%
  S15 4000ms fold1/5: best_val= 81.25% (ep2) test= 68.75%
  S15 4000ms fold2/5: best_val= 75.00% (ep7) test= 37.50%
  S15 4000ms fold3/5: best_val= 68.75% (ep18) test= 43.75%
  S15 4000ms fold4/5: best_val= 81.25% (ep11) test= 50.00%
  S15 4000ms fold5/5: best_val= 81.25% (ep43) test= 75.00%
S15: 800ms= 47.50%  1500ms= 51.25%  3000ms= 52.50%  4000ms= 55.00%   (69s)
  S16 800ms fold1/5: best_val= 68.75% (ep1) test= 62.50%
  S16 800ms fold2/5: best_val= 56.25% (ep5) test= 50.00%
  S16 800ms fold3/5: best_val= 43.75% (ep1) test= 31.25%
  S16 800ms fold4/5: best_val= 50.00% (ep2) test= 43.75%
  S16 800ms fold5/5: best_val= 56.25% (ep1) test= 50.00%
  S16 1500ms fold1/5: best_val= 56.25% (ep10) test= 56.25%
  S16 1500ms fold2/5: best_val= 50.00% (ep1) test= 50.00%
  S16 1500ms fold3/5: best_val= 62.50% (ep1) test= 43.75%
  S16 1500ms fold4/5: best_val= 56.25% (ep3) test= 50.00%
  S16 1500ms fold5/5: best_val= 62.50% (ep20) test= 37.50%
  S16 3000ms fold1/5: best_val= 68.75% (ep1) test= 68.75%
  S16 3000ms fold2/5: best_val= 62.50% (ep5) test= 50.00%
  S16 3000ms fold3/5: best_val= 50.00% (ep1) test= 62.50%
  S16 3000ms fold4/5: best_val= 56.25% (ep9) test= 43.75%
  S16 3000ms fold5/5: best_val= 68.75% (ep3) test= 43.75%
  S16 4000ms fold1/5: best_val= 50.00% (ep1) test= 56.25%
  S16 4000ms fold2/5: best_val= 56.25% (ep15) test= 56.25%
  S16 4000ms fold3/5: best_val= 68.75% (ep4) test= 37.50%
  S16 4000ms fold4/5: best_val= 62.50% (ep11) test= 50.00%
  S16 4000ms fold5/5: best_val= 43.75% (ep10) test= 43.75%
S16: 800ms= 47.50%  1500ms= 47.50%  3000ms= 53.75%  4000ms= 48.75%   (69s)
  S17 800ms fold1/5: best_val= 68.75% (ep1) test= 50.00%
  S17 800ms fold2/5: best_val= 56.25% (ep3) test= 62.50%
  S17 800ms fold3/5: best_val= 62.50% (ep3) test= 37.50%
  S17 800ms fold4/5: best_val= 75.00% (ep2) test= 50.00%
  S17 800ms fold5/5: best_val= 56.25% (ep17) test= 50.00%
  S17 1500ms fold1/5: best_val= 43.75% (ep2) test= 56.25%
  S17 1500ms fold2/5: best_val= 56.25% (ep3) test= 50.00%
  S17 1500ms fold3/5: best_val= 56.25% (ep1) test= 62.50%
  S17 1500ms fold4/5: best_val= 81.25% (ep2) test= 43.75%
  S17 1500ms fold5/5: best_val= 62.50% (ep2) test= 37.50%
  S17 3000ms fold1/5: best_val= 56.25% (ep4) test= 50.00%
  S17 3000ms fold2/5: best_val= 62.50% (ep5) test= 62.50%
  S17 3000ms fold3/5: best_val= 62.50% (ep10) test= 43.75%
  S17 3000ms fold4/5: best_val= 75.00% (ep3) test= 43.75%
  S17 3000ms fold5/5: best_val= 62.50% (ep4) test= 43.75%
  S17 4000ms fold1/5: best_val= 62.50% (ep1) test= 25.00%
  S17 4000ms fold2/5: best_val= 62.50% (ep1) test= 50.00%
  S17 4000ms fold3/5: best_val= 56.25% (ep5) test= 68.75%
  S17 4000ms fold4/5: best_val= 68.75% (ep5) test= 68.75%
  S17 4000ms fold5/5: best_val= 81.25% (ep7) test= 43.75%
S17: 800ms= 50.00%  1500ms= 50.00%  3000ms= 48.75%  4000ms= 51.25%   (70s)
  S18 800ms fold1/5: best_val= 62.50% (ep9) test= 68.75%
  S18 800ms fold2/5: best_val= 62.50% (ep1) test= 75.00%
  S18 800ms fold3/5: best_val= 68.75% (ep4) test= 56.25%
  S18 800ms fold4/5: best_val= 56.25% (ep2) test= 56.25%
  S18 800ms fold5/5: best_val= 56.25% (ep7) test= 62.50%
  S18 1500ms fold1/5: best_val= 62.50% (ep2) test= 56.25%
  S18 1500ms fold2/5: best_val= 68.75% (ep2) test= 25.00%
  S18 1500ms fold3/5: best_val= 75.00% (ep3) test= 43.75%
  S18 1500ms fold4/5: best_val= 81.25% (ep14) test= 68.75%
  S18 1500ms fold5/5: best_val= 62.50% (ep13) test= 43.75%
  S18 3000ms fold1/5: best_val= 56.25% (ep1) test= 37.50%
  S18 3000ms fold2/5: best_val= 68.75% (ep1) test= 43.75%
  S18 3000ms fold3/5: best_val= 68.75% (ep3) test= 43.75%
  S18 3000ms fold4/5: best_val= 75.00% (ep6) test= 18.75%
  S18 3000ms fold5/5: best_val= 68.75% (ep22) test= 56.25%
  S18 4000ms fold1/5: best_val= 62.50% (ep4) test= 37.50%
  S18 4000ms fold2/5: best_val= 62.50% (ep1) test= 43.75%
  S18 4000ms fold3/5: best_val= 75.00% (ep6) test= 50.00%
  S18 4000ms fold4/5: best_val= 81.25% (ep13) test= 56.25%
  S18 4000ms fold5/5: best_val= 75.00% (ep19) test= 62.50%
S18: 800ms= 63.75%  1500ms= 47.50%  3000ms= 40.00%  4000ms= 50.00%   (69s)

ALL SUBJECTS COMPLETED — WAA/EPS  (1272s)

====================================================================
SAVED WAA/EPS -> /work/11862/rmaahin/ls6/FineMI-enhancements/ConformerEEG/experiments/option_a/results/full/WAA_EPS
gpu=NVIDIA A100-PCIE-40GB | torch=2.8.0+cu128 | seed=42 | model=conformer_a | mode=full
====================================================================
window_ms   800    1500   3000   4000
subject                              
1          47.78  44.44  44.44  42.22
2          50.00  56.25  55.00  55.00
3          61.25  51.25  47.50  50.00
4          55.00  48.75  55.00  71.25
5          43.75  47.50  36.25  45.00
6          66.25  53.75  55.00  62.50
7          55.00  65.00  56.25  55.00
8          45.00  46.25  51.25  55.00
9          52.50  41.25  48.75  46.25
10         48.75  48.75  50.00  41.25
11         42.50  56.25  52.50  50.00
12         55.00  41.25  38.75  48.75
13         55.00  50.00  53.75  53.75
14         55.00  57.50  40.00  45.00
15         47.50  51.25  52.50  55.00
16         47.50  47.50  53.75  48.75
17         50.00  50.00  48.75  51.25
18         63.75  47.50  40.00  50.00

mean: {800: 52.31, 1500: 50.25, 3000: 48.86, 4000: 51.44}
sd  : {800: 6.66, 1500: 5.92, 3000: 6.36, 4000: 7.24}

Pairs saved so far in /work/11862/rmaahin/ls6/FineMI-enhancements/ConformerEEG/experiments/option_a/results/full: 10/28

##### pair_idx=14 (WAA_EFE) #####

Using device: cuda | gpu=NVIDIA A100-PCIE-40GB | torch=2.8.0+cu128
NOTE: determinism holds per-GPU-model. Record this GPU name.

PAIR: WAA/EFE  (classes 2 vs 4)  model=conformer_a  mode=full
Test time windows: [800, 1500, 3000, 4000] ms
Test time windows (samples): [200, 375, 750, 1000]

BINARY CLASSIFICATION: Class 2 vs Class 4  (WAA/EFE)
  Class 0 (original 2): 725 trials
  Class 1 (original 4): 725 trials

Extracted time windows:
  800ms (200 samples): shape (1450, 62, 200)
  1500ms (375 samples): shape (1450, 62, 375)
  3000ms (750 samples): shape (1450, 62, 750)
  4000ms (1000 samples): shape (1450, 62, 1000)

Model configuration:
  Model: conformer_a
  Channels: 62
  Subjects: [1, 2, 3, 4, 5, 6, 7, 8, 9, 10, 11, 12, 13, 14, 15, 16, 17, 18]
  Time windows: [800, 1500, 3000, 4000] ms
  Classes: 2 (Binary: Class 2 vs Class 4)
  Folds: 5
  Batch size: 32
  Epochs per subject per time window: 50
  S1 800ms fold1/5: best_val= 50.00% (ep4) test= 33.33%
  S1 800ms fold2/5: best_val= 77.78% (ep9) test= 50.00%
  S1 800ms fold3/5: best_val= 83.33% (ep4) test= 50.00%
  S1 800ms fold4/5: best_val= 61.11% (ep8) test= 38.89%
  S1 800ms fold5/5: best_val= 61.11% (ep1) test= 33.33%
  S1 1500ms fold1/5: best_val= 61.11% (ep5) test= 61.11%
  S1 1500ms fold2/5: best_val= 77.78% (ep1) test= 50.00%
  S1 1500ms fold3/5: best_val= 88.89% (ep20) test= 72.22%
  S1 1500ms fold4/5: best_val= 66.67% (ep1) test= 44.44%
  S1 1500ms fold5/5: best_val= 55.56% (ep10) test= 61.11%
  S1 3000ms fold1/5: best_val= 77.78% (ep9) test= 44.44%
  S1 3000ms fold2/5: best_val= 66.67% (ep11) test= 55.56%
  S1 3000ms fold3/5: best_val= 83.33% (ep7) test= 50.00%
  S1 3000ms fold4/5: best_val= 66.67% (ep5) test= 44.44%
  S1 3000ms fold5/5: best_val= 72.22% (ep11) test= 77.78%
  S1 4000ms fold1/5: best_val= 77.78% (ep18) test= 44.44%
  S1 4000ms fold2/5: best_val= 72.22% (ep35) test= 77.78%
  S1 4000ms fold3/5: best_val= 83.33% (ep28) test= 61.11%
  S1 4000ms fold4/5: best_val= 72.22% (ep21) test= 61.11%
  S1 4000ms fold5/5: best_val= 72.22% (ep35) test= 66.67%
S 1: 800ms= 41.11%  1500ms= 57.78%  3000ms= 54.44%  4000ms= 62.22%   (82s)
  S2 800ms fold1/5: best_val= 56.25% (ep1) test= 62.50%
  S2 800ms fold2/5: best_val= 62.50% (ep2) test= 56.25%
  S2 800ms fold3/5: best_val= 56.25% (ep1) test= 68.75%
  S2 800ms fold4/5: best_val= 62.50% (ep20) test= 50.00%
  S2 800ms fold5/5: best_val= 68.75% (ep1) test= 37.50%
  S2 1500ms fold1/5: best_val= 50.00% (ep1) test= 31.25%
  S2 1500ms fold2/5: best_val= 68.75% (ep18) test= 43.75%
  S2 1500ms fold3/5: best_val= 62.50% (ep15) test= 68.75%
  S2 1500ms fold4/5: best_val= 68.75% (ep18) test= 50.00%
  S2 1500ms fold5/5: best_val= 68.75% (ep3) test= 62.50%
  S2 3000ms fold1/5: best_val= 62.50% (ep30) test= 43.75%
  S2 3000ms fold2/5: best_val= 81.25% (ep45) test= 43.75%
  S2 3000ms fold3/5: best_val= 62.50% (ep13) test= 68.75%
  S2 3000ms fold4/5: best_val= 62.50% (ep17) test= 50.00%
  S2 3000ms fold5/5: best_val= 81.25% (ep3) test= 31.25%
  S2 4000ms fold1/5: best_val= 75.00% (ep26) test= 31.25%
  S2 4000ms fold2/5: best_val= 68.75% (ep12) test= 43.75%
  S2 4000ms fold3/5: best_val= 62.50% (ep2) test= 68.75%
  S2 4000ms fold4/5: best_val= 56.25% (ep1) test= 62.50%
  S2 4000ms fold5/5: best_val= 62.50% (ep2) test= 43.75%
S 2: 800ms= 55.00%  1500ms= 51.25%  3000ms= 47.50%  4000ms= 50.00%   (69s)
  S3 800ms fold1/5: best_val= 75.00% (ep6) test= 75.00%
  S3 800ms fold2/5: best_val= 68.75% (ep1) test= 50.00%
  S3 800ms fold3/5: best_val= 62.50% (ep4) test= 50.00%
  S3 800ms fold4/5: best_val= 68.75% (ep27) test= 56.25%
  S3 800ms fold5/5: best_val= 50.00% (ep10) test= 68.75%
  S3 1500ms fold1/5: best_val= 56.25% (ep2) test= 56.25%
  S3 1500ms fold2/5: best_val= 62.50% (ep1) test= 31.25%
  S3 1500ms fold3/5: best_val= 68.75% (ep37) test= 56.25%
  S3 1500ms fold4/5: best_val= 68.75% (ep6) test= 56.25%
  S3 1500ms fold5/5: best_val= 68.75% (ep1) test= 62.50%
  S3 3000ms fold1/5: best_val= 75.00% (ep4) test= 50.00%
  S3 3000ms fold2/5: best_val= 62.50% (ep7) test= 50.00%
  S3 3000ms fold3/5: best_val= 75.00% (ep17) test= 62.50%
  S3 3000ms fold4/5: best_val= 68.75% (ep14) test= 50.00%
  S3 3000ms fold5/5: best_val= 68.75% (ep21) test= 50.00%
  S3 4000ms fold1/5: best_val= 87.50% (ep1) test= 56.25%
  S3 4000ms fold2/5: best_val= 81.25% (ep4) test= 62.50%
  S3 4000ms fold3/5: best_val= 68.75% (ep3) test= 62.50%
  S3 4000ms fold4/5: best_val= 68.75% (ep4) test= 43.75%
  S3 4000ms fold5/5: best_val= 75.00% (ep4) test= 50.00%
S 3: 800ms= 60.00%  1500ms= 52.50%  3000ms= 52.50%  4000ms= 55.00%   (69s)
  S4 800ms fold1/5: best_val= 56.25% (ep11) test= 68.75%
  S4 800ms fold2/5: best_val= 62.50% (ep21) test= 75.00%
  S4 800ms fold3/5: best_val= 87.50% (ep9) test= 50.00%
  S4 800ms fold4/5: best_val= 68.75% (ep20) test= 68.75%
  S4 800ms fold5/5: best_val= 75.00% (ep10) test= 43.75%
  S4 1500ms fold1/5: best_val= 75.00% (ep5) test= 62.50%
  S4 1500ms fold2/5: best_val= 87.50% (ep11) test= 81.25%
  S4 1500ms fold3/5: best_val= 81.25% (ep11) test= 43.75%
  S4 1500ms fold4/5: best_val= 56.25% (ep5) test= 75.00%
  S4 1500ms fold5/5: best_val= 50.00% (ep4) test= 50.00%
  S4 3000ms fold1/5: best_val= 75.00% (ep9) test= 81.25%
  S4 3000ms fold2/5: best_val= 68.75% (ep1) test= 50.00%
  S4 3000ms fold3/5: best_val= 81.25% (ep6) test= 62.50%
  S4 3000ms fold4/5: best_val= 68.75% (ep3) test= 62.50%
  S4 3000ms fold5/5: best_val= 87.50% (ep16) test= 62.50%
  S4 4000ms fold1/5: best_val= 81.25% (ep4) test= 81.25%
  S4 4000ms fold2/5: best_val= 68.75% (ep7) test= 81.25%
  S4 4000ms fold3/5: best_val= 75.00% (ep7) test= 50.00%
  S4 4000ms fold4/5: best_val= 75.00% (ep13) test= 75.00%
  S4 4000ms fold5/5: best_val= 81.25% (ep16) test= 62.50%
S 4: 800ms= 61.25%  1500ms= 62.50%  3000ms= 63.75%  4000ms= 70.00%   (69s)
  S5 800ms fold1/5: best_val= 75.00% (ep16) test= 43.75%
  S5 800ms fold2/5: best_val= 56.25% (ep1) test= 31.25%
  S5 800ms fold3/5: best_val= 68.75% (ep8) test= 56.25%
  S5 800ms fold4/5: best_val= 68.75% (ep4) test= 37.50%
  S5 800ms fold5/5: best_val= 81.25% (ep9) test= 25.00%
  S5 1500ms fold1/5: best_val= 56.25% (ep1) test= 50.00%
  S5 1500ms fold2/5: best_val= 50.00% (ep4) test= 37.50%
  S5 1500ms fold3/5: best_val= 62.50% (ep22) test= 43.75%
  S5 1500ms fold4/5: best_val= 68.75% (ep2) test= 50.00%
  S5 1500ms fold5/5: best_val= 68.75% (ep2) test= 62.50%
  S5 3000ms fold1/5: best_val= 68.75% (ep8) test= 50.00%
  S5 3000ms fold2/5: best_val= 56.25% (ep4) test= 56.25%
  S5 3000ms fold3/5: best_val= 62.50% (ep6) test= 50.00%
  S5 3000ms fold4/5: best_val= 62.50% (ep4) test= 62.50%
  S5 3000ms fold5/5: best_val= 62.50% (ep1) test= 62.50%
  S5 4000ms fold1/5: best_val= 62.50% (ep1) test= 75.00%
  S5 4000ms fold2/5: best_val= 62.50% (ep3) test= 68.75%
  S5 4000ms fold3/5: best_val= 62.50% (ep5) test= 37.50%
  S5 4000ms fold4/5: best_val= 68.75% (ep7) test= 43.75%
  S5 4000ms fold5/5: best_val= 62.50% (ep6) test= 68.75%
S 5: 800ms= 38.75%  1500ms= 48.75%  3000ms= 56.25%  4000ms= 58.75%   (69s)
  S6 800ms fold1/5: best_val= 68.75% (ep2) test= 62.50%
  S6 800ms fold2/5: best_val= 75.00% (ep10) test= 50.00%
  S6 800ms fold3/5: best_val= 75.00% (ep9) test= 50.00%
  S6 800ms fold4/5: best_val= 50.00% (ep1) test= 50.00%
  S6 800ms fold5/5: best_val= 56.25% (ep4) test= 68.75%
  S6 1500ms fold1/5: best_val= 75.00% (ep8) test= 50.00%
  S6 1500ms fold2/5: best_val= 75.00% (ep11) test= 62.50%
  S6 1500ms fold3/5: best_val= 75.00% (ep6) test= 50.00%
  S6 1500ms fold4/5: best_val= 56.25% (ep2) test= 56.25%
  S6 1500ms fold5/5: best_val= 56.25% (ep6) test= 43.75%
  S6 3000ms fold1/5: best_val= 81.25% (ep29) test= 43.75%
  S6 3000ms fold2/5: best_val= 62.50% (ep7) test= 37.50%
  S6 3000ms fold3/5: best_val= 75.00% (ep11) test= 37.50%
  S6 3000ms fold4/5: best_val= 75.00% (ep2) test= 50.00%
  S6 3000ms fold5/5: best_val= 56.25% (ep3) test= 50.00%
  S6 4000ms fold1/5: best_val= 81.25% (ep21) test= 56.25%
  S6 4000ms fold2/5: best_val= 93.75% (ep10) test= 50.00%
  S6 4000ms fold3/5: best_val= 81.25% (ep38) test= 37.50%
  S6 4000ms fold4/5: best_val= 68.75% (ep2) test= 25.00%
  S6 4000ms fold5/5: best_val= 62.50% (ep11) test= 75.00%
S 6: 800ms= 56.25%  1500ms= 52.50%  3000ms= 43.75%  4000ms= 48.75%   (69s)
  S7 800ms fold1/5: best_val= 87.50% (ep6) test= 56.25%
  S7 800ms fold2/5: best_val= 87.50% (ep17) test= 81.25%
  S7 800ms fold3/5: best_val= 87.50% (ep21) test= 81.25%
  S7 800ms fold4/5: best_val= 68.75% (ep12) test= 75.00%
  S7 800ms fold5/5: best_val= 87.50% (ep12) test= 50.00%
  S7 1500ms fold1/5: best_val= 68.75% (ep5) test= 62.50%
  S7 1500ms fold2/5: best_val= 68.75% (ep1) test= 56.25%
  S7 1500ms fold3/5: best_val= 81.25% (ep13) test= 75.00%
  S7 1500ms fold4/5: best_val= 62.50% (ep2) test= 68.75%
  S7 1500ms fold5/5: best_val= 75.00% (ep1) test= 68.75%
  S7 3000ms fold1/5: best_val= 62.50% (ep5) test= 62.50%
  S7 3000ms fold2/5: best_val= 68.75% (ep7) test= 62.50%
  S7 3000ms fold3/5: best_val= 81.25% (ep15) test= 56.25%
  S7 3000ms fold4/5: best_val= 75.00% (ep5) test= 50.00%
  S7 3000ms fold5/5: best_val= 68.75% (ep2) test= 50.00%
  S7 4000ms fold1/5: best_val= 68.75% (ep6) test= 62.50%
  S7 4000ms fold2/5: best_val= 75.00% (ep3) test= 81.25%
  S7 4000ms fold3/5: best_val= 81.25% (ep19) test= 56.25%
  S7 4000ms fold4/5: best_val= 68.75% (ep1) test= 62.50%
  S7 4000ms fold5/5: best_val= 62.50% (ep1) test= 75.00%
S 7: 800ms= 68.75%  1500ms= 66.25%  3000ms= 56.25%  4000ms= 67.50%   (69s)
  S8 800ms fold1/5: best_val= 75.00% (ep1) test= 50.00%
  S8 800ms fold2/5: best_val= 62.50% (ep1) test= 37.50%
  S8 800ms fold3/5: best_val= 56.25% (ep9) test= 62.50%
  S8 800ms fold4/5: best_val= 50.00% (ep7) test= 62.50%
  S8 800ms fold5/5: best_val= 68.75% (ep1) test= 43.75%
  S8 1500ms fold1/5: best_val= 81.25% (ep1) test= 43.75%
  S8 1500ms fold2/5: best_val= 68.75% (ep18) test= 43.75%
  S8 1500ms fold3/5: best_val= 62.50% (ep1) test= 56.25%
  S8 1500ms fold4/5: best_val= 50.00% (ep8) test= 50.00%
  S8 1500ms fold5/5: best_val= 62.50% (ep3) test= 68.75%
  S8 3000ms fold1/5: best_val= 62.50% (ep1) test= 50.00%
  S8 3000ms fold2/5: best_val= 68.75% (ep3) test= 56.25%
  S8 3000ms fold3/5: best_val= 56.25% (ep1) test= 62.50%
  S8 3000ms fold4/5: best_val= 56.25% (ep1) test= 50.00%
  S8 3000ms fold5/5: best_val= 62.50% (ep1) test= 50.00%
  S8 4000ms fold1/5: best_val= 68.75% (ep3) test= 43.75%
  S8 4000ms fold2/5: best_val= 68.75% (ep10) test= 56.25%
  S8 4000ms fold3/5: best_val= 56.25% (ep5) test= 68.75%
  S8 4000ms fold4/5: best_val= 56.25% (ep1) test= 62.50%
  S8 4000ms fold5/5: best_val= 62.50% (ep1) test= 75.00%
S 8: 800ms= 51.25%  1500ms= 52.50%  3000ms= 53.75%  4000ms= 61.25%   (69s)
  S9 800ms fold1/5: best_val= 62.50% (ep41) test= 62.50%
  S9 800ms fold2/5: best_val= 68.75% (ep2) test= 62.50%
  S9 800ms fold3/5: best_val= 56.25% (ep4) test= 62.50%
  S9 800ms fold4/5: best_val= 56.25% (ep1) test= 62.50%
  S9 800ms fold5/5: best_val= 68.75% (ep2) test= 43.75%
  S9 1500ms fold1/5: best_val= 50.00% (ep18) test= 50.00%
  S9 1500ms fold2/5: best_val= 43.75% (ep4) test= 56.25%
  S9 1500ms fold3/5: best_val= 50.00% (ep10) test= 56.25%
  S9 1500ms fold4/5: best_val= 62.50% (ep4) test= 68.75%
  S9 1500ms fold5/5: best_val= 56.25% (ep2) test= 62.50%
  S9 3000ms fold1/5: best_val= 68.75% (ep18) test= 31.25%
  S9 3000ms fold2/5: best_val= 68.75% (ep2) test= 56.25%
  S9 3000ms fold3/5: best_val= 37.50% (ep4) test= 31.25%
  S9 3000ms fold4/5: best_val= 62.50% (ep1) test= 56.25%
  S9 3000ms fold5/5: best_val= 37.50% (ep3) test= 62.50%
  S9 4000ms fold1/5: best_val= 68.75% (ep25) test= 37.50%
  S9 4000ms fold2/5: best_val= 68.75% (ep11) test= 56.25%
  S9 4000ms fold3/5: best_val= 56.25% (ep1) test= 43.75%
  S9 4000ms fold4/5: best_val= 50.00% (ep1) test= 43.75%
  S9 4000ms fold5/5: best_val= 56.25% (ep13) test= 43.75%
S 9: 800ms= 58.75%  1500ms= 58.75%  3000ms= 47.50%  4000ms= 45.00%   (69s)
  S10 800ms fold1/5: best_val= 62.50% (ep1) test= 62.50%
  S10 800ms fold2/5: best_val= 62.50% (ep4) test= 25.00%
  S10 800ms fold3/5: best_val= 56.25% (ep2) test= 43.75%
  S10 800ms fold4/5: best_val= 62.50% (ep1) test= 43.75%
  S10 800ms fold5/5: best_val= 56.25% (ep4) test= 37.50%
  S10 1500ms fold1/5: best_val= 50.00% (ep5) test= 37.50%
  S10 1500ms fold2/5: best_val= 68.75% (ep11) test= 31.25%
  S10 1500ms fold3/5: best_val= 62.50% (ep2) test= 68.75%
  S10 1500ms fold4/5: best_val= 56.25% (ep1) test= 50.00%
  S10 1500ms fold5/5: best_val= 56.25% (ep1) test= 56.25%
  S10 3000ms fold1/5: best_val= 50.00% (ep11) test= 50.00%
  S10 3000ms fold2/5: best_val= 62.50% (ep1) test= 37.50%
  S10 3000ms fold3/5: best_val= 62.50% (ep12) test= 37.50%
  S10 3000ms fold4/5: best_val= 68.75% (ep1) test= 43.75%
  S10 3000ms fold5/5: best_val= 68.75% (ep9) test= 68.75%
  S10 4000ms fold1/5: best_val= 50.00% (ep1) test= 37.50%
  S10 4000ms fold2/5: best_val= 68.75% (ep2) test= 56.25%
  S10 4000ms fold3/5: best_val= 50.00% (ep13) test= 56.25%
  S10 4000ms fold4/5: best_val= 62.50% (ep3) test= 37.50%
  S10 4000ms fold5/5: best_val= 62.50% (ep2) test= 56.25%
S10: 800ms= 42.50%  1500ms= 48.75%  3000ms= 47.50%  4000ms= 48.75%   (69s)
  S11 800ms fold1/5: best_val= 56.25% (ep23) test= 62.50%
  S11 800ms fold2/5: best_val= 68.75% (ep5) test= 50.00%
  S11 800ms fold3/5: best_val= 56.25% (ep2) test= 56.25%
  S11 800ms fold4/5: best_val= 62.50% (ep2) test= 56.25%
  S11 800ms fold5/5: best_val= 68.75% (ep5) test= 68.75%
  S11 1500ms fold1/5: best_val= 75.00% (ep17) test= 56.25%
  S11 1500ms fold2/5: best_val= 62.50% (ep9) test= 37.50%
  S11 1500ms fold3/5: best_val= 56.25% (ep5) test= 62.50%
  S11 1500ms fold4/5: best_val= 43.75% (ep2) test= 50.00%
  S11 1500ms fold5/5: best_val= 68.75% (ep7) test= 56.25%
  S11 3000ms fold1/5: best_val= 68.75% (ep16) test= 50.00%
  S11 3000ms fold2/5: best_val= 75.00% (ep5) test= 50.00%
  S11 3000ms fold3/5: best_val= 81.25% (ep6) test= 56.25%
  S11 3000ms fold4/5: best_val= 56.25% (ep1) test= 62.50%
  S11 3000ms fold5/5: best_val= 62.50% (ep19) test= 50.00%
  S11 4000ms fold1/5: best_val= 75.00% (ep21) test= 62.50%
  S11 4000ms fold2/5: best_val= 75.00% (ep7) test= 43.75%
  S11 4000ms fold3/5: best_val= 68.75% (ep4) test= 62.50%
  S11 4000ms fold4/5: best_val= 62.50% (ep1) test= 50.00%
  S11 4000ms fold5/5: best_val= 81.25% (ep5) test= 56.25%
S11: 800ms= 58.75%  1500ms= 52.50%  3000ms= 53.75%  4000ms= 55.00%   (69s)
  S12 800ms fold1/5: best_val= 50.00% (ep1) test= 37.50%
  S12 800ms fold2/5: best_val= 50.00% (ep3) test= 31.25%
  S12 800ms fold3/5: best_val= 75.00% (ep2) test= 56.25%
  S12 800ms fold4/5: best_val= 68.75% (ep15) test= 56.25%
  S12 800ms fold5/5: best_val= 68.75% (ep16) test= 25.00%
  S12 1500ms fold1/5: best_val= 50.00% (ep3) test= 56.25%
  S12 1500ms fold2/5: best_val= 75.00% (ep1) test= 50.00%
  S12 1500ms fold3/5: best_val= 68.75% (ep6) test= 37.50%
  S12 1500ms fold4/5: best_val= 68.75% (ep3) test= 37.50%
  S12 1500ms fold5/5: best_val= 75.00% (ep21) test= 25.00%
  S12 3000ms fold1/5: best_val= 50.00% (ep4) test= 56.25%
  S12 3000ms fold2/5: best_val= 68.75% (ep3) test= 43.75%
  S12 3000ms fold3/5: best_val= 68.75% (ep3) test= 81.25%
  S12 3000ms fold4/5: best_val= 68.75% (ep2) test= 37.50%
  S12 3000ms fold5/5: best_val= 75.00% (ep9) test= 18.75%
  S12 4000ms fold1/5: best_val= 62.50% (ep5) test= 43.75%
  S12 4000ms fold2/5: best_val= 56.25% (ep1) test= 56.25%
  S12 4000ms fold3/5: best_val= 56.25% (ep3) test= 50.00%
  S12 4000ms fold4/5: best_val= 68.75% (ep1) test= 43.75%
  S12 4000ms fold5/5: best_val= 81.25% (ep2) test= 37.50%
S12: 800ms= 41.25%  1500ms= 41.25%  3000ms= 47.50%  4000ms= 46.25%   (69s)
  S13 800ms fold1/5: best_val= 87.50% (ep38) test= 62.50%
  S13 800ms fold2/5: best_val= 68.75% (ep25) test= 50.00%
  S13 800ms fold3/5: best_val= 75.00% (ep16) test= 37.50%
  S13 800ms fold4/5: best_val= 87.50% (ep10) test= 50.00%
  S13 800ms fold5/5: best_val= 68.75% (ep2) test= 43.75%
  S13 1500ms fold1/5: best_val= 68.75% (ep25) test= 62.50%
  S13 1500ms fold2/5: best_val= 75.00% (ep2) test= 56.25%
  S13 1500ms fold3/5: best_val= 62.50% (ep11) test= 37.50%
  S13 1500ms fold4/5: best_val= 68.75% (ep8) test= 62.50%
  S13 1500ms fold5/5: best_val= 75.00% (ep1) test= 56.25%
  S13 3000ms fold1/5: best_val= 62.50% (ep1) test= 75.00%
  S13 3000ms fold2/5: best_val= 50.00% (ep1) test= 43.75%
  S13 3000ms fold3/5: best_val= 68.75% (ep29) test= 56.25%
  S13 3000ms fold4/5: best_val= 81.25% (ep7) test= 50.00%
  S13 3000ms fold5/5: best_val= 62.50% (ep1) test= 37.50%
  S13 4000ms fold1/5: best_val= 68.75% (ep10) test= 56.25%
  S13 4000ms fold2/5: best_val= 56.25% (ep16) test= 56.25%
  S13 4000ms fold3/5: best_val= 62.50% (ep13) test= 56.25%
  S13 4000ms fold4/5: best_val= 68.75% (ep2) test= 62.50%
  S13 4000ms fold5/5: best_val= 56.25% (ep1) test= 37.50%
S13: 800ms= 48.75%  1500ms= 55.00%  3000ms= 52.50%  4000ms= 53.75%   (69s)
  S14 800ms fold1/5: best_val= 68.75% (ep5) test= 68.75%
  S14 800ms fold2/5: best_val= 81.25% (ep14) test= 68.75%
  S14 800ms fold3/5: best_val= 87.50% (ep14) test= 43.75%
  S14 800ms fold4/5: best_val= 87.50% (ep18) test= 62.50%
  S14 800ms fold5/5: best_val= 56.25% (ep4) test= 62.50%
  S14 1500ms fold1/5: best_val= 68.75% (ep7) test= 81.25%
  S14 1500ms fold2/5: best_val= 81.25% (ep1) test= 56.25%
  S14 1500ms fold3/5: best_val= 50.00% (ep2) test= 50.00%
  S14 1500ms fold4/5: best_val= 75.00% (ep1) test= 43.75%
  S14 1500ms fold5/5: best_val= 68.75% (ep6) test= 62.50%
  S14 3000ms fold1/5: best_val= 75.00% (ep8) test= 68.75%
  S14 3000ms fold2/5: best_val= 75.00% (ep6) test= 56.25%
  S14 3000ms fold3/5: best_val= 50.00% (ep3) test= 31.25%
  S14 3000ms fold4/5: best_val= 75.00% (ep6) test= 62.50%
  S14 3000ms fold5/5: best_val= 56.25% (ep9) test= 62.50%
  S14 4000ms fold1/5: best_val= 81.25% (ep14) test= 75.00%
  S14 4000ms fold2/5: best_val= 81.25% (ep5) test= 56.25%
  S14 4000ms fold3/5: best_val= 43.75% (ep3) test= 37.50%
  S14 4000ms fold4/5: best_val= 75.00% (ep3) test= 56.25%
  S14 4000ms fold5/5: best_val= 62.50% (ep9) test= 62.50%
S14: 800ms= 61.25%  1500ms= 58.75%  3000ms= 56.25%  4000ms= 57.50%   (69s)
  S15 800ms fold1/5: best_val= 68.75% (ep9) test= 75.00%
  S15 800ms fold2/5: best_val= 75.00% (ep5) test= 62.50%
  S15 800ms fold3/5: best_val= 75.00% (ep25) test= 50.00%
  S15 800ms fold4/5: best_val= 68.75% (ep1) test= 50.00%
  S15 800ms fold5/5: best_val= 62.50% (ep6) test= 62.50%
  S15 1500ms fold1/5: best_val= 68.75% (ep1) test= 62.50%
  S15 1500ms fold2/5: best_val= 62.50% (ep2) test= 50.00%
  S15 1500ms fold3/5: best_val= 87.50% (ep1) test= 50.00%
  S15 1500ms fold4/5: best_val= 68.75% (ep8) test= 50.00%
  S15 1500ms fold5/5: best_val= 56.25% (ep1) test= 56.25%
  S15 3000ms fold1/5: best_val= 56.25% (ep1) test= 50.00%
  S15 3000ms fold2/5: best_val= 62.50% (ep8) test= 62.50%
  S15 3000ms fold3/5: best_val= 56.25% (ep1) test= 81.25%
  S15 3000ms fold4/5: best_val= 68.75% (ep14) test= 81.25%
  S15 3000ms fold5/5: best_val= 56.25% (ep1) test= 56.25%
  S15 4000ms fold1/5: best_val= 56.25% (ep1) test= 50.00%
  S15 4000ms fold2/5: best_val= 62.50% (ep7) test= 50.00%
  S15 4000ms fold3/5: best_val= 43.75% (ep1) test= 62.50%
  S15 4000ms fold4/5: best_val= 81.25% (ep10) test= 37.50%
  S15 4000ms fold5/5: best_val= 75.00% (ep8) test= 62.50%
S15: 800ms= 60.00%  1500ms= 53.75%  3000ms= 66.25%  4000ms= 52.50%   (69s)
  S16 800ms fold1/5: best_val= 62.50% (ep2) test= 50.00%
  S16 800ms fold2/5: best_val= 62.50% (ep3) test= 43.75%
  S16 800ms fold3/5: best_val= 68.75% (ep11) test= 50.00%
  S16 800ms fold4/5: best_val= 62.50% (ep2) test= 37.50%
  S16 800ms fold5/5: best_val= 56.25% (ep2) test= 56.25%
  S16 1500ms fold1/5: best_val= 62.50% (ep13) test= 75.00%
  S16 1500ms fold2/5: best_val= 68.75% (ep2) test= 37.50%
  S16 1500ms fold3/5: best_val= 75.00% (ep4) test= 62.50%
  S16 1500ms fold4/5: best_val= 81.25% (ep5) test= 43.75%
  S16 1500ms fold5/5: best_val= 68.75% (ep2) test= 62.50%
  S16 3000ms fold1/5: best_val= 62.50% (ep2) test= 68.75%
  S16 3000ms fold2/5: best_val= 68.75% (ep7) test= 37.50%
  S16 3000ms fold3/5: best_val= 62.50% (ep6) test= 43.75%
  S16 3000ms fold4/5: best_val= 62.50% (ep3) test= 50.00%
  S16 3000ms fold5/5: best_val= 68.75% (ep5) test= 56.25%
  S16 4000ms fold1/5: best_val= 75.00% (ep34) test= 75.00%
  S16 4000ms fold2/5: best_val= 68.75% (ep3) test= 37.50%
  S16 4000ms fold3/5: best_val= 68.75% (ep1) test= 43.75%
  S16 4000ms fold4/5: best_val= 68.75% (ep6) test= 50.00%
  S16 4000ms fold5/5: best_val= 68.75% (ep3) test= 75.00%
S16: 800ms= 47.50%  1500ms= 56.25%  3000ms= 51.25%  4000ms= 56.25%   (69s)
  S17 800ms fold1/5: best_val= 56.25% (ep1) test= 37.50%
  S17 800ms fold2/5: best_val= 68.75% (ep2) test= 62.50%
  S17 800ms fold3/5: best_val= 50.00% (ep1) test= 50.00%
  S17 800ms fold4/5: best_val= 68.75% (ep3) test= 56.25%
  S17 800ms fold5/5: best_val= 75.00% (ep7) test= 50.00%
  S17 1500ms fold1/5: best_val= 62.50% (ep1) test= 62.50%
  S17 1500ms fold2/5: best_val= 56.25% (ep1) test= 56.25%
  S17 1500ms fold3/5: best_val= 62.50% (ep3) test= 43.75%
  S17 1500ms fold4/5: best_val= 81.25% (ep9) test= 56.25%
  S17 1500ms fold5/5: best_val= 62.50% (ep1) test= 37.50%
  S17 3000ms fold1/5: best_val= 50.00% (ep4) test= 43.75%
  S17 3000ms fold2/5: best_val= 50.00% (ep1) test= 50.00%
  S17 3000ms fold3/5: best_val= 62.50% (ep9) test= 62.50%
  S17 3000ms fold4/5: best_val= 68.75% (ep1) test= 56.25%
  S17 3000ms fold5/5: best_val= 50.00% (ep1) test= 50.00%
  S17 4000ms fold1/5: best_val= 50.00% (ep1) test= 50.00%
  S17 4000ms fold2/5: best_val= 62.50% (ep4) test= 50.00%
  S17 4000ms fold3/5: best_val= 56.25% (ep5) test= 50.00%
  S17 4000ms fold4/5: best_val= 62.50% (ep8) test= 56.25%
  S17 4000ms fold5/5: best_val= 62.50% (ep7) test= 43.75%
S17: 800ms= 51.25%  1500ms= 51.25%  3000ms= 52.50%  4000ms= 50.00%   (69s)
  S18 800ms fold1/5: best_val= 56.25% (ep13) test= 56.25%
  S18 800ms fold2/5: best_val= 75.00% (ep2) test= 43.75%
  S18 800ms fold3/5: best_val= 50.00% (ep12) test= 56.25%
  S18 800ms fold4/5: best_val= 62.50% (ep33) test= 75.00%
  S18 800ms fold5/5: best_val= 68.75% (ep11) test= 50.00%
  S18 1500ms fold1/5: best_val= 56.25% (ep1) test= 68.75%
  S18 1500ms fold2/5: best_val= 75.00% (ep2) test= 56.25%
  S18 1500ms fold3/5: best_val= 56.25% (ep4) test= 56.25%
  S18 1500ms fold4/5: best_val= 62.50% (ep1) test= 56.25%
  S18 1500ms fold5/5: best_val= 62.50% (ep1) test= 43.75%
  S18 3000ms fold1/5: best_val= 68.75% (ep3) test= 43.75%
  S18 3000ms fold2/5: best_val= 75.00% (ep14) test= 56.25%
  S18 3000ms fold3/5: best_val= 62.50% (ep1) test= 50.00%
  S18 3000ms fold4/5: best_val= 50.00% (ep1) test= 50.00%
  S18 3000ms fold5/5: best_val= 56.25% (ep2) test= 68.75%
  S18 4000ms fold1/5: best_val= 62.50% (ep8) test= 75.00%
  S18 4000ms fold2/5: best_val= 68.75% (ep1) test= 50.00%
  S18 4000ms fold3/5: best_val= 56.25% (ep15) test= 25.00%
  S18 4000ms fold4/5: best_val= 62.50% (ep6) test= 68.75%
  S18 4000ms fold5/5: best_val= 56.25% (ep2) test= 43.75%
S18: 800ms= 56.25%  1500ms= 56.25%  3000ms= 53.75%  4000ms= 52.50%   (69s)

ALL SUBJECTS COMPLETED — WAA/EFE  (1257s)

====================================================================
SAVED WAA/EFE -> /work/11862/rmaahin/ls6/FineMI-enhancements/ConformerEEG/experiments/option_a/results/full/WAA_EFE
gpu=NVIDIA A100-PCIE-40GB | torch=2.8.0+cu128 | seed=42 | model=conformer_a | mode=full
====================================================================
window_ms   800    1500   3000   4000
subject                              
1          41.11  57.78  54.44  62.22
2          55.00  51.25  47.50  50.00
3          60.00  52.50  52.50  55.00
4          61.25  62.50  63.75  70.00
5          38.75  48.75  56.25  58.75
6          56.25  52.50  43.75  48.75
7          68.75  66.25  56.25  67.50
8          51.25  52.50  53.75  61.25
9          58.75  58.75  47.50  45.00
10         42.50  48.75  47.50  48.75
11         58.75  52.50  53.75  55.00
12         41.25  41.25  47.50  46.25
13         48.75  55.00  52.50  53.75
14         61.25  58.75  56.25  57.50
15         60.00  53.75  66.25  52.50
16         47.50  56.25  51.25  56.25
17         51.25  51.25  52.50  50.00
18         56.25  56.25  53.75  52.50

mean: {800: 53.26, 1500: 54.25, 3000: 53.16, 4000: 55.05}
sd  : {800: 8.47, 1500: 5.6, 3000: 5.62, 4000: 6.92}

Pairs saved so far in /work/11862/rmaahin/ls6/FineMI-enhancements/ConformerEEG/experiments/option_a/results/full: 13/28

##### pair_idx=15 (WAA_SPS) #####

Using device: cuda | gpu=NVIDIA A100-PCIE-40GB | torch=2.8.0+cu128
NOTE: determinism holds per-GPU-model. Record this GPU name.

PAIR: WAA/SPS  (classes 2 vs 5)  model=conformer_a  mode=full
Test time windows: [800, 1500, 3000, 4000] ms
Test time windows (samples): [200, 375, 750, 1000]

BINARY CLASSIFICATION: Class 2 vs Class 5  (WAA/SPS)
  Class 0 (original 2): 725 trials
  Class 1 (original 5): 725 trials

Extracted time windows:
  800ms (200 samples): shape (1450, 62, 200)
  1500ms (375 samples): shape (1450, 62, 375)
  3000ms (750 samples): shape (1450, 62, 750)
  4000ms (1000 samples): shape (1450, 62, 1000)

Model configuration:
  Model: conformer_a
  Channels: 62
  Subjects: [1, 2, 3, 4, 5, 6, 7, 8, 9, 10, 11, 12, 13, 14, 15, 16, 17, 18]
  Time windows: [800, 1500, 3000, 4000] ms
  Classes: 2 (Binary: Class 2 vs Class 5)
  Folds: 5
  Batch size: 32
  Epochs per subject per time window: 50
  S1 800ms fold1/5: best_val= 55.56% (ep3) test= 66.67%
  S1 800ms fold2/5: best_val= 66.67% (ep12) test= 55.56%
  S1 800ms fold3/5: best_val= 66.67% (ep36) test= 61.11%
  S1 800ms fold4/5: best_val= 66.67% (ep1) test= 55.56%
  S1 800ms fold5/5: best_val= 61.11% (ep14) test= 33.33%
  S1 1500ms fold1/5: best_val= 61.11% (ep19) test= 50.00%
  S1 1500ms fold2/5: best_val= 66.67% (ep17) test= 50.00%
  S1 1500ms fold3/5: best_val= 83.33% (ep21) test= 38.89%
  S1 1500ms fold4/5: best_val= 72.22% (ep6) test= 50.00%
  S1 1500ms fold5/5: best_val= 72.22% (ep11) test= 50.00%
  S1 3000ms fold1/5: best_val= 83.33% (ep22) test= 72.22%
  S1 3000ms fold2/5: best_val= 72.22% (ep5) test= 50.00%
  S1 3000ms fold3/5: best_val= 88.89% (ep20) test= 55.56%
  S1 3000ms fold4/5: best_val= 72.22% (ep35) test= 55.56%
  S1 3000ms fold5/5: best_val= 83.33% (ep11) test= 33.33%
  S1 4000ms fold1/5: best_val= 88.89% (ep18) test= 61.11%
  S1 4000ms fold2/5: best_val= 61.11% (ep1) test= 61.11%
  S1 4000ms fold3/5: best_val= 83.33% (ep5) test= 55.56%
  S1 4000ms fold4/5: best_val= 83.33% (ep9) test= 61.11%
  S1 4000ms fold5/5: best_val= 83.33% (ep14) test= 50.00%
S 1: 800ms= 54.44%  1500ms= 47.78%  3000ms= 53.33%  4000ms= 57.78%   (82s)
  S2 800ms fold1/5: best_val= 81.25% (ep2) test= 68.75%
  S2 800ms fold2/5: best_val= 68.75% (ep4) test= 56.25%
  S2 800ms fold3/5: best_val= 62.50% (ep5) test= 43.75%
  S2 800ms fold4/5: best_val= 75.00% (ep24) test= 37.50%
  S2 800ms fold5/5: best_val= 43.75% (ep1) test= 62.50%
  S2 1500ms fold1/5: best_val= 68.75% (ep6) test= 56.25%
  S2 1500ms fold2/5: best_val= 62.50% (ep8) test= 56.25%
  S2 1500ms fold3/5: best_val= 81.25% (ep22) test= 37.50%
  S2 1500ms fold4/5: best_val= 62.50% (ep5) test= 75.00%
  S2 1500ms fold5/5: best_val= 93.75% (ep5) test= 56.25%
  S2 3000ms fold1/5: best_val= 62.50% (ep5) test= 62.50%
  S2 3000ms fold2/5: best_val= 56.25% (ep1) test= 56.25%
  S2 3000ms fold3/5: best_val= 75.00% (ep40) test= 50.00%
  S2 3000ms fold4/5: best_val= 68.75% (ep4) test= 56.25%
  S2 3000ms fold5/5: best_val= 62.50% (ep15) test= 56.25%
  S2 4000ms fold1/5: best_val= 56.25% (ep1) test= 43.75%
  S2 4000ms fold2/5: best_val= 56.25% (ep1) test= 50.00%
  S2 4000ms fold3/5: best_val= 75.00% (ep6) test= 50.00%
  S2 4000ms fold4/5: best_val= 75.00% (ep14) test= 56.25%
  S2 4000ms fold5/5: best_val= 75.00% (ep3) test= 50.00%
S 2: 800ms= 53.75%  1500ms= 56.25%  3000ms= 56.25%  4000ms= 50.00%   (69s)
  S3 800ms fold1/5: best_val= 56.25% (ep2) test= 56.25%
  S3 800ms fold2/5: best_val= 87.50% (ep19) test= 56.25%
  S3 800ms fold3/5: best_val= 87.50% (ep8) test= 50.00%
  S3 800ms fold4/5: best_val= 68.75% (ep22) test= 68.75%
  S3 800ms fold5/5: best_val= 62.50% (ep14) test= 50.00%
  S3 1500ms fold1/5: best_val= 62.50% (ep38) test= 68.75%
  S3 1500ms fold2/5: best_val= 87.50% (ep22) test= 75.00%
  S3 1500ms fold3/5: best_val= 75.00% (ep18) test= 62.50%
  S3 1500ms fold4/5: best_val= 81.25% (ep5) test= 56.25%
  S3 1500ms fold5/5: best_val= 75.00% (ep23) test= 75.00%
  S3 3000ms fold1/5: best_val= 68.75% (ep25) test= 50.00%
  S3 3000ms fold2/5: best_val= 93.75% (ep14) test= 56.25%
  S3 3000ms fold3/5: best_val= 75.00% (ep7) test= 62.50%
  S3 3000ms fold4/5: best_val= 68.75% (ep17) test= 50.00%
  S3 3000ms fold5/5: best_val= 56.25% (ep28) test= 68.75%
  S3 4000ms fold1/5: best_val= 68.75% (ep4) test= 68.75%
  S3 4000ms fold2/5: best_val= 93.75% (ep24) test= 68.75%
  S3 4000ms fold3/5: best_val= 68.75% (ep3) test= 56.25%
  S3 4000ms fold4/5: best_val= 81.25% (ep13) test= 50.00%
  S3 4000ms fold5/5: best_val= 56.25% (ep5) test= 75.00%
S 3: 800ms= 56.25%  1500ms= 67.50%  3000ms= 57.50%  4000ms= 63.75%   (69s)
  S4 800ms fold1/5: best_val= 62.50% (ep11) test= 50.00%
  S4 800ms fold2/5: best_val= 56.25% (ep1) test= 50.00%
  S4 800ms fold3/5: best_val= 50.00% (ep13) test= 50.00%
  S4 800ms fold4/5: best_val= 43.75% (ep1) test= 56.25%
  S4 800ms fold5/5: best_val= 68.75% (ep34) test= 56.25%
  S4 1500ms fold1/5: best_val= 50.00% (ep2) test= 56.25%
  S4 1500ms fold2/5: best_val= 62.50% (ep1) test= 62.50%
  S4 1500ms fold3/5: best_val= 75.00% (ep14) test= 31.25%
  S4 1500ms fold4/5: best_val= 50.00% (ep2) test= 62.50%
  S4 1500ms fold5/5: best_val= 68.75% (ep2) test= 43.75%
  S4 3000ms fold1/5: best_val= 68.75% (ep17) test= 81.25%
  S4 3000ms fold2/5: best_val= 87.50% (ep7) test= 75.00%
  S4 3000ms fold3/5: best_val= 87.50% (ep16) test= 56.25%
  S4 3000ms fold4/5: best_val= 87.50% (ep6) test= 93.75%
  S4 3000ms fold5/5: best_val= 87.50% (ep11) test= 50.00%
  S4 4000ms fold1/5: best_val= 87.50% (ep7) test= 75.00%
  S4 4000ms fold2/5: best_val= 93.75% (ep22) test= 81.25%
  S4 4000ms fold3/5: best_val= 93.75% (ep8) test= 68.75%
  S4 4000ms fold4/5: best_val= 93.75% (ep8) test= 81.25%
  S4 4000ms fold5/5: best_val= 87.50% (ep16) test= 62.50%
S 4: 800ms= 52.50%  1500ms= 51.25%  3000ms= 71.25%  4000ms= 73.75%   (69s)
  S5 800ms fold1/5: best_val= 68.75% (ep28) test= 75.00%
  S5 800ms fold2/5: best_val= 75.00% (ep1) test= 50.00%
  S5 800ms fold3/5: best_val= 56.25% (ep2) test= 56.25%
  S5 800ms fold4/5: best_val= 75.00% (ep1) test= 50.00%
  S5 800ms fold5/5: best_val= 68.75% (ep1) test= 56.25%
  S5 1500ms fold1/5: best_val= 37.50% (ep1) test= 68.75%
  S5 1500ms fold2/5: best_val= 68.75% (ep3) test= 50.00%
  S5 1500ms fold3/5: best_val= 62.50% (ep19) test= 68.75%
  S5 1500ms fold4/5: best_val= 62.50% (ep8) test= 56.25%
  S5 1500ms fold5/5: best_val= 62.50% (ep1) test= 62.50%
  S5 3000ms fold1/5: best_val= 50.00% (ep4) test= 62.50%
  S5 3000ms fold2/5: best_val= 62.50% (ep3) test= 56.25%
  S5 3000ms fold3/5: best_val= 62.50% (ep1) test= 56.25%
  S5 3000ms fold4/5: best_val= 50.00% (ep7) test= 56.25%
  S5 3000ms fold5/5: best_val= 62.50% (ep14) test= 43.75%
  S5 4000ms fold1/5: best_val= 50.00% (ep1) test= 56.25%
  S5 4000ms fold2/5: best_val= 56.25% (ep1) test= 56.25%
  S5 4000ms fold3/5: best_val= 75.00% (ep3) test= 50.00%
  S5 4000ms fold4/5: best_val= 81.25% (ep33) test= 62.50%
  S5 4000ms fold5/5: best_val= 56.25% (ep18) test= 37.50%
S 5: 800ms= 57.50%  1500ms= 61.25%  3000ms= 55.00%  4000ms= 52.50%   (69s)
  S6 800ms fold1/5: best_val= 56.25% (ep2) test= 62.50%
  S6 800ms fold2/5: best_val= 75.00% (ep11) test= 50.00%
  S6 800ms fold3/5: best_val= 87.50% (ep4) test= 50.00%
  S6 800ms fold4/5: best_val= 50.00% (ep9) test= 56.25%
  S6 800ms fold5/5: best_val= 43.75% (ep1) test= 43.75%
  S6 1500ms fold1/5: best_val= 50.00% (ep1) test= 62.50%
  S6 1500ms fold2/5: best_val= 62.50% (ep2) test= 56.25%
  S6 1500ms fold3/5: best_val= 68.75% (ep3) test= 56.25%
  S6 1500ms fold4/5: best_val= 75.00% (ep1) test= 68.75%
  S6 1500ms fold5/5: best_val= 68.75% (ep4) test= 50.00%
  S6 3000ms fold1/5: best_val= 56.25% (ep16) test= 56.25%
  S6 3000ms fold2/5: best_val= 68.75% (ep9) test= 62.50%
  S6 3000ms fold3/5: best_val= 68.75% (ep33) test= 62.50%
  S6 3000ms fold4/5: best_val= 81.25% (ep3) test= 50.00%
  S6 3000ms fold5/5: best_val= 87.50% (ep5) test= 68.75%
  S6 4000ms fold1/5: best_val= 56.25% (ep31) test= 56.25%
  S6 4000ms fold2/5: best_val= 68.75% (ep2) test= 43.75%
  S6 4000ms fold3/5: best_val= 68.75% (ep2) test= 37.50%
  S6 4000ms fold4/5: best_val= 68.75% (ep4) test= 43.75%
  S6 4000ms fold5/5: best_val= 75.00% (ep1) test= 50.00%
S 6: 800ms= 52.50%  1500ms= 58.75%  3000ms= 60.00%  4000ms= 46.25%   (69s)
  S7 800ms fold1/5: best_val= 68.75% (ep5) test= 68.75%
  S7 800ms fold2/5: best_val= 50.00% (ep1) test= 56.25%
  S7 800ms fold3/5: best_val= 68.75% (ep3) test= 43.75%
  S7 800ms fold4/5: best_val= 81.25% (ep32) test= 62.50%
  S7 800ms fold5/5: best_val= 81.25% (ep27) test= 43.75%
  S7 1500ms fold1/5: best_val= 62.50% (ep28) test= 56.25%
  S7 1500ms fold2/5: best_val= 62.50% (ep3) test= 43.75%
  S7 1500ms fold3/5: best_val= 81.25% (ep31) test= 43.75%
  S7 1500ms fold4/5: best_val= 68.75% (ep7) test= 62.50%
  S7 1500ms fold5/5: best_val= 68.75% (ep8) test= 37.50%
  S7 3000ms fold1/5: best_val= 56.25% (ep8) test= 75.00%
  S7 3000ms fold2/5: best_val= 75.00% (ep1) test= 50.00%
  S7 3000ms fold3/5: best_val= 75.00% (ep10) test= 43.75%
  S7 3000ms fold4/5: best_val= 75.00% (ep22) test= 56.25%
  S7 3000ms fold5/5: best_val= 62.50% (ep6) test= 43.75%
  S7 4000ms fold1/5: best_val= 62.50% (ep22) test= 56.25%
  S7 4000ms fold2/5: best_val= 56.25% (ep4) test= 62.50%
  S7 4000ms fold3/5: best_val= 75.00% (ep20) test= 50.00%
  S7 4000ms fold4/5: best_val= 68.75% (ep2) test= 43.75%
  S7 4000ms fold5/5: best_val= 68.75% (ep1) test= 37.50%
S 7: 800ms= 55.00%  1500ms= 48.75%  3000ms= 53.75%  4000ms= 50.00%   (69s)
  S8 800ms fold1/5: best_val= 62.50% (ep6) test= 37.50%
  S8 800ms fold2/5: best_val= 68.75% (ep2) test= 37.50%
  S8 800ms fold3/5: best_val= 68.75% (ep1) test= 50.00%
  S8 800ms fold4/5: best_val= 68.75% (ep3) test= 50.00%
  S8 800ms fold5/5: best_val= 56.25% (ep1) test= 37.50%
  S8 1500ms fold1/5: best_val= 43.75% (ep6) test= 50.00%
  S8 1500ms fold2/5: best_val= 75.00% (ep6) test= 43.75%
  S8 1500ms fold3/5: best_val= 50.00% (ep3) test= 43.75%
  S8 1500ms fold4/5: best_val= 68.75% (ep3) test= 31.25%
  S8 1500ms fold5/5: best_val= 56.25% (ep1) test= 37.50%
  S8 3000ms fold1/5: best_val= 50.00% (ep2) test= 50.00%
  S8 3000ms fold2/5: best_val= 75.00% (ep1) test= 62.50%
  S8 3000ms fold3/5: best_val= 56.25% (ep1) test= 31.25%
  S8 3000ms fold4/5: best_val= 75.00% (ep2) test= 43.75%
  S8 3000ms fold5/5: best_val= 50.00% (ep1) test= 62.50%
  S8 4000ms fold1/5: best_val= 68.75% (ep20) test= 62.50%
  S8 4000ms fold2/5: best_val= 62.50% (ep4) test= 50.00%
  S8 4000ms fold3/5: best_val= 62.50% (ep1) test= 43.75%
  S8 4000ms fold4/5: best_val= 50.00% (ep4) test= 62.50%
  S8 4000ms fold5/5: best_val= 68.75% (ep1) test= 43.75%
S 8: 800ms= 42.50%  1500ms= 41.25%  3000ms= 50.00%  4000ms= 52.50%   (69s)
  S9 800ms fold1/5: best_val= 50.00% (ep9) test= 50.00%
  S9 800ms fold2/5: best_val= 50.00% (ep1) test= 43.75%
  S9 800ms fold3/5: best_val= 56.25% (ep1) test= 56.25%
  S9 800ms fold4/5: best_val= 62.50% (ep7) test= 62.50%
  S9 800ms fold5/5: best_val= 56.25% (ep19) test= 68.75%
  S9 1500ms fold1/5: best_val= 75.00% (ep33) test= 31.25%
  S9 1500ms fold2/5: best_val= 68.75% (ep2) test= 68.75%
  S9 1500ms fold3/5: best_val= 75.00% (ep12) test= 56.25%
  S9 1500ms fold4/5: best_val= 50.00% (ep4) test= 56.25%
  S9 1500ms fold5/5: best_val= 68.75% (ep1) test= 62.50%
  S9 3000ms fold1/5: best_val= 81.25% (ep11) test= 37.50%
  S9 3000ms fold2/5: best_val= 56.25% (ep21) test= 68.75%
  S9 3000ms fold3/5: best_val= 50.00% (ep2) test= 56.25%
  S9 3000ms fold4/5: best_val= 62.50% (ep1) test= 56.25%
  S9 3000ms fold5/5: best_val= 81.25% (ep8) test= 43.75%
  S9 4000ms fold1/5: best_val= 62.50% (ep1) test= 50.00%
  S9 4000ms fold2/5: best_val= 62.50% (ep4) test= 50.00%
  S9 4000ms fold3/5: best_val= 68.75% (ep19) test= 56.25%
  S9 4000ms fold4/5: best_val= 68.75% (ep8) test= 50.00%
  S9 4000ms fold5/5: best_val= 62.50% (ep2) test= 62.50%
S 9: 800ms= 56.25%  1500ms= 55.00%  3000ms= 52.50%  4000ms= 53.75%   (69s)
  S10 800ms fold1/5: best_val= 75.00% (ep3) test= 25.00%
  S10 800ms fold2/5: best_val= 62.50% (ep20) test= 87.50%
  S10 800ms fold3/5: best_val= 81.25% (ep8) test= 75.00%
  S10 800ms fold4/5: best_val= 93.75% (ep20) test= 50.00%
  S10 800ms fold5/5: best_val= 75.00% (ep10) test= 56.25%
  S10 1500ms fold1/5: best_val= 68.75% (ep6) test= 43.75%
  S10 1500ms fold2/5: best_val= 56.25% (ep1) test= 81.25%
  S10 1500ms fold3/5: best_val= 87.50% (ep12) test= 68.75%
  S10 1500ms fold4/5: best_val= 87.50% (ep9) test= 87.50%
  S10 1500ms fold5/5: best_val= 75.00% (ep14) test= 68.75%
  S10 3000ms fold1/5: best_val= 68.75% (ep10) test= 31.25%
  S10 3000ms fold2/5: best_val= 68.75% (ep12) test= 93.75%
  S10 3000ms fold3/5: best_val= 87.50% (ep12) test= 75.00%
  S10 3000ms fold4/5: best_val= 81.25% (ep14) test= 62.50%
  S10 3000ms fold5/5: best_val= 75.00% (ep13) test= 43.75%
  S10 4000ms fold1/5: best_val= 62.50% (ep3) test= 56.25%
  S10 4000ms fold2/5: best_val= 50.00% (ep3) test= 50.00%
  S10 4000ms fold3/5: best_val= 62.50% (ep18) test= 68.75%
  S10 4000ms fold4/5: best_val= 81.25% (ep15) test= 68.75%
  S10 4000ms fold5/5: best_val= 87.50% (ep16) test= 68.75%
S10: 800ms= 58.75%  1500ms= 70.00%  3000ms= 61.25%  4000ms= 62.50%   (69s)
  S11 800ms fold1/5: best_val= 56.25% (ep3) test= 43.75%
  S11 800ms fold2/5: best_val= 56.25% (ep2) test= 56.25%
  S11 800ms fold3/5: best_val= 37.50% (ep7) test= 31.25%
  S11 800ms fold4/5: best_val= 43.75% (ep1) test= 68.75%
  S11 800ms fold5/5: best_val= 75.00% (ep8) test= 37.50%
  S11 1500ms fold1/5: best_val= 50.00% (ep3) test= 50.00%
  S11 1500ms fold2/5: best_val= 56.25% (ep2) test= 56.25%
  S11 1500ms fold3/5: best_val= 56.25% (ep13) test= 50.00%
  S11 1500ms fold4/5: best_val= 50.00% (ep5) test= 81.25%
  S11 1500ms fold5/5: best_val= 75.00% (ep15) test= 50.00%
  S11 3000ms fold1/5: best_val= 68.75% (ep17) test= 50.00%
  S11 3000ms fold2/5: best_val= 68.75% (ep9) test= 56.25%
  S11 3000ms fold3/5: best_val= 56.25% (ep5) test= 31.25%
  S11 3000ms fold4/5: best_val= 50.00% (ep1) test= 56.25%
  S11 3000ms fold5/5: best_val= 75.00% (ep23) test= 50.00%
  S11 4000ms fold1/5: best_val= 68.75% (ep10) test= 43.75%
  S11 4000ms fold2/5: best_val= 62.50% (ep22) test= 50.00%
  S11 4000ms fold3/5: best_val= 62.50% (ep7) test= 50.00%
  S11 4000ms fold4/5: best_val= 56.25% (ep4) test= 68.75%
  S11 4000ms fold5/5: best_val= 68.75% (ep5) test= 68.75%
S11: 800ms= 47.50%  1500ms= 57.50%  3000ms= 48.75%  4000ms= 56.25%   (69s)
  S12 800ms fold1/5: best_val= 75.00% (ep7) test= 50.00%
  S12 800ms fold2/5: best_val= 75.00% (ep3) test= 50.00%
  S12 800ms fold3/5: best_val= 81.25% (ep2) test= 50.00%
  S12 800ms fold4/5: best_val= 56.25% (ep7) test= 50.00%
  S12 800ms fold5/5: best_val= 68.75% (ep3) test= 56.25%
  S12 1500ms fold1/5: best_val= 68.75% (ep8) test= 50.00%
  S12 1500ms fold2/5: best_val= 75.00% (ep3) test= 50.00%
  S12 1500ms fold3/5: best_val= 81.25% (ep5) test= 56.25%
  S12 1500ms fold4/5: best_val= 68.75% (ep8) test= 62.50%
  S12 1500ms fold5/5: best_val= 62.50% (ep4) test= 68.75%
  S12 3000ms fold1/5: best_val= 68.75% (ep1) test= 56.25%
  S12 3000ms fold2/5: best_val= 81.25% (ep2) test= 56.25%
  S12 3000ms fold3/5: best_val= 75.00% (ep6) test= 50.00%
  S12 3000ms fold4/5: best_val= 50.00% (ep3) test= 62.50%
  S12 3000ms fold5/5: best_val= 62.50% (ep8) test= 62.50%
  S12 4000ms fold1/5: best_val= 68.75% (ep27) test= 37.50%
  S12 4000ms fold2/5: best_val= 75.00% (ep19) test= 50.00%
  S12 4000ms fold3/5: best_val= 68.75% (ep2) test= 50.00%
  S12 4000ms fold4/5: best_val= 68.75% (ep8) test= 75.00%
  S12 4000ms fold5/5: best_val= 75.00% (ep14) test= 43.75%
S12: 800ms= 51.25%  1500ms= 57.50%  3000ms= 57.50%  4000ms= 51.25%   (69s)
  S13 800ms fold1/5: best_val= 68.75% (ep1) test= 56.25%
  S13 800ms fold2/5: best_val= 81.25% (ep4) test= 50.00%
  S13 800ms fold3/5: best_val= 81.25% (ep5) test= 62.50%
  S13 800ms fold4/5: best_val= 68.75% (ep2) test= 50.00%
  S13 800ms fold5/5: best_val= 81.25% (ep11) test= 68.75%
  S13 1500ms fold1/5: best_val= 62.50% (ep1) test= 50.00%
  S13 1500ms fold2/5: best_val= 81.25% (ep1) test= 62.50%
  S13 1500ms fold3/5: best_val= 68.75% (ep14) test= 81.25%
  S13 1500ms fold4/5: best_val= 62.50% (ep5) test= 43.75%
  S13 1500ms fold5/5: best_val= 81.25% (ep2) test= 50.00%
  S13 3000ms fold1/5: best_val= 62.50% (ep13) test= 75.00%
  S13 3000ms fold2/5: best_val= 68.75% (ep31) test= 87.50%
  S13 3000ms fold3/5: best_val= 81.25% (ep24) test= 68.75%
  S13 3000ms fold4/5: best_val= 68.75% (ep12) test= 68.75%
  S13 3000ms fold5/5: best_val= 75.00% (ep5) test= 50.00%
  S13 4000ms fold1/5: best_val= 62.50% (ep5) test= 62.50%
  S13 4000ms fold2/5: best_val= 62.50% (ep1) test= 62.50%
  S13 4000ms fold3/5: best_val= 68.75% (ep17) test= 68.75%
  S13 4000ms fold4/5: best_val= 68.75% (ep1) test= 56.25%
  S13 4000ms fold5/5: best_val= 68.75% (ep29) test= 81.25%
S13: 800ms= 57.50%  1500ms= 57.50%  3000ms= 70.00%  4000ms= 66.25%   (69s)
  S14 800ms fold1/5: best_val= 62.50% (ep2) test= 68.75%
  S14 800ms fold2/5: best_val= 68.75% (ep10) test= 75.00%
  S14 800ms fold3/5: best_val= 93.75% (ep14) test= 68.75%
  S14 800ms fold4/5: best_val= 81.25% (ep4) test= 75.00%
  S14 800ms fold5/5: best_val= 68.75% (ep15) test= 75.00%
  S14 1500ms fold1/5: best_val= 56.25% (ep14) test= 75.00%
  S14 1500ms fold2/5: best_val= 75.00% (ep17) test= 43.75%
  S14 1500ms fold3/5: best_val= 93.75% (ep7) test= 43.75%
  S14 1500ms fold4/5: best_val= 68.75% (ep6) test= 68.75%
  S14 1500ms fold5/5: best_val= 75.00% (ep16) test= 62.50%
  S14 3000ms fold1/5: best_val= 50.00% (ep3) test= 62.50%
  S14 3000ms fold2/5: best_val= 81.25% (ep15) test= 56.25%
  S14 3000ms fold3/5: best_val= 68.75% (ep4) test= 50.00%
  S14 3000ms fold4/5: best_val= 81.25% (ep9) test= 50.00%
  S14 3000ms fold5/5: best_val= 56.25% (ep6) test= 43.75%
  S14 4000ms fold1/5: best_val= 56.25% (ep2) test= 62.50%
  S14 4000ms fold2/5: best_val= 68.75% (ep2) test= 50.00%
  S14 4000ms fold3/5: best_val= 81.25% (ep31) test= 37.50%
  S14 4000ms fold4/5: best_val= 68.75% (ep23) test= 68.75%
  S14 4000ms fold5/5: best_val= 56.25% (ep7) test= 56.25%
S14: 800ms= 72.50%  1500ms= 58.75%  3000ms= 52.50%  4000ms= 55.00%   (69s)
  S15 800ms fold1/5: best_val= 43.75% (ep2) test= 37.50%
  S15 800ms fold2/5: best_val= 56.25% (ep1) test= 56.25%
  S15 800ms fold3/5: best_val= 56.25% (ep3) test= 50.00%
  S15 800ms fold4/5: best_val= 62.50% (ep3) test= 37.50%
  S15 800ms fold5/5: best_val= 56.25% (ep1) test= 56.25%
  S15 1500ms fold1/5: best_val= 56.25% (ep1) test= 37.50%
  S15 1500ms fold2/5: best_val= 56.25% (ep3) test= 50.00%
  S15 1500ms fold3/5: best_val= 68.75% (ep1) test= 56.25%
  S15 1500ms fold4/5: best_val= 68.75% (ep10) test= 37.50%
  S15 1500ms fold5/5: best_val= 50.00% (ep2) test= 62.50%
  S15 3000ms fold1/5: best_val= 50.00% (ep2) test= 37.50%
  S15 3000ms fold2/5: best_val= 50.00% (ep3) test= 43.75%
  S15 3000ms fold3/5: best_val= 68.75% (ep1) test= 43.75%
  S15 3000ms fold4/5: best_val= 62.50% (ep3) test= 25.00%
  S15 3000ms fold5/5: best_val= 68.75% (ep1) test= 56.25%
  S15 4000ms fold1/5: best_val= 50.00% (ep2) test= 37.50%
  S15 4000ms fold2/5: best_val= 62.50% (ep4) test= 37.50%
  S15 4000ms fold3/5: best_val= 50.00% (ep7) test= 50.00%
  S15 4000ms fold4/5: best_val= 50.00% (ep5) test= 50.00%
  S15 4000ms fold5/5: best_val= 56.25% (ep11) test= 62.50%
S15: 800ms= 47.50%  1500ms= 48.75%  3000ms= 41.25%  4000ms= 47.50%   (69s)
  S16 800ms fold1/5: best_val= 56.25% (ep1) test= 25.00%
  S16 800ms fold2/5: best_val= 50.00% (ep1) test= 56.25%
  S16 800ms fold3/5: best_val= 68.75% (ep13) test= 56.25%
  S16 800ms fold4/5: best_val= 81.25% (ep20) test= 37.50%
  S16 800ms fold5/5: best_val= 62.50% (ep9) test= 68.75%
  S16 1500ms fold1/5: best_val= 62.50% (ep1) test= 62.50%
  S16 1500ms fold2/5: best_val= 50.00% (ep3) test= 62.50%
  S16 1500ms fold3/5: best_val= 75.00% (ep3) test= 56.25%
  S16 1500ms fold4/5: best_val= 81.25% (ep25) test= 56.25%
  S16 1500ms fold5/5: best_val= 62.50% (ep4) test= 68.75%
  S16 3000ms fold1/5: best_val= 68.75% (ep2) test= 62.50%
  S16 3000ms fold2/5: best_val= 56.25% (ep1) test= 56.25%
  S16 3000ms fold3/5: best_val= 75.00% (ep21) test= 68.75%
  S16 3000ms fold4/5: best_val= 62.50% (ep2) test= 50.00%
  S16 3000ms fold5/5: best_val= 75.00% (ep7) test= 75.00%
  S16 4000ms fold1/5: best_val= 56.25% (ep12) test= 62.50%
  S16 4000ms fold2/5: best_val= 68.75% (ep2) test= 56.25%
  S16 4000ms fold3/5: best_val= 81.25% (ep11) test= 68.75%
  S16 4000ms fold4/5: best_val= 75.00% (ep6) test= 37.50%
  S16 4000ms fold5/5: best_val= 68.75% (ep9) test= 75.00%
S16: 800ms= 48.75%  1500ms= 61.25%  3000ms= 62.50%  4000ms= 60.00%   (77s)
  S17 800ms fold1/5: best_val= 56.25% (ep12) test= 37.50%
  S17 800ms fold2/5: best_val= 62.50% (ep4) test= 31.25%
  S17 800ms fold3/5: best_val= 50.00% (ep14) test= 62.50%
  S17 800ms fold4/5: best_val= 50.00% (ep1) test= 37.50%
  S17 800ms fold5/5: best_val= 81.25% (ep9) test= 31.25%
  S17 1500ms fold1/5: best_val= 56.25% (ep1) test= 43.75%
  S17 1500ms fold2/5: best_val= 50.00% (ep15) test= 56.25%
  S17 1500ms fold3/5: best_val= 50.00% (ep1) test= 50.00%
  S17 1500ms fold4/5: best_val= 68.75% (ep27) test= 50.00%
  S17 1500ms fold5/5: best_val= 62.50% (ep2) test= 56.25%
  S17 3000ms fold1/5: best_val= 62.50% (ep13) test= 50.00%
  S17 3000ms fold2/5: best_val= 68.75% (ep6) test= 56.25%
  S17 3000ms fold3/5: best_val= 43.75% (ep1) test= 56.25%
  S17 3000ms fold4/5: best_val= 62.50% (ep2) test= 43.75%
  S17 3000ms fold5/5: best_val= 62.50% (ep14) test= 43.75%
  S17 4000ms fold1/5: best_val= 62.50% (ep12) test= 75.00%
  S17 4000ms fold2/5: best_val= 81.25% (ep25) test= 43.75%
  S17 4000ms fold3/5: best_val= 56.25% (ep5) test= 62.50%
  S17 4000ms fold4/5: best_val= 50.00% (ep1) test= 25.00%
  S17 4000ms fold5/5: best_val= 81.25% (ep2) test= 56.25%
S17: 800ms= 40.00%  1500ms= 51.25%  3000ms= 50.00%  4000ms= 52.50%   (70s)
  S18 800ms fold1/5: best_val= 75.00% (ep14) test= 56.25%
  S18 800ms fold2/5: best_val= 56.25% (ep2) test= 37.50%
  S18 800ms fold3/5: best_val= 56.25% (ep3) test= 37.50%
  S18 800ms fold4/5: best_val= 68.75% (ep2) test= 37.50%
  S18 800ms fold5/5: best_val= 75.00% (ep4) test= 62.50%
  S18 1500ms fold1/5: best_val= 62.50% (ep2) test= 50.00%
  S18 1500ms fold2/5: best_val= 56.25% (ep1) test= 43.75%
  S18 1500ms fold3/5: best_val= 75.00% (ep12) test= 68.75%
  S18 1500ms fold4/5: best_val= 62.50% (ep7) test= 87.50%
  S18 1500ms fold5/5: best_val= 75.00% (ep10) test= 43.75%
  S18 3000ms fold1/5: best_val= 75.00% (ep1) test= 56.25%
  S18 3000ms fold2/5: best_val= 62.50% (ep1) test= 43.75%
  S18 3000ms fold3/5: best_val= 81.25% (ep3) test= 75.00%
  S18 3000ms fold4/5: best_val= 75.00% (ep27) test= 50.00%
  S18 3000ms fold5/5: best_val= 56.25% (ep2) test= 50.00%
  S18 4000ms fold1/5: best_val= 62.50% (ep1) test= 43.75%
  S18 4000ms fold2/5: best_val= 62.50% (ep14) test= 50.00%
  S18 4000ms fold3/5: best_val= 75.00% (ep11) test= 68.75%
  S18 4000ms fold4/5: best_val= 68.75% (ep13) test= 81.25%
  S18 4000ms fold5/5: best_val= 68.75% (ep30) test= 56.25%
S18: 800ms= 46.25%  1500ms= 58.75%  3000ms= 55.00%  4000ms= 60.00%   (70s)

ALL SUBJECTS COMPLETED — WAA/SPS  (1267s)

====================================================================
SAVED WAA/SPS -> /work/11862/rmaahin/ls6/FineMI-enhancements/ConformerEEG/experiments/option_a/results/full/WAA_SPS
gpu=NVIDIA A100-PCIE-40GB | torch=2.8.0+cu128 | seed=42 | model=conformer_a | mode=full
====================================================================
window_ms   800    1500   3000   4000
subject                              
1          54.44  47.78  53.33  57.78
2          53.75  56.25  56.25  50.00
3          56.25  67.50  57.50  63.75
4          52.50  51.25  71.25  73.75
5          57.50  61.25  55.00  52.50
6          52.50  58.75  60.00  46.25
7          55.00  48.75  53.75  50.00
8          42.50  41.25  50.00  52.50
9          56.25  55.00  52.50  53.75
10         58.75  70.00  61.25  62.50
11         47.50  57.50  48.75  56.25
12         51.25  57.50  57.50  51.25
13         57.50  57.50  70.00  66.25
14         72.50  58.75  52.50  55.00
15         47.50  48.75  41.25  47.50
16         48.75  61.25  62.50  60.00
17         40.00  51.25  50.00  52.50
18         46.25  58.75  55.00  60.00

mean: {800: 52.82, 1500: 56.06, 3000: 56.02, 4000: 56.2}
sd  : {800: 7.23, 1500: 7.07, 3000: 7.27, 4000: 7.12}

Pairs saved so far in /work/11862/rmaahin/ls6/FineMI-enhancements/ConformerEEG/experiments/option_a/results/full: 16/28

##### pair_idx=16 (WAA_SAA) #####

Using device: cuda | gpu=NVIDIA A100-PCIE-40GB | torch=2.8.0+cu128
NOTE: determinism holds per-GPU-model. Record this GPU name.

PAIR: WAA/SAA  (classes 2 vs 6)  model=conformer_a  mode=full
Test time windows: [800, 1500, 3000, 4000] ms
Test time windows (samples): [200, 375, 750, 1000]

BINARY CLASSIFICATION: Class 2 vs Class 6  (WAA/SAA)
  Class 0 (original 2): 725 trials
  Class 1 (original 6): 725 trials

Extracted time windows:
  800ms (200 samples): shape (1450, 62, 200)
  1500ms (375 samples): shape (1450, 62, 375)
  3000ms (750 samples): shape (1450, 62, 750)
  4000ms (1000 samples): shape (1450, 62, 1000)

Model configuration:
  Model: conformer_a
  Channels: 62
  Subjects: [1, 2, 3, 4, 5, 6, 7, 8, 9, 10, 11, 12, 13, 14, 15, 16, 17, 18]
  Time windows: [800, 1500, 3000, 4000] ms
  Classes: 2 (Binary: Class 2 vs Class 6)
  Folds: 5
  Batch size: 32
  Epochs per subject per time window: 50
  S1 800ms fold1/5: best_val= 83.33% (ep19) test= 61.11%
  S1 800ms fold2/5: best_val= 61.11% (ep24) test= 72.22%
  S1 800ms fold3/5: best_val= 66.67% (ep1) test= 66.67%
  S1 800ms fold4/5: best_val= 77.78% (ep3) test= 44.44%
  S1 800ms fold5/5: best_val= 61.11% (ep1) test= 44.44%
  S1 1500ms fold1/5: best_val= 77.78% (ep45) test= 55.56%
  S1 1500ms fold2/5: best_val= 66.67% (ep22) test= 72.22%
  S1 1500ms fold3/5: best_val= 61.11% (ep28) test= 44.44%
  S1 1500ms fold4/5: best_val= 61.11% (ep1) test= 44.44%
  S1 1500ms fold5/5: best_val= 61.11% (ep30) test= 44.44%
  S1 3000ms fold1/5: best_val= 88.89% (ep27) test= 55.56%
  S1 3000ms fold2/5: best_val= 72.22% (ep29) test= 72.22%
  S1 3000ms fold3/5: best_val= 83.33% (ep10) test= 61.11%
  S1 3000ms fold4/5: best_val= 72.22% (ep7) test= 66.67%
  S1 3000ms fold5/5: best_val= 66.67% (ep11) test= 61.11%
  S1 4000ms fold1/5: best_val= 77.78% (ep26) test= 66.67%
  S1 4000ms fold2/5: best_val= 66.67% (ep16) test= 77.78%
  S1 4000ms fold3/5: best_val= 83.33% (ep8) test= 44.44%
  S1 4000ms fold4/5: best_val= 77.78% (ep23) test= 50.00%
  S1 4000ms fold5/5: best_val= 66.67% (ep5) test= 44.44%
S 1: 800ms= 57.78%  1500ms= 52.22%  3000ms= 63.33%  4000ms= 56.67%   (85s)
  S2 800ms fold1/5: best_val= 68.75% (ep15) test= 56.25%
  S2 800ms fold2/5: best_val= 62.50% (ep9) test= 56.25%
  S2 800ms fold3/5: best_val= 62.50% (ep1) test= 43.75%
  S2 800ms fold4/5: best_val= 62.50% (ep7) test= 50.00%
  S2 800ms fold5/5: best_val= 62.50% (ep6) test= 43.75%
  S2 1500ms fold1/5: best_val= 68.75% (ep1) test= 43.75%
  S2 1500ms fold2/5: best_val= 50.00% (ep1) test= 43.75%
  S2 1500ms fold3/5: best_val= 62.50% (ep15) test= 43.75%
  S2 1500ms fold4/5: best_val= 62.50% (ep13) test= 37.50%
  S2 1500ms fold5/5: best_val= 68.75% (ep6) test= 56.25%
  S2 3000ms fold1/5: best_val= 62.50% (ep11) test= 43.75%
  S2 3000ms fold2/5: best_val= 62.50% (ep20) test= 56.25%
  S2 3000ms fold3/5: best_val= 62.50% (ep17) test= 50.00%
  S2 3000ms fold4/5: best_val= 75.00% (ep14) test= 50.00%
  S2 3000ms fold5/5: best_val= 62.50% (ep8) test= 50.00%
  S2 4000ms fold1/5: best_val= 50.00% (ep5) test= 43.75%
  S2 4000ms fold2/5: best_val= 56.25% (ep1) test= 50.00%
  S2 4000ms fold3/5: best_val= 56.25% (ep1) test= 43.75%
  S2 4000ms fold4/5: best_val= 75.00% (ep22) test= 37.50%
  S2 4000ms fold5/5: best_val= 62.50% (ep4) test= 37.50%
S 2: 800ms= 50.00%  1500ms= 45.00%  3000ms= 50.00%  4000ms= 42.50%   (71s)
  S3 800ms fold1/5: best_val= 62.50% (ep17) test= 50.00%
  S3 800ms fold2/5: best_val= 75.00% (ep43) test= 62.50%
  S3 800ms fold3/5: best_val= 56.25% (ep11) test= 50.00%
  S3 800ms fold4/5: best_val= 68.75% (ep19) test= 87.50%
  S3 800ms fold5/5: best_val= 87.50% (ep16) test= 62.50%
  S3 1500ms fold1/5: best_val= 75.00% (ep10) test= 62.50%
  S3 1500ms fold2/5: best_val= 68.75% (ep10) test= 62.50%
  S3 1500ms fold3/5: best_val=100.00% (ep8) test= 68.75%
  S3 1500ms fold4/5: best_val= 68.75% (ep1) test= 56.25%
  S3 1500ms fold5/5: best_val= 87.50% (ep14) test= 68.75%
  S3 3000ms fold1/5: best_val= 87.50% (ep14) test= 62.50%
  S3 3000ms fold2/5: best_val= 87.50% (ep20) test= 87.50%
  S3 3000ms fold3/5: best_val= 93.75% (ep4) test= 75.00%
  S3 3000ms fold4/5: best_val= 87.50% (ep25) test=100.00%
  S3 3000ms fold5/5: best_val= 93.75% (ep11) test= 68.75%
  S3 4000ms fold1/5: best_val= 93.75% (ep20) test= 62.50%
  S3 4000ms fold2/5: best_val= 87.50% (ep17) test= 81.25%
  S3 4000ms fold3/5: best_val=100.00% (ep8) test= 87.50%
  S3 4000ms fold4/5: best_val= 87.50% (ep14) test= 93.75%
  S3 4000ms fold5/5: best_val= 81.25% (ep12) test= 68.75%
S 3: 800ms= 62.50%  1500ms= 63.75%  3000ms= 78.75%  4000ms= 78.75%   (71s)
  S4 800ms fold1/5: best_val= 81.25% (ep10) test= 81.25%
  S4 800ms fold2/5: best_val= 56.25% (ep14) test= 56.25%
  S4 800ms fold3/5: best_val= 68.75% (ep1) test= 50.00%
  S4 800ms fold4/5: best_val= 81.25% (ep15) test= 87.50%
  S4 800ms fold5/5: best_val= 62.50% (ep6) test= 43.75%
  S4 1500ms fold1/5: best_val= 81.25% (ep6) test= 56.25%
  S4 1500ms fold2/5: best_val= 68.75% (ep1) test= 62.50%
  S4 1500ms fold3/5: best_val= 68.75% (ep2) test= 68.75%
  S4 1500ms fold4/5: best_val= 75.00% (ep7) test= 75.00%
  S4 1500ms fold5/5: best_val= 81.25% (ep3) test= 62.50%
  S4 3000ms fold1/5: best_val= 87.50% (ep3) test= 68.75%
  S4 3000ms fold2/5: best_val= 75.00% (ep8) test= 81.25%
  S4 3000ms fold3/5: best_val= 81.25% (ep7) test= 81.25%
  S4 3000ms fold4/5: best_val= 87.50% (ep4) test= 81.25%
  S4 3000ms fold5/5: best_val= 87.50% (ep6) test= 62.50%
  S4 4000ms fold1/5: best_val= 87.50% (ep1) test= 50.00%
  S4 4000ms fold2/5: best_val= 68.75% (ep2) test= 62.50%
  S4 4000ms fold3/5: best_val= 81.25% (ep8) test= 81.25%
  S4 4000ms fold4/5: best_val= 81.25% (ep7) test= 87.50%
  S4 4000ms fold5/5: best_val= 87.50% (ep10) test= 87.50%
S 4: 800ms= 63.75%  1500ms= 65.00%  3000ms= 75.00%  4000ms= 73.75%   (71s)
  S5 800ms fold1/5: best_val= 75.00% (ep18) test= 56.25%
  S5 800ms fold2/5: best_val= 81.25% (ep4) test= 81.25%
  S5 800ms fold3/5: best_val= 87.50% (ep26) test= 50.00%
  S5 800ms fold4/5: best_val= 81.25% (ep24) test= 50.00%
  S5 800ms fold5/5: best_val= 68.75% (ep2) test= 68.75%
  S5 1500ms fold1/5: best_val= 62.50% (ep8) test= 43.75%
  S5 1500ms fold2/5: best_val= 56.25% (ep3) test= 50.00%
  S5 1500ms fold3/5: best_val= 75.00% (ep9) test= 43.75%
  S5 1500ms fold4/5: best_val= 68.75% (ep1) test= 31.25%
  S5 1500ms fold5/5: best_val= 56.25% (ep2) test= 37.50%
  S5 3000ms fold1/5: best_val= 68.75% (ep3) test= 43.75%
  S5 3000ms fold2/5: best_val= 68.75% (ep4) test= 75.00%
  S5 3000ms fold3/5: best_val= 62.50% (ep2) test= 68.75%
  S5 3000ms fold4/5: best_val= 75.00% (ep1) test= 37.50%
  S5 3000ms fold5/5: best_val= 68.75% (ep27) test= 56.25%
  S5 4000ms fold1/5: best_val= 68.75% (ep5) test= 43.75%
  S5 4000ms fold2/5: best_val= 56.25% (ep3) test= 81.25%
  S5 4000ms fold3/5: best_val= 56.25% (ep4) test= 43.75%
  S5 4000ms fold4/5: best_val= 75.00% (ep16) test= 43.75%
  S5 4000ms fold5/5: best_val= 56.25% (ep1) test= 50.00%
S 5: 800ms= 61.25%  1500ms= 41.25%  3000ms= 56.25%  4000ms= 52.50%   (71s)
  S6 800ms fold1/5: best_val= 81.25% (ep9) test= 62.50%
  S6 800ms fold2/5: best_val= 81.25% (ep26) test= 62.50%
  S6 800ms fold3/5: best_val= 75.00% (ep2) test= 62.50%
  S6 800ms fold4/5: best_val= 81.25% (ep19) test= 62.50%
  S6 800ms fold5/5: best_val= 62.50% (ep1) test= 62.50%
  S6 1500ms fold1/5: best_val= 81.25% (ep13) test= 62.50%
  S6 1500ms fold2/5: best_val= 81.25% (ep10) test= 62.50%
  S6 1500ms fold3/5: best_val= 75.00% (ep4) test= 62.50%
  S6 1500ms fold4/5: best_val= 81.25% (ep13) test= 68.75%
  S6 1500ms fold5/5: best_val= 75.00% (ep3) test= 37.50%
  S6 3000ms fold1/5: best_val= 75.00% (ep21) test= 68.75%
  S6 3000ms fold2/5: best_val= 93.75% (ep12) test= 50.00%
  S6 3000ms fold3/5: best_val= 68.75% (ep2) test= 75.00%
  S6 3000ms fold4/5: best_val= 81.25% (ep8) test= 62.50%
  S6 3000ms fold5/5: best_val= 68.75% (ep17) test= 56.25%
  S6 4000ms fold1/5: best_val= 75.00% (ep5) test= 43.75%
  S6 4000ms fold2/5: best_val= 81.25% (ep7) test= 62.50%
  S6 4000ms fold3/5: best_val= 68.75% (ep15) test= 68.75%
  S6 4000ms fold4/5: best_val=100.00% (ep19) test= 56.25%
  S6 4000ms fold5/5: best_val= 62.50% (ep8) test= 50.00%
S 6: 800ms= 62.50%  1500ms= 58.75%  3000ms= 62.50%  4000ms= 56.25%   (71s)
  S7 800ms fold1/5: best_val= 81.25% (ep18) test= 68.75%
  S7 800ms fold2/5: best_val= 75.00% (ep7) test= 81.25%
  S7 800ms fold3/5: best_val= 68.75% (ep1) test= 43.75%
  S7 800ms fold4/5: best_val= 75.00% (ep2) test= 56.25%
  S7 800ms fold5/5: best_val= 75.00% (ep10) test= 62.50%
  S7 1500ms fold1/5: best_val= 81.25% (ep26) test= 75.00%
  S7 1500ms fold2/5: best_val= 81.25% (ep4) test= 75.00%
  S7 1500ms fold3/5: best_val= 68.75% (ep1) test= 62.50%
  S7 1500ms fold4/5: best_val= 68.75% (ep8) test= 81.25%
  S7 1500ms fold5/5: best_val= 75.00% (ep14) test= 68.75%
  S7 3000ms fold1/5: best_val= 75.00% (ep9) test= 75.00%
  S7 3000ms fold2/5: best_val= 75.00% (ep10) test= 81.25%
  S7 3000ms fold3/5: best_val= 75.00% (ep33) test= 81.25%
  S7 3000ms fold4/5: best_val= 81.25% (ep7) test= 68.75%
  S7 3000ms fold5/5: best_val= 87.50% (ep1) test= 62.50%
  S7 4000ms fold1/5: best_val= 75.00% (ep4) test= 68.75%
  S7 4000ms fold2/5: best_val= 75.00% (ep5) test= 68.75%
  S7 4000ms fold3/5: best_val= 75.00% (ep12) test= 62.50%
  S7 4000ms fold4/5: best_val= 75.00% (ep10) test= 68.75%
  S7 4000ms fold5/5: best_val= 75.00% (ep30) test= 62.50%
S 7: 800ms= 62.50%  1500ms= 72.50%  3000ms= 73.75%  4000ms= 66.25%   (71s)
  S8 800ms fold1/5: best_val= 75.00% (ep39) test= 56.25%
  S8 800ms fold2/5: best_val= 75.00% (ep19) test= 18.75%
  S8 800ms fold3/5: best_val= 56.25% (ep1) test= 50.00%
  S8 800ms fold4/5: best_val= 50.00% (ep2) test= 56.25%
  S8 800ms fold5/5: best_val= 50.00% (ep1) test= 43.75%
  S8 1500ms fold1/5: best_val= 62.50% (ep1) test= 56.25%
  S8 1500ms fold2/5: best_val= 68.75% (ep3) test= 31.25%
  S8 1500ms fold3/5: best_val= 43.75% (ep3) test= 43.75%
  S8 1500ms fold4/5: best_val= 43.75% (ep2) test= 56.25%
  S8 1500ms fold5/5: best_val= 56.25% (ep1) test= 56.25%
  S8 3000ms fold1/5: best_val= 62.50% (ep4) test= 56.25%
  S8 3000ms fold2/5: best_val= 62.50% (ep5) test= 43.75%
  S8 3000ms fold3/5: best_val= 62.50% (ep1) test= 50.00%
  S8 3000ms fold4/5: best_val= 50.00% (ep2) test= 37.50%
  S8 3000ms fold5/5: best_val= 62.50% (ep11) test= 81.25%
  S8 4000ms fold1/5: best_val= 68.75% (ep27) test= 56.25%
  S8 4000ms fold2/5: best_val= 62.50% (ep3) test= 31.25%
  S8 4000ms fold3/5: best_val= 62.50% (ep21) test= 56.25%
  S8 4000ms fold4/5: best_val= 50.00% (ep1) test= 50.00%
  S8 4000ms fold5/5: best_val= 68.75% (ep16) test= 50.00%
S 8: 800ms= 45.00%  1500ms= 48.75%  3000ms= 53.75%  4000ms= 48.75%   (71s)
  S9 800ms fold1/5: best_val= 62.50% (ep3) test= 50.00%
  S9 800ms fold2/5: best_val= 62.50% (ep10) test= 75.00%
  S9 800ms fold3/5: best_val= 56.25% (ep3) test= 56.25%
  S9 800ms fold4/5: best_val= 62.50% (ep8) test= 43.75%
  S9 800ms fold5/5: best_val= 56.25% (ep2) test= 62.50%
  S9 1500ms fold1/5: best_val= 68.75% (ep10) test= 25.00%
  S9 1500ms fold2/5: best_val= 62.50% (ep1) test= 62.50%
  S9 1500ms fold3/5: best_val= 62.50% (ep3) test= 37.50%
  S9 1500ms fold4/5: best_val= 50.00% (ep6) test= 68.75%
  S9 1500ms fold5/5: best_val= 50.00% (ep1) test= 56.25%
  S9 3000ms fold1/5: best_val= 56.25% (ep10) test= 56.25%
  S9 3000ms fold2/5: best_val= 62.50% (ep11) test= 68.75%
  S9 3000ms fold3/5: best_val= 62.50% (ep3) test= 37.50%
  S9 3000ms fold4/5: best_val= 56.25% (ep18) test= 62.50%
  S9 3000ms fold5/5: best_val= 56.25% (ep6) test= 75.00%
  S9 4000ms fold1/5: best_val= 56.25% (ep12) test= 43.75%
  S9 4000ms fold2/5: best_val= 62.50% (ep10) test= 87.50%
  S9 4000ms fold3/5: best_val= 43.75% (ep1) test= 43.75%
  S9 4000ms fold4/5: best_val= 50.00% (ep2) test= 75.00%
  S9 4000ms fold5/5: best_val= 62.50% (ep1) test= 37.50%
S 9: 800ms= 57.50%  1500ms= 50.00%  3000ms= 60.00%  4000ms= 57.50%   (71s)
  S10 800ms fold1/5: best_val= 50.00% (ep5) test= 50.00%
  S10 800ms fold2/5: best_val= 56.25% (ep7) test= 50.00%
  S10 800ms fold3/5: best_val= 68.75% (ep7) test= 50.00%
  S10 800ms fold4/5: best_val= 56.25% (ep11) test= 43.75%
  S10 800ms fold5/5: best_val= 56.25% (ep15) test= 43.75%
  S10 1500ms fold1/5: best_val= 43.75% (ep1) test= 62.50%
  S10 1500ms fold2/5: best_val= 62.50% (ep31) test= 43.75%
  S10 1500ms fold3/5: best_val= 62.50% (ep5) test= 62.50%
  S10 1500ms fold4/5: best_val= 56.25% (ep12) test= 56.25%
  S10 1500ms fold5/5: best_val= 56.25% (ep2) test= 50.00%
  S10 3000ms fold1/5: best_val= 56.25% (ep12) test= 43.75%
  S10 3000ms fold2/5: best_val= 56.25% (ep26) test= 62.50%
  S10 3000ms fold3/5: best_val= 68.75% (ep10) test= 43.75%
  S10 3000ms fold4/5: best_val= 56.25% (ep9) test= 43.75%
  S10 3000ms fold5/5: best_val= 62.50% (ep4) test= 43.75%
  S10 4000ms fold1/5: best_val= 68.75% (ep17) test= 43.75%
  S10 4000ms fold2/5: best_val= 50.00% (ep2) test= 62.50%
  S10 4000ms fold3/5: best_val= 68.75% (ep7) test= 62.50%
  S10 4000ms fold4/5: best_val= 62.50% (ep6) test= 62.50%
  S10 4000ms fold5/5: best_val= 62.50% (ep17) test= 37.50%
S10: 800ms= 47.50%  1500ms= 55.00%  3000ms= 47.50%  4000ms= 53.75%   (71s)
  S11 800ms fold1/5: best_val= 68.75% (ep4) test= 43.75%
  S11 800ms fold2/5: best_val= 62.50% (ep1) test= 50.00%
  S11 800ms fold3/5: best_val= 50.00% (ep3) test= 37.50%
  S11 800ms fold4/5: best_val= 56.25% (ep10) test= 43.75%
  S11 800ms fold5/5: best_val= 68.75% (ep1) test= 68.75%
  S11 1500ms fold1/5: best_val= 50.00% (ep1) test= 68.75%
  S11 1500ms fold2/5: best_val= 62.50% (ep1) test= 56.25%
  S11 1500ms fold3/5: best_val= 75.00% (ep13) test= 43.75%
  S11 1500ms fold4/5: best_val= 75.00% (ep15) test= 62.50%
  S11 1500ms fold5/5: best_val= 62.50% (ep16) test= 50.00%
  S11 3000ms fold1/5: best_val= 75.00% (ep12) test= 68.75%
  S11 3000ms fold2/5: best_val= 68.75% (ep18) test= 56.25%
  S11 3000ms fold3/5: best_val= 75.00% (ep3) test= 43.75%
  S11 3000ms fold4/5: best_val= 75.00% (ep12) test= 50.00%
  S11 3000ms fold5/5: best_val= 68.75% (ep2) test= 50.00%
  S11 4000ms fold1/5: best_val= 68.75% (ep8) test= 56.25%
  S11 4000ms fold2/5: best_val= 75.00% (ep10) test= 43.75%
  S11 4000ms fold3/5: best_val= 68.75% (ep46) test= 62.50%
  S11 4000ms fold4/5: best_val= 50.00% (ep35) test= 50.00%
  S11 4000ms fold5/5: best_val= 62.50% (ep1) test= 56.25%
S11: 800ms= 48.75%  1500ms= 56.25%  3000ms= 53.75%  4000ms= 53.75%   (71s)
  S12 800ms fold1/5: best_val= 68.75% (ep1) test= 62.50%
  S12 800ms fold2/5: best_val= 81.25% (ep28) test= 43.75%
  S12 800ms fold3/5: best_val= 62.50% (ep32) test= 56.25%
  S12 800ms fold4/5: best_val= 62.50% (ep14) test= 81.25%
  S12 800ms fold5/5: best_val= 75.00% (ep7) test= 43.75%
  S12 1500ms fold1/5: best_val= 68.75% (ep3) test= 56.25%
  S12 1500ms fold2/5: best_val= 68.75% (ep8) test= 50.00%
  S12 1500ms fold3/5: best_val= 68.75% (ep8) test= 62.50%
  S12 1500ms fold4/5: best_val= 68.75% (ep2) test= 43.75%
  S12 1500ms fold5/5: best_val= 68.75% (ep15) test= 37.50%
  S12 3000ms fold1/5: best_val= 56.25% (ep12) test= 37.50%
  S12 3000ms fold2/5: best_val= 56.25% (ep11) test= 25.00%
  S12 3000ms fold3/5: best_val= 62.50% (ep32) test= 43.75%
  S12 3000ms fold4/5: best_val= 56.25% (ep8) test= 25.00%
  S12 3000ms fold5/5: best_val= 68.75% (ep7) test= 50.00%
  S12 4000ms fold1/5: best_val= 62.50% (ep11) test= 37.50%
  S12 4000ms fold2/5: best_val= 62.50% (ep2) test= 56.25%
  S12 4000ms fold3/5: best_val= 75.00% (ep43) test= 37.50%
  S12 4000ms fold4/5: best_val= 62.50% (ep10) test= 25.00%
  S12 4000ms fold5/5: best_val= 87.50% (ep8) test= 43.75%
S12: 800ms= 57.50%  1500ms= 50.00%  3000ms= 36.25%  4000ms= 40.00%   (71s)
  S13 800ms fold1/5: best_val= 62.50% (ep18) test= 56.25%
  S13 800ms fold2/5: best_val= 81.25% (ep6) test= 56.25%
  S13 800ms fold3/5: best_val= 87.50% (ep9) test= 68.75%
  S13 800ms fold4/5: best_val= 68.75% (ep10) test= 62.50%
  S13 800ms fold5/5: best_val= 87.50% (ep15) test= 56.25%
  S13 1500ms fold1/5: best_val= 75.00% (ep1) test= 37.50%
  S13 1500ms fold2/5: best_val= 75.00% (ep3) test= 68.75%
  S13 1500ms fold3/5: best_val= 81.25% (ep17) test= 68.75%
  S13 1500ms fold4/5: best_val= 68.75% (ep34) test= 68.75%
  S13 1500ms fold5/5: best_val= 81.25% (ep8) test= 31.25%
  S13 3000ms fold1/5: best_val= 62.50% (ep2) test= 50.00%
  S13 3000ms fold2/5: best_val= 62.50% (ep1) test= 68.75%
  S13 3000ms fold3/5: best_val= 68.75% (ep1) test= 62.50%
  S13 3000ms fold4/5: best_val= 56.25% (ep3) test= 68.75%
  S13 3000ms fold5/5: best_val= 75.00% (ep2) test= 50.00%
  S13 4000ms fold1/5: best_val= 68.75% (ep9) test= 37.50%
  S13 4000ms fold2/5: best_val= 81.25% (ep7) test= 56.25%
  S13 4000ms fold3/5: best_val= 75.00% (ep15) test= 62.50%
  S13 4000ms fold4/5: best_val= 62.50% (ep20) test= 81.25%
  S13 4000ms fold5/5: best_val= 62.50% (ep4) test= 37.50%
S13: 800ms= 60.00%  1500ms= 55.00%  3000ms= 60.00%  4000ms= 55.00%   (71s)
  S14 800ms fold1/5: best_val= 93.75% (ep8) test= 68.75%
  S14 800ms fold2/5: best_val= 81.25% (ep15) test= 68.75%
  S14 800ms fold3/5: best_val= 93.75% (ep43) test= 75.00%
  S14 800ms fold4/5: best_val= 87.50% (ep22) test= 75.00%
  S14 800ms fold5/5: best_val= 75.00% (ep13) test= 68.75%
  S14 1500ms fold1/5: best_val= 62.50% (ep22) test= 31.25%
  S14 1500ms fold2/5: best_val= 56.25% (ep14) test= 62.50%
  S14 1500ms fold3/5: best_val= 87.50% (ep10) test= 56.25%
  S14 1500ms fold4/5: best_val= 75.00% (ep13) test= 56.25%
  S14 1500ms fold5/5: best_val= 62.50% (ep3) test= 50.00%
  S14 3000ms fold1/5: best_val= 75.00% (ep22) test= 37.50%
  S14 3000ms fold2/5: best_val= 43.75% (ep1) test= 62.50%
  S14 3000ms fold3/5: best_val= 62.50% (ep12) test= 25.00%
  S14 3000ms fold4/5: best_val= 75.00% (ep28) test= 68.75%
  S14 3000ms fold5/5: best_val= 56.25% (ep4) test= 31.25%
  S14 4000ms fold1/5: best_val= 56.25% (ep25) test= 37.50%
  S14 4000ms fold2/5: best_val= 56.25% (ep9) test= 50.00%
  S14 4000ms fold3/5: best_val= 75.00% (ep6) test= 56.25%
  S14 4000ms fold4/5: best_val= 62.50% (ep1) test= 37.50%
  S14 4000ms fold5/5: best_val= 81.25% (ep10) test= 43.75%
S14: 800ms= 71.25%  1500ms= 51.25%  3000ms= 45.00%  4000ms= 45.00%   (71s)
  S15 800ms fold1/5: best_val= 68.75% (ep1) test= 37.50%
  S15 800ms fold2/5: best_val= 68.75% (ep1) test= 43.75%
  S15 800ms fold3/5: best_val= 56.25% (ep37) test= 62.50%
  S15 800ms fold4/5: best_val= 62.50% (ep10) test= 37.50%
  S15 800ms fold5/5: best_val= 68.75% (ep14) test= 37.50%
  S15 1500ms fold1/5: best_val= 56.25% (ep4) test= 50.00%
  S15 1500ms fold2/5: best_val= 62.50% (ep4) test= 56.25%
  S15 1500ms fold3/5: best_val= 62.50% (ep1) test= 31.25%
  S15 1500ms fold4/5: best_val= 56.25% (ep9) test= 37.50%
  S15 1500ms fold5/5: best_val= 56.25% (ep1) test= 56.25%
  S15 3000ms fold1/5: best_val= 31.25% (ep2) test= 37.50%
  S15 3000ms fold2/5: best_val= 68.75% (ep10) test= 37.50%
  S15 3000ms fold3/5: best_val= 81.25% (ep2) test= 56.25%
  S15 3000ms fold4/5: best_val= 56.25% (ep1) test= 37.50%
  S15 3000ms fold5/5: best_val= 68.75% (ep35) test= 50.00%
  S15 4000ms fold1/5: best_val= 37.50% (ep5) test= 56.25%
  S15 4000ms fold2/5: best_val= 56.25% (ep1) test= 62.50%
  S15 4000ms fold3/5: best_val= 50.00% (ep1) test= 50.00%
  S15 4000ms fold4/5: best_val= 62.50% (ep12) test= 18.75%
  S15 4000ms fold5/5: best_val= 68.75% (ep24) test= 50.00%
S15: 800ms= 43.75%  1500ms= 46.25%  3000ms= 43.75%  4000ms= 47.50%   (71s)
  S16 800ms fold1/5: best_val= 62.50% (ep10) test= 56.25%
  S16 800ms fold2/5: best_val= 50.00% (ep1) test= 50.00%
  S16 800ms fold3/5: best_val= 50.00% (ep3) test= 50.00%
  S16 800ms fold4/5: best_val= 62.50% (ep25) test= 43.75%
  S16 800ms fold5/5: best_val= 62.50% (ep2) test= 56.25%
  S16 1500ms fold1/5: best_val= 50.00% (ep1) test= 50.00%
  S16 1500ms fold2/5: best_val= 62.50% (ep2) test= 56.25%
  S16 1500ms fold3/5: best_val= 56.25% (ep1) test= 56.25%
  S16 1500ms fold4/5: best_val= 68.75% (ep1) test= 37.50%
  S16 1500ms fold5/5: best_val= 81.25% (ep8) test= 43.75%
  S16 3000ms fold1/5: best_val= 75.00% (ep13) test= 62.50%
  S16 3000ms fold2/5: best_val= 62.50% (ep21) test= 43.75%
  S16 3000ms fold3/5: best_val= 56.25% (ep36) test= 56.25%
  S16 3000ms fold4/5: best_val= 87.50% (ep18) test= 43.75%
  S16 3000ms fold5/5: best_val= 87.50% (ep5) test= 37.50%
  S16 4000ms fold1/5: best_val= 75.00% (ep5) test= 81.25%
  S16 4000ms fold2/5: best_val= 62.50% (ep13) test= 43.75%
  S16 4000ms fold3/5: best_val= 68.75% (ep21) test= 68.75%
  S16 4000ms fold4/5: best_val= 87.50% (ep28) test= 62.50%
  S16 4000ms fold5/5: best_val= 62.50% (ep18) test= 43.75%
S16: 800ms= 51.25%  1500ms= 48.75%  3000ms= 48.75%  4000ms= 60.00%   (71s)
  S17 800ms fold1/5: best_val= 68.75% (ep1) test= 56.25%
  S17 800ms fold2/5: best_val= 62.50% (ep1) test= 68.75%
  S17 800ms fold3/5: best_val= 50.00% (ep1) test= 68.75%
  S17 800ms fold4/5: best_val= 62.50% (ep1) test= 56.25%
  S17 800ms fold5/5: best_val= 50.00% (ep5) test= 50.00%
  S17 1500ms fold1/5: best_val= 62.50% (ep9) test= 56.25%
  S17 1500ms fold2/5: best_val= 56.25% (ep9) test= 50.00%
  S17 1500ms fold3/5: best_val= 37.50% (ep1) test= 56.25%
  S17 1500ms fold4/5: best_val= 68.75% (ep23) test= 68.75%
  S17 1500ms fold5/5: best_val= 43.75% (ep7) test= 68.75%
  S17 3000ms fold1/5: best_val= 62.50% (ep3) test= 43.75%
  S17 3000ms fold2/5: best_val= 75.00% (ep1) test= 37.50%
  S17 3000ms fold3/5: best_val= 56.25% (ep1) test= 50.00%
  S17 3000ms fold4/5: best_val= 62.50% (ep19) test= 56.25%
  S17 3000ms fold5/5: best_val= 62.50% (ep3) test= 50.00%
  S17 4000ms fold1/5: best_val= 56.25% (ep17) test= 43.75%
  S17 4000ms fold2/5: best_val= 56.25% (ep2) test= 43.75%
  S17 4000ms fold3/5: best_val= 56.25% (ep5) test= 68.75%
  S17 4000ms fold4/5: best_val= 56.25% (ep1) test= 50.00%
  S17 4000ms fold5/5: best_val= 62.50% (ep22) test= 56.25%
S17: 800ms= 60.00%  1500ms= 60.00%  3000ms= 47.50%  4000ms= 52.50%   (69s)
  S18 800ms fold1/5: best_val= 93.75% (ep12) test= 68.75%
  S18 800ms fold2/5: best_val= 87.50% (ep9) test= 68.75%
  S18 800ms fold3/5: best_val= 75.00% (ep13) test= 75.00%
  S18 800ms fold4/5: best_val= 87.50% (ep28) test= 68.75%
  S18 800ms fold5/5: best_val= 62.50% (ep9) test= 75.00%
  S18 1500ms fold1/5: best_val= 81.25% (ep9) test= 56.25%
  S18 1500ms fold2/5: best_val= 62.50% (ep4) test= 62.50%
  S18 1500ms fold3/5: best_val= 75.00% (ep15) test= 68.75%
  S18 1500ms fold4/5: best_val= 93.75% (ep23) test= 62.50%
  S18 1500ms fold5/5: best_val= 87.50% (ep21) test= 75.00%
  S18 3000ms fold1/5: best_val= 81.25% (ep7) test= 62.50%
  S18 3000ms fold2/5: best_val= 62.50% (ep27) test= 56.25%
  S18 3000ms fold3/5: best_val= 75.00% (ep17) test= 56.25%
  S18 3000ms fold4/5: best_val= 81.25% (ep26) test= 56.25%
  S18 3000ms fold5/5: best_val= 56.25% (ep1) test= 62.50%
  S18 4000ms fold1/5: best_val= 87.50% (ep8) test= 50.00%
  S18 4000ms fold2/5: best_val= 68.75% (ep26) test= 62.50%
  S18 4000ms fold3/5: best_val= 75.00% (ep15) test= 56.25%
  S18 4000ms fold4/5: best_val= 81.25% (ep12) test= 62.50%
  S18 4000ms fold5/5: best_val= 56.25% (ep1) test= 50.00%
S18: 800ms= 71.25%  1500ms= 65.00%  3000ms= 58.75%  4000ms= 56.25%   (69s)

ALL SUBJECTS COMPLETED — WAA/SAA  (1290s)

====================================================================
SAVED WAA/SAA -> /work/11862/rmaahin/ls6/FineMI-enhancements/ConformerEEG/experiments/option_a/results/full/WAA_SAA
gpu=NVIDIA A100-PCIE-40GB | torch=2.8.0+cu128 | seed=42 | model=conformer_a | mode=full
====================================================================
window_ms   800    1500   3000   4000
subject                              
1          57.78  52.22  63.33  56.67
2          50.00  45.00  50.00  42.50
3          62.50  63.75  78.75  78.75
4          63.75  65.00  75.00  73.75
5          61.25  41.25  56.25  52.50
6          62.50  58.75  62.50  56.25
7          62.50  72.50  73.75  66.25
8          45.00  48.75  53.75  48.75
9          57.50  50.00  60.00  57.50
10         47.50  55.00  47.50  53.75
11         48.75  56.25  53.75  53.75
12         57.50  50.00  36.25  40.00
13         60.00  55.00  60.00  55.00
14         71.25  51.25  45.00  45.00
15         43.75  46.25  43.75  47.50
16         51.25  48.75  48.75  60.00
17         60.00  60.00  47.50  52.50
18         71.25  65.00  58.75  56.25

mean: {800: 57.45, 1500: 54.71, 3000: 56.37, 4000: 55.37}
sd  : {800: 8.17, 1500: 8.18, 3000: 11.46, 4000: 9.91}

Pairs saved so far in /work/11862/rmaahin/ls6/FineMI-enhancements/ConformerEEG/experiments/option_a/results/full: 19/28

##### pair_idx=17 (WAA_SFE) #####

Using device: cuda | gpu=NVIDIA A100-PCIE-40GB | torch=2.8.0+cu128
NOTE: determinism holds per-GPU-model. Record this GPU name.

PAIR: WAA/SFE  (classes 2 vs 7)  model=conformer_a  mode=full
Test time windows: [800, 1500, 3000, 4000] ms
Test time windows (samples): [200, 375, 750, 1000]

BINARY CLASSIFICATION: Class 2 vs Class 7  (WAA/SFE)
  Class 0 (original 2): 725 trials
  Class 1 (original 7): 726 trials

Extracted time windows:
  800ms (200 samples): shape (1451, 62, 200)
  1500ms (375 samples): shape (1451, 62, 375)
  3000ms (750 samples): shape (1451, 62, 750)
  4000ms (1000 samples): shape (1451, 62, 1000)

Model configuration:
  Model: conformer_a
  Channels: 62
  Subjects: [1, 2, 3, 4, 5, 6, 7, 8, 9, 10, 11, 12, 13, 14, 15, 16, 17, 18]
  Time windows: [800, 1500, 3000, 4000] ms
  Classes: 2 (Binary: Class 2 vs Class 7)
  Folds: 5
  Batch size: 32
  Epochs per subject per time window: 50
  S1 800ms fold1/5: best_val= 72.22% (ep11) test= 55.56%
  S1 800ms fold2/5: best_val= 72.22% (ep22) test= 55.56%
  S1 800ms fold3/5: best_val= 61.11% (ep1) test= 61.11%
  S1 800ms fold4/5: best_val= 72.22% (ep3) test= 44.44%
  S1 800ms fold5/5: best_val= 61.11% (ep4) test= 55.56%
  S1 1500ms fold1/5: best_val= 77.78% (ep15) test= 50.00%
  S1 1500ms fold2/5: best_val= 72.22% (ep21) test= 61.11%
  S1 1500ms fold3/5: best_val= 77.78% (ep14) test= 55.56%
  S1 1500ms fold4/5: best_val= 72.22% (ep1) test= 50.00%
  S1 1500ms fold5/5: best_val= 61.11% (ep33) test= 72.22%
  S1 3000ms fold1/5: best_val= 61.11% (ep1) test= 55.56%
  S1 3000ms fold2/5: best_val= 72.22% (ep6) test= 38.89%
  S1 3000ms fold3/5: best_val= 77.78% (ep5) test= 61.11%
  S1 3000ms fold4/5: best_val= 66.67% (ep5) test= 44.44%
  S1 3000ms fold5/5: best_val= 66.67% (ep15) test= 72.22%
  S1 4000ms fold1/5: best_val= 66.67% (ep7) test= 44.44%
  S1 4000ms fold2/5: best_val= 72.22% (ep3) test= 38.89%
  S1 4000ms fold3/5: best_val= 88.89% (ep27) test= 44.44%
  S1 4000ms fold4/5: best_val= 72.22% (ep2) test= 44.44%
  S1 4000ms fold5/5: best_val= 61.11% (ep13) test= 55.56%
S 1: 800ms= 54.44%  1500ms= 57.78%  3000ms= 54.44%  4000ms= 45.56%   (82s)
  S2 800ms fold1/5: best_val= 62.50% (ep11) test= 37.50%
  S2 800ms fold2/5: best_val= 75.00% (ep3) test= 50.00%
  S2 800ms fold3/5: best_val= 56.25% (ep1) test= 56.25%
  S2 800ms fold4/5: best_val= 75.00% (ep22) test= 50.00%
  S2 800ms fold5/5: best_val= 62.50% (ep7) test= 50.00%
  S2 1500ms fold1/5: best_val= 56.25% (ep6) test= 37.50%
  S2 1500ms fold2/5: best_val= 62.50% (ep1) test= 43.75%
  S2 1500ms fold3/5: best_val= 50.00% (ep10) test= 56.25%
  S2 1500ms fold4/5: best_val= 62.50% (ep34) test= 56.25%
  S2 1500ms fold5/5: best_val= 62.50% (ep5) test= 50.00%
  S2 3000ms fold1/5: best_val= 56.25% (ep5) test= 25.00%
  S2 3000ms fold2/5: best_val= 68.75% (ep2) test= 62.50%
  S2 3000ms fold3/5: best_val= 62.50% (ep3) test= 50.00%
  S2 3000ms fold4/5: best_val= 68.75% (ep27) test= 43.75%
  S2 3000ms fold5/5: best_val= 68.75% (ep1) test= 50.00%
  S2 4000ms fold1/5: best_val= 56.25% (ep1) test= 56.25%
  S2 4000ms fold2/5: best_val= 68.75% (ep4) test= 56.25%
  S2 4000ms fold3/5: best_val= 56.25% (ep13) test= 43.75%
  S2 4000ms fold4/5: best_val= 62.50% (ep4) test= 56.25%
  S2 4000ms fold5/5: best_val= 37.50% (ep1) test= 43.75%
S 2: 800ms= 48.75%  1500ms= 48.75%  3000ms= 46.25%  4000ms= 51.25%   (69s)
  S3 800ms fold1/5: best_val= 50.00% (ep1) test= 68.75%
  S3 800ms fold2/5: best_val= 75.00% (ep14) test= 50.00%
  S3 800ms fold3/5: best_val= 56.25% (ep2) test= 68.75%
  S3 800ms fold4/5: best_val= 75.00% (ep13) test= 50.00%
  S3 800ms fold5/5: best_val= 56.25% (ep13) test= 81.25%
  S3 1500ms fold1/5: best_val= 68.75% (ep1) test= 56.25%
  S3 1500ms fold2/5: best_val= 93.75% (ep24) test= 43.75%
  S3 1500ms fold3/5: best_val= 75.00% (ep20) test= 50.00%
  S3 1500ms fold4/5: best_val= 56.25% (ep4) test= 75.00%
  S3 1500ms fold5/5: best_val= 56.25% (ep2) test= 56.25%
  S3 3000ms fold1/5: best_val= 62.50% (ep14) test= 50.00%
  S3 3000ms fold2/5: best_val= 93.75% (ep33) test= 56.25%
  S3 3000ms fold3/5: best_val= 81.25% (ep29) test= 50.00%
  S3 3000ms fold4/5: best_val= 62.50% (ep1) test= 50.00%
  S3 3000ms fold5/5: best_val= 62.50% (ep22) test= 75.00%
  S3 4000ms fold1/5: best_val= 75.00% (ep6) test= 75.00%
  S3 4000ms fold2/5: best_val= 93.75% (ep23) test= 56.25%
  S3 4000ms fold3/5: best_val= 81.25% (ep19) test= 62.50%
  S3 4000ms fold4/5: best_val= 62.50% (ep7) test= 81.25%
  S3 4000ms fold5/5: best_val= 68.75% (ep17) test= 81.25%
S 3: 800ms= 63.75%  1500ms= 56.25%  3000ms= 56.25%  4000ms= 71.25%   (69s)
  S4 800ms fold1/5: best_val= 93.75% (ep10) test= 81.25%
  S4 800ms fold2/5: best_val= 87.50% (ep13) test= 87.50%
  S4 800ms fold3/5: best_val= 93.75% (ep13) test= 68.75%
  S4 800ms fold4/5: best_val=100.00% (ep22) test= 81.25%
  S4 800ms fold5/5: best_val= 93.75% (ep8) test= 93.75%
  S4 1500ms fold1/5: best_val= 81.25% (ep6) test= 62.50%
  S4 1500ms fold2/5: best_val= 87.50% (ep4) test= 68.75%
  S4 1500ms fold3/5: best_val= 93.75% (ep3) test= 43.75%
  S4 1500ms fold4/5: best_val= 75.00% (ep7) test= 81.25%
  S4 1500ms fold5/5: best_val= 87.50% (ep11) test= 81.25%
  S4 3000ms fold1/5: best_val= 75.00% (ep1) test= 56.25%
  S4 3000ms fold2/5: best_val= 81.25% (ep6) test= 68.75%
  S4 3000ms fold3/5: best_val= 81.25% (ep5) test= 75.00%
  S4 3000ms fold4/5: best_val= 75.00% (ep13) test= 75.00%
  S4 3000ms fold5/5: best_val= 75.00% (ep7) test= 81.25%
  S4 4000ms fold1/5: best_val= 81.25% (ep3) test= 56.25%
  S4 4000ms fold2/5: best_val= 87.50% (ep1) test= 62.50%
  S4 4000ms fold3/5: best_val= 81.25% (ep6) test= 50.00%
  S4 4000ms fold4/5: best_val= 75.00% (ep1) test= 68.75%
  S4 4000ms fold5/5: best_val= 68.75% (ep8) test= 62.50%
S 4: 800ms= 82.50%  1500ms= 67.50%  3000ms= 71.25%  4000ms= 60.00%   (69s)
  S5 800ms fold1/5: best_val= 68.75% (ep13) test= 35.29%
  S5 800ms fold2/5: best_val= 64.71% (ep1) test= 50.00%
  S5 800ms fold3/5: best_val= 76.47% (ep17) test= 56.25%
  S5 800ms fold4/5: best_val= 64.71% (ep2) test= 62.50%
  S5 800ms fold5/5: best_val= 58.82% (ep2) test= 43.75%
  S5 1500ms fold1/5: best_val= 56.25% (ep9) test= 41.18%
  S5 1500ms fold2/5: best_val= 70.59% (ep17) test= 56.25%
  S5 1500ms fold3/5: best_val= 64.71% (ep10) test= 43.75%
  S5 1500ms fold4/5: best_val= 58.82% (ep1) test= 56.25%
  S5 1500ms fold5/5: best_val= 76.47% (ep14) test= 62.50%
  S5 3000ms fold1/5: best_val= 56.25% (ep7) test= 47.06%
  S5 3000ms fold2/5: best_val= 64.71% (ep1) test= 43.75%
  S5 3000ms fold3/5: best_val= 64.71% (ep13) test= 50.00%
  S5 3000ms fold4/5: best_val= 52.94% (ep6) test= 37.50%
  S5 3000ms fold5/5: best_val= 64.71% (ep2) test= 50.00%
  S5 4000ms fold1/5: best_val= 75.00% (ep5) test= 35.29%
  S5 4000ms fold2/5: best_val= 70.59% (ep5) test= 50.00%
  S5 4000ms fold3/5: best_val= 64.71% (ep10) test= 56.25%
  S5 4000ms fold4/5: best_val= 58.82% (ep23) test= 62.50%
  S5 4000ms fold5/5: best_val= 70.59% (ep5) test= 56.25%
S 5: 800ms= 49.38%  1500ms= 51.85%  3000ms= 45.68%  4000ms= 51.85%   (69s)
  S6 800ms fold1/5: best_val= 62.50% (ep18) test= 50.00%
  S6 800ms fold2/5: best_val= 81.25% (ep6) test= 68.75%
  S6 800ms fold3/5: best_val= 56.25% (ep1) test= 31.25%
  S6 800ms fold4/5: best_val= 68.75% (ep3) test= 31.25%
  S6 800ms fold5/5: best_val= 68.75% (ep6) test= 56.25%
  S6 1500ms fold1/5: best_val= 68.75% (ep5) test= 56.25%
  S6 1500ms fold2/5: best_val= 75.00% (ep46) test= 62.50%
  S6 1500ms fold3/5: best_val= 56.25% (ep3) test= 75.00%
  S6 1500ms fold4/5: best_val= 62.50% (ep20) test= 37.50%
  S6 1500ms fold5/5: best_val= 62.50% (ep7) test= 37.50%
  S6 3000ms fold1/5: best_val= 62.50% (ep2) test= 37.50%
  S6 3000ms fold2/5: best_val= 75.00% (ep22) test= 37.50%
  S6 3000ms fold3/5: best_val= 62.50% (ep1) test= 43.75%
  S6 3000ms fold4/5: best_val= 62.50% (ep23) test= 37.50%
  S6 3000ms fold5/5: best_val= 62.50% (ep4) test= 37.50%
  S6 4000ms fold1/5: best_val= 75.00% (ep18) test= 75.00%
  S6 4000ms fold2/5: best_val= 87.50% (ep13) test= 56.25%
  S6 4000ms fold3/5: best_val= 62.50% (ep3) test= 56.25%
  S6 4000ms fold4/5: best_val= 68.75% (ep27) test= 56.25%
  S6 4000ms fold5/5: best_val= 62.50% (ep11) test= 62.50%
S 6: 800ms= 47.50%  1500ms= 53.75%  3000ms= 38.75%  4000ms= 61.25%   (69s)
  S7 800ms fold1/5: best_val= 75.00% (ep6) test= 68.75%
  S7 800ms fold2/5: best_val= 56.25% (ep6) test= 75.00%
  S7 800ms fold3/5: best_val= 75.00% (ep2) test= 31.25%
  S7 800ms fold4/5: best_val= 68.75% (ep2) test= 62.50%
  S7 800ms fold5/5: best_val= 62.50% (ep8) test= 62.50%
  S7 1500ms fold1/5: best_val= 75.00% (ep20) test= 62.50%
  S7 1500ms fold2/5: best_val= 68.75% (ep1) test= 68.75%
  S7 1500ms fold3/5: best_val= 68.75% (ep2) test= 68.75%
  S7 1500ms fold4/5: best_val= 68.75% (ep19) test= 50.00%
  S7 1500ms fold5/5: best_val= 62.50% (ep11) test= 75.00%
  S7 3000ms fold1/5: best_val= 62.50% (ep5) test= 81.25%
  S7 3000ms fold2/5: best_val= 68.75% (ep1) test= 62.50%
  S7 3000ms fold3/5: best_val= 75.00% (ep10) test= 62.50%
  S7 3000ms fold4/5: best_val= 68.75% (ep15) test= 62.50%
  S7 3000ms fold5/5: best_val= 56.25% (ep1) test= 62.50%
  S7 4000ms fold1/5: best_val= 68.75% (ep3) test= 68.75%
  S7 4000ms fold2/5: best_val= 62.50% (ep4) test= 68.75%
  S7 4000ms fold3/5: best_val= 81.25% (ep10) test= 62.50%
  S7 4000ms fold4/5: best_val= 68.75% (ep20) test= 75.00%
  S7 4000ms fold5/5: best_val= 68.75% (ep4) test= 56.25%
S 7: 800ms= 60.00%  1500ms= 65.00%  3000ms= 66.25%  4000ms= 66.25%   (69s)
  S8 800ms fold1/5: best_val= 56.25% (ep16) test= 50.00%
  S8 800ms fold2/5: best_val= 62.50% (ep1) test= 62.50%
  S8 800ms fold3/5: best_val= 56.25% (ep20) test= 37.50%
  S8 800ms fold4/5: best_val= 50.00% (ep1) test= 31.25%
  S8 800ms fold5/5: best_val= 81.25% (ep3) test= 62.50%
  S8 1500ms fold1/5: best_val= 50.00% (ep4) test= 37.50%
  S8 1500ms fold2/5: best_val= 56.25% (ep9) test= 62.50%
  S8 1500ms fold3/5: best_val= 43.75% (ep3) test= 31.25%
  S8 1500ms fold4/5: best_val= 62.50% (ep3) test= 37.50%
  S8 1500ms fold5/5: best_val= 68.75% (ep4) test= 50.00%
  S8 3000ms fold1/5: best_val= 56.25% (ep3) test= 25.00%
  S8 3000ms fold2/5: best_val= 75.00% (ep2) test= 43.75%
  S8 3000ms fold3/5: best_val= 50.00% (ep2) test= 43.75%
  S8 3000ms fold4/5: best_val= 56.25% (ep2) test= 37.50%
  S8 3000ms fold5/5: best_val= 62.50% (ep1) test= 50.00%
  S8 4000ms fold1/5: best_val= 56.25% (ep1) test= 62.50%
  S8 4000ms fold2/5: best_val= 68.75% (ep9) test= 50.00%
  S8 4000ms fold3/5: best_val= 50.00% (ep1) test= 43.75%
  S8 4000ms fold4/5: best_val= 56.25% (ep2) test= 43.75%
  S8 4000ms fold5/5: best_val= 56.25% (ep3) test= 75.00%
S 8: 800ms= 48.75%  1500ms= 43.75%  3000ms= 40.00%  4000ms= 55.00%   (69s)
  S9 800ms fold1/5: best_val= 62.50% (ep13) test= 56.25%
  S9 800ms fold2/5: best_val= 56.25% (ep6) test= 75.00%
  S9 800ms fold3/5: best_val= 56.25% (ep6) test= 50.00%
  S9 800ms fold4/5: best_val= 56.25% (ep1) test= 62.50%
  S9 800ms fold5/5: best_val= 43.75% (ep3) test= 62.50%
  S9 1500ms fold1/5: best_val= 62.50% (ep6) test= 43.75%
  S9 1500ms fold2/5: best_val= 50.00% (ep1) test= 50.00%
  S9 1500ms fold3/5: best_val= 75.00% (ep15) test= 43.75%
  S9 1500ms fold4/5: best_val= 56.25% (ep1) test= 50.00%
  S9 1500ms fold5/5: best_val= 43.75% (ep3) test= 37.50%
  S9 3000ms fold1/5: best_val= 75.00% (ep11) test= 50.00%
  S9 3000ms fold2/5: best_val= 62.50% (ep4) test= 62.50%
  S9 3000ms fold3/5: best_val= 62.50% (ep1) test= 62.50%
  S9 3000ms fold4/5: best_val= 68.75% (ep1) test= 50.00%
  S9 3000ms fold5/5: best_val= 50.00% (ep6) test= 37.50%
  S9 4000ms fold1/5: best_val= 68.75% (ep11) test= 43.75%
  S9 4000ms fold2/5: best_val= 56.25% (ep16) test= 56.25%
  S9 4000ms fold3/5: best_val= 56.25% (ep14) test= 50.00%
  S9 4000ms fold4/5: best_val= 68.75% (ep3) test= 50.00%
  S9 4000ms fold5/5: best_val= 50.00% (ep6) test= 56.25%
S 9: 800ms= 61.25%  1500ms= 45.00%  3000ms= 52.50%  4000ms= 51.25%   (69s)
  S10 800ms fold1/5: best_val= 62.50% (ep7) test= 43.75%
  S10 800ms fold2/5: best_val= 56.25% (ep8) test= 43.75%
  S10 800ms fold3/5: best_val= 62.50% (ep18) test= 43.75%
  S10 800ms fold4/5: best_val= 75.00% (ep13) test= 50.00%
  S10 800ms fold5/5: best_val= 68.75% (ep15) test= 56.25%
  S10 1500ms fold1/5: best_val= 75.00% (ep8) test= 50.00%
  S10 1500ms fold2/5: best_val= 56.25% (ep33) test= 68.75%
  S10 1500ms fold3/5: best_val= 62.50% (ep9) test= 43.75%
  S10 1500ms fold4/5: best_val= 75.00% (ep17) test= 68.75%
  S10 1500ms fold5/5: best_val= 81.25% (ep16) test= 43.75%
  S10 3000ms fold1/5: best_val= 75.00% (ep7) test= 50.00%
  S10 3000ms fold2/5: best_val= 56.25% (ep4) test= 31.25%
  S10 3000ms fold3/5: best_val= 56.25% (ep11) test= 56.25%
  S10 3000ms fold4/5: best_val= 68.75% (ep6) test= 50.00%
  S10 3000ms fold5/5: best_val= 87.50% (ep14) test= 56.25%
  S10 4000ms fold1/5: best_val= 68.75% (ep1) test= 37.50%
  S10 4000ms fold2/5: best_val= 50.00% (ep2) test= 50.00%
  S10 4000ms fold3/5: best_val= 62.50% (ep21) test= 37.50%
  S10 4000ms fold4/5: best_val= 62.50% (ep6) test= 43.75%
  S10 4000ms fold5/5: best_val= 75.00% (ep3) test= 31.25%
S10: 800ms= 47.50%  1500ms= 55.00%  3000ms= 48.75%  4000ms= 40.00%   (69s)
  S11 800ms fold1/5: best_val= 56.25% (ep3) test= 43.75%
  S11 800ms fold2/5: best_val= 62.50% (ep2) test= 56.25%
  S11 800ms fold3/5: best_val= 56.25% (ep15) test= 50.00%
  S11 800ms fold4/5: best_val= 50.00% (ep1) test= 50.00%
  S11 800ms fold5/5: best_val= 56.25% (ep7) test= 50.00%
  S11 1500ms fold1/5: best_val= 56.25% (ep3) test= 50.00%
  S11 1500ms fold2/5: best_val= 62.50% (ep16) test= 43.75%
  S11 1500ms fold3/5: best_val= 62.50% (ep20) test= 43.75%
  S11 1500ms fold4/5: best_val= 56.25% (ep4) test= 62.50%
  S11 1500ms fold5/5: best_val= 56.25% (ep1) test= 37.50%
  S11 3000ms fold1/5: best_val= 56.25% (ep4) test= 37.50%
  S11 3000ms fold2/5: best_val= 56.25% (ep1) test= 37.50%
  S11 3000ms fold3/5: best_val= 56.25% (ep2) test= 56.25%
  S11 3000ms fold4/5: best_val= 56.25% (ep15) test= 50.00%
  S11 3000ms fold5/5: best_val= 56.25% (ep34) test= 62.50%
  S11 4000ms fold1/5: best_val= 68.75% (ep6) test= 25.00%
  S11 4000ms fold2/5: best_val= 62.50% (ep19) test= 68.75%
  S11 4000ms fold3/5: best_val= 56.25% (ep1) test= 50.00%
  S11 4000ms fold4/5: best_val= 68.75% (ep18) test= 75.00%
  S11 4000ms fold5/5: best_val= 56.25% (ep13) test= 68.75%
S11: 800ms= 50.00%  1500ms= 47.50%  3000ms= 48.75%  4000ms= 57.50%   (69s)
  S12 800ms fold1/5: best_val= 81.25% (ep20) test= 62.50%
  S12 800ms fold2/5: best_val= 81.25% (ep23) test= 68.75%
  S12 800ms fold3/5: best_val= 68.75% (ep10) test= 56.25%
  S12 800ms fold4/5: best_val= 68.75% (ep9) test= 62.50%
  S12 800ms fold5/5: best_val= 81.25% (ep3) test= 50.00%
  S12 1500ms fold1/5: best_val= 62.50% (ep14) test= 75.00%
  S12 1500ms fold2/5: best_val= 75.00% (ep2) test= 31.25%
  S12 1500ms fold3/5: best_val= 68.75% (ep33) test= 43.75%
  S12 1500ms fold4/5: best_val= 56.25% (ep4) test= 62.50%
  S12 1500ms fold5/5: best_val= 68.75% (ep5) test= 43.75%
  S12 3000ms fold1/5: best_val= 68.75% (ep4) test= 43.75%
  S12 3000ms fold2/5: best_val= 68.75% (ep6) test= 50.00%
  S12 3000ms fold3/5: best_val= 68.75% (ep21) test= 50.00%
  S12 3000ms fold4/5: best_val= 68.75% (ep13) test= 50.00%
  S12 3000ms fold5/5: best_val= 68.75% (ep12) test= 56.25%
  S12 4000ms fold1/5: best_val= 68.75% (ep8) test= 50.00%
  S12 4000ms fold2/5: best_val= 68.75% (ep3) test= 50.00%
  S12 4000ms fold3/5: best_val= 56.25% (ep1) test= 56.25%
  S12 4000ms fold4/5: best_val= 75.00% (ep5) test= 50.00%
  S12 4000ms fold5/5: best_val= 75.00% (ep8) test= 43.75%
S12: 800ms= 60.00%  1500ms= 51.25%  3000ms= 50.00%  4000ms= 50.00%   (69s)
  S13 800ms fold1/5: best_val= 75.00% (ep13) test= 37.50%
  S13 800ms fold2/5: best_val= 93.75% (ep12) test= 56.25%
  S13 800ms fold3/5: best_val= 81.25% (ep21) test= 68.75%
  S13 800ms fold4/5: best_val= 93.75% (ep34) test= 68.75%
  S13 800ms fold5/5: best_val= 68.75% (ep2) test= 56.25%
  S13 1500ms fold1/5: best_val= 75.00% (ep6) test= 31.25%
  S13 1500ms fold2/5: best_val= 62.50% (ep9) test= 31.25%
  S13 1500ms fold3/5: best_val= 87.50% (ep26) test= 56.25%
  S13 1500ms fold4/5: best_val= 87.50% (ep6) test= 68.75%
  S13 1500ms fold5/5: best_val= 75.00% (ep6) test= 37.50%
  S13 3000ms fold1/5: best_val= 81.25% (ep5) test= 43.75%
  S13 3000ms fold2/5: best_val= 56.25% (ep5) test= 43.75%
  S13 3000ms fold3/5: best_val= 87.50% (ep10) test= 50.00%
  S13 3000ms fold4/5: best_val=100.00% (ep12) test= 62.50%
  S13 3000ms fold5/5: best_val= 87.50% (ep7) test= 50.00%
  S13 4000ms fold1/5: best_val= 62.50% (ep8) test= 43.75%
  S13 4000ms fold2/5: best_val= 68.75% (ep7) test= 43.75%
  S13 4000ms fold3/5: best_val= 87.50% (ep9) test= 43.75%
  S13 4000ms fold4/5: best_val= 81.25% (ep14) test= 43.75%
  S13 4000ms fold5/5: best_val= 81.25% (ep10) test= 62.50%
S13: 800ms= 57.50%  1500ms= 45.00%  3000ms= 50.00%  4000ms= 47.50%   (69s)
  S14 800ms fold1/5: best_val= 87.50% (ep10) test= 62.50%
  S14 800ms fold2/5: best_val= 81.25% (ep5) test= 62.50%
  S14 800ms fold3/5: best_val=100.00% (ep10) test= 68.75%
  S14 800ms fold4/5: best_val= 75.00% (ep6) test= 81.25%
  S14 800ms fold5/5: best_val= 81.25% (ep20) test= 87.50%
  S14 1500ms fold1/5: best_val= 62.50% (ep1) test= 50.00%
  S14 1500ms fold2/5: best_val= 75.00% (ep8) test= 68.75%
  S14 1500ms fold3/5: best_val=100.00% (ep14) test= 37.50%
  S14 1500ms fold4/5: best_val= 62.50% (ep1) test= 62.50%
  S14 1500ms fold5/5: best_val= 81.25% (ep35) test= 62.50%
  S14 3000ms fold1/5: best_val= 75.00% (ep7) test= 68.75%
  S14 3000ms fold2/5: best_val= 87.50% (ep24) test= 37.50%
  S14 3000ms fold3/5: best_val= 75.00% (ep20) test= 56.25%
  S14 3000ms fold4/5: best_val= 75.00% (ep1) test= 50.00%
  S14 3000ms fold5/5: best_val= 68.75% (ep1) test= 43.75%
  S14 4000ms fold1/5: best_val= 56.25% (ep22) test= 50.00%
  S14 4000ms fold2/5: best_val= 87.50% (ep41) test= 37.50%
  S14 4000ms fold3/5: best_val= 75.00% (ep14) test= 68.75%
  S14 4000ms fold4/5: best_val= 75.00% (ep10) test= 68.75%
  S14 4000ms fold5/5: best_val= 62.50% (ep3) test= 50.00%
S14: 800ms= 72.50%  1500ms= 56.25%  3000ms= 51.25%  4000ms= 55.00%   (69s)
  S15 800ms fold1/5: best_val= 62.50% (ep11) test= 68.75%
  S15 800ms fold2/5: best_val= 62.50% (ep3) test= 62.50%
  S15 800ms fold3/5: best_val= 62.50% (ep12) test= 56.25%
  S15 800ms fold4/5: best_val= 62.50% (ep6) test= 56.25%
  S15 800ms fold5/5: best_val= 87.50% (ep8) test= 31.25%
  S15 1500ms fold1/5: best_val= 75.00% (ep1) test= 43.75%
  S15 1500ms fold2/5: best_val= 56.25% (ep1) test= 37.50%
  S15 1500ms fold3/5: best_val= 75.00% (ep1) test= 37.50%
  S15 1500ms fold4/5: best_val= 56.25% (ep6) test= 31.25%
  S15 1500ms fold5/5: best_val= 68.75% (ep4) test= 43.75%
  S15 3000ms fold1/5: best_val= 50.00% (ep7) test= 62.50%
  S15 3000ms fold2/5: best_val= 62.50% (ep3) test= 56.25%
  S15 3000ms fold3/5: best_val= 62.50% (ep1) test= 50.00%
  S15 3000ms fold4/5: best_val= 62.50% (ep1) test= 50.00%
  S15 3000ms fold5/5: best_val= 50.00% (ep2) test= 43.75%
  S15 4000ms fold1/5: best_val= 68.75% (ep6) test= 68.75%
  S15 4000ms fold2/5: best_val= 56.25% (ep4) test= 43.75%
  S15 4000ms fold3/5: best_val= 62.50% (ep4) test= 50.00%
  S15 4000ms fold4/5: best_val= 56.25% (ep2) test= 43.75%
  S15 4000ms fold5/5: best_val= 56.25% (ep12) test= 43.75%
S15: 800ms= 55.00%  1500ms= 38.75%  3000ms= 52.50%  4000ms= 50.00%   (69s)
  S16 800ms fold1/5: best_val= 62.50% (ep1) test= 62.50%
  S16 800ms fold2/5: best_val= 62.50% (ep1) test= 50.00%
  S16 800ms fold3/5: best_val= 62.50% (ep1) test= 62.50%
  S16 800ms fold4/5: best_val= 62.50% (ep3) test= 50.00%
  S16 800ms fold5/5: best_val= 56.25% (ep4) test= 56.25%
  S16 1500ms fold1/5: best_val= 81.25% (ep2) test= 37.50%
  S16 1500ms fold2/5: best_val= 62.50% (ep7) test= 43.75%
  S16 1500ms fold3/5: best_val= 62.50% (ep2) test= 68.75%
  S16 1500ms fold4/5: best_val= 56.25% (ep1) test= 37.50%
  S16 1500ms fold5/5: best_val= 75.00% (ep2) test= 37.50%
  S16 3000ms fold1/5: best_val= 68.75% (ep14) test= 56.25%
  S16 3000ms fold2/5: best_val= 81.25% (ep20) test= 50.00%
  S16 3000ms fold3/5: best_val= 62.50% (ep9) test= 62.50%
  S16 3000ms fold4/5: best_val= 56.25% (ep7) test= 50.00%
  S16 3000ms fold5/5: best_val= 75.00% (ep2) test= 50.00%
  S16 4000ms fold1/5: best_val= 62.50% (ep1) test= 43.75%
  S16 4000ms fold2/5: best_val= 68.75% (ep13) test= 50.00%
  S16 4000ms fold3/5: best_val= 56.25% (ep1) test= 37.50%
  S16 4000ms fold4/5: best_val= 68.75% (ep20) test= 62.50%
  S16 4000ms fold5/5: best_val= 75.00% (ep2) test= 62.50%
S16: 800ms= 56.25%  1500ms= 45.00%  3000ms= 53.75%  4000ms= 51.25%   (69s)
  S17 800ms fold1/5: best_val= 68.75% (ep3) test= 37.50%
  S17 800ms fold2/5: best_val= 62.50% (ep6) test= 43.75%
  S17 800ms fold3/5: best_val= 62.50% (ep19) test= 62.50%
  S17 800ms fold4/5: best_val= 62.50% (ep1) test= 50.00%
  S17 800ms fold5/5: best_val= 43.75% (ep1) test= 43.75%
  S17 1500ms fold1/5: best_val= 62.50% (ep6) test= 56.25%
  S17 1500ms fold2/5: best_val= 87.50% (ep5) test= 50.00%
  S17 1500ms fold3/5: best_val= 75.00% (ep16) test= 62.50%
  S17 1500ms fold4/5: best_val= 81.25% (ep15) test= 68.75%
  S17 1500ms fold5/5: best_val= 62.50% (ep2) test= 43.75%
  S17 3000ms fold1/5: best_val= 56.25% (ep5) test= 50.00%
  S17 3000ms fold2/5: best_val= 81.25% (ep8) test= 43.75%
  S17 3000ms fold3/5: best_val= 62.50% (ep7) test= 56.25%
  S17 3000ms fold4/5: best_val= 62.50% (ep2) test= 43.75%
  S17 3000ms fold5/5: best_val= 56.25% (ep1) test= 50.00%
  S17 4000ms fold1/5: best_val= 56.25% (ep10) test= 56.25%
  S17 4000ms fold2/5: best_val= 68.75% (ep5) test= 56.25%
  S17 4000ms fold3/5: best_val= 81.25% (ep10) test= 56.25%
  S17 4000ms fold4/5: best_val= 75.00% (ep19) test= 81.25%
  S17 4000ms fold5/5: best_val= 75.00% (ep15) test= 68.75%
S17: 800ms= 47.50%  1500ms= 56.25%  3000ms= 48.75%  4000ms= 63.75%   (69s)
  S18 800ms fold1/5: best_val= 68.75% (ep20) test= 56.25%
  S18 800ms fold2/5: best_val= 50.00% (ep1) test= 56.25%
  S18 800ms fold3/5: best_val= 56.25% (ep4) test= 43.75%
  S18 800ms fold4/5: best_val= 75.00% (ep31) test= 62.50%
  S18 800ms fold5/5: best_val= 68.75% (ep17) test= 81.25%
  S18 1500ms fold1/5: best_val= 81.25% (ep18) test= 56.25%
  S18 1500ms fold2/5: best_val= 75.00% (ep9) test= 62.50%
  S18 1500ms fold3/5: best_val= 43.75% (ep2) test= 62.50%
  S18 1500ms fold4/5: best_val= 56.25% (ep12) test= 68.75%
  S18 1500ms fold5/5: best_val= 68.75% (ep22) test= 68.75%
  S18 3000ms fold1/5: best_val= 81.25% (ep17) test= 50.00%
  S18 3000ms fold2/5: best_val= 75.00% (ep1) test= 50.00%
  S18 3000ms fold3/5: best_val= 56.25% (ep7) test= 81.25%
  S18 3000ms fold4/5: best_val= 62.50% (ep9) test= 56.25%
  S18 3000ms fold5/5: best_val= 68.75% (ep25) test= 68.75%
  S18 4000ms fold1/5: best_val= 62.50% (ep1) test= 50.00%
  S18 4000ms fold2/5: best_val= 56.25% (ep17) test= 62.50%
  S18 4000ms fold3/5: best_val= 62.50% (ep6) test= 31.25%
  S18 4000ms fold4/5: best_val= 56.25% (ep3) test= 50.00%
  S18 4000ms fold5/5: best_val= 62.50% (ep11) test= 68.75%
S18: 800ms= 60.00%  1500ms= 63.75%  3000ms= 61.25%  4000ms= 52.50%   (69s)

ALL SUBJECTS COMPLETED — WAA/SFE  (1256s)

====================================================================
SAVED WAA/SFE -> /work/11862/rmaahin/ls6/FineMI-enhancements/ConformerEEG/experiments/option_a/results/full/WAA_SFE
gpu=NVIDIA A100-PCIE-40GB | torch=2.8.0+cu128 | seed=42 | model=conformer_a | mode=full
====================================================================
window_ms   800    1500   3000   4000
subject                              
1          54.44  57.78  54.44  45.56
2          48.75  48.75  46.25  51.25
3          63.75  56.25  56.25  71.25
4          82.50  67.50  71.25  60.00
5          49.38  51.85  45.68  51.85
6          47.50  53.75  38.75  61.25
7          60.00  65.00  66.25  66.25
8          48.75  43.75  40.00  55.00
9          61.25  45.00  52.50  51.25
10         47.50  55.00  48.75  40.00
11         50.00  47.50  48.75  57.50
12         60.00  51.25  50.00  50.00
13         57.50  45.00  50.00  47.50
14         72.50  56.25  51.25  55.00
15         55.00  38.75  52.50  50.00
16         56.25  45.00  53.75  51.25
17         47.50  56.25  48.75  63.75
18         60.00  63.75  61.25  52.50

mean: {800: 56.81, 1500: 52.69, 3000: 52.02, 4000: 54.51}
sd  : {800: 9.41, 1500: 7.9, 3000: 8.12, 4000: 7.72}

Pairs saved so far in /work/11862/rmaahin/ls6/FineMI-enhancements/ConformerEEG/experiments/option_a/results/full: 22/28

##### pair_idx=18 (EPS_EFE) #####

Using device: cuda | gpu=NVIDIA A100-PCIE-40GB | torch=2.8.0+cu128
NOTE: determinism holds per-GPU-model. Record this GPU name.

PAIR: EPS/EFE  (classes 3 vs 4)  model=conformer_a  mode=full
Test time windows: [800, 1500, 3000, 4000] ms
Test time windows (samples): [200, 375, 750, 1000]

BINARY CLASSIFICATION: Class 3 vs Class 4  (EPS/EFE)
  Class 0 (original 3): 725 trials
  Class 1 (original 4): 725 trials

Extracted time windows:
  800ms (200 samples): shape (1450, 62, 200)
  1500ms (375 samples): shape (1450, 62, 375)
  3000ms (750 samples): shape (1450, 62, 750)
  4000ms (1000 samples): shape (1450, 62, 1000)

Model configuration:
  Model: conformer_a
  Channels: 62
  Subjects: [1, 2, 3, 4, 5, 6, 7, 8, 9, 10, 11, 12, 13, 14, 15, 16, 17, 18]
  Time windows: [800, 1500, 3000, 4000] ms
  Classes: 2 (Binary: Class 3 vs Class 4)
  Folds: 5
  Batch size: 32
  Epochs per subject per time window: 50
  S1 800ms fold1/5: best_val= 66.67% (ep9) test= 38.89%
  S1 800ms fold2/5: best_val= 61.11% (ep3) test= 38.89%
  S1 800ms fold3/5: best_val= 66.67% (ep1) test= 44.44%
  S1 800ms fold4/5: best_val= 61.11% (ep1) test= 38.89%
  S1 800ms fold5/5: best_val= 61.11% (ep1) test= 44.44%
  S1 1500ms fold1/5: best_val= 44.44% (ep2) test= 55.56%
  S1 1500ms fold2/5: best_val= 66.67% (ep2) test= 38.89%
  S1 1500ms fold3/5: best_val= 50.00% (ep1) test= 44.44%
  S1 1500ms fold4/5: best_val= 72.22% (ep1) test= 66.67%
  S1 1500ms fold5/5: best_val= 61.11% (ep3) test= 38.89%
  S1 3000ms fold1/5: best_val= 66.67% (ep28) test= 55.56%
  S1 3000ms fold2/5: best_val= 61.11% (ep3) test= 50.00%
  S1 3000ms fold3/5: best_val= 66.67% (ep8) test= 72.22%
  S1 3000ms fold4/5: best_val= 83.33% (ep10) test= 50.00%
  S1 3000ms fold5/5: best_val= 66.67% (ep13) test= 66.67%
  S1 4000ms fold1/5: best_val= 66.67% (ep38) test= 44.44%
  S1 4000ms fold2/5: best_val= 50.00% (ep1) test= 55.56%
  S1 4000ms fold3/5: best_val= 72.22% (ep20) test= 50.00%
  S1 4000ms fold4/5: best_val= 72.22% (ep15) test= 50.00%
  S1 4000ms fold5/5: best_val= 61.11% (ep13) test= 61.11%
S 1: 800ms= 41.11%  1500ms= 48.89%  3000ms= 58.89%  4000ms= 52.22%   (83s)
  S2 800ms fold1/5: best_val= 31.25% (ep1) test= 56.25%
  S2 800ms fold2/5: best_val= 62.50% (ep1) test= 37.50%
  S2 800ms fold3/5: best_val= 56.25% (ep6) test= 56.25%
  S2 800ms fold4/5: best_val= 62.50% (ep1) test= 56.25%
  S2 800ms fold5/5: best_val= 50.00% (ep1) test= 56.25%
  S2 1500ms fold1/5: best_val= 50.00% (ep1) test= 56.25%
  S2 1500ms fold2/5: best_val= 56.25% (ep2) test= 43.75%
  S2 1500ms fold3/5: best_val= 50.00% (ep14) test= 50.00%
  S2 1500ms fold4/5: best_val= 50.00% (ep1) test= 43.75%
  S2 1500ms fold5/5: best_val= 62.50% (ep4) test= 56.25%
  S2 3000ms fold1/5: best_val= 62.50% (ep24) test= 68.75%
  S2 3000ms fold2/5: best_val= 68.75% (ep9) test= 37.50%
  S2 3000ms fold3/5: best_val= 62.50% (ep3) test= 50.00%
  S2 3000ms fold4/5: best_val= 62.50% (ep12) test= 56.25%
  S2 3000ms fold5/5: best_val= 75.00% (ep11) test= 43.75%
  S2 4000ms fold1/5: best_val= 62.50% (ep9) test= 50.00%
  S2 4000ms fold2/5: best_val= 68.75% (ep9) test= 37.50%
  S2 4000ms fold3/5: best_val= 50.00% (ep2) test= 50.00%
  S2 4000ms fold4/5: best_val= 62.50% (ep9) test= 50.00%
  S2 4000ms fold5/5: best_val= 56.25% (ep2) test= 56.25%
S 2: 800ms= 52.50%  1500ms= 50.00%  3000ms= 51.25%  4000ms= 48.75%   (71s)
  S3 800ms fold1/5: best_val= 56.25% (ep8) test= 62.50%
  S3 800ms fold2/5: best_val= 68.75% (ep19) test= 62.50%
  S3 800ms fold3/5: best_val= 56.25% (ep1) test= 43.75%
  S3 800ms fold4/5: best_val= 81.25% (ep6) test= 75.00%
  S3 800ms fold5/5: best_val= 81.25% (ep19) test= 62.50%
  S3 1500ms fold1/5: best_val= 50.00% (ep2) test= 56.25%
  S3 1500ms fold2/5: best_val= 62.50% (ep2) test= 43.75%
  S3 1500ms fold3/5: best_val= 62.50% (ep11) test= 56.25%
  S3 1500ms fold4/5: best_val= 62.50% (ep8) test= 68.75%
  S3 1500ms fold5/5: best_val= 56.25% (ep7) test= 62.50%
  S3 3000ms fold1/5: best_val= 50.00% (ep8) test= 50.00%
  S3 3000ms fold2/5: best_val= 62.50% (ep13) test= 56.25%
  S3 3000ms fold3/5: best_val= 62.50% (ep3) test= 50.00%
  S3 3000ms fold4/5: best_val= 56.25% (ep2) test= 50.00%
  S3 3000ms fold5/5: best_val= 62.50% (ep3) test= 68.75%
  S3 4000ms fold1/5: best_val= 56.25% (ep2) test= 37.50%
  S3 4000ms fold2/5: best_val= 56.25% (ep1) test= 50.00%
  S3 4000ms fold3/5: best_val= 62.50% (ep3) test= 50.00%
  S3 4000ms fold4/5: best_val= 62.50% (ep6) test= 68.75%
  S3 4000ms fold5/5: best_val= 68.75% (ep1) test= 62.50%
S 3: 800ms= 61.25%  1500ms= 57.50%  3000ms= 55.00%  4000ms= 53.75%   (71s)
  S4 800ms fold1/5: best_val= 68.75% (ep17) test= 56.25%
  S4 800ms fold2/5: best_val= 81.25% (ep26) test= 37.50%
  S4 800ms fold3/5: best_val= 68.75% (ep16) test= 37.50%
  S4 800ms fold4/5: best_val= 68.75% (ep17) test= 43.75%
  S4 800ms fold5/5: best_val= 62.50% (ep4) test= 56.25%
  S4 1500ms fold1/5: best_val= 68.75% (ep3) test= 56.25%
  S4 1500ms fold2/5: best_val= 93.75% (ep18) test= 56.25%
  S4 1500ms fold3/5: best_val= 93.75% (ep22) test= 56.25%
  S4 1500ms fold4/5: best_val= 56.25% (ep15) test= 50.00%
  S4 1500ms fold5/5: best_val= 81.25% (ep14) test= 68.75%
  S4 3000ms fold1/5: best_val= 75.00% (ep8) test= 50.00%
  S4 3000ms fold2/5: best_val= 75.00% (ep28) test= 62.50%
  S4 3000ms fold3/5: best_val= 68.75% (ep23) test= 43.75%
  S4 3000ms fold4/5: best_val= 50.00% (ep1) test= 43.75%
  S4 3000ms fold5/5: best_val= 68.75% (ep2) test= 37.50%
  S4 4000ms fold1/5: best_val= 75.00% (ep18) test= 43.75%
  S4 4000ms fold2/5: best_val= 68.75% (ep8) test= 56.25%
  S4 4000ms fold3/5: best_val= 68.75% (ep40) test= 31.25%
  S4 4000ms fold4/5: best_val= 56.25% (ep4) test= 31.25%
  S4 4000ms fold5/5: best_val= 68.75% (ep1) test= 50.00%
S 4: 800ms= 46.25%  1500ms= 57.50%  3000ms= 47.50%  4000ms= 42.50%   (71s)
  S5 800ms fold1/5: best_val= 81.25% (ep5) test= 68.75%
  S5 800ms fold2/5: best_val= 56.25% (ep16) test= 25.00%
  S5 800ms fold3/5: best_val= 75.00% (ep1) test= 31.25%
  S5 800ms fold4/5: best_val= 75.00% (ep8) test= 37.50%
  S5 800ms fold5/5: best_val= 56.25% (ep12) test= 43.75%
  S5 1500ms fold1/5: best_val= 68.75% (ep17) test= 62.50%
  S5 1500ms fold2/5: best_val= 56.25% (ep1) test= 62.50%
  S5 1500ms fold3/5: best_val= 56.25% (ep1) test= 18.75%
  S5 1500ms fold4/5: best_val= 68.75% (ep11) test= 25.00%
  S5 1500ms fold5/5: best_val= 62.50% (ep3) test= 62.50%
  S5 3000ms fold1/5: best_val= 75.00% (ep2) test= 62.50%
  S5 3000ms fold2/5: best_val= 50.00% (ep1) test= 43.75%
  S5 3000ms fold3/5: best_val= 68.75% (ep1) test= 56.25%
  S5 3000ms fold4/5: best_val= 68.75% (ep2) test= 37.50%
  S5 3000ms fold5/5: best_val= 75.00% (ep8) test= 25.00%
  S5 4000ms fold1/5: best_val= 56.25% (ep1) test= 68.75%
  S5 4000ms fold2/5: best_val= 56.25% (ep4) test= 25.00%
  S5 4000ms fold3/5: best_val= 56.25% (ep2) test= 37.50%
  S5 4000ms fold4/5: best_val= 75.00% (ep6) test= 31.25%
  S5 4000ms fold5/5: best_val= 75.00% (ep7) test= 81.25%
S 5: 800ms= 41.25%  1500ms= 46.25%  3000ms= 45.00%  4000ms= 48.75%   (71s)
  S6 800ms fold1/5: best_val= 56.25% (ep4) test= 18.75%
  S6 800ms fold2/5: best_val= 56.25% (ep1) test= 37.50%
  S6 800ms fold3/5: best_val= 68.75% (ep1) test= 50.00%
  S6 800ms fold4/5: best_val= 62.50% (ep1) test= 50.00%
  S6 800ms fold5/5: best_val= 50.00% (ep3) test= 50.00%
  S6 1500ms fold1/5: best_val= 62.50% (ep3) test= 43.75%
  S6 1500ms fold2/5: best_val= 62.50% (ep4) test= 43.75%
  S6 1500ms fold3/5: best_val= 62.50% (ep8) test= 31.25%
  S6 1500ms fold4/5: best_val= 50.00% (ep2) test= 68.75%
  S6 1500ms fold5/5: best_val= 43.75% (ep1) test= 50.00%
  S6 3000ms fold1/5: best_val= 50.00% (ep1) test= 68.75%
  S6 3000ms fold2/5: best_val= 50.00% (ep5) test= 31.25%
  S6 3000ms fold3/5: best_val= 68.75% (ep2) test= 68.75%
  S6 3000ms fold4/5: best_val= 56.25% (ep1) test= 62.50%
  S6 3000ms fold5/5: best_val= 62.50% (ep2) test= 50.00%
  S6 4000ms fold1/5: best_val= 68.75% (ep20) test= 75.00%
  S6 4000ms fold2/5: best_val= 56.25% (ep1) test= 50.00%
  S6 4000ms fold3/5: best_val= 87.50% (ep14) test= 43.75%
  S6 4000ms fold4/5: best_val= 62.50% (ep2) test= 50.00%
  S6 4000ms fold5/5: best_val= 68.75% (ep25) test= 56.25%
S 6: 800ms= 41.25%  1500ms= 47.50%  3000ms= 56.25%  4000ms= 55.00%   (71s)
  S7 800ms fold1/5: best_val= 62.50% (ep3) test= 31.25%
  S7 800ms fold2/5: best_val= 81.25% (ep3) test= 43.75%
  S7 800ms fold3/5: best_val= 62.50% (ep3) test= 31.25%
  S7 800ms fold4/5: best_val= 37.50% (ep1) test= 62.50%
  S7 800ms fold5/5: best_val= 62.50% (ep23) test= 50.00%
  S7 1500ms fold1/5: best_val= 56.25% (ep24) test= 43.75%
  S7 1500ms fold2/5: best_val= 56.25% (ep1) test= 43.75%
  S7 1500ms fold3/5: best_val= 62.50% (ep10) test= 50.00%
  S7 1500ms fold4/5: best_val= 68.75% (ep4) test= 37.50%
  S7 1500ms fold5/5: best_val= 68.75% (ep2) test= 56.25%
  S7 3000ms fold1/5: best_val= 50.00% (ep1) test= 56.25%
  S7 3000ms fold2/5: best_val= 68.75% (ep1) test= 43.75%
  S7 3000ms fold3/5: best_val= 75.00% (ep3) test= 43.75%
  S7 3000ms fold4/5: best_val= 43.75% (ep1) test= 25.00%
  S7 3000ms fold5/5: best_val= 50.00% (ep2) test= 50.00%
  S7 4000ms fold1/5: best_val= 56.25% (ep1) test= 43.75%
  S7 4000ms fold2/5: best_val= 50.00% (ep3) test= 68.75%
  S7 4000ms fold3/5: best_val= 62.50% (ep1) test= 25.00%
  S7 4000ms fold4/5: best_val= 56.25% (ep2) test= 50.00%
  S7 4000ms fold5/5: best_val= 50.00% (ep1) test= 31.25%
S 7: 800ms= 43.75%  1500ms= 46.25%  3000ms= 43.75%  4000ms= 43.75%   (71s)
  S8 800ms fold1/5: best_val= 56.25% (ep1) test= 31.25%
  S8 800ms fold2/5: best_val= 50.00% (ep2) test= 56.25%
  S8 800ms fold3/5: best_val= 56.25% (ep1) test= 31.25%
  S8 800ms fold4/5: best_val= 56.25% (ep1) test= 50.00%
  S8 800ms fold5/5: best_val= 56.25% (ep17) test= 31.25%
  S8 1500ms fold1/5: best_val= 62.50% (ep4) test= 50.00%
  S8 1500ms fold2/5: best_val= 50.00% (ep1) test= 50.00%
  S8 1500ms fold3/5: best_val= 56.25% (ep4) test= 43.75%
  S8 1500ms fold4/5: best_val= 56.25% (ep11) test= 43.75%
  S8 1500ms fold5/5: best_val= 56.25% (ep6) test= 43.75%
  S8 3000ms fold1/5: best_val= 75.00% (ep2) test= 37.50%
  S8 3000ms fold2/5: best_val= 56.25% (ep3) test= 62.50%
  S8 3000ms fold3/5: best_val= 62.50% (ep1) test= 50.00%
  S8 3000ms fold4/5: best_val= 56.25% (ep7) test= 37.50%
  S8 3000ms fold5/5: best_val= 62.50% (ep3) test= 31.25%
  S8 4000ms fold1/5: best_val= 56.25% (ep18) test= 50.00%
  S8 4000ms fold2/5: best_val= 50.00% (ep1) test= 37.50%
  S8 4000ms fold3/5: best_val= 56.25% (ep7) test= 62.50%
  S8 4000ms fold4/5: best_val= 56.25% (ep11) test= 56.25%
  S8 4000ms fold5/5: best_val= 62.50% (ep4) test= 50.00%
S 8: 800ms= 40.00%  1500ms= 46.25%  3000ms= 43.75%  4000ms= 51.25%   (71s)
  S9 800ms fold1/5: best_val= 93.75% (ep1) test= 62.50%
  S9 800ms fold2/5: best_val= 62.50% (ep13) test= 50.00%
  S9 800ms fold3/5: best_val= 68.75% (ep2) test= 75.00%
  S9 800ms fold4/5: best_val= 68.75% (ep7) test= 62.50%
  S9 800ms fold5/5: best_val= 62.50% (ep1) test= 62.50%
  S9 1500ms fold1/5: best_val= 75.00% (ep18) test= 43.75%
  S9 1500ms fold2/5: best_val= 81.25% (ep20) test= 31.25%
  S9 1500ms fold3/5: best_val= 62.50% (ep1) test= 43.75%
  S9 1500ms fold4/5: best_val= 62.50% (ep9) test= 56.25%
  S9 1500ms fold5/5: best_val= 68.75% (ep7) test= 62.50%
  S9 3000ms fold1/5: best_val= 75.00% (ep2) test= 50.00%
  S9 3000ms fold2/5: best_val= 75.00% (ep1) test= 62.50%
  S9 3000ms fold3/5: best_val= 50.00% (ep4) test= 43.75%
  S9 3000ms fold4/5: best_val= 68.75% (ep33) test= 75.00%
  S9 3000ms fold5/5: best_val= 62.50% (ep3) test= 62.50%
  S9 4000ms fold1/5: best_val= 56.25% (ep1) test= 25.00%
  S9 4000ms fold2/5: best_val= 75.00% (ep15) test= 68.75%
  S9 4000ms fold3/5: best_val= 68.75% (ep4) test= 43.75%
  S9 4000ms fold4/5: best_val= 68.75% (ep27) test= 87.50%
  S9 4000ms fold5/5: best_val= 62.50% (ep14) test= 75.00%
S 9: 800ms= 62.50%  1500ms= 47.50%  3000ms= 58.75%  4000ms= 60.00%   (71s)
  S10 800ms fold1/5: best_val= 62.50% (ep4) test= 43.75%
  S10 800ms fold2/5: best_val= 68.75% (ep1) test= 50.00%
  S10 800ms fold3/5: best_val= 62.50% (ep2) test= 62.50%
  S10 800ms fold4/5: best_val= 68.75% (ep14) test= 43.75%
  S10 800ms fold5/5: best_val= 43.75% (ep2) test= 50.00%
  S10 1500ms fold1/5: best_val= 68.75% (ep4) test= 56.25%
  S10 1500ms fold2/5: best_val= 50.00% (ep3) test= 43.75%
  S10 1500ms fold3/5: best_val= 62.50% (ep2) test= 43.75%
  S10 1500ms fold4/5: best_val= 75.00% (ep12) test= 31.25%
  S10 1500ms fold5/5: best_val= 50.00% (ep2) test= 56.25%
  S10 3000ms fold1/5: best_val= 68.75% (ep1) test= 50.00%
  S10 3000ms fold2/5: best_val= 50.00% (ep4) test= 68.75%
  S10 3000ms fold3/5: best_val= 56.25% (ep3) test= 50.00%
  S10 3000ms fold4/5: best_val= 68.75% (ep4) test= 18.75%
  S10 3000ms fold5/5: best_val= 56.25% (ep2) test= 50.00%
  S10 4000ms fold1/5: best_val= 56.25% (ep1) test= 56.25%
  S10 4000ms fold2/5: best_val= 37.50% (ep2) test= 43.75%
  S10 4000ms fold3/5: best_val= 68.75% (ep5) test= 50.00%
  S10 4000ms fold4/5: best_val= 81.25% (ep12) test= 18.75%
  S10 4000ms fold5/5: best_val= 56.25% (ep21) test= 37.50%
S10: 800ms= 50.00%  1500ms= 46.25%  3000ms= 47.50%  4000ms= 41.25%   (71s)
  S11 800ms fold1/5: best_val= 62.50% (ep4) test= 43.75%
  S11 800ms fold2/5: best_val= 68.75% (ep9) test= 81.25%
  S11 800ms fold3/5: best_val= 75.00% (ep3) test= 31.25%
  S11 800ms fold4/5: best_val= 68.75% (ep20) test= 75.00%
  S11 800ms fold5/5: best_val= 68.75% (ep10) test= 62.50%
  S11 1500ms fold1/5: best_val= 62.50% (ep19) test= 56.25%
  S11 1500ms fold2/5: best_val= 56.25% (ep3) test= 50.00%
  S11 1500ms fold3/5: best_val= 81.25% (ep8) test= 25.00%
  S11 1500ms fold4/5: best_val= 75.00% (ep4) test= 37.50%
  S11 1500ms fold5/5: best_val= 62.50% (ep1) test= 56.25%
  S11 3000ms fold1/5: best_val= 62.50% (ep6) test= 56.25%
  S11 3000ms fold2/5: best_val= 56.25% (ep6) test= 56.25%
  S11 3000ms fold3/5: best_val= 75.00% (ep8) test= 12.50%
  S11 3000ms fold4/5: best_val= 62.50% (ep7) test= 37.50%
  S11 3000ms fold5/5: best_val= 50.00% (ep1) test= 43.75%
  S11 4000ms fold1/5: best_val= 62.50% (ep32) test= 56.25%
  S11 4000ms fold2/5: best_val= 68.75% (ep10) test= 56.25%
  S11 4000ms fold3/5: best_val= 81.25% (ep2) test= 43.75%
  S11 4000ms fold4/5: best_val= 56.25% (ep2) test= 43.75%
  S11 4000ms fold5/5: best_val= 62.50% (ep5) test= 68.75%
S11: 800ms= 58.75%  1500ms= 45.00%  3000ms= 41.25%  4000ms= 53.75%   (71s)
  S12 800ms fold1/5: best_val= 68.75% (ep24) test= 31.25%
  S12 800ms fold2/5: best_val= 62.50% (ep13) test= 50.00%
  S12 800ms fold3/5: best_val= 56.25% (ep6) test= 62.50%
  S12 800ms fold4/5: best_val= 50.00% (ep6) test= 56.25%
  S12 800ms fold5/5: best_val= 68.75% (ep17) test= 62.50%
  S12 1500ms fold1/5: best_val= 62.50% (ep15) test= 43.75%
  S12 1500ms fold2/5: best_val= 62.50% (ep9) test= 50.00%
  S12 1500ms fold3/5: best_val= 56.25% (ep6) test= 43.75%
  S12 1500ms fold4/5: best_val= 62.50% (ep1) test= 43.75%
  S12 1500ms fold5/5: best_val= 62.50% (ep1) test= 56.25%
  S12 3000ms fold1/5: best_val= 62.50% (ep29) test= 37.50%
  S12 3000ms fold2/5: best_val= 50.00% (ep1) test= 56.25%
  S12 3000ms fold3/5: best_val= 56.25% (ep23) test= 56.25%
  S12 3000ms fold4/5: best_val= 62.50% (ep6) test= 56.25%
  S12 3000ms fold5/5: best_val= 56.25% (ep1) test= 56.25%
  S12 4000ms fold1/5: best_val= 68.75% (ep7) test= 31.25%
  S12 4000ms fold2/5: best_val= 50.00% (ep2) test= 50.00%
  S12 4000ms fold3/5: best_val= 62.50% (ep1) test= 50.00%
  S12 4000ms fold4/5: best_val= 68.75% (ep6) test= 62.50%
  S12 4000ms fold5/5: best_val= 62.50% (ep5) test= 50.00%
S12: 800ms= 52.50%  1500ms= 47.50%  3000ms= 52.50%  4000ms= 48.75%   (71s)
  S13 800ms fold1/5: best_val= 50.00% (ep6) test= 50.00%
  S13 800ms fold2/5: best_val= 81.25% (ep25) test= 12.50%
  S13 800ms fold3/5: best_val= 56.25% (ep16) test= 56.25%
  S13 800ms fold4/5: best_val= 62.50% (ep8) test= 50.00%
  S13 800ms fold5/5: best_val= 62.50% (ep18) test= 62.50%
  S13 1500ms fold1/5: best_val= 50.00% (ep1) test= 56.25%
  S13 1500ms fold2/5: best_val= 75.00% (ep7) test= 31.25%
  S13 1500ms fold3/5: best_val= 56.25% (ep2) test= 43.75%
  S13 1500ms fold4/5: best_val= 68.75% (ep33) test= 50.00%
  S13 1500ms fold5/5: best_val= 50.00% (ep2) test= 56.25%
  S13 3000ms fold1/5: best_val= 56.25% (ep2) test= 62.50%
  S13 3000ms fold2/5: best_val= 75.00% (ep15) test=  6.25%
  S13 3000ms fold3/5: best_val= 37.50% (ep13) test= 37.50%
  S13 3000ms fold4/5: best_val= 56.25% (ep1) test= 31.25%
  S13 3000ms fold5/5: best_val= 62.50% (ep3) test= 31.25%
  S13 4000ms fold1/5: best_val= 50.00% (ep1) test= 50.00%
  S13 4000ms fold2/5: best_val= 81.25% (ep25) test= 37.50%
  S13 4000ms fold3/5: best_val= 56.25% (ep1) test= 56.25%
  S13 4000ms fold4/5: best_val= 68.75% (ep3) test= 37.50%
  S13 4000ms fold5/5: best_val= 56.25% (ep5) test= 37.50%
S13: 800ms= 46.25%  1500ms= 47.50%  3000ms= 33.75%  4000ms= 43.75%   (71s)
  S14 800ms fold1/5: best_val= 62.50% (ep2) test= 75.00%
  S14 800ms fold2/5: best_val= 62.50% (ep27) test= 62.50%
  S14 800ms fold3/5: best_val= 62.50% (ep1) test= 43.75%
  S14 800ms fold4/5: best_val= 56.25% (ep15) test= 56.25%
  S14 800ms fold5/5: best_val= 56.25% (ep10) test= 62.50%
  S14 1500ms fold1/5: best_val= 62.50% (ep7) test= 56.25%
  S14 1500ms fold2/5: best_val= 62.50% (ep9) test= 50.00%
  S14 1500ms fold3/5: best_val= 50.00% (ep1) test= 25.00%
  S14 1500ms fold4/5: best_val= 50.00% (ep3) test= 56.25%
  S14 1500ms fold5/5: best_val= 75.00% (ep14) test= 43.75%
  S14 3000ms fold1/5: best_val= 62.50% (ep2) test= 62.50%
  S14 3000ms fold2/5: best_val= 68.75% (ep11) test= 43.75%
  S14 3000ms fold3/5: best_val= 56.25% (ep6) test= 50.00%
  S14 3000ms fold4/5: best_val= 62.50% (ep2) test= 50.00%
  S14 3000ms fold5/5: best_val= 62.50% (ep6) test= 62.50%
  S14 4000ms fold1/5: best_val= 62.50% (ep1) test= 62.50%
  S14 4000ms fold2/5: best_val= 68.75% (ep11) test= 50.00%
  S14 4000ms fold3/5: best_val= 50.00% (ep2) test= 43.75%
  S14 4000ms fold4/5: best_val= 56.25% (ep15) test= 56.25%
  S14 4000ms fold5/5: best_val= 68.75% (ep5) test= 62.50%
S14: 800ms= 60.00%  1500ms= 46.25%  3000ms= 53.75%  4000ms= 55.00%   (71s)
  S15 800ms fold1/5: best_val= 75.00% (ep11) test= 37.50%
  S15 800ms fold2/5: best_val= 75.00% (ep13) test= 62.50%
  S15 800ms fold3/5: best_val= 68.75% (ep12) test= 75.00%
  S15 800ms fold4/5: best_val= 62.50% (ep3) test= 62.50%
  S15 800ms fold5/5: best_val= 62.50% (ep1) test= 56.25%
  S15 1500ms fold1/5: best_val= 75.00% (ep1) test= 37.50%
  S15 1500ms fold2/5: best_val= 93.75% (ep13) test= 56.25%
  S15 1500ms fold3/5: best_val= 68.75% (ep1) test= 68.75%
  S15 1500ms fold4/5: best_val= 62.50% (ep12) test= 50.00%
  S15 1500ms fold5/5: best_val= 68.75% (ep14) test= 62.50%
  S15 3000ms fold1/5: best_val= 68.75% (ep13) test= 43.75%
  S15 3000ms fold2/5: best_val= 68.75% (ep11) test= 43.75%
  S15 3000ms fold3/5: best_val= 62.50% (ep1) test= 56.25%
  S15 3000ms fold4/5: best_val= 56.25% (ep3) test= 75.00%
  S15 3000ms fold5/5: best_val= 62.50% (ep6) test= 50.00%
  S15 4000ms fold1/5: best_val= 62.50% (ep2) test= 50.00%
  S15 4000ms fold2/5: best_val= 75.00% (ep26) test= 50.00%
  S15 4000ms fold3/5: best_val= 62.50% (ep2) test= 37.50%
  S15 4000ms fold4/5: best_val= 56.25% (ep1) test= 62.50%
  S15 4000ms fold5/5: best_val= 68.75% (ep4) test= 75.00%
S15: 800ms= 58.75%  1500ms= 55.00%  3000ms= 53.75%  4000ms= 55.00%   (71s)
  S16 800ms fold1/5: best_val= 68.75% (ep20) test= 62.50%
  S16 800ms fold2/5: best_val= 75.00% (ep3) test= 43.75%
  S16 800ms fold3/5: best_val= 56.25% (ep11) test= 56.25%
  S16 800ms fold4/5: best_val= 68.75% (ep1) test= 50.00%
  S16 800ms fold5/5: best_val= 75.00% (ep38) test= 62.50%
  S16 1500ms fold1/5: best_val= 68.75% (ep7) test= 68.75%
  S16 1500ms fold2/5: best_val= 87.50% (ep3) test= 50.00%
  S16 1500ms fold3/5: best_val= 68.75% (ep1) test= 75.00%
  S16 1500ms fold4/5: best_val= 68.75% (ep18) test= 62.50%
  S16 1500ms fold5/5: best_val= 75.00% (ep2) test= 37.50%
  S16 3000ms fold1/5: best_val= 62.50% (ep6) test= 68.75%
  S16 3000ms fold2/5: best_val= 75.00% (ep2) test= 56.25%
  S16 3000ms fold3/5: best_val= 62.50% (ep25) test= 62.50%
  S16 3000ms fold4/5: best_val= 75.00% (ep30) test= 68.75%
  S16 3000ms fold5/5: best_val= 81.25% (ep14) test= 62.50%
  S16 4000ms fold1/5: best_val= 68.75% (ep8) test= 56.25%
  S16 4000ms fold2/5: best_val= 81.25% (ep35) test= 31.25%
  S16 4000ms fold3/5: best_val= 50.00% (ep1) test= 81.25%
  S16 4000ms fold4/5: best_val= 62.50% (ep1) test= 31.25%
  S16 4000ms fold5/5: best_val= 81.25% (ep3) test= 62.50%
S16: 800ms= 55.00%  1500ms= 58.75%  3000ms= 63.75%  4000ms= 52.50%   (71s)
  S17 800ms fold1/5: best_val= 68.75% (ep2) test= 43.75%
  S17 800ms fold2/5: best_val= 75.00% (ep7) test= 43.75%
  S17 800ms fold3/5: best_val= 81.25% (ep3) test= 50.00%
  S17 800ms fold4/5: best_val= 68.75% (ep1) test= 43.75%
  S17 800ms fold5/5: best_val= 81.25% (ep2) test= 56.25%
  S17 1500ms fold1/5: best_val= 62.50% (ep3) test= 50.00%
  S17 1500ms fold2/5: best_val= 68.75% (ep6) test= 56.25%
  S17 1500ms fold3/5: best_val= 68.75% (ep1) test= 25.00%
  S17 1500ms fold4/5: best_val= 75.00% (ep10) test= 81.25%
  S17 1500ms fold5/5: best_val= 56.25% (ep3) test= 56.25%
  S17 3000ms fold1/5: best_val= 62.50% (ep4) test= 56.25%
  S17 3000ms fold2/5: best_val= 68.75% (ep3) test= 43.75%
  S17 3000ms fold3/5: best_val= 81.25% (ep6) test= 43.75%
  S17 3000ms fold4/5: best_val= 75.00% (ep9) test= 68.75%
  S17 3000ms fold5/5: best_val= 75.00% (ep1) test= 56.25%
  S17 4000ms fold1/5: best_val= 56.25% (ep15) test= 50.00%
  S17 4000ms fold2/5: best_val= 62.50% (ep22) test= 62.50%
  S17 4000ms fold3/5: best_val= 81.25% (ep8) test= 50.00%
  S17 4000ms fold4/5: best_val= 68.75% (ep15) test= 68.75%
  S17 4000ms fold5/5: best_val= 56.25% (ep1) test= 50.00%
S17: 800ms= 47.50%  1500ms= 53.75%  3000ms= 53.75%  4000ms= 56.25%   (71s)
  S18 800ms fold1/5: best_val= 75.00% (ep7) test= 43.75%
  S18 800ms fold2/5: best_val= 75.00% (ep8) test= 50.00%
  S18 800ms fold3/5: best_val= 87.50% (ep15) test= 62.50%
  S18 800ms fold4/5: best_val= 68.75% (ep2) test= 75.00%
  S18 800ms fold5/5: best_val= 75.00% (ep7) test= 43.75%
  S18 1500ms fold1/5: best_val= 68.75% (ep1) test= 31.25%
  S18 1500ms fold2/5: best_val= 68.75% (ep4) test= 43.75%
  S18 1500ms fold3/5: best_val= 75.00% (ep38) test= 56.25%
  S18 1500ms fold4/5: best_val= 56.25% (ep1) test= 68.75%
  S18 1500ms fold5/5: best_val= 81.25% (ep16) test= 56.25%
  S18 3000ms fold1/5: best_val= 68.75% (ep1) test= 25.00%
  S18 3000ms fold2/5: best_val= 75.00% (ep24) test= 56.25%
  S18 3000ms fold3/5: best_val= 87.50% (ep9) test= 56.25%
  S18 3000ms fold4/5: best_val= 75.00% (ep26) test= 75.00%
  S18 3000ms fold5/5: best_val= 81.25% (ep9) test= 56.25%
  S18 4000ms fold1/5: best_val= 68.75% (ep23) test= 43.75%
  S18 4000ms fold2/5: best_val= 87.50% (ep30) test= 56.25%
  S18 4000ms fold3/5: best_val= 81.25% (ep7) test= 56.25%
  S18 4000ms fold4/5: best_val= 62.50% (ep8) test= 56.25%
  S18 4000ms fold5/5: best_val= 81.25% (ep13) test= 37.50%
S18: 800ms= 55.00%  1500ms= 51.25%  3000ms= 53.75%  4000ms= 50.00%   (71s)

ALL SUBJECTS COMPLETED — EPS/EFE  (1289s)

====================================================================
SAVED EPS/EFE -> /work/11862/rmaahin/ls6/FineMI-enhancements/ConformerEEG/experiments/option_a/results/full/EPS_EFE
gpu=NVIDIA A100-PCIE-40GB | torch=2.8.0+cu128 | seed=42 | model=conformer_a | mode=full
====================================================================
window_ms   800    1500   3000   4000
subject                              
1          41.11  48.89  58.89  52.22
2          52.50  50.00  51.25  48.75
3          61.25  57.50  55.00  53.75
4          46.25  57.50  47.50  42.50
5          41.25  46.25  45.00  48.75
6          41.25  47.50  56.25  55.00
7          43.75  46.25  43.75  43.75
8          40.00  46.25  43.75  51.25
9          62.50  47.50  58.75  60.00
10         50.00  46.25  47.50  41.25
11         58.75  45.00  41.25  53.75
12         52.50  47.50  52.50  48.75
13         46.25  47.50  33.75  43.75
14         60.00  46.25  53.75  55.00
15         58.75  55.00  53.75  55.00
16         55.00  58.75  63.75  52.50
17         47.50  53.75  53.75  56.25
18         55.00  51.25  53.75  50.00

mean: {800: 50.76, 1500: 49.94, 3000: 50.77, 4000: 50.68}
sd  : {800: 7.65, 1500: 4.54, 3000: 7.35, 4000: 5.21}

Pairs saved so far in /work/11862/rmaahin/ls6/FineMI-enhancements/ConformerEEG/experiments/option_a/results/full: 25/28

Done: pairs [10, 11, 12, 13, 14, 15, 16, 17, 18]
