run_pairs_range: model=conformer_a mode=full range=[19, 28) -> pairs [19, 20, 21, 22, 23, 24, 25, 26, 27]
  dataset_root=/scratch/11862/rmaahin/finemi-dataset/FineMI
  results_root=/work/11862/rmaahin/ls6/FineMI-enhancements/ConformerEEG/experiments/option_a/results/full
  config=/work/11862/rmaahin/ls6/FineMI-enhancements/ConformerEEG/experiments/option_a/config_full.json

##### pair_idx=19 (EPS_SPS) #####

Using device: cuda | gpu=NVIDIA A100-PCIE-40GB | torch=2.8.0+cu128
NOTE: determinism holds per-GPU-model. Record this GPU name.

PAIR: EPS/SPS  (classes 3 vs 5)  model=conformer_a  mode=full
Test time windows: [800, 1500, 3000, 4000] ms
Test time windows (samples): [200, 375, 750, 1000]

Found 0 subject folders
No subject folders; found 18 subject .npz files

BINARY CLASSIFICATION: Class 3 vs Class 5  (EPS/SPS)
  Class 0 (original 3): 725 trials
  Class 1 (original 5): 725 trials

Extracted time windows:
  800ms (200 samples): shape (1450, 62, 200)
  1500ms (375 samples): shape (1450, 62, 375)
  3000ms (750 samples): shape (1450, 62, 750)
  4000ms (1000 samples): shape (1450, 62, 1000)

Model configuration:
  Model: conformer_a
  Channels: 62
  Subjects: [1, 2, 3, 4, 5, 6, 7, 8, 9, 10, 11, 12, 13, 14, 15, 16, 17, 18]
  Time windows: [800, 1500, 3000, 4000] ms
  Classes: 2 (Binary: Class 3 vs Class 5)
  Folds: 5
  Batch size: 32
  Epochs per subject per time window: 50
  S1 800ms fold1/5: best_val= 61.11% (ep15) test= 55.56%
  S1 800ms fold2/5: best_val= 66.67% (ep17) test= 61.11%
  S1 800ms fold3/5: best_val= 61.11% (ep2) test= 50.00%
  S1 800ms fold4/5: best_val= 61.11% (ep2) test= 44.44%
  S1 800ms fold5/5: best_val= 72.22% (ep17) test= 61.11%
  S1 1500ms fold1/5: best_val= 66.67% (ep3) test= 44.44%
  S1 1500ms fold2/5: best_val= 88.89% (ep8) test= 61.11%
  S1 1500ms fold3/5: best_val= 72.22% (ep7) test= 44.44%
  S1 1500ms fold4/5: best_val= 66.67% (ep2) test= 55.56%
  S1 1500ms fold5/5: best_val= 66.67% (ep15) test= 61.11%
  S1 3000ms fold1/5: best_val= 66.67% (ep3) test= 50.00%
  S1 3000ms fold2/5: best_val= 88.89% (ep12) test= 55.56%
  S1 3000ms fold3/5: best_val= 66.67% (ep7) test= 50.00%
  S1 3000ms fold4/5: best_val= 72.22% (ep18) test= 55.56%
  S1 3000ms fold5/5: best_val= 72.22% (ep34) test= 44.44%
  S1 4000ms fold1/5: best_val= 66.67% (ep7) test= 50.00%
  S1 4000ms fold2/5: best_val= 83.33% (ep35) test= 55.56%
  S1 4000ms fold3/5: best_val= 61.11% (ep6) test= 44.44%
  S1 4000ms fold4/5: best_val= 72.22% (ep4) test= 50.00%
  S1 4000ms fold5/5: best_val= 77.78% (ep12) test= 55.56%
S 1: 800ms= 54.44%  1500ms= 53.33%  3000ms= 51.11%  4000ms= 51.11%   (134s)
  S2 800ms fold1/5: best_val= 68.75% (ep27) test= 56.25%
  S2 800ms fold2/5: best_val= 62.50% (ep6) test= 50.00%
  S2 800ms fold3/5: best_val= 68.75% (ep42) test= 43.75%
  S2 800ms fold4/5: best_val= 56.25% (ep3) test= 37.50%
  S2 800ms fold5/5: best_val= 62.50% (ep1) test= 43.75%
  S2 1500ms fold1/5: best_val= 68.75% (ep2) test= 68.75%
  S2 1500ms fold2/5: best_val= 62.50% (ep3) test= 43.75%
  S2 1500ms fold3/5: best_val= 75.00% (ep13) test= 43.75%
  S2 1500ms fold4/5: best_val= 56.25% (ep2) test= 43.75%
  S2 1500ms fold5/5: best_val= 68.75% (ep32) test= 62.50%
  S2 3000ms fold1/5: best_val= 62.50% (ep3) test= 43.75%
  S2 3000ms fold2/5: best_val= 62.50% (ep7) test= 43.75%
  S2 3000ms fold3/5: best_val= 81.25% (ep47) test= 50.00%
  S2 3000ms fold4/5: best_val= 50.00% (ep1) test= 43.75%
  S2 3000ms fold5/5: best_val= 81.25% (ep26) test= 68.75%
  S2 4000ms fold1/5: best_val= 62.50% (ep19) test= 62.50%
  S2 4000ms fold2/5: best_val= 62.50% (ep1) test= 31.25%
  S2 4000ms fold3/5: best_val= 75.00% (ep27) test= 43.75%
  S2 4000ms fold4/5: best_val= 56.25% (ep3) test= 37.50%
  S2 4000ms fold5/5: best_val= 68.75% (ep11) test= 43.75%
S 2: 800ms= 46.25%  1500ms= 52.50%  3000ms= 50.00%  4000ms= 43.75%   (71s)
  S3 800ms fold1/5: best_val= 75.00% (ep12) test= 68.75%
  S3 800ms fold2/5: best_val= 87.50% (ep10) test= 81.25%
  S3 800ms fold3/5: best_val= 75.00% (ep1) test= 68.75%
  S3 800ms fold4/5: best_val= 87.50% (ep15) test= 75.00%
  S3 800ms fold5/5: best_val= 81.25% (ep30) test= 81.25%
  S3 1500ms fold1/5: best_val= 81.25% (ep16) test= 62.50%
  S3 1500ms fold2/5: best_val= 87.50% (ep13) test= 81.25%
  S3 1500ms fold3/5: best_val= 62.50% (ep7) test= 62.50%
  S3 1500ms fold4/5: best_val= 87.50% (ep20) test= 81.25%
  S3 1500ms fold5/5: best_val= 81.25% (ep4) test= 68.75%
  S3 3000ms fold1/5: best_val= 75.00% (ep4) test= 50.00%
  S3 3000ms fold2/5: best_val= 81.25% (ep12) test= 62.50%
  S3 3000ms fold3/5: best_val= 75.00% (ep19) test= 62.50%
  S3 3000ms fold4/5: best_val= 81.25% (ep30) test= 68.75%
  S3 3000ms fold5/5: best_val= 62.50% (ep1) test= 50.00%
  S3 4000ms fold1/5: best_val= 75.00% (ep25) test= 68.75%
  S3 4000ms fold2/5: best_val= 75.00% (ep26) test= 75.00%
  S3 4000ms fold3/5: best_val= 68.75% (ep8) test= 62.50%
  S3 4000ms fold4/5: best_val= 81.25% (ep13) test= 75.00%
  S3 4000ms fold5/5: best_val= 68.75% (ep1) test= 50.00%
S 3: 800ms= 75.00%  1500ms= 71.25%  3000ms= 58.75%  4000ms= 66.25%   (71s)
  S4 800ms fold1/5: best_val= 81.25% (ep20) test= 81.25%
  S4 800ms fold2/5: best_val= 87.50% (ep34) test= 68.75%
  S4 800ms fold3/5: best_val=100.00% (ep39) test= 93.75%
  S4 800ms fold4/5: best_val= 87.50% (ep13) test= 68.75%
  S4 800ms fold5/5: best_val= 68.75% (ep1) test= 43.75%
  S4 1500ms fold1/5: best_val= 81.25% (ep5) test= 56.25%
  S4 1500ms fold2/5: best_val= 75.00% (ep6) test= 50.00%
  S4 1500ms fold3/5: best_val= 93.75% (ep21) test= 87.50%
  S4 1500ms fold4/5: best_val= 68.75% (ep2) test= 50.00%
  S4 1500ms fold5/5: best_val= 87.50% (ep26) test= 68.75%
  S4 3000ms fold1/5: best_val= 81.25% (ep14) test= 75.00%
  S4 3000ms fold2/5: best_val= 75.00% (ep20) test= 56.25%
  S4 3000ms fold3/5: best_val= 81.25% (ep20) test= 68.75%
  S4 3000ms fold4/5: best_val= 62.50% (ep4) test= 56.25%
  S4 3000ms fold5/5: best_val= 87.50% (ep15) test= 62.50%
  S4 4000ms fold1/5: best_val= 75.00% (ep2) test= 56.25%
  S4 4000ms fold2/5: best_val= 87.50% (ep1) test= 62.50%
  S4 4000ms fold3/5: best_val= 81.25% (ep10) test= 81.25%
  S4 4000ms fold4/5: best_val= 75.00% (ep8) test= 68.75%
  S4 4000ms fold5/5: best_val= 68.75% (ep10) test= 62.50%
S 4: 800ms= 71.25%  1500ms= 62.50%  3000ms= 63.75%  4000ms= 66.25%   (71s)
  S5 800ms fold1/5: best_val= 75.00% (ep19) test= 62.50%
  S5 800ms fold2/5: best_val= 75.00% (ep21) test= 56.25%
  S5 800ms fold3/5: best_val= 75.00% (ep1) test= 56.25%
  S5 800ms fold4/5: best_val= 68.75% (ep1) test= 37.50%
  S5 800ms fold5/5: best_val= 75.00% (ep22) test= 43.75%
  S5 1500ms fold1/5: best_val= 56.25% (ep6) test= 62.50%
  S5 1500ms fold2/5: best_val= 75.00% (ep11) test= 50.00%
  S5 1500ms fold3/5: best_val= 68.75% (ep7) test= 37.50%
  S5 1500ms fold4/5: best_val= 68.75% (ep19) test= 50.00%
  S5 1500ms fold5/5: best_val= 81.25% (ep9) test= 56.25%
  S5 3000ms fold1/5: best_val= 62.50% (ep8) test= 50.00%
  S5 3000ms fold2/5: best_val= 81.25% (ep9) test= 56.25%
  S5 3000ms fold3/5: best_val= 81.25% (ep1) test= 56.25%
  S5 3000ms fold4/5: best_val= 75.00% (ep4) test= 43.75%
  S5 3000ms fold5/5: best_val= 75.00% (ep29) test= 43.75%
  S5 4000ms fold1/5: best_val= 62.50% (ep2) test= 68.75%
  S5 4000ms fold2/5: best_val= 62.50% (ep4) test= 75.00%
  S5 4000ms fold3/5: best_val= 68.75% (ep16) test= 50.00%
  S5 4000ms fold4/5: best_val= 75.00% (ep7) test= 50.00%
  S5 4000ms fold5/5: best_val= 75.00% (ep18) test= 68.75%
S 5: 800ms= 51.25%  1500ms= 51.25%  3000ms= 50.00%  4000ms= 62.50%   (71s)
  S6 800ms fold1/5: best_val= 50.00% (ep1) test= 50.00%
  S6 800ms fold2/5: best_val= 43.75% (ep1) test= 50.00%
  S6 800ms fold3/5: best_val= 68.75% (ep4) test= 43.75%
  S6 800ms fold4/5: best_val= 50.00% (ep1) test= 56.25%
  S6 800ms fold5/5: best_val= 43.75% (ep1) test= 50.00%
  S6 1500ms fold1/5: best_val= 56.25% (ep1) test= 68.75%
  S6 1500ms fold2/5: best_val= 50.00% (ep2) test= 68.75%
  S6 1500ms fold3/5: best_val= 68.75% (ep3) test= 62.50%
  S6 1500ms fold4/5: best_val= 62.50% (ep6) test= 50.00%
  S6 1500ms fold5/5: best_val= 56.25% (ep1) test= 50.00%
  S6 3000ms fold1/5: best_val= 75.00% (ep12) test= 75.00%
  S6 3000ms fold2/5: best_val= 50.00% (ep21) test= 68.75%
  S6 3000ms fold3/5: best_val= 68.75% (ep4) test= 31.25%
  S6 3000ms fold4/5: best_val= 75.00% (ep6) test= 50.00%
  S6 3000ms fold5/5: best_val= 62.50% (ep19) test= 50.00%
  S6 4000ms fold1/5: best_val= 62.50% (ep2) test= 50.00%
  S6 4000ms fold2/5: best_val= 75.00% (ep5) test= 43.75%
  S6 4000ms fold3/5: best_val= 68.75% (ep3) test= 50.00%
  S6 4000ms fold4/5: best_val= 62.50% (ep3) test= 56.25%
  S6 4000ms fold5/5: best_val= 56.25% (ep5) test= 50.00%
S 6: 800ms= 50.00%  1500ms= 60.00%  3000ms= 55.00%  4000ms= 50.00%   (71s)
  S7 800ms fold1/5: best_val= 81.25% (ep6) test= 56.25%
  S7 800ms fold2/5: best_val= 50.00% (ep1) test= 43.75%
  S7 800ms fold3/5: best_val= 81.25% (ep30) test= 50.00%
  S7 800ms fold4/5: best_val= 56.25% (ep1) test= 56.25%
  S7 800ms fold5/5: best_val= 56.25% (ep5) test= 62.50%
  S7 1500ms fold1/5: best_val= 75.00% (ep6) test= 50.00%
  S7 1500ms fold2/5: best_val= 62.50% (ep13) test= 56.25%
  S7 1500ms fold3/5: best_val= 75.00% (ep10) test= 25.00%
  S7 1500ms fold4/5: best_val= 56.25% (ep2) test= 56.25%
  S7 1500ms fold5/5: best_val= 56.25% (ep31) test= 68.75%
  S7 3000ms fold1/5: best_val= 62.50% (ep18) test= 50.00%
  S7 3000ms fold2/5: best_val= 62.50% (ep1) test= 50.00%
  S7 3000ms fold3/5: best_val= 62.50% (ep1) test= 50.00%
  S7 3000ms fold4/5: best_val= 56.25% (ep1) test= 50.00%
  S7 3000ms fold5/5: best_val= 56.25% (ep16) test= 37.50%
  S7 4000ms fold1/5: best_val= 62.50% (ep8) test= 56.25%
  S7 4000ms fold2/5: best_val= 68.75% (ep15) test= 43.75%
  S7 4000ms fold3/5: best_val= 56.25% (ep4) test= 25.00%
  S7 4000ms fold4/5: best_val= 56.25% (ep3) test= 56.25%
  S7 4000ms fold5/5: best_val= 75.00% (ep12) test= 43.75%
S 7: 800ms= 53.75%  1500ms= 51.25%  3000ms= 47.50%  4000ms= 45.00%   (71s)
  S8 800ms fold1/5: best_val= 62.50% (ep4) test= 56.25%
  S8 800ms fold2/5: best_val= 56.25% (ep16) test= 50.00%
  S8 800ms fold3/5: best_val= 68.75% (ep2) test= 50.00%
  S8 800ms fold4/5: best_val= 75.00% (ep3) test= 50.00%
  S8 800ms fold5/5: best_val= 75.00% (ep5) test= 62.50%
  S8 1500ms fold1/5: best_val= 62.50% (ep1) test= 68.75%
  S8 1500ms fold2/5: best_val= 62.50% (ep1) test= 31.25%
  S8 1500ms fold3/5: best_val= 56.25% (ep1) test= 56.25%
  S8 1500ms fold4/5: best_val= 56.25% (ep1) test= 50.00%
  S8 1500ms fold5/5: best_val= 62.50% (ep8) test= 62.50%
  S8 3000ms fold1/5: best_val= 62.50% (ep15) test= 43.75%
  S8 3000ms fold2/5: best_val= 68.75% (ep8) test= 50.00%
  S8 3000ms fold3/5: best_val= 56.25% (ep1) test= 56.25%
  S8 3000ms fold4/5: best_val= 68.75% (ep2) test= 50.00%
  S8 3000ms fold5/5: best_val= 68.75% (ep9) test= 50.00%
  S8 4000ms fold1/5: best_val= 50.00% (ep1) test= 62.50%
  S8 4000ms fold2/5: best_val= 56.25% (ep1) test= 37.50%
  S8 4000ms fold3/5: best_val= 75.00% (ep5) test= 56.25%
  S8 4000ms fold4/5: best_val= 75.00% (ep11) test= 56.25%
  S8 4000ms fold5/5: best_val= 68.75% (ep1) test= 56.25%
S 8: 800ms= 53.75%  1500ms= 53.75%  3000ms= 50.00%  4000ms= 53.75%   (71s)
  S9 800ms fold1/5: best_val= 50.00% (ep12) test= 68.75%
  S9 800ms fold2/5: best_val= 81.25% (ep2) test= 68.75%
  S9 800ms fold3/5: best_val= 56.25% (ep2) test= 56.25%
  S9 800ms fold4/5: best_val= 56.25% (ep15) test= 43.75%
  S9 800ms fold5/5: best_val= 81.25% (ep6) test= 31.25%
  S9 1500ms fold1/5: best_val= 68.75% (ep16) test= 56.25%
  S9 1500ms fold2/5: best_val= 62.50% (ep1) test= 62.50%
  S9 1500ms fold3/5: best_val= 68.75% (ep1) test= 62.50%
  S9 1500ms fold4/5: best_val= 56.25% (ep13) test= 50.00%
  S9 1500ms fold5/5: best_val= 81.25% (ep13) test= 56.25%
  S9 3000ms fold1/5: best_val= 68.75% (ep13) test= 75.00%
  S9 3000ms fold2/5: best_val= 62.50% (ep2) test= 68.75%
  S9 3000ms fold3/5: best_val= 68.75% (ep7) test= 56.25%
  S9 3000ms fold4/5: best_val= 56.25% (ep1) test= 37.50%
  S9 3000ms fold5/5: best_val= 87.50% (ep2) test= 43.75%
  S9 4000ms fold1/5: best_val= 75.00% (ep3) test= 62.50%
  S9 4000ms fold2/5: best_val= 75.00% (ep20) test= 62.50%
  S9 4000ms fold3/5: best_val= 62.50% (ep12) test= 75.00%
  S9 4000ms fold4/5: best_val= 62.50% (ep3) test= 56.25%
  S9 4000ms fold5/5: best_val= 68.75% (ep3) test= 43.75%
S 9: 800ms= 53.75%  1500ms= 57.50%  3000ms= 56.25%  4000ms= 60.00%   (71s)
  S10 800ms fold1/5: best_val= 68.75% (ep5) test= 56.25%
  S10 800ms fold2/5: best_val= 81.25% (ep19) test= 68.75%
  S10 800ms fold3/5: best_val= 75.00% (ep1) test= 68.75%
  S10 800ms fold4/5: best_val= 75.00% (ep21) test= 50.00%
  S10 800ms fold5/5: best_val= 68.75% (ep2) test= 37.50%
  S10 1500ms fold1/5: best_val= 68.75% (ep4) test= 43.75%
  S10 1500ms fold2/5: best_val= 81.25% (ep8) test= 50.00%
  S10 1500ms fold3/5: best_val= 81.25% (ep1) test= 37.50%
  S10 1500ms fold4/5: best_val= 81.25% (ep2) test= 37.50%
  S10 1500ms fold5/5: best_val= 87.50% (ep7) test= 50.00%
  S10 3000ms fold1/5: best_val= 62.50% (ep1) test= 62.50%
  S10 3000ms fold2/5: best_val= 68.75% (ep12) test= 68.75%
  S10 3000ms fold3/5: best_val= 75.00% (ep10) test= 68.75%
  S10 3000ms fold4/5: best_val= 62.50% (ep1) test= 37.50%
  S10 3000ms fold5/5: best_val= 75.00% (ep5) test= 37.50%
  S10 4000ms fold1/5: best_val= 62.50% (ep13) test= 56.25%
  S10 4000ms fold2/5: best_val= 68.75% (ep5) test= 62.50%
  S10 4000ms fold3/5: best_val= 68.75% (ep1) test= 43.75%
  S10 4000ms fold4/5: best_val= 68.75% (ep14) test= 37.50%
  S10 4000ms fold5/5: best_val= 68.75% (ep7) test= 37.50%
S10: 800ms= 56.25%  1500ms= 43.75%  3000ms= 55.00%  4000ms= 47.50%   (71s)
  S11 800ms fold1/5: best_val= 81.25% (ep3) test= 50.00%
  S11 800ms fold2/5: best_val= 50.00% (ep2) test= 50.00%
  S11 800ms fold3/5: best_val= 68.75% (ep26) test= 31.25%
  S11 800ms fold4/5: best_val= 62.50% (ep1) test= 81.25%
  S11 800ms fold5/5: best_val= 68.75% (ep24) test= 50.00%
  S11 1500ms fold1/5: best_val= 56.25% (ep5) test= 56.25%
  S11 1500ms fold2/5: best_val= 56.25% (ep1) test= 37.50%
  S11 1500ms fold3/5: best_val= 62.50% (ep4) test= 43.75%
  S11 1500ms fold4/5: best_val= 62.50% (ep2) test= 50.00%
  S11 1500ms fold5/5: best_val= 62.50% (ep20) test= 56.25%
  S11 3000ms fold1/5: best_val= 62.50% (ep33) test= 62.50%
  S11 3000ms fold2/5: best_val= 50.00% (ep6) test= 37.50%
  S11 3000ms fold3/5: best_val= 81.25% (ep16) test= 56.25%
  S11 3000ms fold4/5: best_val= 56.25% (ep1) test= 31.25%
  S11 3000ms fold5/5: best_val= 68.75% (ep20) test= 62.50%
  S11 4000ms fold1/5: best_val= 75.00% (ep27) test= 62.50%
  S11 4000ms fold2/5: best_val= 37.50% (ep2) test= 37.50%
  S11 4000ms fold3/5: best_val= 56.25% (ep1) test= 50.00%
  S11 4000ms fold4/5: best_val= 62.50% (ep12) test= 62.50%
  S11 4000ms fold5/5: best_val= 81.25% (ep14) test= 68.75%
S11: 800ms= 52.50%  1500ms= 48.75%  3000ms= 50.00%  4000ms= 56.25%   (71s)
  S12 800ms fold1/5: best_val= 68.75% (ep4) test= 43.75%
  S12 800ms fold2/5: best_val= 56.25% (ep45) test= 50.00%
  S12 800ms fold3/5: best_val= 75.00% (ep16) test= 18.75%
  S12 800ms fold4/5: best_val= 75.00% (ep38) test= 25.00%
  S12 800ms fold5/5: best_val= 68.75% (ep6) test= 50.00%
  S12 1500ms fold1/5: best_val= 62.50% (ep11) test= 37.50%
  S12 1500ms fold2/5: best_val= 68.75% (ep1) test= 37.50%
  S12 1500ms fold3/5: best_val= 81.25% (ep14) test= 25.00%
  S12 1500ms fold4/5: best_val= 68.75% (ep4) test= 37.50%
  S12 1500ms fold5/5: best_val= 62.50% (ep17) test= 31.25%
  S12 3000ms fold1/5: best_val= 62.50% (ep11) test= 50.00%
  S12 3000ms fold2/5: best_val= 68.75% (ep19) test= 50.00%
  S12 3000ms fold3/5: best_val= 56.25% (ep1) test= 37.50%
  S12 3000ms fold4/5: best_val= 56.25% (ep3) test= 43.75%
  S12 3000ms fold5/5: best_val= 75.00% (ep3) test= 31.25%
  S12 4000ms fold1/5: best_val= 68.75% (ep8) test= 56.25%
  S12 4000ms fold2/5: best_val= 68.75% (ep1) test= 62.50%
  S12 4000ms fold3/5: best_val= 68.75% (ep3) test= 31.25%
  S12 4000ms fold4/5: best_val= 62.50% (ep5) test= 43.75%
  S12 4000ms fold5/5: best_val= 75.00% (ep5) test= 37.50%
S12: 800ms= 37.50%  1500ms= 33.75%  3000ms= 42.50%  4000ms= 46.25%   (69s)
  S13 800ms fold1/5: best_val= 56.25% (ep18) test= 62.50%
  S13 800ms fold2/5: best_val= 75.00% (ep1) test= 50.00%
  S13 800ms fold3/5: best_val= 81.25% (ep11) test= 50.00%
  S13 800ms fold4/5: best_val= 75.00% (ep23) test= 62.50%
  S13 800ms fold5/5: best_val= 68.75% (ep6) test= 56.25%
  S13 1500ms fold1/5: best_val= 68.75% (ep6) test= 50.00%
  S13 1500ms fold2/5: best_val= 62.50% (ep1) test= 43.75%
  S13 1500ms fold3/5: best_val= 68.75% (ep10) test= 31.25%
  S13 1500ms fold4/5: best_val= 75.00% (ep17) test= 37.50%
  S13 1500ms fold5/5: best_val= 68.75% (ep4) test= 50.00%
  S13 3000ms fold1/5: best_val= 50.00% (ep1) test= 43.75%
  S13 3000ms fold2/5: best_val= 75.00% (ep15) test= 62.50%
  S13 3000ms fold3/5: best_val= 68.75% (ep6) test= 56.25%
  S13 3000ms fold4/5: best_val= 81.25% (ep18) test= 43.75%
  S13 3000ms fold5/5: best_val= 75.00% (ep11) test= 37.50%
  S13 4000ms fold1/5: best_val= 68.75% (ep2) test= 56.25%
  S13 4000ms fold2/5: best_val= 62.50% (ep29) test= 50.00%
  S13 4000ms fold3/5: best_val= 75.00% (ep9) test= 56.25%
  S13 4000ms fold4/5: best_val= 81.25% (ep6) test= 56.25%
  S13 4000ms fold5/5: best_val= 68.75% (ep43) test= 37.50%
S13: 800ms= 56.25%  1500ms= 42.50%  3000ms= 48.75%  4000ms= 51.25%   (69s)
  S14 800ms fold1/5: best_val= 50.00% (ep3) test= 37.50%
  S14 800ms fold2/5: best_val= 50.00% (ep3) test= 56.25%
  S14 800ms fold3/5: best_val= 62.50% (ep3) test= 25.00%
  S14 800ms fold4/5: best_val= 50.00% (ep2) test= 50.00%
  S14 800ms fold5/5: best_val= 56.25% (ep2) test= 50.00%
  S14 1500ms fold1/5: best_val= 56.25% (ep9) test= 31.25%
  S14 1500ms fold2/5: best_val= 56.25% (ep5) test= 50.00%
  S14 1500ms fold3/5: best_val= 68.75% (ep41) test= 50.00%
  S14 1500ms fold4/5: best_val= 50.00% (ep2) test= 68.75%
  S14 1500ms fold5/5: best_val= 62.50% (ep6) test= 43.75%
  S14 3000ms fold1/5: best_val= 43.75% (ep1) test= 43.75%
  S14 3000ms fold2/5: best_val= 68.75% (ep4) test= 62.50%
  S14 3000ms fold3/5: best_val= 68.75% (ep3) test= 37.50%
  S14 3000ms fold4/5: best_val= 68.75% (ep9) test= 50.00%
  S14 3000ms fold5/5: best_val= 62.50% (ep6) test= 43.75%
  S14 4000ms fold1/5: best_val= 50.00% (ep8) test= 37.50%
  S14 4000ms fold2/5: best_val= 68.75% (ep9) test= 68.75%
  S14 4000ms fold3/5: best_val= 68.75% (ep23) test= 31.25%
  S14 4000ms fold4/5: best_val= 68.75% (ep17) test= 56.25%
  S14 4000ms fold5/5: best_val= 68.75% (ep1) test= 56.25%
S14: 800ms= 43.75%  1500ms= 48.75%  3000ms= 47.50%  4000ms= 50.00%   (69s)
  S15 800ms fold1/5: best_val= 81.25% (ep12) test= 25.00%
  S15 800ms fold2/5: best_val= 68.75% (ep28) test= 68.75%
  S15 800ms fold3/5: best_val= 56.25% (ep1) test= 56.25%
  S15 800ms fold4/5: best_val= 56.25% (ep2) test= 62.50%
  S15 800ms fold5/5: best_val= 50.00% (ep6) test= 68.75%
  S15 1500ms fold1/5: best_val= 87.50% (ep24) test= 43.75%
  S15 1500ms fold2/5: best_val= 62.50% (ep26) test= 68.75%
  S15 1500ms fold3/5: best_val= 81.25% (ep1) test= 62.50%
  S15 1500ms fold4/5: best_val= 68.75% (ep5) test= 75.00%
  S15 1500ms fold5/5: best_val= 62.50% (ep14) test= 68.75%
  S15 3000ms fold1/5: best_val= 68.75% (ep1) test= 37.50%
  S15 3000ms fold2/5: best_val= 62.50% (ep4) test= 56.25%
  S15 3000ms fold3/5: best_val= 62.50% (ep1) test= 50.00%
  S15 3000ms fold4/5: best_val= 56.25% (ep27) test= 43.75%
  S15 3000ms fold5/5: best_val= 50.00% (ep2) test= 50.00%
  S15 4000ms fold1/5: best_val= 81.25% (ep8) test= 43.75%
  S15 4000ms fold2/5: best_val= 68.75% (ep21) test= 43.75%
  S15 4000ms fold3/5: best_val= 68.75% (ep18) test= 62.50%
  S15 4000ms fold4/5: best_val= 56.25% (ep2) test= 50.00%
  S15 4000ms fold5/5: best_val= 68.75% (ep1) test= 56.25%
S15: 800ms= 56.25%  1500ms= 63.75%  3000ms= 47.50%  4000ms= 51.25%   (69s)
  S16 800ms fold1/5: best_val= 81.25% (ep12) test= 62.50%
  S16 800ms fold2/5: best_val= 62.50% (ep12) test= 62.50%
  S16 800ms fold3/5: best_val= 75.00% (ep13) test= 62.50%
  S16 800ms fold4/5: best_val= 50.00% (ep3) test= 50.00%
  S16 800ms fold5/5: best_val= 68.75% (ep18) test= 62.50%
  S16 1500ms fold1/5: best_val= 56.25% (ep20) test= 68.75%
  S16 1500ms fold2/5: best_val= 68.75% (ep1) test= 56.25%
  S16 1500ms fold3/5: best_val= 62.50% (ep1) test= 43.75%
  S16 1500ms fold4/5: best_val= 68.75% (ep13) test= 62.50%
  S16 1500ms fold5/5: best_val= 68.75% (ep28) test= 68.75%
  S16 3000ms fold1/5: best_val= 56.25% (ep1) test= 56.25%
  S16 3000ms fold2/5: best_val= 62.50% (ep4) test= 50.00%
  S16 3000ms fold3/5: best_val= 75.00% (ep8) test= 62.50%
  S16 3000ms fold4/5: best_val= 62.50% (ep13) test= 50.00%
  S16 3000ms fold5/5: best_val= 75.00% (ep18) test= 68.75%
  S16 4000ms fold1/5: best_val= 56.25% (ep1) test= 62.50%
  S16 4000ms fold2/5: best_val= 75.00% (ep4) test= 50.00%
  S16 4000ms fold3/5: best_val= 68.75% (ep1) test= 50.00%
  S16 4000ms fold4/5: best_val= 68.75% (ep12) test= 43.75%
  S16 4000ms fold5/5: best_val= 68.75% (ep1) test= 81.25%
S16: 800ms= 60.00%  1500ms= 60.00%  3000ms= 57.50%  4000ms= 57.50%   (69s)
  S17 800ms fold1/5: best_val= 75.00% (ep11) test= 62.50%
  S17 800ms fold2/5: best_val= 62.50% (ep8) test= 62.50%
  S17 800ms fold3/5: best_val= 56.25% (ep5) test= 62.50%
  S17 800ms fold4/5: best_val= 68.75% (ep4) test= 37.50%
  S17 800ms fold5/5: best_val= 68.75% (ep2) test= 56.25%
  S17 1500ms fold1/5: best_val= 62.50% (ep9) test= 43.75%
  S17 1500ms fold2/5: best_val= 50.00% (ep1) test= 68.75%
  S17 1500ms fold3/5: best_val= 62.50% (ep11) test= 56.25%
  S17 1500ms fold4/5: best_val= 62.50% (ep8) test= 43.75%
  S17 1500ms fold5/5: best_val= 62.50% (ep2) test= 62.50%
  S17 3000ms fold1/5: best_val= 75.00% (ep29) test= 37.50%
  S17 3000ms fold2/5: best_val= 68.75% (ep6) test= 75.00%
  S17 3000ms fold3/5: best_val= 75.00% (ep36) test= 50.00%
  S17 3000ms fold4/5: best_val= 68.75% (ep5) test= 43.75%
  S17 3000ms fold5/5: best_val= 50.00% (ep2) test= 56.25%
  S17 4000ms fold1/5: best_val= 87.50% (ep18) test= 50.00%
  S17 4000ms fold2/5: best_val= 56.25% (ep2) test= 56.25%
  S17 4000ms fold3/5: best_val= 62.50% (ep1) test= 62.50%
  S17 4000ms fold4/5: best_val= 62.50% (ep6) test= 43.75%
  S17 4000ms fold5/5: best_val= 81.25% (ep1) test= 62.50%
S17: 800ms= 56.25%  1500ms= 55.00%  3000ms= 52.50%  4000ms= 55.00%   (69s)
  S18 800ms fold1/5: best_val= 75.00% (ep2) test= 56.25%
  S18 800ms fold2/5: best_val= 56.25% (ep2) test= 37.50%
  S18 800ms fold3/5: best_val= 68.75% (ep16) test= 37.50%
  S18 800ms fold4/5: best_val= 56.25% (ep21) test= 50.00%
  S18 800ms fold5/5: best_val= 81.25% (ep25) test= 56.25%
  S18 1500ms fold1/5: best_val= 62.50% (ep1) test= 50.00%
  S18 1500ms fold2/5: best_val= 68.75% (ep1) test= 43.75%
  S18 1500ms fold3/5: best_val= 75.00% (ep17) test= 62.50%
  S18 1500ms fold4/5: best_val= 75.00% (ep5) test= 50.00%
  S18 1500ms fold5/5: best_val= 81.25% (ep17) test= 68.75%
  S18 3000ms fold1/5: best_val= 62.50% (ep4) test= 31.25%
  S18 3000ms fold2/5: best_val= 62.50% (ep5) test= 43.75%
  S18 3000ms fold3/5: best_val= 81.25% (ep41) test= 43.75%
  S18 3000ms fold4/5: best_val= 62.50% (ep7) test= 37.50%
  S18 3000ms fold5/5: best_val= 75.00% (ep11) test= 50.00%
  S18 4000ms fold1/5: best_val= 62.50% (ep3) test= 50.00%
  S18 4000ms fold2/5: best_val= 81.25% (ep13) test= 43.75%
  S18 4000ms fold3/5: best_val= 62.50% (ep2) test= 43.75%
  S18 4000ms fold4/5: best_val= 75.00% (ep26) test= 68.75%
  S18 4000ms fold5/5: best_val= 75.00% (ep11) test= 56.25%
S18: 800ms= 47.50%  1500ms= 55.00%  3000ms= 41.25%  4000ms= 52.50%   (69s)

ALL SUBJECTS COMPLETED — EPS/SPS  (1327s)

====================================================================
SAVED EPS/SPS -> /work/11862/rmaahin/ls6/FineMI-enhancements/ConformerEEG/experiments/option_a/results/full/EPS_SPS
gpu=NVIDIA A100-PCIE-40GB | torch=2.8.0+cu128 | seed=42 | model=conformer_a | mode=full
====================================================================
window_ms   800    1500   3000   4000
subject                              
1          54.44  53.33  51.11  51.11
2          46.25  52.50  50.00  43.75
3          75.00  71.25  58.75  66.25
4          71.25  62.50  63.75  66.25
5          51.25  51.25  50.00  62.50
6          50.00  60.00  55.00  50.00
7          53.75  51.25  47.50  45.00
8          53.75  53.75  50.00  53.75
9          53.75  57.50  56.25  60.00
10         56.25  43.75  55.00  47.50
11         52.50  48.75  50.00  56.25
12         37.50  33.75  42.50  46.25
13         56.25  42.50  48.75  51.25
14         43.75  48.75  47.50  50.00
15         56.25  63.75  47.50  51.25
16         60.00  60.00  57.50  57.50
17         56.25  55.00  52.50  55.00
18         47.50  55.00  41.25  52.50

mean: {800: 54.21, 1500: 53.59, 3000: 51.38, 4000: 53.67}
sd  : {800: 8.74, 1500: 8.64, 3000: 5.62, 4000: 6.73}

Pairs saved so far in /work/11862/rmaahin/ls6/FineMI-enhancements/ConformerEEG/experiments/option_a/results/full: 1/28

##### pair_idx=20 (EPS_SAA) #####

Using device: cuda | gpu=NVIDIA A100-PCIE-40GB | torch=2.8.0+cu128
NOTE: determinism holds per-GPU-model. Record this GPU name.

PAIR: EPS/SAA  (classes 3 vs 6)  model=conformer_a  mode=full
Test time windows: [800, 1500, 3000, 4000] ms
Test time windows (samples): [200, 375, 750, 1000]

BINARY CLASSIFICATION: Class 3 vs Class 6  (EPS/SAA)
  Class 0 (original 3): 725 trials
  Class 1 (original 6): 725 trials

Extracted time windows:
  800ms (200 samples): shape (1450, 62, 200)
  1500ms (375 samples): shape (1450, 62, 375)
  3000ms (750 samples): shape (1450, 62, 750)
  4000ms (1000 samples): shape (1450, 62, 1000)

Model configuration:
  Model: conformer_a
  Channels: 62
  Subjects: [1, 2, 3, 4, 5, 6, 7, 8, 9, 10, 11, 12, 13, 14, 15, 16, 17, 18]
  Time windows: [800, 1500, 3000, 4000] ms
  Classes: 2 (Binary: Class 3 vs Class 6)
  Folds: 5
  Batch size: 32
  Epochs per subject per time window: 50
  S1 800ms fold1/5: best_val= 72.22% (ep22) test= 50.00%
  S1 800ms fold2/5: best_val= 61.11% (ep13) test= 44.44%
  S1 800ms fold3/5: best_val= 77.78% (ep3) test= 61.11%
  S1 800ms fold4/5: best_val= 72.22% (ep2) test= 55.56%
  S1 800ms fold5/5: best_val= 77.78% (ep6) test= 61.11%
  S1 1500ms fold1/5: best_val= 72.22% (ep4) test= 55.56%
  S1 1500ms fold2/5: best_val= 72.22% (ep2) test= 55.56%
  S1 1500ms fold3/5: best_val= 66.67% (ep26) test= 61.11%
  S1 1500ms fold4/5: best_val= 66.67% (ep2) test= 61.11%
  S1 1500ms fold5/5: best_val= 66.67% (ep27) test= 55.56%
  S1 3000ms fold1/5: best_val= 61.11% (ep1) test= 66.67%
  S1 3000ms fold2/5: best_val= 66.67% (ep10) test= 66.67%
  S1 3000ms fold3/5: best_val= 77.78% (ep13) test= 38.89%
  S1 3000ms fold4/5: best_val= 77.78% (ep5) test= 61.11%
  S1 3000ms fold5/5: best_val= 72.22% (ep7) test= 72.22%
  S1 4000ms fold1/5: best_val= 77.78% (ep2) test= 55.56%
  S1 4000ms fold2/5: best_val= 61.11% (ep3) test= 66.67%
  S1 4000ms fold3/5: best_val= 83.33% (ep1) test= 38.89%
  S1 4000ms fold4/5: best_val= 66.67% (ep19) test= 50.00%
  S1 4000ms fold5/5: best_val= 77.78% (ep21) test= 66.67%
S 1: 800ms= 54.44%  1500ms= 57.78%  3000ms= 61.11%  4000ms= 55.56%   (82s)
  S2 800ms fold1/5: best_val= 50.00% (ep4) test= 50.00%
  S2 800ms fold2/5: best_val= 68.75% (ep6) test= 56.25%
  S2 800ms fold3/5: best_val= 62.50% (ep12) test= 31.25%
  S2 800ms fold4/5: best_val= 68.75% (ep16) test= 50.00%
  S2 800ms fold5/5: best_val= 62.50% (ep3) test= 62.50%
  S2 1500ms fold1/5: best_val= 62.50% (ep1) test= 43.75%
  S2 1500ms fold2/5: best_val= 68.75% (ep4) test= 37.50%
  S2 1500ms fold3/5: best_val= 81.25% (ep28) test= 50.00%
  S2 1500ms fold4/5: best_val= 75.00% (ep1) test= 68.75%
  S2 1500ms fold5/5: best_val= 56.25% (ep1) test= 56.25%
  S2 3000ms fold1/5: best_val= 68.75% (ep7) test= 62.50%
  S2 3000ms fold2/5: best_val= 62.50% (ep1) test= 62.50%
  S2 3000ms fold3/5: best_val= 87.50% (ep22) test= 37.50%
  S2 3000ms fold4/5: best_val= 62.50% (ep4) test= 43.75%
  S2 3000ms fold5/5: best_val= 50.00% (ep2) test= 56.25%
  S2 4000ms fold1/5: best_val= 62.50% (ep1) test= 50.00%
  S2 4000ms fold2/5: best_val= 62.50% (ep7) test= 37.50%
  S2 4000ms fold3/5: best_val= 75.00% (ep6) test= 31.25%
  S2 4000ms fold4/5: best_val= 62.50% (ep3) test= 37.50%
  S2 4000ms fold5/5: best_val= 62.50% (ep3) test= 56.25%
S 2: 800ms= 50.00%  1500ms= 51.25%  3000ms= 52.50%  4000ms= 42.50%   (69s)
  S3 800ms fold1/5: best_val= 75.00% (ep7) test= 87.50%
  S3 800ms fold2/5: best_val= 87.50% (ep14) test= 68.75%
  S3 800ms fold3/5: best_val= 75.00% (ep31) test= 68.75%
  S3 800ms fold4/5: best_val= 75.00% (ep15) test= 93.75%
  S3 800ms fold5/5: best_val= 81.25% (ep11) test= 87.50%
  S3 1500ms fold1/5: best_val= 87.50% (ep34) test= 93.75%
  S3 1500ms fold2/5: best_val= 75.00% (ep14) test= 81.25%
  S3 1500ms fold3/5: best_val= 87.50% (ep26) test= 75.00%
  S3 1500ms fold4/5: best_val= 68.75% (ep9) test=100.00%
  S3 1500ms fold5/5: best_val=100.00% (ep18) test= 87.50%
  S3 3000ms fold1/5: best_val= 87.50% (ep27) test= 75.00%
  S3 3000ms fold2/5: best_val= 75.00% (ep33) test= 81.25%
  S3 3000ms fold3/5: best_val= 87.50% (ep27) test= 62.50%
  S3 3000ms fold4/5: best_val= 75.00% (ep2) test= 62.50%
  S3 3000ms fold5/5: best_val= 87.50% (ep10) test= 81.25%
  S3 4000ms fold1/5: best_val= 87.50% (ep10) test= 75.00%
  S3 4000ms fold2/5: best_val= 75.00% (ep8) test= 81.25%
  S3 4000ms fold3/5: best_val= 87.50% (ep14) test= 68.75%
  S3 4000ms fold4/5: best_val= 75.00% (ep2) test= 68.75%
  S3 4000ms fold5/5: best_val= 75.00% (ep7) test= 56.25%
S 3: 800ms= 81.25%  1500ms= 87.50%  3000ms= 72.50%  4000ms= 70.00%   (69s)
  S4 800ms fold1/5: best_val= 75.00% (ep11) test= 68.75%
  S4 800ms fold2/5: best_val= 81.25% (ep1) test= 50.00%
  S4 800ms fold3/5: best_val= 75.00% (ep12) test= 62.50%
  S4 800ms fold4/5: best_val= 81.25% (ep14) test= 68.75%
  S4 800ms fold5/5: best_val= 75.00% (ep15) test= 56.25%
  S4 1500ms fold1/5: best_val= 68.75% (ep2) test= 68.75%
  S4 1500ms fold2/5: best_val= 81.25% (ep7) test= 56.25%
  S4 1500ms fold3/5: best_val= 87.50% (ep19) test= 75.00%
  S4 1500ms fold4/5: best_val= 81.25% (ep17) test= 62.50%
  S4 1500ms fold5/5: best_val= 75.00% (ep19) test= 56.25%
  S4 3000ms fold1/5: best_val= 68.75% (ep6) test= 50.00%
  S4 3000ms fold2/5: best_val= 75.00% (ep5) test= 56.25%
  S4 3000ms fold3/5: best_val= 75.00% (ep26) test= 50.00%
  S4 3000ms fold4/5: best_val= 68.75% (ep13) test= 87.50%
  S4 3000ms fold5/5: best_val= 62.50% (ep7) test= 62.50%
  S4 4000ms fold1/5: best_val= 62.50% (ep1) test= 68.75%
  S4 4000ms fold2/5: best_val= 81.25% (ep10) test= 56.25%
  S4 4000ms fold3/5: best_val= 75.00% (ep11) test= 43.75%
  S4 4000ms fold4/5: best_val= 81.25% (ep7) test= 62.50%
  S4 4000ms fold5/5: best_val= 75.00% (ep13) test= 68.75%
S 4: 800ms= 61.25%  1500ms= 63.75%  3000ms= 61.25%  4000ms= 60.00%   (69s)
  S5 800ms fold1/5: best_val= 81.25% (ep43) test= 62.50%
  S5 800ms fold2/5: best_val= 62.50% (ep3) test= 75.00%
  S5 800ms fold3/5: best_val= 75.00% (ep25) test= 62.50%
  S5 800ms fold4/5: best_val= 81.25% (ep8) test= 68.75%
  S5 800ms fold5/5: best_val= 75.00% (ep36) test= 56.25%
  S5 1500ms fold1/5: best_val= 75.00% (ep34) test= 68.75%
  S5 1500ms fold2/5: best_val= 62.50% (ep16) test= 75.00%
  S5 1500ms fold3/5: best_val= 68.75% (ep1) test= 50.00%
  S5 1500ms fold4/5: best_val= 50.00% (ep4) test= 50.00%
  S5 1500ms fold5/5: best_val= 68.75% (ep8) test= 68.75%
  S5 3000ms fold1/5: best_val= 75.00% (ep27) test= 50.00%
  S5 3000ms fold2/5: best_val= 56.25% (ep2) test= 50.00%
  S5 3000ms fold3/5: best_val= 75.00% (ep2) test= 43.75%
  S5 3000ms fold4/5: best_val= 62.50% (ep1) test= 50.00%
  S5 3000ms fold5/5: best_val= 68.75% (ep32) test= 50.00%
  S5 4000ms fold1/5: best_val= 68.75% (ep16) test= 75.00%
  S5 4000ms fold2/5: best_val= 62.50% (ep1) test= 50.00%
  S5 4000ms fold3/5: best_val= 62.50% (ep3) test= 50.00%
  S5 4000ms fold4/5: best_val= 62.50% (ep6) test= 43.75%
  S5 4000ms fold5/5: best_val= 68.75% (ep5) test= 50.00%
S 5: 800ms= 65.00%  1500ms= 62.50%  3000ms= 48.75%  4000ms= 53.75%   (70s)
  S6 800ms fold1/5: best_val= 81.25% (ep1) test= 43.75%
  S6 800ms fold2/5: best_val= 56.25% (ep16) test= 68.75%
  S6 800ms fold3/5: best_val= 68.75% (ep6) test= 50.00%
  S6 800ms fold4/5: best_val= 75.00% (ep25) test= 68.75%
  S6 800ms fold5/5: best_val= 68.75% (ep1) test= 62.50%
  S6 1500ms fold1/5: best_val= 62.50% (ep7) test= 43.75%
  S6 1500ms fold2/5: best_val= 50.00% (ep2) test= 56.25%
  S6 1500ms fold3/5: best_val= 87.50% (ep22) test= 75.00%
  S6 1500ms fold4/5: best_val= 62.50% (ep4) test= 62.50%
  S6 1500ms fold5/5: best_val= 68.75% (ep6) test= 62.50%
  S6 3000ms fold1/5: best_val= 81.25% (ep25) test= 62.50%
  S6 3000ms fold2/5: best_val= 56.25% (ep19) test= 75.00%
  S6 3000ms fold3/5: best_val= 68.75% (ep16) test= 81.25%
  S6 3000ms fold4/5: best_val= 81.25% (ep9) test= 68.75%
  S6 3000ms fold5/5: best_val= 68.75% (ep5) test= 50.00%
  S6 4000ms fold1/5: best_val= 75.00% (ep25) test= 75.00%
  S6 4000ms fold2/5: best_val= 68.75% (ep10) test= 56.25%
  S6 4000ms fold3/5: best_val= 75.00% (ep14) test= 68.75%
  S6 4000ms fold4/5: best_val= 81.25% (ep15) test= 62.50%
  S6 4000ms fold5/5: best_val= 68.75% (ep5) test= 68.75%
S 6: 800ms= 58.75%  1500ms= 60.00%  3000ms= 67.50%  4000ms= 66.25%   (71s)
  S7 800ms fold1/5: best_val= 87.50% (ep12) test= 62.50%
  S7 800ms fold2/5: best_val= 75.00% (ep9) test= 56.25%
  S7 800ms fold3/5: best_val= 81.25% (ep43) test= 81.25%
  S7 800ms fold4/5: best_val= 68.75% (ep4) test= 31.25%
  S7 800ms fold5/5: best_val= 62.50% (ep3) test= 50.00%
  S7 1500ms fold1/5: best_val= 87.50% (ep17) test= 68.75%
  S7 1500ms fold2/5: best_val= 68.75% (ep9) test= 56.25%
  S7 1500ms fold3/5: best_val= 81.25% (ep4) test= 56.25%
  S7 1500ms fold4/5: best_val= 68.75% (ep13) test= 75.00%
  S7 1500ms fold5/5: best_val= 68.75% (ep12) test= 68.75%
  S7 3000ms fold1/5: best_val= 62.50% (ep2) test= 56.25%
  S7 3000ms fold2/5: best_val= 62.50% (ep1) test= 62.50%
  S7 3000ms fold3/5: best_val= 75.00% (ep3) test= 50.00%
  S7 3000ms fold4/5: best_val= 56.25% (ep4) test= 68.75%
  S7 3000ms fold5/5: best_val= 62.50% (ep24) test= 75.00%
  S7 4000ms fold1/5: best_val= 81.25% (ep4) test= 56.25%
  S7 4000ms fold2/5: best_val= 62.50% (ep2) test= 37.50%
  S7 4000ms fold3/5: best_val= 75.00% (ep2) test= 31.25%
  S7 4000ms fold4/5: best_val= 56.25% (ep1) test= 68.75%
  S7 4000ms fold5/5: best_val= 68.75% (ep10) test= 68.75%
S 7: 800ms= 56.25%  1500ms= 65.00%  3000ms= 62.50%  4000ms= 52.50%   (71s)
  S8 800ms fold1/5: best_val= 56.25% (ep1) test= 62.50%
  S8 800ms fold2/5: best_val= 62.50% (ep13) test= 25.00%
  S8 800ms fold3/5: best_val= 50.00% (ep2) test= 68.75%
  S8 800ms fold4/5: best_val= 62.50% (ep3) test= 37.50%
  S8 800ms fold5/5: best_val= 56.25% (ep23) test= 50.00%
  S8 1500ms fold1/5: best_val= 75.00% (ep7) test= 43.75%
  S8 1500ms fold2/5: best_val= 68.75% (ep4) test= 50.00%
  S8 1500ms fold3/5: best_val= 56.25% (ep4) test= 50.00%
  S8 1500ms fold4/5: best_val= 62.50% (ep2) test= 50.00%
  S8 1500ms fold5/5: best_val= 62.50% (ep12) test= 43.75%
  S8 3000ms fold1/5: best_val= 56.25% (ep1) test= 68.75%
  S8 3000ms fold2/5: best_val= 50.00% (ep3) test= 56.25%
  S8 3000ms fold3/5: best_val= 68.75% (ep5) test= 75.00%
  S8 3000ms fold4/5: best_val= 68.75% (ep9) test= 56.25%
  S8 3000ms fold5/5: best_val= 75.00% (ep24) test= 56.25%
  S8 4000ms fold1/5: best_val= 68.75% (ep5) test= 50.00%
  S8 4000ms fold2/5: best_val= 56.25% (ep6) test= 56.25%
  S8 4000ms fold3/5: best_val= 56.25% (ep1) test= 62.50%
  S8 4000ms fold4/5: best_val= 62.50% (ep11) test= 31.25%
  S8 4000ms fold5/5: best_val= 75.00% (ep8) test= 62.50%
S 8: 800ms= 48.75%  1500ms= 47.50%  3000ms= 62.50%  4000ms= 52.50%   (71s)
  S9 800ms fold1/5: best_val= 68.75% (ep4) test= 56.25%
  S9 800ms fold2/5: best_val= 62.50% (ep48) test= 56.25%
  S9 800ms fold3/5: best_val= 62.50% (ep16) test= 81.25%
  S9 800ms fold4/5: best_val= 56.25% (ep1) test= 56.25%
  S9 800ms fold5/5: best_val= 81.25% (ep4) test= 56.25%
  S9 1500ms fold1/5: best_val= 62.50% (ep1) test= 37.50%
  S9 1500ms fold2/5: best_val= 56.25% (ep1) test= 56.25%
  S9 1500ms fold3/5: best_val= 68.75% (ep11) test= 50.00%
  S9 1500ms fold4/5: best_val= 37.50% (ep2) test= 37.50%
  S9 1500ms fold5/5: best_val= 75.00% (ep9) test= 62.50%
  S9 3000ms fold1/5: best_val= 50.00% (ep2) test= 50.00%
  S9 3000ms fold2/5: best_val= 62.50% (ep33) test= 43.75%
  S9 3000ms fold3/5: best_val= 62.50% (ep6) test= 50.00%
  S9 3000ms fold4/5: best_val= 56.25% (ep6) test= 56.25%
  S9 3000ms fold5/5: best_val= 68.75% (ep7) test= 37.50%
  S9 4000ms fold1/5: best_val= 62.50% (ep3) test= 62.50%
  S9 4000ms fold2/5: best_val= 56.25% (ep8) test= 37.50%
  S9 4000ms fold3/5: best_val= 62.50% (ep13) test= 43.75%
  S9 4000ms fold4/5: best_val= 62.50% (ep1) test= 50.00%
  S9 4000ms fold5/5: best_val= 75.00% (ep1) test= 50.00%
S 9: 800ms= 61.25%  1500ms= 48.75%  3000ms= 47.50%  4000ms= 48.75%   (71s)
  S10 800ms fold1/5: best_val= 50.00% (ep2) test= 68.75%
  S10 800ms fold2/5: best_val= 87.50% (ep11) test= 56.25%
  S10 800ms fold3/5: best_val= 62.50% (ep1) test= 50.00%
  S10 800ms fold4/5: best_val= 62.50% (ep3) test= 56.25%
  S10 800ms fold5/5: best_val= 75.00% (ep16) test= 43.75%
  S10 1500ms fold1/5: best_val= 56.25% (ep1) test= 50.00%
  S10 1500ms fold2/5: best_val= 50.00% (ep1) test= 43.75%
  S10 1500ms fold3/5: best_val= 68.75% (ep9) test= 62.50%
  S10 1500ms fold4/5: best_val= 75.00% (ep1) test= 68.75%
  S10 1500ms fold5/5: best_val= 62.50% (ep19) test= 56.25%
  S10 3000ms fold1/5: best_val= 43.75% (ep1) test= 43.75%
  S10 3000ms fold2/5: best_val= 62.50% (ep11) test= 43.75%
  S10 3000ms fold3/5: best_val= 68.75% (ep4) test= 68.75%
  S10 3000ms fold4/5: best_val= 68.75% (ep3) test= 37.50%
  S10 3000ms fold5/5: best_val= 75.00% (ep1) test= 43.75%
  S10 4000ms fold1/5: best_val= 62.50% (ep3) test= 68.75%
  S10 4000ms fold2/5: best_val= 62.50% (ep2) test= 56.25%
  S10 4000ms fold3/5: best_val= 75.00% (ep4) test= 62.50%
  S10 4000ms fold4/5: best_val= 62.50% (ep21) test= 31.25%
  S10 4000ms fold5/5: best_val= 62.50% (ep1) test= 43.75%
S10: 800ms= 55.00%  1500ms= 56.25%  3000ms= 47.50%  4000ms= 52.50%   (71s)
  S11 800ms fold1/5: best_val= 62.50% (ep9) test= 68.75%
  S11 800ms fold2/5: best_val= 68.75% (ep9) test= 25.00%
  S11 800ms fold3/5: best_val= 75.00% (ep3) test= 43.75%
  S11 800ms fold4/5: best_val= 68.75% (ep1) test= 43.75%
  S11 800ms fold5/5: best_val= 62.50% (ep7) test= 56.25%
  S11 1500ms fold1/5: best_val= 62.50% (ep6) test= 56.25%
  S11 1500ms fold2/5: best_val= 62.50% (ep1) test= 50.00%
  S11 1500ms fold3/5: best_val= 68.75% (ep12) test= 56.25%
  S11 1500ms fold4/5: best_val= 81.25% (ep13) test= 50.00%
  S11 1500ms fold5/5: best_val= 56.25% (ep1) test= 56.25%
  S11 3000ms fold1/5: best_val= 62.50% (ep1) test= 50.00%
  S11 3000ms fold2/5: best_val= 56.25% (ep1) test= 68.75%
  S11 3000ms fold3/5: best_val= 56.25% (ep3) test= 37.50%
  S11 3000ms fold4/5: best_val= 68.75% (ep7) test= 62.50%
  S11 3000ms fold5/5: best_val= 62.50% (ep2) test= 31.25%
  S11 4000ms fold1/5: best_val= 68.75% (ep7) test= 62.50%
  S11 4000ms fold2/5: best_val= 62.50% (ep3) test= 56.25%
  S11 4000ms fold3/5: best_val= 56.25% (ep1) test= 62.50%
  S11 4000ms fold4/5: best_val= 75.00% (ep32) test= 31.25%
  S11 4000ms fold5/5: best_val= 68.75% (ep20) test= 56.25%
S11: 800ms= 47.50%  1500ms= 53.75%  3000ms= 50.00%  4000ms= 53.75%   (71s)
  S12 800ms fold1/5: best_val= 50.00% (ep1) test= 43.75%
  S12 800ms fold2/5: best_val= 56.25% (ep2) test= 56.25%
  S12 800ms fold3/5: best_val= 68.75% (ep11) test= 37.50%
  S12 800ms fold4/5: best_val= 62.50% (ep21) test= 50.00%
  S12 800ms fold5/5: best_val= 68.75% (ep8) test= 56.25%
  S12 1500ms fold1/5: best_val= 50.00% (ep1) test= 62.50%
  S12 1500ms fold2/5: best_val= 50.00% (ep5) test= 56.25%
  S12 1500ms fold3/5: best_val= 68.75% (ep9) test= 56.25%
  S12 1500ms fold4/5: best_val= 62.50% (ep26) test= 50.00%
  S12 1500ms fold5/5: best_val= 75.00% (ep1) test= 43.75%
  S12 3000ms fold1/5: best_val= 50.00% (ep1) test= 56.25%
  S12 3000ms fold2/5: best_val= 68.75% (ep2) test= 56.25%
  S12 3000ms fold3/5: best_val= 62.50% (ep1) test= 56.25%
  S12 3000ms fold4/5: best_val= 81.25% (ep15) test= 68.75%
  S12 3000ms fold5/5: best_val= 75.00% (ep5) test= 56.25%
  S12 4000ms fold1/5: best_val= 68.75% (ep18) test= 62.50%
  S12 4000ms fold2/5: best_val= 62.50% (ep1) test= 50.00%
  S12 4000ms fold3/5: best_val= 50.00% (ep4) test= 50.00%
  S12 4000ms fold4/5: best_val= 68.75% (ep3) test= 50.00%
  S12 4000ms fold5/5: best_val= 75.00% (ep4) test= 31.25%
S12: 800ms= 48.75%  1500ms= 53.75%  3000ms= 58.75%  4000ms= 48.75%   (72s)
  S13 800ms fold1/5: best_val= 75.00% (ep18) test= 68.75%
  S13 800ms fold2/5: best_val= 81.25% (ep1) test= 62.50%
  S13 800ms fold3/5: best_val= 62.50% (ep2) test= 25.00%
  S13 800ms fold4/5: best_val= 62.50% (ep1) test= 50.00%
  S13 800ms fold5/5: best_val= 50.00% (ep1) test= 75.00%
  S13 1500ms fold1/5: best_val= 62.50% (ep1) test= 56.25%
  S13 1500ms fold2/5: best_val= 75.00% (ep16) test= 43.75%
  S13 1500ms fold3/5: best_val= 56.25% (ep27) test= 50.00%
  S13 1500ms fold4/5: best_val= 56.25% (ep1) test= 31.25%
  S13 1500ms fold5/5: best_val= 68.75% (ep3) test= 25.00%
  S13 3000ms fold1/5: best_val= 75.00% (ep14) test= 56.25%
  S13 3000ms fold2/5: best_val= 68.75% (ep8) test= 50.00%
  S13 3000ms fold3/5: best_val= 43.75% (ep1) test= 56.25%
  S13 3000ms fold4/5: best_val= 50.00% (ep2) test= 50.00%
  S13 3000ms fold5/5: best_val= 68.75% (ep2) test= 37.50%
  S13 4000ms fold1/5: best_val= 62.50% (ep6) test= 56.25%
  S13 4000ms fold2/5: best_val= 68.75% (ep3) test= 50.00%
  S13 4000ms fold3/5: best_val= 56.25% (ep2) test= 37.50%
  S13 4000ms fold4/5: best_val= 56.25% (ep4) test= 62.50%
  S13 4000ms fold5/5: best_val= 62.50% (ep5) test= 43.75%
S13: 800ms= 56.25%  1500ms= 41.25%  3000ms= 50.00%  4000ms= 50.00%   (71s)
  S14 800ms fold1/5: best_val= 68.75% (ep1) test= 75.00%
  S14 800ms fold2/5: best_val= 81.25% (ep27) test= 37.50%
  S14 800ms fold3/5: best_val= 62.50% (ep1) test= 56.25%
  S14 800ms fold4/5: best_val= 62.50% (ep6) test= 50.00%
  S14 800ms fold5/5: best_val= 75.00% (ep16) test= 50.00%
  S14 1500ms fold1/5: best_val= 50.00% (ep1) test= 43.75%
  S14 1500ms fold2/5: best_val= 75.00% (ep4) test= 50.00%
  S14 1500ms fold3/5: best_val= 81.25% (ep11) test= 37.50%
  S14 1500ms fold4/5: best_val= 62.50% (ep10) test= 43.75%
  S14 1500ms fold5/5: best_val= 68.75% (ep11) test= 37.50%
  S14 3000ms fold1/5: best_val= 56.25% (ep8) test= 43.75%
  S14 3000ms fold2/5: best_val= 68.75% (ep2) test= 56.25%
  S14 3000ms fold3/5: best_val= 75.00% (ep8) test= 50.00%
  S14 3000ms fold4/5: best_val= 62.50% (ep5) test= 68.75%
  S14 3000ms fold5/5: best_val= 75.00% (ep12) test= 31.25%
  S14 4000ms fold1/5: best_val= 62.50% (ep1) test= 50.00%
  S14 4000ms fold2/5: best_val= 56.25% (ep2) test= 50.00%
  S14 4000ms fold3/5: best_val= 75.00% (ep20) test= 56.25%
  S14 4000ms fold4/5: best_val= 62.50% (ep9) test= 31.25%
  S14 4000ms fold5/5: best_val= 87.50% (ep8) test= 31.25%
S14: 800ms= 53.75%  1500ms= 42.50%  3000ms= 50.00%  4000ms= 43.75%   (71s)
  S15 800ms fold1/5: best_val= 68.75% (ep11) test= 62.50%
  S15 800ms fold2/5: best_val= 56.25% (ep5) test= 56.25%
  S15 800ms fold3/5: best_val= 81.25% (ep21) test= 37.50%
  S15 800ms fold4/5: best_val= 50.00% (ep2) test= 68.75%
  S15 800ms fold5/5: best_val= 81.25% (ep22) test= 62.50%
  S15 1500ms fold1/5: best_val= 75.00% (ep2) test= 37.50%
  S15 1500ms fold2/5: best_val= 68.75% (ep4) test= 68.75%
  S15 1500ms fold3/5: best_val= 81.25% (ep13) test= 50.00%
  S15 1500ms fold4/5: best_val= 62.50% (ep3) test= 43.75%
  S15 1500ms fold5/5: best_val= 68.75% (ep4) test= 56.25%
  S15 3000ms fold1/5: best_val= 81.25% (ep1) test= 50.00%
  S15 3000ms fold2/5: best_val= 62.50% (ep15) test= 56.25%
  S15 3000ms fold3/5: best_val= 68.75% (ep28) test= 50.00%
  S15 3000ms fold4/5: best_val= 56.25% (ep16) test= 56.25%
  S15 3000ms fold5/5: best_val= 81.25% (ep8) test= 50.00%
  S15 4000ms fold1/5: best_val= 68.75% (ep12) test= 43.75%
  S15 4000ms fold2/5: best_val= 68.75% (ep14) test= 62.50%
  S15 4000ms fold3/5: best_val= 68.75% (ep5) test= 56.25%
  S15 4000ms fold4/5: best_val= 68.75% (ep1) test= 68.75%
  S15 4000ms fold5/5: best_val= 62.50% (ep5) test= 50.00%
S15: 800ms= 57.50%  1500ms= 51.25%  3000ms= 52.50%  4000ms= 56.25%   (72s)
  S16 800ms fold1/5: best_val= 68.75% (ep2) test= 56.25%
  S16 800ms fold2/5: best_val= 75.00% (ep12) test= 50.00%
  S16 800ms fold3/5: best_val= 50.00% (ep4) test= 50.00%
  S16 800ms fold4/5: best_val= 56.25% (ep43) test= 31.25%
  S16 800ms fold5/5: best_val= 37.50% (ep2) test= 56.25%
  S16 1500ms fold1/5: best_val= 81.25% (ep10) test= 50.00%
  S16 1500ms fold2/5: best_val= 68.75% (ep13) test= 43.75%
  S16 1500ms fold3/5: best_val= 50.00% (ep1) test= 56.25%
  S16 1500ms fold4/5: best_val= 68.75% (ep19) test= 62.50%
  S16 1500ms fold5/5: best_val= 68.75% (ep23) test= 56.25%
  S16 3000ms fold1/5: best_val= 81.25% (ep9) test= 75.00%
  S16 3000ms fold2/5: best_val= 81.25% (ep5) test= 62.50%
  S16 3000ms fold3/5: best_val= 50.00% (ep6) test= 62.50%
  S16 3000ms fold4/5: best_val= 62.50% (ep2) test= 56.25%
  S16 3000ms fold5/5: best_val= 56.25% (ep12) test= 50.00%
  S16 4000ms fold1/5: best_val= 81.25% (ep10) test= 62.50%
  S16 4000ms fold2/5: best_val= 75.00% (ep10) test= 50.00%
  S16 4000ms fold3/5: best_val= 68.75% (ep5) test= 75.00%
  S16 4000ms fold4/5: best_val= 62.50% (ep7) test= 68.75%
  S16 4000ms fold5/5: best_val= 75.00% (ep17) test= 43.75%
S16: 800ms= 48.75%  1500ms= 53.75%  3000ms= 61.25%  4000ms= 60.00%   (71s)
  S17 800ms fold1/5: best_val= 68.75% (ep31) test= 56.25%
  S17 800ms fold2/5: best_val= 62.50% (ep26) test= 81.25%
  S17 800ms fold3/5: best_val= 68.75% (ep7) test= 37.50%
  S17 800ms fold4/5: best_val= 75.00% (ep3) test= 62.50%
  S17 800ms fold5/5: best_val= 81.25% (ep1) test= 68.75%
  S17 1500ms fold1/5: best_val= 62.50% (ep2) test= 62.50%
  S17 1500ms fold2/5: best_val= 62.50% (ep11) test= 87.50%
  S17 1500ms fold3/5: best_val= 56.25% (ep2) test= 50.00%
  S17 1500ms fold4/5: best_val= 62.50% (ep9) test= 75.00%
  S17 1500ms fold5/5: best_val= 68.75% (ep7) test= 56.25%
  S17 3000ms fold1/5: best_val= 75.00% (ep12) test= 37.50%
  S17 3000ms fold2/5: best_val= 68.75% (ep45) test= 62.50%
  S17 3000ms fold3/5: best_val= 62.50% (ep1) test= 25.00%
  S17 3000ms fold4/5: best_val= 81.25% (ep25) test= 50.00%
  S17 3000ms fold5/5: best_val= 68.75% (ep6) test= 56.25%
  S17 4000ms fold1/5: best_val= 62.50% (ep3) test= 68.75%
  S17 4000ms fold2/5: best_val= 68.75% (ep17) test= 81.25%
  S17 4000ms fold3/5: best_val= 62.50% (ep5) test= 50.00%
  S17 4000ms fold4/5: best_val= 75.00% (ep2) test= 75.00%
  S17 4000ms fold5/5: best_val= 81.25% (ep6) test= 56.25%
S17: 800ms= 61.25%  1500ms= 66.25%  3000ms= 46.25%  4000ms= 66.25%   (71s)
  S18 800ms fold1/5: best_val= 81.25% (ep5) test= 68.75%
  S18 800ms fold2/5: best_val= 87.50% (ep22) test= 75.00%
  S18 800ms fold3/5: best_val= 81.25% (ep15) test= 62.50%
  S18 800ms fold4/5: best_val= 81.25% (ep15) test= 50.00%
  S18 800ms fold5/5: best_val= 81.25% (ep20) test= 68.75%
  S18 1500ms fold1/5: best_val= 93.75% (ep15) test= 87.50%
  S18 1500ms fold2/5: best_val= 87.50% (ep3) test= 68.75%
  S18 1500ms fold3/5: best_val= 93.75% (ep19) test= 62.50%
  S18 1500ms fold4/5: best_val= 87.50% (ep13) test= 62.50%
  S18 1500ms fold5/5: best_val= 93.75% (ep10) test= 68.75%
  S18 3000ms fold1/5: best_val= 93.75% (ep24) test= 68.75%
  S18 3000ms fold2/5: best_val= 68.75% (ep8) test= 62.50%
  S18 3000ms fold3/5: best_val= 87.50% (ep11) test= 62.50%
  S18 3000ms fold4/5: best_val= 81.25% (ep18) test= 37.50%
  S18 3000ms fold5/5: best_val= 75.00% (ep3) test= 75.00%
  S18 4000ms fold1/5: best_val=100.00% (ep28) test= 75.00%
  S18 4000ms fold2/5: best_val= 81.25% (ep11) test= 75.00%
  S18 4000ms fold3/5: best_val= 87.50% (ep13) test= 68.75%
  S18 4000ms fold4/5: best_val= 93.75% (ep11) test= 56.25%
  S18 4000ms fold5/5: best_val= 87.50% (ep10) test= 68.75%
S18: 800ms= 65.00%  1500ms= 70.00%  3000ms= 61.25%  4000ms= 68.75%   (71s)

ALL SUBJECTS COMPLETED — EPS/SAA  (1285s)

====================================================================
SAVED EPS/SAA -> /work/11862/rmaahin/ls6/FineMI-enhancements/ConformerEEG/experiments/option_a/results/full/EPS_SAA
gpu=NVIDIA A100-PCIE-40GB | torch=2.8.0+cu128 | seed=42 | model=conformer_a | mode=full
====================================================================
window_ms   800    1500   3000   4000
subject                              
1          54.44  57.78  61.11  55.56
2          50.00  51.25  52.50  42.50
3          81.25  87.50  72.50  70.00
4          61.25  63.75  61.25  60.00
5          65.00  62.50  48.75  53.75
6          58.75  60.00  67.50  66.25
7          56.25  65.00  62.50  52.50
8          48.75  47.50  62.50  52.50
9          61.25  48.75  47.50  48.75
10         55.00  56.25  47.50  52.50
11         47.50  53.75  50.00  53.75
12         48.75  53.75  58.75  48.75
13         56.25  41.25  50.00  50.00
14         53.75  42.50  50.00  43.75
15         57.50  51.25  52.50  56.25
16         48.75  53.75  61.25  60.00
17         61.25  66.25  46.25  66.25
18         65.00  70.00  61.25  68.75

mean: {800: 57.26, 1500: 57.38, 3000: 56.31, 4000: 55.66}
sd  : {800: 8.18, 1500: 10.97, 3000: 7.78, 4000: 8.11}

Pairs saved so far in /work/11862/rmaahin/ls6/FineMI-enhancements/ConformerEEG/experiments/option_a/results/full: 5/28

##### pair_idx=21 (EPS_SFE) #####

Using device: cuda | gpu=NVIDIA A100-PCIE-40GB | torch=2.8.0+cu128
NOTE: determinism holds per-GPU-model. Record this GPU name.

PAIR: EPS/SFE  (classes 3 vs 7)  model=conformer_a  mode=full
Test time windows: [800, 1500, 3000, 4000] ms
Test time windows (samples): [200, 375, 750, 1000]

BINARY CLASSIFICATION: Class 3 vs Class 7  (EPS/SFE)
  Class 0 (original 3): 725 trials
  Class 1 (original 7): 726 trials

Extracted time windows:
  800ms (200 samples): shape (1451, 62, 200)
  1500ms (375 samples): shape (1451, 62, 375)
  3000ms (750 samples): shape (1451, 62, 750)
  4000ms (1000 samples): shape (1451, 62, 1000)

Model configuration:
  Model: conformer_a
  Channels: 62
  Subjects: [1, 2, 3, 4, 5, 6, 7, 8, 9, 10, 11, 12, 13, 14, 15, 16, 17, 18]
  Time windows: [800, 1500, 3000, 4000] ms
  Classes: 2 (Binary: Class 3 vs Class 7)
  Folds: 5
  Batch size: 32
  Epochs per subject per time window: 50
  S1 800ms fold1/5: best_val= 83.33% (ep26) test= 33.33%
  S1 800ms fold2/5: best_val= 77.78% (ep23) test= 44.44%
  S1 800ms fold3/5: best_val= 55.56% (ep1) test= 50.00%
  S1 800ms fold4/5: best_val= 77.78% (ep1) test= 44.44%
  S1 800ms fold5/5: best_val= 77.78% (ep26) test= 55.56%
  S1 1500ms fold1/5: best_val= 66.67% (ep3) test= 50.00%
  S1 1500ms fold2/5: best_val= 77.78% (ep12) test= 38.89%
  S1 1500ms fold3/5: best_val= 66.67% (ep24) test= 55.56%
  S1 1500ms fold4/5: best_val= 77.78% (ep2) test= 55.56%
  S1 1500ms fold5/5: best_val= 72.22% (ep37) test= 61.11%
  S1 3000ms fold1/5: best_val= 61.11% (ep22) test= 38.89%
  S1 3000ms fold2/5: best_val= 83.33% (ep24) test= 50.00%
  S1 3000ms fold3/5: best_val= 66.67% (ep13) test= 55.56%
  S1 3000ms fold4/5: best_val= 66.67% (ep8) test= 55.56%
  S1 3000ms fold5/5: best_val= 61.11% (ep48) test= 55.56%
  S1 4000ms fold1/5: best_val= 66.67% (ep5) test= 38.89%
  S1 4000ms fold2/5: best_val= 66.67% (ep18) test= 38.89%
  S1 4000ms fold3/5: best_val= 66.67% (ep11) test= 38.89%
  S1 4000ms fold4/5: best_val= 72.22% (ep4) test= 38.89%
  S1 4000ms fold5/5: best_val= 55.56% (ep1) test= 50.00%
S 1: 800ms= 45.56%  1500ms= 52.22%  3000ms= 51.11%  4000ms= 41.11%   (85s)
  S2 800ms fold1/5: best_val= 62.50% (ep26) test= 50.00%
  S2 800ms fold2/5: best_val= 56.25% (ep18) test= 62.50%
  S2 800ms fold3/5: best_val= 62.50% (ep1) test= 62.50%
  S2 800ms fold4/5: best_val= 56.25% (ep7) test= 56.25%
  S2 800ms fold5/5: best_val= 81.25% (ep3) test= 68.75%
  S2 1500ms fold1/5: best_val= 68.75% (ep1) test= 43.75%
  S2 1500ms fold2/5: best_val= 68.75% (ep5) test= 37.50%
  S2 1500ms fold3/5: best_val= 56.25% (ep8) test= 56.25%
  S2 1500ms fold4/5: best_val= 50.00% (ep2) test= 50.00%
  S2 1500ms fold5/5: best_val= 62.50% (ep13) test= 43.75%
  S2 3000ms fold1/5: best_val= 68.75% (ep16) test= 62.50%
  S2 3000ms fold2/5: best_val= 68.75% (ep6) test= 68.75%
  S2 3000ms fold3/5: best_val= 56.25% (ep10) test= 62.50%
  S2 3000ms fold4/5: best_val= 68.75% (ep11) test= 62.50%
  S2 3000ms fold5/5: best_val= 75.00% (ep24) test= 75.00%
  S2 4000ms fold1/5: best_val= 62.50% (ep3) test= 56.25%
  S2 4000ms fold2/5: best_val= 56.25% (ep1) test= 50.00%
  S2 4000ms fold3/5: best_val= 56.25% (ep19) test= 56.25%
  S2 4000ms fold4/5: best_val= 68.75% (ep9) test= 62.50%
  S2 4000ms fold5/5: best_val= 75.00% (ep16) test= 81.25%
S 2: 800ms= 60.00%  1500ms= 46.25%  3000ms= 66.25%  4000ms= 61.25%   (71s)
  S3 800ms fold1/5: best_val= 81.25% (ep3) test= 75.00%
  S3 800ms fold2/5: best_val= 93.75% (ep11) test= 56.25%
  S3 800ms fold3/5: best_val= 62.50% (ep8) test= 68.75%
  S3 800ms fold4/5: best_val= 87.50% (ep3) test= 62.50%
  S3 800ms fold5/5: best_val= 81.25% (ep27) test= 81.25%
  S3 1500ms fold1/5: best_val= 87.50% (ep20) test= 81.25%
  S3 1500ms fold2/5: best_val=100.00% (ep17) test= 50.00%
  S3 1500ms fold3/5: best_val= 75.00% (ep21) test= 62.50%
  S3 1500ms fold4/5: best_val= 81.25% (ep14) test= 81.25%
  S3 1500ms fold5/5: best_val= 87.50% (ep9) test= 37.50%
  S3 3000ms fold1/5: best_val= 81.25% (ep8) test= 81.25%
  S3 3000ms fold2/5: best_val= 75.00% (ep7) test= 56.25%
  S3 3000ms fold3/5: best_val= 81.25% (ep14) test= 37.50%
  S3 3000ms fold4/5: best_val= 81.25% (ep4) test= 68.75%
  S3 3000ms fold5/5: best_val= 87.50% (ep39) test= 62.50%
  S3 4000ms fold1/5: best_val= 93.75% (ep7) test= 81.25%
  S3 4000ms fold2/5: best_val= 75.00% (ep9) test= 50.00%
  S3 4000ms fold3/5: best_val= 81.25% (ep19) test= 50.00%
  S3 4000ms fold4/5: best_val= 75.00% (ep12) test= 75.00%
  S3 4000ms fold5/5: best_val= 87.50% (ep35) test= 68.75%
S 3: 800ms= 68.75%  1500ms= 62.50%  3000ms= 61.25%  4000ms= 65.00%   (71s)
  S4 800ms fold1/5: best_val= 68.75% (ep9) test= 62.50%
  S4 800ms fold2/5: best_val=100.00% (ep11) test= 87.50%
  S4 800ms fold3/5: best_val= 93.75% (ep11) test= 75.00%
  S4 800ms fold4/5: best_val= 93.75% (ep15) test= 87.50%
  S4 800ms fold5/5: best_val= 93.75% (ep28) test= 93.75%
  S4 1500ms fold1/5: best_val= 81.25% (ep19) test= 68.75%
  S4 1500ms fold2/5: best_val= 93.75% (ep23) test= 81.25%
  S4 1500ms fold3/5: best_val= 87.50% (ep3) test= 68.75%
  S4 1500ms fold4/5: best_val=100.00% (ep39) test= 87.50%
  S4 1500ms fold5/5: best_val= 87.50% (ep15) test= 81.25%
  S4 3000ms fold1/5: best_val= 75.00% (ep23) test= 43.75%
  S4 3000ms fold2/5: best_val= 62.50% (ep4) test= 68.75%
  S4 3000ms fold3/5: best_val= 81.25% (ep10) test= 43.75%
  S4 3000ms fold4/5: best_val= 87.50% (ep9) test= 62.50%
  S4 3000ms fold5/5: best_val= 68.75% (ep6) test= 75.00%
  S4 4000ms fold1/5: best_val= 56.25% (ep1) test= 37.50%
  S4 4000ms fold2/5: best_val= 81.25% (ep5) test= 50.00%
  S4 4000ms fold3/5: best_val= 75.00% (ep7) test= 43.75%
  S4 4000ms fold4/5: best_val= 81.25% (ep22) test= 50.00%
  S4 4000ms fold5/5: best_val= 56.25% (ep11) test= 87.50%
S 4: 800ms= 81.25%  1500ms= 77.50%  3000ms= 58.75%  4000ms= 53.75%   (71s)
  S5 800ms fold1/5: best_val= 75.00% (ep18) test= 76.47%
  S5 800ms fold2/5: best_val= 64.71% (ep19) test= 50.00%
  S5 800ms fold3/5: best_val= 52.94% (ep1) test= 50.00%
  S5 800ms fold4/5: best_val= 52.94% (ep6) test= 43.75%
  S5 800ms fold5/5: best_val= 52.94% (ep2) test= 43.75%
  S5 1500ms fold1/5: best_val= 56.25% (ep1) test= 58.82%
  S5 1500ms fold2/5: best_val= 52.94% (ep5) test= 50.00%
  S5 1500ms fold3/5: best_val= 52.94% (ep7) test= 37.50%
  S5 1500ms fold4/5: best_val= 58.82% (ep12) test= 56.25%
  S5 1500ms fold5/5: best_val= 76.47% (ep18) test= 43.75%
  S5 3000ms fold1/5: best_val= 75.00% (ep30) test= 70.59%
  S5 3000ms fold2/5: best_val= 64.71% (ep1) test= 43.75%
  S5 3000ms fold3/5: best_val= 76.47% (ep7) test= 56.25%
  S5 3000ms fold4/5: best_val= 64.71% (ep5) test= 43.75%
  S5 3000ms fold5/5: best_val= 70.59% (ep26) test= 62.50%
  S5 4000ms fold1/5: best_val= 75.00% (ep20) test= 47.06%
  S5 4000ms fold2/5: best_val= 70.59% (ep3) test= 37.50%
  S5 4000ms fold3/5: best_val= 58.82% (ep8) test= 37.50%
  S5 4000ms fold4/5: best_val= 58.82% (ep1) test= 43.75%
  S5 4000ms fold5/5: best_val= 76.47% (ep5) test= 62.50%
S 5: 800ms= 53.09%  1500ms= 49.38%  3000ms= 55.56%  4000ms= 45.68%   (71s)
  S6 800ms fold1/5: best_val= 62.50% (ep5) test= 56.25%
  S6 800ms fold2/5: best_val= 68.75% (ep1) test= 43.75%
  S6 800ms fold3/5: best_val= 68.75% (ep2) test= 37.50%
  S6 800ms fold4/5: best_val= 68.75% (ep4) test= 37.50%
  S6 800ms fold5/5: best_val= 68.75% (ep1) test= 56.25%
  S6 1500ms fold1/5: best_val= 75.00% (ep6) test= 43.75%
  S6 1500ms fold2/5: best_val= 56.25% (ep21) test= 68.75%
  S6 1500ms fold3/5: best_val= 56.25% (ep2) test= 56.25%
  S6 1500ms fold4/5: best_val= 62.50% (ep3) test= 50.00%
  S6 1500ms fold5/5: best_val= 68.75% (ep5) test= 43.75%
  S6 3000ms fold1/5: best_val= 68.75% (ep17) test= 56.25%
  S6 3000ms fold2/5: best_val= 50.00% (ep1) test= 37.50%
  S6 3000ms fold3/5: best_val= 62.50% (ep5) test= 56.25%
  S6 3000ms fold4/5: best_val= 75.00% (ep13) test= 43.75%
  S6 3000ms fold5/5: best_val= 62.50% (ep5) test= 43.75%
  S6 4000ms fold1/5: best_val= 68.75% (ep20) test= 75.00%
  S6 4000ms fold2/5: best_val= 62.50% (ep4) test= 62.50%
  S6 4000ms fold3/5: best_val= 62.50% (ep13) test= 75.00%
  S6 4000ms fold4/5: best_val= 81.25% (ep28) test= 56.25%
  S6 4000ms fold5/5: best_val= 68.75% (ep5) test= 56.25%
S 6: 800ms= 46.25%  1500ms= 52.50%  3000ms= 47.50%  4000ms= 65.00%   (71s)
  S7 800ms fold1/5: best_val= 81.25% (ep7) test= 62.50%
  S7 800ms fold2/5: best_val= 75.00% (ep3) test= 56.25%
  S7 800ms fold3/5: best_val= 81.25% (ep9) test= 56.25%
  S7 800ms fold4/5: best_val= 68.75% (ep9) test= 81.25%
  S7 800ms fold5/5: best_val= 50.00% (ep6) test= 56.25%
  S7 1500ms fold1/5: best_val= 81.25% (ep4) test= 62.50%
  S7 1500ms fold2/5: best_val= 62.50% (ep1) test= 56.25%
  S7 1500ms fold3/5: best_val= 75.00% (ep12) test= 56.25%
  S7 1500ms fold4/5: best_val= 62.50% (ep2) test= 43.75%
  S7 1500ms fold5/5: best_val= 37.50% (ep2) test= 68.75%
  S7 3000ms fold1/5: best_val= 75.00% (ep3) test= 68.75%
  S7 3000ms fold2/5: best_val= 68.75% (ep1) test= 37.50%
  S7 3000ms fold3/5: best_val= 81.25% (ep3) test= 25.00%
  S7 3000ms fold4/5: best_val= 62.50% (ep29) test= 62.50%
  S7 3000ms fold5/5: best_val= 37.50% (ep1) test= 43.75%
  S7 4000ms fold1/5: best_val= 81.25% (ep1) test= 62.50%
  S7 4000ms fold2/5: best_val= 62.50% (ep2) test= 31.25%
  S7 4000ms fold3/5: best_val= 75.00% (ep6) test= 50.00%
  S7 4000ms fold4/5: best_val= 62.50% (ep4) test= 75.00%
  S7 4000ms fold5/5: best_val= 50.00% (ep25) test= 75.00%
S 7: 800ms= 62.50%  1500ms= 57.50%  3000ms= 47.50%  4000ms= 58.75%   (71s)
  S8 800ms fold1/5: best_val= 62.50% (ep2) test= 56.25%
  S8 800ms fold2/5: best_val= 68.75% (ep20) test= 43.75%
  S8 800ms fold3/5: best_val= 56.25% (ep1) test= 31.25%
  S8 800ms fold4/5: best_val= 68.75% (ep2) test= 62.50%
  S8 800ms fold5/5: best_val= 75.00% (ep22) test= 37.50%
  S8 1500ms fold1/5: best_val= 68.75% (ep1) test= 62.50%
  S8 1500ms fold2/5: best_val= 68.75% (ep3) test= 37.50%
  S8 1500ms fold3/5: best_val= 68.75% (ep1) test= 56.25%
  S8 1500ms fold4/5: best_val= 62.50% (ep1) test= 56.25%
  S8 1500ms fold5/5: best_val= 81.25% (ep4) test= 50.00%
  S8 3000ms fold1/5: best_val= 68.75% (ep7) test= 43.75%
  S8 3000ms fold2/5: best_val= 75.00% (ep12) test= 31.25%
  S8 3000ms fold3/5: best_val= 56.25% (ep3) test= 68.75%
  S8 3000ms fold4/5: best_val= 81.25% (ep39) test= 56.25%
  S8 3000ms fold5/5: best_val= 62.50% (ep4) test= 50.00%
  S8 4000ms fold1/5: best_val= 62.50% (ep2) test= 56.25%
  S8 4000ms fold2/5: best_val= 75.00% (ep6) test= 37.50%
  S8 4000ms fold3/5: best_val= 56.25% (ep2) test= 68.75%
  S8 4000ms fold4/5: best_val= 68.75% (ep6) test= 50.00%
  S8 4000ms fold5/5: best_val= 75.00% (ep24) test= 68.75%
S 8: 800ms= 46.25%  1500ms= 52.50%  3000ms= 50.00%  4000ms= 56.25%   (71s)
  S9 800ms fold1/5: best_val= 56.25% (ep11) test= 56.25%
  S9 800ms fold2/5: best_val= 81.25% (ep3) test= 43.75%
  S9 800ms fold3/5: best_val= 62.50% (ep11) test= 56.25%
  S9 800ms fold4/5: best_val= 56.25% (ep4) test= 43.75%
  S9 800ms fold5/5: best_val= 75.00% (ep4) test= 31.25%
  S9 1500ms fold1/5: best_val= 56.25% (ep2) test= 31.25%
  S9 1500ms fold2/5: best_val= 56.25% (ep1) test= 68.75%
  S9 1500ms fold3/5: best_val= 56.25% (ep2) test= 43.75%
  S9 1500ms fold4/5: best_val= 62.50% (ep3) test= 50.00%
  S9 1500ms fold5/5: best_val= 62.50% (ep1) test= 56.25%
  S9 3000ms fold1/5: best_val= 56.25% (ep14) test= 56.25%
  S9 3000ms fold2/5: best_val= 81.25% (ep9) test= 18.75%
  S9 3000ms fold3/5: best_val= 62.50% (ep6) test= 56.25%
  S9 3000ms fold4/5: best_val= 56.25% (ep3) test= 37.50%
  S9 3000ms fold5/5: best_val= 62.50% (ep24) test= 37.50%
  S9 4000ms fold1/5: best_val= 56.25% (ep3) test= 56.25%
  S9 4000ms fold2/5: best_val= 68.75% (ep28) test= 31.25%
  S9 4000ms fold3/5: best_val= 50.00% (ep2) test= 50.00%
  S9 4000ms fold4/5: best_val= 68.75% (ep1) test= 43.75%
  S9 4000ms fold5/5: best_val= 37.50% (ep6) test= 37.50%
S 9: 800ms= 46.25%  1500ms= 50.00%  3000ms= 41.25%  4000ms= 43.75%   (71s)
  S10 800ms fold1/5: best_val= 75.00% (ep11) test= 43.75%
  S10 800ms fold2/5: best_val= 81.25% (ep4) test= 50.00%
  S10 800ms fold3/5: best_val= 75.00% (ep22) test= 68.75%
  S10 800ms fold4/5: best_val= 62.50% (ep9) test= 43.75%
  S10 800ms fold5/5: best_val= 68.75% (ep19) test= 68.75%
  S10 1500ms fold1/5: best_val= 62.50% (ep5) test= 62.50%
  S10 1500ms fold2/5: best_val= 62.50% (ep1) test= 68.75%
  S10 1500ms fold3/5: best_val= 68.75% (ep3) test= 31.25%
  S10 1500ms fold4/5: best_val= 68.75% (ep3) test= 50.00%
  S10 1500ms fold5/5: best_val= 56.25% (ep3) test= 68.75%
  S10 3000ms fold1/5: best_val= 62.50% (ep4) test= 31.25%
  S10 3000ms fold2/5: best_val= 50.00% (ep5) test= 56.25%
  S10 3000ms fold3/5: best_val= 62.50% (ep30) test= 56.25%
  S10 3000ms fold4/5: best_val= 56.25% (ep6) test= 50.00%
  S10 3000ms fold5/5: best_val= 62.50% (ep1) test= 43.75%
  S10 4000ms fold1/5: best_val= 68.75% (ep1) test= 43.75%
  S10 4000ms fold2/5: best_val= 56.25% (ep1) test= 62.50%
  S10 4000ms fold3/5: best_val= 62.50% (ep13) test= 56.25%
  S10 4000ms fold4/5: best_val= 62.50% (ep12) test= 31.25%
  S10 4000ms fold5/5: best_val= 75.00% (ep23) test= 56.25%
S10: 800ms= 55.00%  1500ms= 56.25%  3000ms= 47.50%  4000ms= 50.00%   (71s)
  S11 800ms fold1/5: best_val= 56.25% (ep5) test= 50.00%
  S11 800ms fold2/5: best_val= 62.50% (ep1) test= 50.00%
  S11 800ms fold3/5: best_val= 62.50% (ep9) test= 31.25%
  S11 800ms fold4/5: best_val= 56.25% (ep2) test= 56.25%
  S11 800ms fold5/5: best_val= 75.00% (ep21) test= 50.00%
  S11 1500ms fold1/5: best_val= 75.00% (ep6) test= 50.00%
  S11 1500ms fold2/5: best_val= 56.25% (ep1) test= 56.25%
  S11 1500ms fold3/5: best_val= 68.75% (ep12) test= 43.75%
  S11 1500ms fold4/5: best_val= 56.25% (ep15) test= 56.25%
  S11 1500ms fold5/5: best_val= 68.75% (ep42) test= 62.50%
  S11 3000ms fold1/5: best_val= 68.75% (ep11) test= 56.25%
  S11 3000ms fold2/5: best_val= 43.75% (ep7) test= 56.25%
  S11 3000ms fold3/5: best_val= 75.00% (ep3) test= 37.50%
  S11 3000ms fold4/5: best_val= 50.00% (ep2) test= 62.50%
  S11 3000ms fold5/5: best_val= 68.75% (ep39) test= 56.25%
  S11 4000ms fold1/5: best_val= 56.25% (ep14) test= 43.75%
  S11 4000ms fold2/5: best_val= 43.75% (ep11) test= 43.75%
  S11 4000ms fold3/5: best_val= 62.50% (ep22) test= 50.00%
  S11 4000ms fold4/5: best_val= 50.00% (ep17) test= 56.25%
  S11 4000ms fold5/5: best_val= 68.75% (ep22) test= 68.75%
S11: 800ms= 47.50%  1500ms= 53.75%  3000ms= 53.75%  4000ms= 52.50%   (71s)
  S12 800ms fold1/5: best_val= 75.00% (ep7) test= 37.50%
  S12 800ms fold2/5: best_val= 68.75% (ep3) test= 50.00%
  S12 800ms fold3/5: best_val= 56.25% (ep7) test= 56.25%
  S12 800ms fold4/5: best_val= 81.25% (ep2) test= 43.75%
  S12 800ms fold5/5: best_val= 75.00% (ep8) test= 81.25%
  S12 1500ms fold1/5: best_val= 62.50% (ep6) test= 56.25%
  S12 1500ms fold2/5: best_val= 68.75% (ep8) test= 43.75%
  S12 1500ms fold3/5: best_val= 68.75% (ep4) test= 37.50%
  S12 1500ms fold4/5: best_val= 68.75% (ep12) test= 25.00%
  S12 1500ms fold5/5: best_val= 62.50% (ep12) test= 56.25%
  S12 3000ms fold1/5: best_val= 75.00% (ep1) test= 18.75%
  S12 3000ms fold2/5: best_val= 68.75% (ep10) test= 37.50%
  S12 3000ms fold3/5: best_val= 50.00% (ep1) test= 56.25%
  S12 3000ms fold4/5: best_val= 75.00% (ep26) test= 50.00%
  S12 3000ms fold5/5: best_val= 62.50% (ep1) test= 56.25%
  S12 4000ms fold1/5: best_val= 68.75% (ep5) test= 62.50%
  S12 4000ms fold2/5: best_val= 56.25% (ep1) test= 37.50%
  S12 4000ms fold3/5: best_val= 68.75% (ep6) test= 56.25%
  S12 4000ms fold4/5: best_val= 68.75% (ep3) test= 37.50%
  S12 4000ms fold5/5: best_val= 62.50% (ep1) test= 37.50%
S12: 800ms= 53.75%  1500ms= 43.75%  3000ms= 43.75%  4000ms= 46.25%   (72s)
  S13 800ms fold1/5: best_val= 81.25% (ep18) test= 62.50%
  S13 800ms fold2/5: best_val= 62.50% (ep1) test= 37.50%
  S13 800ms fold3/5: best_val= 75.00% (ep2) test= 56.25%
  S13 800ms fold4/5: best_val= 68.75% (ep35) test= 43.75%
  S13 800ms fold5/5: best_val= 81.25% (ep2) test= 62.50%
  S13 1500ms fold1/5: best_val= 62.50% (ep11) test= 62.50%
  S13 1500ms fold2/5: best_val= 68.75% (ep12) test= 37.50%
  S13 1500ms fold3/5: best_val= 68.75% (ep4) test= 68.75%
  S13 1500ms fold4/5: best_val= 68.75% (ep3) test= 56.25%
  S13 1500ms fold5/5: best_val= 68.75% (ep4) test= 43.75%
  S13 3000ms fold1/5: best_val= 68.75% (ep7) test= 75.00%
  S13 3000ms fold2/5: best_val= 56.25% (ep6) test= 43.75%
  S13 3000ms fold3/5: best_val= 68.75% (ep17) test= 56.25%
  S13 3000ms fold4/5: best_val= 87.50% (ep43) test= 75.00%
  S13 3000ms fold5/5: best_val= 62.50% (ep1) test= 37.50%
  S13 4000ms fold1/5: best_val= 68.75% (ep3) test= 50.00%
  S13 4000ms fold2/5: best_val= 56.25% (ep2) test= 43.75%
  S13 4000ms fold3/5: best_val= 68.75% (ep9) test= 50.00%
  S13 4000ms fold4/5: best_val= 75.00% (ep17) test= 81.25%
  S13 4000ms fold5/5: best_val= 75.00% (ep17) test= 43.75%
S13: 800ms= 52.50%  1500ms= 53.75%  3000ms= 57.50%  4000ms= 53.75%   (71s)
  S14 800ms fold1/5: best_val= 75.00% (ep9) test= 56.25%
  S14 800ms fold2/5: best_val= 68.75% (ep9) test= 50.00%
  S14 800ms fold3/5: best_val= 62.50% (ep2) test= 56.25%
  S14 800ms fold4/5: best_val= 75.00% (ep10) test= 62.50%
  S14 800ms fold5/5: best_val= 68.75% (ep6) test= 37.50%
  S14 1500ms fold1/5: best_val= 68.75% (ep1) test= 37.50%
  S14 1500ms fold2/5: best_val= 75.00% (ep1) test= 43.75%
  S14 1500ms fold3/5: best_val= 62.50% (ep1) test= 50.00%
  S14 1500ms fold4/5: best_val= 68.75% (ep25) test= 43.75%
  S14 1500ms fold5/5: best_val= 62.50% (ep2) test= 56.25%
  S14 3000ms fold1/5: best_val= 62.50% (ep2) test= 50.00%
  S14 3000ms fold2/5: best_val= 87.50% (ep7) test= 37.50%
  S14 3000ms fold3/5: best_val= 68.75% (ep5) test= 43.75%
  S14 3000ms fold4/5: best_val= 56.25% (ep7) test= 62.50%
  S14 3000ms fold5/5: best_val= 56.25% (ep1) test= 56.25%
  S14 4000ms fold1/5: best_val= 62.50% (ep1) test= 43.75%
  S14 4000ms fold2/5: best_val= 75.00% (ep13) test= 31.25%
  S14 4000ms fold3/5: best_val= 68.75% (ep8) test= 50.00%
  S14 4000ms fold4/5: best_val= 68.75% (ep5) test= 50.00%
  S14 4000ms fold5/5: best_val= 62.50% (ep1) test= 62.50%
S14: 800ms= 52.50%  1500ms= 46.25%  3000ms= 50.00%  4000ms= 47.50%   (71s)
  S15 800ms fold1/5: best_val= 75.00% (ep3) test= 31.25%
  S15 800ms fold2/5: best_val= 75.00% (ep15) test= 62.50%
  S15 800ms fold3/5: best_val= 81.25% (ep4) test= 68.75%
  S15 800ms fold4/5: best_val= 68.75% (ep3) test= 68.75%
  S15 800ms fold5/5: best_val= 75.00% (ep4) test= 56.25%
  S15 1500ms fold1/5: best_val= 75.00% (ep15) test= 43.75%
  S15 1500ms fold2/5: best_val= 75.00% (ep18) test= 75.00%
  S15 1500ms fold3/5: best_val= 68.75% (ep1) test= 50.00%
  S15 1500ms fold4/5: best_val= 62.50% (ep12) test= 56.25%
  S15 1500ms fold5/5: best_val= 75.00% (ep18) test= 50.00%
  S15 3000ms fold1/5: best_val= 75.00% (ep19) test= 50.00%
  S15 3000ms fold2/5: best_val= 68.75% (ep2) test= 56.25%
  S15 3000ms fold3/5: best_val= 50.00% (ep7) test= 31.25%
  S15 3000ms fold4/5: best_val= 56.25% (ep1) test= 50.00%
  S15 3000ms fold5/5: best_val= 75.00% (ep21) test= 50.00%
  S15 4000ms fold1/5: best_val= 68.75% (ep16) test= 50.00%
  S15 4000ms fold2/5: best_val= 56.25% (ep6) test= 37.50%
  S15 4000ms fold3/5: best_val= 56.25% (ep12) test= 43.75%
  S15 4000ms fold4/5: best_val= 62.50% (ep4) test= 50.00%
  S15 4000ms fold5/5: best_val= 75.00% (ep3) test= 56.25%
S15: 800ms= 57.50%  1500ms= 55.00%  3000ms= 47.50%  4000ms= 47.50%   (71s)
  S16 800ms fold1/5: best_val= 50.00% (ep5) test= 62.50%
  S16 800ms fold2/5: best_val= 87.50% (ep19) test= 56.25%
  S16 800ms fold3/5: best_val= 62.50% (ep13) test= 56.25%
  S16 800ms fold4/5: best_val= 56.25% (ep1) test= 56.25%
  S16 800ms fold5/5: best_val= 56.25% (ep5) test= 62.50%
  S16 1500ms fold1/5: best_val= 68.75% (ep1) test= 56.25%
  S16 1500ms fold2/5: best_val= 81.25% (ep13) test= 68.75%
  S16 1500ms fold3/5: best_val= 68.75% (ep5) test= 50.00%
  S16 1500ms fold4/5: best_val= 62.50% (ep5) test= 68.75%
  S16 1500ms fold5/5: best_val= 56.25% (ep35) test= 37.50%
  S16 3000ms fold1/5: best_val= 68.75% (ep10) test= 62.50%
  S16 3000ms fold2/5: best_val= 56.25% (ep2) test= 50.00%
  S16 3000ms fold3/5: best_val= 56.25% (ep1) test= 50.00%
  S16 3000ms fold4/5: best_val= 68.75% (ep6) test= 50.00%
  S16 3000ms fold5/5: best_val= 81.25% (ep4) test= 37.50%
  S16 4000ms fold1/5: best_val= 68.75% (ep3) test= 62.50%
  S16 4000ms fold2/5: best_val= 62.50% (ep3) test= 62.50%
  S16 4000ms fold3/5: best_val= 75.00% (ep3) test= 62.50%
  S16 4000ms fold4/5: best_val= 56.25% (ep4) test= 43.75%
  S16 4000ms fold5/5: best_val= 75.00% (ep2) test= 43.75%
S16: 800ms= 58.75%  1500ms= 56.25%  3000ms= 50.00%  4000ms= 55.00%   (71s)
  S17 800ms fold1/5: best_val= 56.25% (ep2) test= 37.50%
  S17 800ms fold2/5: best_val= 62.50% (ep1) test= 68.75%
  S17 800ms fold3/5: best_val= 68.75% (ep4) test= 56.25%
  S17 800ms fold4/5: best_val= 68.75% (ep11) test= 62.50%
  S17 800ms fold5/5: best_val= 75.00% (ep1) test= 75.00%
  S17 1500ms fold1/5: best_val= 87.50% (ep31) test= 62.50%
  S17 1500ms fold2/5: best_val= 56.25% (ep3) test= 68.75%
  S17 1500ms fold3/5: best_val= 75.00% (ep22) test= 56.25%
  S17 1500ms fold4/5: best_val= 68.75% (ep7) test= 75.00%
  S17 1500ms fold5/5: best_val= 75.00% (ep31) test= 50.00%
  S17 3000ms fold1/5: best_val= 81.25% (ep9) test= 43.75%
  S17 3000ms fold2/5: best_val= 68.75% (ep2) test= 62.50%
  S17 3000ms fold3/5: best_val= 68.75% (ep7) test= 37.50%
  S17 3000ms fold4/5: best_val= 68.75% (ep6) test= 68.75%
  S17 3000ms fold5/5: best_val= 62.50% (ep29) test= 43.75%
  S17 4000ms fold1/5: best_val= 68.75% (ep10) test= 50.00%
  S17 4000ms fold2/5: best_val= 75.00% (ep29) test= 62.50%
  S17 4000ms fold3/5: best_val= 75.00% (ep17) test= 43.75%
  S17 4000ms fold4/5: best_val= 68.75% (ep7) test= 68.75%
  S17 4000ms fold5/5: best_val= 68.75% (ep5) test= 37.50%
S17: 800ms= 60.00%  1500ms= 62.50%  3000ms= 51.25%  4000ms= 52.50%   (71s)
  S18 800ms fold1/5: best_val= 81.25% (ep35) test= 75.00%
  S18 800ms fold2/5: best_val= 56.25% (ep1) test= 50.00%
  S18 800ms fold3/5: best_val= 56.25% (ep16) test= 68.75%
  S18 800ms fold4/5: best_val= 56.25% (ep2) test= 50.00%
  S18 800ms fold5/5: best_val= 81.25% (ep9) test= 62.50%
  S18 1500ms fold1/5: best_val= 81.25% (ep49) test=100.00%
  S18 1500ms fold2/5: best_val= 56.25% (ep24) test= 68.75%
  S18 1500ms fold3/5: best_val= 68.75% (ep5) test= 62.50%
  S18 1500ms fold4/5: best_val= 68.75% (ep45) test= 50.00%
  S18 1500ms fold5/5: best_val= 68.75% (ep2) test= 43.75%
  S18 3000ms fold1/5: best_val= 62.50% (ep4) test= 62.50%
  S18 3000ms fold2/5: best_val= 62.50% (ep44) test= 56.25%
  S18 3000ms fold3/5: best_val= 68.75% (ep32) test= 62.50%
  S18 3000ms fold4/5: best_val= 50.00% (ep5) test= 56.25%
  S18 3000ms fold5/5: best_val= 68.75% (ep17) test= 62.50%
  S18 4000ms fold1/5: best_val= 68.75% (ep3) test= 56.25%
  S18 4000ms fold2/5: best_val= 62.50% (ep18) test= 81.25%
  S18 4000ms fold3/5: best_val= 75.00% (ep25) test= 62.50%
  S18 4000ms fold4/5: best_val= 62.50% (ep13) test= 56.25%
  S18 4000ms fold5/5: best_val= 68.75% (ep1) test= 50.00%
S18: 800ms= 61.25%  1500ms= 65.00%  3000ms= 60.00%  4000ms= 61.25%   (71s)

ALL SUBJECTS COMPLETED — EPS/SFE  (1296s)

====================================================================
SAVED EPS/SFE -> /work/11862/rmaahin/ls6/FineMI-enhancements/ConformerEEG/experiments/option_a/results/full/EPS_SFE
gpu=NVIDIA A100-PCIE-40GB | torch=2.8.0+cu128 | seed=42 | model=conformer_a | mode=full
====================================================================
window_ms   800    1500   3000   4000
subject                              
1          45.56  52.22  51.11  41.11
2          60.00  46.25  66.25  61.25
3          68.75  62.50  61.25  65.00
4          81.25  77.50  58.75  53.75
5          53.09  49.38  55.56  45.68
6          46.25  52.50  47.50  65.00
7          62.50  57.50  47.50  58.75
8          46.25  52.50  50.00  56.25
9          46.25  50.00  41.25  43.75
10         55.00  56.25  47.50  50.00
11         47.50  53.75  53.75  52.50
12         53.75  43.75  43.75  46.25
13         52.50  53.75  57.50  53.75
14         52.50  46.25  50.00  47.50
15         57.50  55.00  47.50  47.50
16         58.75  56.25  50.00  55.00
17         60.00  62.50  51.25  52.50
18         61.25  65.00  60.00  61.25

mean: {800: 56.04, 1500: 55.16, 3000: 52.25, 4000: 53.16}
sd  : {800: 9.13, 1500: 8.0, 3000: 6.51, 4000: 7.15}

Pairs saved so far in /work/11862/rmaahin/ls6/FineMI-enhancements/ConformerEEG/experiments/option_a/results/full: 8/28

##### pair_idx=22 (EFE_SPS) #####

Using device: cuda | gpu=NVIDIA A100-PCIE-40GB | torch=2.8.0+cu128
NOTE: determinism holds per-GPU-model. Record this GPU name.

PAIR: EFE/SPS  (classes 4 vs 5)  model=conformer_a  mode=full
Test time windows: [800, 1500, 3000, 4000] ms
Test time windows (samples): [200, 375, 750, 1000]

BINARY CLASSIFICATION: Class 4 vs Class 5  (EFE/SPS)
  Class 0 (original 4): 725 trials
  Class 1 (original 5): 725 trials

Extracted time windows:
  800ms (200 samples): shape (1450, 62, 200)
  1500ms (375 samples): shape (1450, 62, 375)
  3000ms (750 samples): shape (1450, 62, 750)
  4000ms (1000 samples): shape (1450, 62, 1000)

Model configuration:
  Model: conformer_a
  Channels: 62
  Subjects: [1, 2, 3, 4, 5, 6, 7, 8, 9, 10, 11, 12, 13, 14, 15, 16, 17, 18]
  Time windows: [800, 1500, 3000, 4000] ms
  Classes: 2 (Binary: Class 4 vs Class 5)
  Folds: 5
  Batch size: 32
  Epochs per subject per time window: 50
  S1 800ms fold1/5: best_val= 55.56% (ep11) test= 33.33%
  S1 800ms fold2/5: best_val= 50.00% (ep1) test= 44.44%
  S1 800ms fold3/5: best_val= 61.11% (ep7) test= 50.00%
  S1 800ms fold4/5: best_val= 77.78% (ep1) test= 66.67%
  S1 800ms fold5/5: best_val= 61.11% (ep23) test= 55.56%
  S1 1500ms fold1/5: best_val= 72.22% (ep16) test= 44.44%
  S1 1500ms fold2/5: best_val= 61.11% (ep4) test= 50.00%
  S1 1500ms fold3/5: best_val= 72.22% (ep1) test= 44.44%
  S1 1500ms fold4/5: best_val= 77.78% (ep2) test= 72.22%
  S1 1500ms fold5/5: best_val= 72.22% (ep24) test= 44.44%
  S1 3000ms fold1/5: best_val= 50.00% (ep3) test= 55.56%
  S1 3000ms fold2/5: best_val= 50.00% (ep3) test= 38.89%
  S1 3000ms fold3/5: best_val= 55.56% (ep1) test= 44.44%
  S1 3000ms fold4/5: best_val= 61.11% (ep13) test= 33.33%
  S1 3000ms fold5/5: best_val= 55.56% (ep2) test= 44.44%
  S1 4000ms fold1/5: best_val= 61.11% (ep7) test= 50.00%
  S1 4000ms fold2/5: best_val= 50.00% (ep1) test= 61.11%
  S1 4000ms fold3/5: best_val= 72.22% (ep27) test= 44.44%
  S1 4000ms fold4/5: best_val= 66.67% (ep23) test= 44.44%
  S1 4000ms fold5/5: best_val= 66.67% (ep6) test= 44.44%
S 1: 800ms= 50.00%  1500ms= 51.11%  3000ms= 43.33%  4000ms= 48.89%   (85s)
  S2 800ms fold1/5: best_val= 75.00% (ep27) test= 50.00%
  S2 800ms fold2/5: best_val= 62.50% (ep7) test= 50.00%
  S2 800ms fold3/5: best_val= 56.25% (ep1) test= 56.25%
  S2 800ms fold4/5: best_val= 62.50% (ep41) test= 56.25%
  S2 800ms fold5/5: best_val= 56.25% (ep17) test= 31.25%
  S2 1500ms fold1/5: best_val= 81.25% (ep11) test= 68.75%
  S2 1500ms fold2/5: best_val= 68.75% (ep12) test= 43.75%
  S2 1500ms fold3/5: best_val= 68.75% (ep6) test= 56.25%
  S2 1500ms fold4/5: best_val= 68.75% (ep16) test= 81.25%
  S2 1500ms fold5/5: best_val= 68.75% (ep1) test= 56.25%
  S2 3000ms fold1/5: best_val= 81.25% (ep23) test= 50.00%
  S2 3000ms fold2/5: best_val= 68.75% (ep7) test= 56.25%
  S2 3000ms fold3/5: best_val= 62.50% (ep3) test= 62.50%
  S2 3000ms fold4/5: best_val= 62.50% (ep15) test= 50.00%
  S2 3000ms fold5/5: best_val= 75.00% (ep11) test= 31.25%
  S2 4000ms fold1/5: best_val= 87.50% (ep14) test= 50.00%
  S2 4000ms fold2/5: best_val= 56.25% (ep1) test= 68.75%
  S2 4000ms fold3/5: best_val= 56.25% (ep16) test= 62.50%
  S2 4000ms fold4/5: best_val= 50.00% (ep9) test= 68.75%
  S2 4000ms fold5/5: best_val= 75.00% (ep9) test= 31.25%
S 2: 800ms= 48.75%  1500ms= 61.25%  3000ms= 50.00%  4000ms= 56.25%   (71s)
  S3 800ms fold1/5: best_val= 81.25% (ep23) test= 81.25%
  S3 800ms fold2/5: best_val= 81.25% (ep7) test= 75.00%
  S3 800ms fold3/5: best_val= 81.25% (ep2) test= 75.00%
  S3 800ms fold4/5: best_val= 81.25% (ep8) test= 87.50%
  S3 800ms fold5/5: best_val= 87.50% (ep12) test= 75.00%
  S3 1500ms fold1/5: best_val= 62.50% (ep2) test= 43.75%
  S3 1500ms fold2/5: best_val= 81.25% (ep19) test= 68.75%
  S3 1500ms fold3/5: best_val= 81.25% (ep9) test= 62.50%
  S3 1500ms fold4/5: best_val= 75.00% (ep5) test= 50.00%
  S3 1500ms fold5/5: best_val= 87.50% (ep8) test= 68.75%
  S3 3000ms fold1/5: best_val= 68.75% (ep6) test= 62.50%
  S3 3000ms fold2/5: best_val= 68.75% (ep3) test= 43.75%
  S3 3000ms fold3/5: best_val= 81.25% (ep11) test= 68.75%
  S3 3000ms fold4/5: best_val= 75.00% (ep5) test= 81.25%
  S3 3000ms fold5/5: best_val= 81.25% (ep18) test= 50.00%
  S3 4000ms fold1/5: best_val= 75.00% (ep7) test= 56.25%
  S3 4000ms fold2/5: best_val= 62.50% (ep12) test= 25.00%
  S3 4000ms fold3/5: best_val= 81.25% (ep8) test= 75.00%
  S3 4000ms fold4/5: best_val= 68.75% (ep6) test= 56.25%
  S3 4000ms fold5/5: best_val= 87.50% (ep14) test= 50.00%
S 3: 800ms= 78.75%  1500ms= 58.75%  3000ms= 61.25%  4000ms= 52.50%   (71s)
  S4 800ms fold1/5: best_val= 56.25% (ep18) test= 50.00%
  S4 800ms fold2/5: best_val= 56.25% (ep1) test= 31.25%
  S4 800ms fold3/5: best_val= 81.25% (ep7) test= 43.75%
  S4 800ms fold4/5: best_val= 81.25% (ep26) test= 62.50%
  S4 800ms fold5/5: best_val= 68.75% (ep1) test= 62.50%
  S4 1500ms fold1/5: best_val= 75.00% (ep23) test= 75.00%
  S4 1500ms fold2/5: best_val= 62.50% (ep21) test= 62.50%
  S4 1500ms fold3/5: best_val= 68.75% (ep16) test= 56.25%
  S4 1500ms fold4/5: best_val= 81.25% (ep26) test= 43.75%
  S4 1500ms fold5/5: best_val= 68.75% (ep22) test= 75.00%
  S4 3000ms fold1/5: best_val= 62.50% (ep22) test= 75.00%
  S4 3000ms fold2/5: best_val= 62.50% (ep1) test= 37.50%
  S4 3000ms fold3/5: best_val= 87.50% (ep13) test= 56.25%
  S4 3000ms fold4/5: best_val= 75.00% (ep9) test= 56.25%
  S4 3000ms fold5/5: best_val= 62.50% (ep1) test= 62.50%
  S4 4000ms fold1/5: best_val= 62.50% (ep14) test= 56.25%
  S4 4000ms fold2/5: best_val= 81.25% (ep41) test= 68.75%
  S4 4000ms fold3/5: best_val= 87.50% (ep14) test= 62.50%
  S4 4000ms fold4/5: best_val= 75.00% (ep12) test= 68.75%
  S4 4000ms fold5/5: best_val= 87.50% (ep14) test= 62.50%
S 4: 800ms= 50.00%  1500ms= 62.50%  3000ms= 57.50%  4000ms= 63.75%   (71s)
  S5 800ms fold1/5: best_val= 50.00% (ep1) test= 43.75%
  S5 800ms fold2/5: best_val= 62.50% (ep25) test= 31.25%
  S5 800ms fold3/5: best_val= 68.75% (ep45) test= 50.00%
  S5 800ms fold4/5: best_val= 56.25% (ep7) test= 50.00%
  S5 800ms fold5/5: best_val= 75.00% (ep12) test= 56.25%
  S5 1500ms fold1/5: best_val= 62.50% (ep6) test= 50.00%
  S5 1500ms fold2/5: best_val= 68.75% (ep3) test= 50.00%
  S5 1500ms fold3/5: best_val= 81.25% (ep3) test= 56.25%
  S5 1500ms fold4/5: best_val= 62.50% (ep2) test= 31.25%
  S5 1500ms fold5/5: best_val= 50.00% (ep1) test= 43.75%
  S5 3000ms fold1/5: best_val= 68.75% (ep4) test= 37.50%
  S5 3000ms fold2/5: best_val= 62.50% (ep5) test= 43.75%
  S5 3000ms fold3/5: best_val= 68.75% (ep1) test= 37.50%
  S5 3000ms fold4/5: best_val= 68.75% (ep10) test= 25.00%
  S5 3000ms fold5/5: best_val= 81.25% (ep13) test= 56.25%
  S5 4000ms fold1/5: best_val= 56.25% (ep1) test= 50.00%
  S5 4000ms fold2/5: best_val= 62.50% (ep5) test= 56.25%
  S5 4000ms fold3/5: best_val= 68.75% (ep1) test= 68.75%
  S5 4000ms fold4/5: best_val= 75.00% (ep1) test= 31.25%
  S5 4000ms fold5/5: best_val= 75.00% (ep8) test= 37.50%
S 5: 800ms= 46.25%  1500ms= 46.25%  3000ms= 40.00%  4000ms= 48.75%   (71s)
  S6 800ms fold1/5: best_val= 68.75% (ep12) test= 43.75%
  S6 800ms fold2/5: best_val= 62.50% (ep10) test= 37.50%
  S6 800ms fold3/5: best_val= 68.75% (ep16) test= 43.75%
  S6 800ms fold4/5: best_val= 50.00% (ep5) test= 37.50%
  S6 800ms fold5/5: best_val= 43.75% (ep1) test= 25.00%
  S6 1500ms fold1/5: best_val= 62.50% (ep1) test= 62.50%
  S6 1500ms fold2/5: best_val= 62.50% (ep1) test= 62.50%
  S6 1500ms fold3/5: best_val= 68.75% (ep27) test= 43.75%
  S6 1500ms fold4/5: best_val= 50.00% (ep14) test= 43.75%
  S6 1500ms fold5/5: best_val= 43.75% (ep2) test= 37.50%
  S6 3000ms fold1/5: best_val= 75.00% (ep11) test= 50.00%
  S6 3000ms fold2/5: best_val= 68.75% (ep3) test= 43.75%
  S6 3000ms fold3/5: best_val= 68.75% (ep5) test= 43.75%
  S6 3000ms fold4/5: best_val= 50.00% (ep1) test= 43.75%
  S6 3000ms fold5/5: best_val= 56.25% (ep1) test= 37.50%
  S6 4000ms fold1/5: best_val= 68.75% (ep9) test= 43.75%
  S6 4000ms fold2/5: best_val= 50.00% (ep2) test= 56.25%
  S6 4000ms fold3/5: best_val= 62.50% (ep8) test= 43.75%
  S6 4000ms fold4/5: best_val= 50.00% (ep3) test= 56.25%
  S6 4000ms fold5/5: best_val= 50.00% (ep1) test= 50.00%
S 6: 800ms= 37.50%  1500ms= 50.00%  3000ms= 43.75%  4000ms= 50.00%   (71s)
  S7 800ms fold1/5: best_val= 43.75% (ep4) test= 62.50%
  S7 800ms fold2/5: best_val= 62.50% (ep34) test= 75.00%
  S7 800ms fold3/5: best_val= 68.75% (ep3) test= 50.00%
  S7 800ms fold4/5: best_val= 75.00% (ep6) test= 56.25%
  S7 800ms fold5/5: best_val= 50.00% (ep1) test= 56.25%
  S7 1500ms fold1/5: best_val= 62.50% (ep9) test= 68.75%
  S7 1500ms fold2/5: best_val= 56.25% (ep8) test= 43.75%
  S7 1500ms fold3/5: best_val= 75.00% (ep3) test= 50.00%
  S7 1500ms fold4/5: best_val= 50.00% (ep1) test= 50.00%
  S7 1500ms fold5/5: best_val= 56.25% (ep12) test= 62.50%
  S7 3000ms fold1/5: best_val= 37.50% (ep1) test= 62.50%
  S7 3000ms fold2/5: best_val= 62.50% (ep2) test= 68.75%
  S7 3000ms fold3/5: best_val= 62.50% (ep11) test= 50.00%
  S7 3000ms fold4/5: best_val= 62.50% (ep1) test= 37.50%
  S7 3000ms fold5/5: best_val= 62.50% (ep13) test= 43.75%
  S7 4000ms fold1/5: best_val= 68.75% (ep10) test= 68.75%
  S7 4000ms fold2/5: best_val= 62.50% (ep1) test= 50.00%
  S7 4000ms fold3/5: best_val= 62.50% (ep24) test= 62.50%
  S7 4000ms fold4/5: best_val= 68.75% (ep1) test= 56.25%
  S7 4000ms fold5/5: best_val= 62.50% (ep1) test= 62.50%
S 7: 800ms= 60.00%  1500ms= 55.00%  3000ms= 52.50%  4000ms= 60.00%   (71s)
  S8 800ms fold1/5: best_val= 62.50% (ep2) test= 43.75%
  S8 800ms fold2/5: best_val= 68.75% (ep21) test= 56.25%
  S8 800ms fold3/5: best_val= 62.50% (ep2) test= 50.00%
  S8 800ms fold4/5: best_val= 62.50% (ep8) test= 50.00%
  S8 800ms fold5/5: best_val= 81.25% (ep25) test= 31.25%
  S8 1500ms fold1/5: best_val= 62.50% (ep2) test= 56.25%
  S8 1500ms fold2/5: best_val= 68.75% (ep12) test= 50.00%
  S8 1500ms fold3/5: best_val= 87.50% (ep1) test= 75.00%
  S8 1500ms fold4/5: best_val= 87.50% (ep14) test= 31.25%
  S8 1500ms fold5/5: best_val= 62.50% (ep2) test= 43.75%
  S8 3000ms fold1/5: best_val= 68.75% (ep23) test= 56.25%
  S8 3000ms fold2/5: best_val= 75.00% (ep8) test= 62.50%
  S8 3000ms fold3/5: best_val= 56.25% (ep1) test= 50.00%
  S8 3000ms fold4/5: best_val= 56.25% (ep6) test= 62.50%
  S8 3000ms fold5/5: best_val= 56.25% (ep1) test= 50.00%
  S8 4000ms fold1/5: best_val= 62.50% (ep9) test= 50.00%
  S8 4000ms fold2/5: best_val= 62.50% (ep9) test= 37.50%
  S8 4000ms fold3/5: best_val= 68.75% (ep4) test= 56.25%
  S8 4000ms fold4/5: best_val= 56.25% (ep15) test= 50.00%
  S8 4000ms fold5/5: best_val= 56.25% (ep11) test= 43.75%
S 8: 800ms= 46.25%  1500ms= 51.25%  3000ms= 56.25%  4000ms= 47.50%   (71s)
  S9 800ms fold1/5: best_val= 56.25% (ep14) test= 68.75%
  S9 800ms fold2/5: best_val= 37.50% (ep13) test= 75.00%
  S9 800ms fold3/5: best_val= 56.25% (ep2) test= 37.50%
  S9 800ms fold4/5: best_val= 50.00% (ep2) test= 56.25%
  S9 800ms fold5/5: best_val= 62.50% (ep3) test= 62.50%
  S9 1500ms fold1/5: best_val= 62.50% (ep7) test= 50.00%
  S9 1500ms fold2/5: best_val= 50.00% (ep4) test= 50.00%
  S9 1500ms fold3/5: best_val= 50.00% (ep2) test= 62.50%
  S9 1500ms fold4/5: best_val= 56.25% (ep28) test= 31.25%
  S9 1500ms fold5/5: best_val= 62.50% (ep3) test= 56.25%
  S9 3000ms fold1/5: best_val= 81.25% (ep8) test= 56.25%
  S9 3000ms fold2/5: best_val= 50.00% (ep1) test= 62.50%
  S9 3000ms fold3/5: best_val= 50.00% (ep4) test= 68.75%
  S9 3000ms fold4/5: best_val= 56.25% (ep1) test= 43.75%
  S9 3000ms fold5/5: best_val= 87.50% (ep7) test= 50.00%
  S9 4000ms fold1/5: best_val= 75.00% (ep7) test= 43.75%
  S9 4000ms fold2/5: best_val= 56.25% (ep25) test= 81.25%
  S9 4000ms fold3/5: best_val= 62.50% (ep5) test= 50.00%
  S9 4000ms fold4/5: best_val= 56.25% (ep5) test= 43.75%
  S9 4000ms fold5/5: best_val= 62.50% (ep1) test= 50.00%
S 9: 800ms= 60.00%  1500ms= 50.00%  3000ms= 56.25%  4000ms= 53.75%   (71s)
  S10 800ms fold1/5: best_val= 62.50% (ep10) test= 68.75%
  S10 800ms fold2/5: best_val= 50.00% (ep4) test= 56.25%
  S10 800ms fold3/5: best_val= 81.25% (ep14) test= 68.75%
  S10 800ms fold4/5: best_val= 68.75% (ep37) test= 50.00%
  S10 800ms fold5/5: best_val= 87.50% (ep13) test= 56.25%
  S10 1500ms fold1/5: best_val= 68.75% (ep2) test= 50.00%
  S10 1500ms fold2/5: best_val= 68.75% (ep12) test= 56.25%
  S10 1500ms fold3/5: best_val= 75.00% (ep4) test= 62.50%
  S10 1500ms fold4/5: best_val= 75.00% (ep11) test= 56.25%
  S10 1500ms fold5/5: best_val= 81.25% (ep14) test= 56.25%
  S10 3000ms fold1/5: best_val= 75.00% (ep1) test= 50.00%
  S10 3000ms fold2/5: best_val= 75.00% (ep5) test= 50.00%
  S10 3000ms fold3/5: best_val= 68.75% (ep7) test= 81.25%
  S10 3000ms fold4/5: best_val= 68.75% (ep2) test= 50.00%
  S10 3000ms fold5/5: best_val= 81.25% (ep9) test= 43.75%
  S10 4000ms fold1/5: best_val= 68.75% (ep13) test= 62.50%
  S10 4000ms fold2/5: best_val= 62.50% (ep14) test= 37.50%
  S10 4000ms fold3/5: best_val= 68.75% (ep4) test= 62.50%
  S10 4000ms fold4/5: best_val= 68.75% (ep4) test= 50.00%
  S10 4000ms fold5/5: best_val= 75.00% (ep20) test= 50.00%
S10: 800ms= 60.00%  1500ms= 56.25%  3000ms= 55.00%  4000ms= 52.50%   (71s)
  S11 800ms fold1/5: best_val= 62.50% (ep4) test= 50.00%
  S11 800ms fold2/5: best_val= 50.00% (ep25) test= 56.25%
  S11 800ms fold3/5: best_val= 56.25% (ep1) test= 37.50%
  S11 800ms fold4/5: best_val= 50.00% (ep1) test= 37.50%
  S11 800ms fold5/5: best_val= 75.00% (ep13) test= 43.75%
  S11 1500ms fold1/5: best_val= 56.25% (ep1) test= 50.00%
  S11 1500ms fold2/5: best_val= 56.25% (ep15) test= 56.25%
  S11 1500ms fold3/5: best_val= 81.25% (ep30) test= 50.00%
  S11 1500ms fold4/5: best_val= 56.25% (ep3) test= 50.00%
  S11 1500ms fold5/5: best_val= 50.00% (ep12) test= 37.50%
  S11 3000ms fold1/5: best_val= 68.75% (ep6) test= 31.25%
  S11 3000ms fold2/5: best_val= 68.75% (ep32) test= 62.50%
  S11 3000ms fold3/5: best_val= 68.75% (ep19) test= 56.25%
  S11 3000ms fold4/5: best_val= 62.50% (ep8) test= 37.50%
  S11 3000ms fold5/5: best_val= 50.00% (ep1) test= 50.00%
  S11 4000ms fold1/5: best_val= 56.25% (ep4) test= 62.50%
  S11 4000ms fold2/5: best_val= 43.75% (ep1) test= 56.25%
  S11 4000ms fold3/5: best_val= 75.00% (ep25) test= 62.50%
  S11 4000ms fold4/5: best_val= 68.75% (ep10) test= 62.50%
  S11 4000ms fold5/5: best_val= 68.75% (ep12) test= 31.25%
S11: 800ms= 45.00%  1500ms= 48.75%  3000ms= 47.50%  4000ms= 55.00%   (71s)
  S12 800ms fold1/5: best_val= 75.00% (ep2) test= 56.25%
  S12 800ms fold2/5: best_val= 56.25% (ep1) test= 43.75%
  S12 800ms fold3/5: best_val= 68.75% (ep1) test= 68.75%
  S12 800ms fold4/5: best_val= 68.75% (ep5) test= 31.25%
  S12 800ms fold5/5: best_val= 75.00% (ep5) test= 56.25%
  S12 1500ms fold1/5: best_val= 56.25% (ep17) test= 50.00%
  S12 1500ms fold2/5: best_val= 62.50% (ep5) test= 50.00%
  S12 1500ms fold3/5: best_val= 68.75% (ep24) test= 37.50%
  S12 1500ms fold4/5: best_val= 75.00% (ep7) test= 31.25%
  S12 1500ms fold5/5: best_val= 68.75% (ep4) test= 56.25%
  S12 3000ms fold1/5: best_val= 75.00% (ep35) test= 37.50%
  S12 3000ms fold2/5: best_val= 68.75% (ep1) test= 68.75%
  S12 3000ms fold3/5: best_val= 62.50% (ep4) test= 43.75%
  S12 3000ms fold4/5: best_val= 68.75% (ep2) test= 50.00%
  S12 3000ms fold5/5: best_val= 62.50% (ep4) test= 50.00%
  S12 4000ms fold1/5: best_val= 62.50% (ep1) test= 43.75%
  S12 4000ms fold2/5: best_val= 56.25% (ep4) test= 43.75%
  S12 4000ms fold3/5: best_val= 68.75% (ep19) test= 31.25%
  S12 4000ms fold4/5: best_val= 81.25% (ep6) test= 43.75%
  S12 4000ms fold5/5: best_val= 62.50% (ep16) test= 37.50%
S12: 800ms= 51.25%  1500ms= 45.00%  3000ms= 50.00%  4000ms= 40.00%   (71s)
  S13 800ms fold1/5: best_val= 75.00% (ep2) test= 56.25%
  S13 800ms fold2/5: best_val= 68.75% (ep21) test= 50.00%
  S13 800ms fold3/5: best_val= 87.50% (ep25) test= 56.25%
  S13 800ms fold4/5: best_val= 56.25% (ep1) test= 62.50%
  S13 800ms fold5/5: best_val= 68.75% (ep1) test= 43.75%
  S13 1500ms fold1/5: best_val= 50.00% (ep6) test= 50.00%
  S13 1500ms fold2/5: best_val= 75.00% (ep1) test= 50.00%
  S13 1500ms fold3/5: best_val= 68.75% (ep6) test= 37.50%
  S13 1500ms fold4/5: best_val= 56.25% (ep1) test= 56.25%
  S13 1500ms fold5/5: best_val= 62.50% (ep1) test= 62.50%
  S13 3000ms fold1/5: best_val= 68.75% (ep15) test= 50.00%
  S13 3000ms fold2/5: best_val= 75.00% (ep3) test= 31.25%
  S13 3000ms fold3/5: best_val= 75.00% (ep21) test= 56.25%
  S13 3000ms fold4/5: best_val= 62.50% (ep18) test= 62.50%
  S13 3000ms fold5/5: best_val= 56.25% (ep13) test= 62.50%
  S13 4000ms fold1/5: best_val= 62.50% (ep9) test= 56.25%
  S13 4000ms fold2/5: best_val= 62.50% (ep10) test= 50.00%
  S13 4000ms fold3/5: best_val= 75.00% (ep15) test= 56.25%
  S13 4000ms fold4/5: best_val= 62.50% (ep16) test= 50.00%
  S13 4000ms fold5/5: best_val= 68.75% (ep13) test= 56.25%
S13: 800ms= 53.75%  1500ms= 51.25%  3000ms= 52.50%  4000ms= 53.75%   (71s)
  S14 800ms fold1/5: best_val= 56.25% (ep13) test= 43.75%
  S14 800ms fold2/5: best_val= 75.00% (ep4) test= 43.75%
  S14 800ms fold3/5: best_val= 62.50% (ep3) test= 43.75%
  S14 800ms fold4/5: best_val= 62.50% (ep1) test= 56.25%
  S14 800ms fold5/5: best_val= 50.00% (ep2) test= 68.75%
  S14 1500ms fold1/5: best_val= 68.75% (ep2) test= 50.00%
  S14 1500ms fold2/5: best_val= 75.00% (ep4) test= 37.50%
  S14 1500ms fold3/5: best_val= 62.50% (ep8) test= 56.25%
  S14 1500ms fold4/5: best_val= 50.00% (ep2) test= 50.00%
  S14 1500ms fold5/5: best_val= 62.50% (ep2) test= 43.75%
  S14 3000ms fold1/5: best_val= 62.50% (ep1) test= 68.75%
  S14 3000ms fold2/5: best_val= 68.75% (ep12) test= 43.75%
  S14 3000ms fold3/5: best_val= 75.00% (ep1) test= 50.00%
  S14 3000ms fold4/5: best_val= 62.50% (ep4) test= 56.25%
  S14 3000ms fold5/5: best_val= 68.75% (ep1) test= 50.00%
  S14 4000ms fold1/5: best_val= 50.00% (ep1) test= 68.75%
  S14 4000ms fold2/5: best_val= 81.25% (ep9) test= 56.25%
  S14 4000ms fold3/5: best_val= 68.75% (ep6) test= 37.50%
  S14 4000ms fold4/5: best_val= 62.50% (ep19) test= 56.25%
  S14 4000ms fold5/5: best_val= 62.50% (ep2) test= 50.00%
S14: 800ms= 51.25%  1500ms= 47.50%  3000ms= 53.75%  4000ms= 53.75%   (71s)
  S15 800ms fold1/5: best_val= 75.00% (ep8) test= 50.00%
  S15 800ms fold2/5: best_val= 62.50% (ep13) test= 50.00%
  S15 800ms fold3/5: best_val= 62.50% (ep2) test= 50.00%
  S15 800ms fold4/5: best_val= 68.75% (ep3) test= 31.25%
  S15 800ms fold5/5: best_val= 56.25% (ep6) test= 56.25%
  S15 1500ms fold1/5: best_val= 68.75% (ep26) test= 50.00%
  S15 1500ms fold2/5: best_val= 56.25% (ep44) test= 56.25%
  S15 1500ms fold3/5: best_val= 50.00% (ep1) test= 56.25%
  S15 1500ms fold4/5: best_val= 62.50% (ep4) test= 43.75%
  S15 1500ms fold5/5: best_val= 68.75% (ep1) test= 56.25%
  S15 3000ms fold1/5: best_val= 81.25% (ep4) test= 68.75%
  S15 3000ms fold2/5: best_val= 50.00% (ep4) test= 50.00%
  S15 3000ms fold3/5: best_val= 62.50% (ep1) test= 31.25%
  S15 3000ms fold4/5: best_val= 56.25% (ep1) test= 50.00%
  S15 3000ms fold5/5: best_val= 56.25% (ep2) test= 62.50%
  S15 4000ms fold1/5: best_val= 75.00% (ep1) test= 75.00%
  S15 4000ms fold2/5: best_val= 56.25% (ep3) test= 56.25%
  S15 4000ms fold3/5: best_val= 56.25% (ep14) test= 56.25%
  S15 4000ms fold4/5: best_val= 56.25% (ep2) test= 56.25%
  S15 4000ms fold5/5: best_val= 62.50% (ep5) test= 56.25%
S15: 800ms= 47.50%  1500ms= 52.50%  3000ms= 52.50%  4000ms= 60.00%   (71s)
  S16 800ms fold1/5: best_val= 43.75% (ep1) test= 43.75%
  S16 800ms fold2/5: best_val= 50.00% (ep1) test= 12.50%
  S16 800ms fold3/5: best_val= 62.50% (ep27) test= 56.25%
  S16 800ms fold4/5: best_val= 68.75% (ep1) test= 37.50%
  S16 800ms fold5/5: best_val= 56.25% (ep1) test= 62.50%
  S16 1500ms fold1/5: best_val= 56.25% (ep3) test= 50.00%
  S16 1500ms fold2/5: best_val= 62.50% (ep5) test= 37.50%
  S16 1500ms fold3/5: best_val= 62.50% (ep1) test= 75.00%
  S16 1500ms fold4/5: best_val= 68.75% (ep2) test= 37.50%
  S16 1500ms fold5/5: best_val= 56.25% (ep1) test= 50.00%
  S16 3000ms fold1/5: best_val= 62.50% (ep13) test= 56.25%
  S16 3000ms fold2/5: best_val= 75.00% (ep7) test= 31.25%
  S16 3000ms fold3/5: best_val= 68.75% (ep16) test= 50.00%
  S16 3000ms fold4/5: best_val= 62.50% (ep1) test= 43.75%
  S16 3000ms fold5/5: best_val= 68.75% (ep12) test= 43.75%
  S16 4000ms fold1/5: best_val= 56.25% (ep3) test= 68.75%
  S16 4000ms fold2/5: best_val= 68.75% (ep5) test= 43.75%
  S16 4000ms fold3/5: best_val= 75.00% (ep10) test= 50.00%
  S16 4000ms fold4/5: best_val= 68.75% (ep1) test= 43.75%
  S16 4000ms fold5/5: best_val= 62.50% (ep8) test= 62.50%
S16: 800ms= 42.50%  1500ms= 50.00%  3000ms= 45.00%  4000ms= 53.75%   (72s)
  S17 800ms fold1/5: best_val= 50.00% (ep6) test= 50.00%
  S17 800ms fold2/5: best_val= 56.25% (ep7) test= 43.75%
  S17 800ms fold3/5: best_val= 62.50% (ep4) test= 50.00%
  S17 800ms fold4/5: best_val= 62.50% (ep1) test= 37.50%
  S17 800ms fold5/5: best_val= 75.00% (ep11) test= 43.75%
  S17 1500ms fold1/5: best_val= 68.75% (ep23) test= 75.00%
  S17 1500ms fold2/5: best_val= 68.75% (ep1) test= 50.00%
  S17 1500ms fold3/5: best_val= 62.50% (ep2) test= 56.25%
  S17 1500ms fold4/5: best_val= 75.00% (ep8) test= 56.25%
  S17 1500ms fold5/5: best_val= 75.00% (ep40) test= 37.50%
  S17 3000ms fold1/5: best_val= 62.50% (ep24) test= 87.50%
  S17 3000ms fold2/5: best_val= 50.00% (ep1) test= 50.00%
  S17 3000ms fold3/5: best_val= 68.75% (ep17) test= 75.00%
  S17 3000ms fold4/5: best_val= 50.00% (ep6) test= 43.75%
  S17 3000ms fold5/5: best_val= 75.00% (ep3) test= 37.50%
  S17 4000ms fold1/5: best_val= 56.25% (ep1) test= 37.50%
  S17 4000ms fold2/5: best_val= 56.25% (ep4) test= 56.25%
  S17 4000ms fold3/5: best_val= 68.75% (ep1) test= 62.50%
  S17 4000ms fold4/5: best_val= 56.25% (ep1) test= 37.50%
  S17 4000ms fold5/5: best_val= 56.25% (ep1) test= 43.75%
S17: 800ms= 45.00%  1500ms= 55.00%  3000ms= 58.75%  4000ms= 47.50%   (71s)
  S18 800ms fold1/5: best_val= 75.00% (ep16) test= 56.25%
  S18 800ms fold2/5: best_val= 75.00% (ep22) test= 50.00%
  S18 800ms fold3/5: best_val= 75.00% (ep23) test= 56.25%
  S18 800ms fold4/5: best_val= 75.00% (ep15) test= 50.00%
  S18 800ms fold5/5: best_val= 68.75% (ep13) test= 31.25%
  S18 1500ms fold1/5: best_val= 68.75% (ep4) test= 43.75%
  S18 1500ms fold2/5: best_val= 75.00% (ep4) test= 56.25%
  S18 1500ms fold3/5: best_val= 87.50% (ep7) test= 43.75%
  S18 1500ms fold4/5: best_val= 68.75% (ep17) test= 68.75%
  S18 1500ms fold5/5: best_val= 75.00% (ep14) test= 81.25%
  S18 3000ms fold1/5: best_val= 75.00% (ep12) test= 50.00%
  S18 3000ms fold2/5: best_val= 75.00% (ep23) test= 56.25%
  S18 3000ms fold3/5: best_val= 87.50% (ep20) test= 56.25%
  S18 3000ms fold4/5: best_val= 81.25% (ep19) test= 75.00%
  S18 3000ms fold5/5: best_val= 62.50% (ep10) test= 68.75%
  S18 4000ms fold1/5: best_val= 75.00% (ep6) test= 37.50%
  S18 4000ms fold2/5: best_val= 81.25% (ep4) test= 50.00%
  S18 4000ms fold3/5: best_val= 68.75% (ep6) test= 62.50%
  S18 4000ms fold4/5: best_val= 68.75% (ep28) test= 87.50%
  S18 4000ms fold5/5: best_val= 62.50% (ep1) test= 50.00%
S18: 800ms= 48.75%  1500ms= 58.75%  3000ms= 61.25%  4000ms= 57.50%   (71s)

ALL SUBJECTS COMPLETED — EFE/SPS  (1295s)

====================================================================
SAVED EFE/SPS -> /work/11862/rmaahin/ls6/FineMI-enhancements/ConformerEEG/experiments/option_a/results/full/EFE_SPS
gpu=NVIDIA A100-PCIE-40GB | torch=2.8.0+cu128 | seed=42 | model=conformer_a | mode=full
====================================================================
window_ms   800    1500   3000   4000
subject                              
1          50.00  51.11  43.33  48.89
2          48.75  61.25  50.00  56.25
3          78.75  58.75  61.25  52.50
4          50.00  62.50  57.50  63.75
5          46.25  46.25  40.00  48.75
6          37.50  50.00  43.75  50.00
7          60.00  55.00  52.50  60.00
8          46.25  51.25  56.25  47.50
9          60.00  50.00  56.25  53.75
10         60.00  56.25  55.00  52.50
11         45.00  48.75  47.50  55.00
12         51.25  45.00  50.00  40.00
13         53.75  51.25  52.50  53.75
14         51.25  47.50  53.75  53.75
15         47.50  52.50  52.50  60.00
16         42.50  50.00  45.00  53.75
17         45.00  55.00  58.75  47.50
18         48.75  58.75  61.25  57.50

mean: {800: 51.25, 1500: 52.84, 3000: 52.06, 4000: 53.06}
sd  : {800: 9.13, 1500: 5.07, 3000: 6.23, 4000: 5.55}

Pairs saved so far in /work/11862/rmaahin/ls6/FineMI-enhancements/ConformerEEG/experiments/option_a/results/full: 11/28

##### pair_idx=23 (EFE_SAA) #####

Using device: cuda | gpu=NVIDIA A100-PCIE-40GB | torch=2.8.0+cu128
NOTE: determinism holds per-GPU-model. Record this GPU name.

PAIR: EFE/SAA  (classes 4 vs 6)  model=conformer_a  mode=full
Test time windows: [800, 1500, 3000, 4000] ms
Test time windows (samples): [200, 375, 750, 1000]

BINARY CLASSIFICATION: Class 4 vs Class 6  (EFE/SAA)
  Class 0 (original 4): 725 trials
  Class 1 (original 6): 725 trials

Extracted time windows:
  800ms (200 samples): shape (1450, 62, 200)
  1500ms (375 samples): shape (1450, 62, 375)
  3000ms (750 samples): shape (1450, 62, 750)
  4000ms (1000 samples): shape (1450, 62, 1000)

Model configuration:
  Model: conformer_a
  Channels: 62
  Subjects: [1, 2, 3, 4, 5, 6, 7, 8, 9, 10, 11, 12, 13, 14, 15, 16, 17, 18]
  Time windows: [800, 1500, 3000, 4000] ms
  Classes: 2 (Binary: Class 4 vs Class 6)
  Folds: 5
  Batch size: 32
  Epochs per subject per time window: 50
  S1 800ms fold1/5: best_val= 61.11% (ep5) test= 33.33%
  S1 800ms fold2/5: best_val= 61.11% (ep1) test= 50.00%
  S1 800ms fold3/5: best_val= 55.56% (ep1) test= 50.00%
  S1 800ms fold4/5: best_val= 55.56% (ep6) test= 61.11%
  S1 800ms fold5/5: best_val= 55.56% (ep1) test= 50.00%
  S1 1500ms fold1/5: best_val= 50.00% (ep15) test= 50.00%
  S1 1500ms fold2/5: best_val= 50.00% (ep7) test= 55.56%
  S1 1500ms fold3/5: best_val= 55.56% (ep5) test= 50.00%
  S1 1500ms fold4/5: best_val= 72.22% (ep3) test= 72.22%
  S1 1500ms fold5/5: best_val= 61.11% (ep3) test= 55.56%
  S1 3000ms fold1/5: best_val= 55.56% (ep11) test= 38.89%
  S1 3000ms fold2/5: best_val= 61.11% (ep6) test= 83.33%
  S1 3000ms fold3/5: best_val= 66.67% (ep17) test= 55.56%
  S1 3000ms fold4/5: best_val= 61.11% (ep2) test= 61.11%
  S1 3000ms fold5/5: best_val= 66.67% (ep10) test= 38.89%
  S1 4000ms fold1/5: best_val= 61.11% (ep5) test= 44.44%
  S1 4000ms fold2/5: best_val= 50.00% (ep1) test= 44.44%
  S1 4000ms fold3/5: best_val= 55.56% (ep10) test= 44.44%
  S1 4000ms fold4/5: best_val= 66.67% (ep8) test= 50.00%
  S1 4000ms fold5/5: best_val= 83.33% (ep1) test= 55.56%
S 1: 800ms= 48.89%  1500ms= 56.67%  3000ms= 55.56%  4000ms= 47.78%   (85s)
  S2 800ms fold1/5: best_val= 62.50% (ep14) test= 43.75%
  S2 800ms fold2/5: best_val= 75.00% (ep6) test= 50.00%
  S2 800ms fold3/5: best_val= 68.75% (ep1) test= 50.00%
  S2 800ms fold4/5: best_val= 75.00% (ep31) test= 56.25%
  S2 800ms fold5/5: best_val= 62.50% (ep17) test= 81.25%
  S2 1500ms fold1/5: best_val= 56.25% (ep1) test= 56.25%
  S2 1500ms fold2/5: best_val= 75.00% (ep11) test= 50.00%
  S2 1500ms fold3/5: best_val= 62.50% (ep5) test= 43.75%
  S2 1500ms fold4/5: best_val= 68.75% (ep28) test= 68.75%
  S2 1500ms fold5/5: best_val= 68.75% (ep1) test= 62.50%
  S2 3000ms fold1/5: best_val= 68.75% (ep16) test= 68.75%
  S2 3000ms fold2/5: best_val= 68.75% (ep7) test= 68.75%
  S2 3000ms fold3/5: best_val= 68.75% (ep13) test= 62.50%
  S2 3000ms fold4/5: best_val= 81.25% (ep28) test= 62.50%
  S2 3000ms fold5/5: best_val= 68.75% (ep1) test= 50.00%
  S2 4000ms fold1/5: best_val= 68.75% (ep7) test= 56.25%
  S2 4000ms fold2/5: best_val= 87.50% (ep13) test= 75.00%
  S2 4000ms fold3/5: best_val= 75.00% (ep21) test= 68.75%
  S2 4000ms fold4/5: best_val= 75.00% (ep8) test= 50.00%
  S2 4000ms fold5/5: best_val= 81.25% (ep20) test= 75.00%
S 2: 800ms= 56.25%  1500ms= 56.25%  3000ms= 62.50%  4000ms= 65.00%   (71s)
  S3 800ms fold1/5: best_val= 87.50% (ep15) test= 75.00%
  S3 800ms fold2/5: best_val= 87.50% (ep25) test= 81.25%
  S3 800ms fold3/5: best_val= 87.50% (ep16) test= 87.50%
  S3 800ms fold4/5: best_val= 87.50% (ep11) test= 81.25%
  S3 800ms fold5/5: best_val=100.00% (ep22) test= 81.25%
  S3 1500ms fold1/5: best_val= 87.50% (ep8) test= 62.50%
  S3 1500ms fold2/5: best_val= 75.00% (ep9) test= 68.75%
  S3 1500ms fold3/5: best_val= 93.75% (ep6) test= 43.75%
  S3 1500ms fold4/5: best_val= 81.25% (ep17) test= 93.75%
  S3 1500ms fold5/5: best_val= 93.75% (ep15) test= 68.75%
  S3 3000ms fold1/5: best_val= 75.00% (ep15) test= 56.25%
  S3 3000ms fold2/5: best_val= 81.25% (ep11) test= 43.75%
  S3 3000ms fold3/5: best_val= 93.75% (ep21) test= 81.25%
  S3 3000ms fold4/5: best_val= 81.25% (ep2) test= 50.00%
  S3 3000ms fold5/5: best_val= 87.50% (ep14) test= 62.50%
  S3 4000ms fold1/5: best_val= 75.00% (ep5) test= 56.25%
  S3 4000ms fold2/5: best_val= 87.50% (ep8) test= 56.25%
  S3 4000ms fold3/5: best_val= 87.50% (ep12) test= 81.25%
  S3 4000ms fold4/5: best_val= 81.25% (ep7) test= 56.25%
  S3 4000ms fold5/5: best_val= 93.75% (ep9) test= 43.75%
S 3: 800ms= 81.25%  1500ms= 67.50%  3000ms= 58.75%  4000ms= 58.75%   (71s)
  S4 800ms fold1/5: best_val= 68.75% (ep26) test= 43.75%
  S4 800ms fold2/5: best_val= 62.50% (ep1) test= 37.50%
  S4 800ms fold3/5: best_val= 75.00% (ep6) test= 31.25%
  S4 800ms fold4/5: best_val= 81.25% (ep30) test= 68.75%
  S4 800ms fold5/5: best_val= 81.25% (ep12) test= 50.00%
  S4 1500ms fold1/5: best_val= 75.00% (ep10) test= 43.75%
  S4 1500ms fold2/5: best_val= 68.75% (ep3) test= 37.50%
  S4 1500ms fold3/5: best_val= 75.00% (ep14) test= 56.25%
  S4 1500ms fold4/5: best_val= 81.25% (ep14) test= 62.50%
  S4 1500ms fold5/5: best_val= 68.75% (ep1) test= 43.75%
  S4 3000ms fold1/5: best_val= 68.75% (ep4) test= 43.75%
  S4 3000ms fold2/5: best_val= 75.00% (ep5) test= 50.00%
  S4 3000ms fold3/5: best_val= 81.25% (ep29) test= 43.75%
  S4 3000ms fold4/5: best_val= 75.00% (ep7) test= 68.75%
  S4 3000ms fold5/5: best_val= 68.75% (ep1) test= 43.75%
  S4 4000ms fold1/5: best_val= 56.25% (ep1) test= 31.25%
  S4 4000ms fold2/5: best_val= 75.00% (ep11) test= 75.00%
  S4 4000ms fold3/5: best_val= 62.50% (ep2) test= 68.75%
  S4 4000ms fold4/5: best_val= 75.00% (ep7) test= 56.25%
  S4 4000ms fold5/5: best_val= 68.75% (ep1) test= 56.25%
S 4: 800ms= 46.25%  1500ms= 48.75%  3000ms= 50.00%  4000ms= 57.50%   (71s)
  S5 800ms fold1/5: best_val= 75.00% (ep2) test= 81.25%
  S5 800ms fold2/5: best_val= 62.50% (ep1) test= 37.50%
  S5 800ms fold3/5: best_val= 68.75% (ep9) test= 56.25%
  S5 800ms fold4/5: best_val= 43.75% (ep9) test= 50.00%
  S5 800ms fold5/5: best_val= 75.00% (ep14) test= 62.50%
  S5 1500ms fold1/5: best_val= 56.25% (ep11) test= 25.00%
  S5 1500ms fold2/5: best_val= 68.75% (ep1) test= 50.00%
  S5 1500ms fold3/5: best_val= 75.00% (ep3) test= 50.00%
  S5 1500ms fold4/5: best_val= 56.25% (ep1) test= 25.00%
  S5 1500ms fold5/5: best_val= 68.75% (ep5) test= 68.75%
  S5 3000ms fold1/5: best_val= 62.50% (ep1) test= 37.50%
  S5 3000ms fold2/5: best_val= 75.00% (ep14) test= 56.25%
  S5 3000ms fold3/5: best_val= 56.25% (ep4) test= 62.50%
  S5 3000ms fold4/5: best_val= 75.00% (ep1) test= 50.00%
  S5 3000ms fold5/5: best_val= 43.75% (ep1) test= 56.25%
  S5 4000ms fold1/5: best_val= 75.00% (ep3) test= 62.50%
  S5 4000ms fold2/5: best_val= 62.50% (ep1) test= 56.25%
  S5 4000ms fold3/5: best_val= 62.50% (ep6) test= 56.25%
  S5 4000ms fold4/5: best_val= 56.25% (ep3) test= 43.75%
  S5 4000ms fold5/5: best_val= 62.50% (ep7) test= 50.00%
S 5: 800ms= 57.50%  1500ms= 43.75%  3000ms= 52.50%  4000ms= 53.75%   (71s)
  S6 800ms fold1/5: best_val= 75.00% (ep4) test= 56.25%
  S6 800ms fold2/5: best_val= 56.25% (ep6) test= 68.75%
  S6 800ms fold3/5: best_val= 81.25% (ep8) test= 43.75%
  S6 800ms fold4/5: best_val= 56.25% (ep4) test= 25.00%
  S6 800ms fold5/5: best_val= 56.25% (ep7) test= 50.00%
  S6 1500ms fold1/5: best_val= 62.50% (ep5) test= 37.50%
  S6 1500ms fold2/5: best_val= 62.50% (ep3) test= 31.25%
  S6 1500ms fold3/5: best_val= 62.50% (ep3) test= 50.00%
  S6 1500ms fold4/5: best_val= 68.75% (ep5) test= 37.50%
  S6 1500ms fold5/5: best_val= 50.00% (ep10) test= 43.75%
  S6 3000ms fold1/5: best_val= 75.00% (ep19) test= 56.25%
  S6 3000ms fold2/5: best_val= 68.75% (ep5) test= 43.75%
  S6 3000ms fold3/5: best_val= 56.25% (ep1) test= 37.50%
  S6 3000ms fold4/5: best_val= 68.75% (ep7) test= 50.00%
  S6 3000ms fold5/5: best_val= 62.50% (ep29) test= 62.50%
  S6 4000ms fold1/5: best_val= 62.50% (ep3) test= 50.00%
  S6 4000ms fold2/5: best_val= 75.00% (ep8) test= 50.00%
  S6 4000ms fold3/5: best_val= 56.25% (ep6) test= 56.25%
  S6 4000ms fold4/5: best_val= 68.75% (ep32) test= 50.00%
  S6 4000ms fold5/5: best_val= 50.00% (ep1) test= 43.75%
S 6: 800ms= 48.75%  1500ms= 40.00%  3000ms= 50.00%  4000ms= 50.00%   (71s)
  S7 800ms fold1/5: best_val= 81.25% (ep7) test= 81.25%
  S7 800ms fold2/5: best_val= 75.00% (ep5) test= 75.00%
  S7 800ms fold3/5: best_val= 75.00% (ep14) test= 56.25%
  S7 800ms fold4/5: best_val= 75.00% (ep23) test= 56.25%
  S7 800ms fold5/5: best_val= 56.25% (ep11) test= 50.00%
  S7 1500ms fold1/5: best_val= 81.25% (ep15) test= 75.00%
  S7 1500ms fold2/5: best_val= 81.25% (ep5) test= 62.50%
  S7 1500ms fold3/5: best_val= 87.50% (ep12) test= 50.00%
  S7 1500ms fold4/5: best_val= 68.75% (ep18) test= 75.00%
  S7 1500ms fold5/5: best_val= 56.25% (ep4) test= 75.00%
  S7 3000ms fold1/5: best_val= 75.00% (ep4) test= 43.75%
  S7 3000ms fold2/5: best_val= 68.75% (ep3) test= 68.75%
  S7 3000ms fold3/5: best_val= 75.00% (ep12) test= 50.00%
  S7 3000ms fold4/5: best_val= 68.75% (ep5) test= 68.75%
  S7 3000ms fold5/5: best_val= 68.75% (ep2) test= 68.75%
  S7 4000ms fold1/5: best_val= 75.00% (ep1) test= 43.75%
  S7 4000ms fold2/5: best_val= 68.75% (ep3) test= 81.25%
  S7 4000ms fold3/5: best_val= 75.00% (ep5) test= 56.25%
  S7 4000ms fold4/5: best_val= 75.00% (ep1) test= 68.75%
  S7 4000ms fold5/5: best_val= 62.50% (ep2) test= 68.75%
S 7: 800ms= 63.75%  1500ms= 67.50%  3000ms= 60.00%  4000ms= 63.75%   (71s)
  S8 800ms fold1/5: best_val= 56.25% (ep2) test= 56.25%
  S8 800ms fold2/5: best_val= 81.25% (ep7) test= 43.75%
  S8 800ms fold3/5: best_val= 62.50% (ep10) test= 50.00%
  S8 800ms fold4/5: best_val= 56.25% (ep2) test= 50.00%
  S8 800ms fold5/5: best_val= 75.00% (ep14) test= 43.75%
  S8 1500ms fold1/5: best_val= 50.00% (ep25) test= 43.75%
  S8 1500ms fold2/5: best_val= 75.00% (ep7) test= 68.75%
  S8 1500ms fold3/5: best_val= 68.75% (ep2) test= 56.25%
  S8 1500ms fold4/5: best_val= 62.50% (ep6) test= 62.50%
  S8 1500ms fold5/5: best_val= 75.00% (ep3) test= 43.75%
  S8 3000ms fold1/5: best_val= 50.00% (ep2) test= 50.00%
  S8 3000ms fold2/5: best_val= 68.75% (ep7) test= 50.00%
  S8 3000ms fold3/5: best_val= 68.75% (ep8) test= 62.50%
  S8 3000ms fold4/5: best_val= 68.75% (ep3) test= 50.00%
  S8 3000ms fold5/5: best_val= 81.25% (ep10) test= 56.25%
  S8 4000ms fold1/5: best_val= 62.50% (ep2) test= 68.75%
  S8 4000ms fold2/5: best_val= 62.50% (ep12) test= 56.25%
  S8 4000ms fold3/5: best_val= 68.75% (ep1) test= 56.25%
  S8 4000ms fold4/5: best_val= 68.75% (ep4) test= 43.75%
  S8 4000ms fold5/5: best_val= 75.00% (ep3) test= 37.50%
S 8: 800ms= 48.75%  1500ms= 55.00%  3000ms= 53.75%  4000ms= 52.50%   (71s)
  S9 800ms fold1/5: best_val= 56.25% (ep32) test= 50.00%
  S9 800ms fold2/5: best_val= 56.25% (ep6) test= 50.00%
  S9 800ms fold3/5: best_val= 62.50% (ep6) test= 37.50%
  S9 800ms fold4/5: best_val= 62.50% (ep1) test= 56.25%
  S9 800ms fold5/5: best_val= 68.75% (ep1) test= 37.50%
  S9 1500ms fold1/5: best_val= 68.75% (ep1) test= 50.00%
  S9 1500ms fold2/5: best_val= 43.75% (ep3) test= 50.00%
  S9 1500ms fold3/5: best_val= 81.25% (ep8) test= 62.50%
  S9 1500ms fold4/5: best_val= 56.25% (ep12) test= 62.50%
  S9 1500ms fold5/5: best_val= 56.25% (ep13) test= 43.75%
  S9 3000ms fold1/5: best_val= 75.00% (ep37) test= 50.00%
  S9 3000ms fold2/5: best_val= 37.50% (ep1) test= 37.50%
  S9 3000ms fold3/5: best_val= 62.50% (ep6) test= 50.00%
  S9 3000ms fold4/5: best_val= 50.00% (ep24) test= 56.25%
  S9 3000ms fold5/5: best_val= 75.00% (ep17) test= 43.75%
  S9 4000ms fold1/5: best_val= 62.50% (ep23) test= 56.25%
  S9 4000ms fold2/5: best_val= 50.00% (ep1) test= 50.00%
  S9 4000ms fold3/5: best_val= 75.00% (ep5) test= 68.75%
  S9 4000ms fold4/5: best_val= 56.25% (ep1) test= 43.75%
  S9 4000ms fold5/5: best_val= 62.50% (ep25) test= 68.75%
S 9: 800ms= 46.25%  1500ms= 53.75%  3000ms= 47.50%  4000ms= 57.50%   (71s)
  S10 800ms fold1/5: best_val= 56.25% (ep8) test= 50.00%
  S10 800ms fold2/5: best_val= 68.75% (ep45) test= 50.00%
  S10 800ms fold3/5: best_val= 62.50% (ep1) test= 43.75%
  S10 800ms fold4/5: best_val= 56.25% (ep2) test= 50.00%
  S10 800ms fold5/5: best_val= 68.75% (ep12) test= 56.25%
  S10 1500ms fold1/5: best_val= 50.00% (ep28) test= 50.00%
  S10 1500ms fold2/5: best_val= 50.00% (ep9) test= 56.25%
  S10 1500ms fold3/5: best_val= 37.50% (ep2) test= 50.00%
  S10 1500ms fold4/5: best_val= 56.25% (ep2) test= 50.00%
  S10 1500ms fold5/5: best_val= 75.00% (ep1) test= 31.25%
  S10 3000ms fold1/5: best_val= 75.00% (ep11) test= 50.00%
  S10 3000ms fold2/5: best_val= 56.25% (ep7) test= 50.00%
  S10 3000ms fold3/5: best_val= 56.25% (ep1) test= 50.00%
  S10 3000ms fold4/5: best_val= 56.25% (ep4) test= 50.00%
  S10 3000ms fold5/5: best_val= 56.25% (ep4) test= 43.75%
  S10 4000ms fold1/5: best_val= 81.25% (ep17) test= 43.75%
  S10 4000ms fold2/5: best_val= 50.00% (ep3) test= 56.25%
  S10 4000ms fold3/5: best_val= 56.25% (ep3) test= 75.00%
  S10 4000ms fold4/5: best_val= 56.25% (ep2) test= 43.75%
  S10 4000ms fold5/5: best_val= 56.25% (ep2) test= 56.25%
S10: 800ms= 50.00%  1500ms= 47.50%  3000ms= 48.75%  4000ms= 55.00%   (71s)
  S11 800ms fold1/5: best_val= 68.75% (ep1) test= 62.50%
  S11 800ms fold2/5: best_val= 68.75% (ep11) test= 56.25%
  S11 800ms fold3/5: best_val= 62.50% (ep5) test= 68.75%
  S11 800ms fold4/5: best_val= 68.75% (ep12) test= 37.50%
  S11 800ms fold5/5: best_val= 62.50% (ep14) test= 50.00%
  S11 1500ms fold1/5: best_val= 68.75% (ep10) test= 62.50%
  S11 1500ms fold2/5: best_val= 68.75% (ep17) test= 25.00%
  S11 1500ms fold3/5: best_val= 56.25% (ep19) test= 43.75%
  S11 1500ms fold4/5: best_val= 68.75% (ep5) test= 43.75%
  S11 1500ms fold5/5: best_val= 62.50% (ep17) test= 43.75%
  S11 3000ms fold1/5: best_val= 75.00% (ep5) test= 37.50%
  S11 3000ms fold2/5: best_val= 56.25% (ep6) test= 56.25%
  S11 3000ms fold3/5: best_val= 68.75% (ep3) test= 43.75%
  S11 3000ms fold4/5: best_val= 62.50% (ep8) test= 37.50%
  S11 3000ms fold5/5: best_val= 68.75% (ep15) test= 43.75%
  S11 4000ms fold1/5: best_val= 81.25% (ep26) test= 68.75%
  S11 4000ms fold2/5: best_val= 68.75% (ep11) test= 43.75%
  S11 4000ms fold3/5: best_val= 62.50% (ep2) test= 56.25%
  S11 4000ms fold4/5: best_val= 62.50% (ep4) test= 68.75%
  S11 4000ms fold5/5: best_val= 75.00% (ep7) test= 43.75%
S11: 800ms= 55.00%  1500ms= 43.75%  3000ms= 43.75%  4000ms= 56.25%   (71s)
  S12 800ms fold1/5: best_val= 75.00% (ep8) test= 50.00%
  S12 800ms fold2/5: best_val= 62.50% (ep4) test= 56.25%
  S12 800ms fold3/5: best_val= 68.75% (ep10) test= 37.50%
  S12 800ms fold4/5: best_val= 62.50% (ep4) test= 37.50%
  S12 800ms fold5/5: best_val= 75.00% (ep4) test= 56.25%
  S12 1500ms fold1/5: best_val= 68.75% (ep4) test= 62.50%
  S12 1500ms fold2/5: best_val= 50.00% (ep1) test= 56.25%
  S12 1500ms fold3/5: best_val= 68.75% (ep9) test= 43.75%
  S12 1500ms fold4/5: best_val= 68.75% (ep35) test= 62.50%
  S12 1500ms fold5/5: best_val= 68.75% (ep3) test= 56.25%
  S12 3000ms fold1/5: best_val= 56.25% (ep2) test= 62.50%
  S12 3000ms fold2/5: best_val= 75.00% (ep5) test= 43.75%
  S12 3000ms fold3/5: best_val= 62.50% (ep1) test= 43.75%
  S12 3000ms fold4/5: best_val= 75.00% (ep10) test= 43.75%
  S12 3000ms fold5/5: best_val= 56.25% (ep9) test= 37.50%
  S12 4000ms fold1/5: best_val= 75.00% (ep1) test= 62.50%
  S12 4000ms fold2/5: best_val= 75.00% (ep6) test= 37.50%
  S12 4000ms fold3/5: best_val= 56.25% (ep3) test= 43.75%
  S12 4000ms fold4/5: best_val= 81.25% (ep26) test= 18.75%
  S12 4000ms fold5/5: best_val= 62.50% (ep29) test= 37.50%
S12: 800ms= 47.50%  1500ms= 56.25%  3000ms= 46.25%  4000ms= 40.00%   (71s)
  S13 800ms fold1/5: best_val= 68.75% (ep23) test= 50.00%
  S13 800ms fold2/5: best_val= 62.50% (ep3) test= 62.50%
  S13 800ms fold3/5: best_val= 43.75% (ep1) test= 50.00%
  S13 800ms fold4/5: best_val= 62.50% (ep1) test= 75.00%
  S13 800ms fold5/5: best_val= 62.50% (ep1) test= 68.75%
  S13 1500ms fold1/5: best_val= 68.75% (ep1) test= 43.75%
  S13 1500ms fold2/5: best_val= 50.00% (ep1) test= 50.00%
  S13 1500ms fold3/5: best_val= 50.00% (ep1) test= 43.75%
  S13 1500ms fold4/5: best_val= 87.50% (ep27) test= 50.00%
  S13 1500ms fold5/5: best_val= 62.50% (ep17) test= 43.75%
  S13 3000ms fold1/5: best_val= 68.75% (ep2) test= 37.50%
  S13 3000ms fold2/5: best_val= 75.00% (ep1) test= 50.00%
  S13 3000ms fold3/5: best_val= 37.50% (ep3) test= 31.25%
  S13 3000ms fold4/5: best_val= 50.00% (ep4) test= 31.25%
  S13 3000ms fold5/5: best_val= 50.00% (ep8) test= 50.00%
  S13 4000ms fold1/5: best_val= 75.00% (ep1) test= 50.00%
  S13 4000ms fold2/5: best_val= 62.50% (ep4) test= 43.75%
  S13 4000ms fold3/5: best_val= 56.25% (ep3) test= 43.75%
  S13 4000ms fold4/5: best_val= 56.25% (ep2) test= 18.75%
  S13 4000ms fold5/5: best_val= 68.75% (ep1) test= 50.00%
S13: 800ms= 61.25%  1500ms= 46.25%  3000ms= 40.00%  4000ms= 41.25%   (71s)
  S14 800ms fold1/5: best_val= 68.75% (ep2) test= 56.25%
  S14 800ms fold2/5: best_val= 62.50% (ep4) test= 62.50%
  S14 800ms fold3/5: best_val= 62.50% (ep5) test= 43.75%
  S14 800ms fold4/5: best_val= 81.25% (ep2) test= 68.75%
  S14 800ms fold5/5: best_val= 62.50% (ep1) test= 68.75%
  S14 1500ms fold1/5: best_val= 68.75% (ep2) test= 56.25%
  S14 1500ms fold2/5: best_val= 62.50% (ep27) test= 43.75%
  S14 1500ms fold3/5: best_val= 56.25% (ep1) test= 43.75%
  S14 1500ms fold4/5: best_val= 68.75% (ep20) test= 50.00%
  S14 1500ms fold5/5: best_val= 68.75% (ep9) test= 62.50%
  S14 3000ms fold1/5: best_val= 68.75% (ep1) test= 56.25%
  S14 3000ms fold2/5: best_val= 68.75% (ep3) test= 50.00%
  S14 3000ms fold3/5: best_val= 62.50% (ep9) test= 50.00%
  S14 3000ms fold4/5: best_val= 62.50% (ep9) test= 56.25%
  S14 3000ms fold5/5: best_val= 68.75% (ep4) test= 50.00%
  S14 4000ms fold1/5: best_val= 56.25% (ep1) test= 62.50%
  S14 4000ms fold2/5: best_val= 56.25% (ep1) test= 56.25%
  S14 4000ms fold3/5: best_val= 75.00% (ep6) test= 68.75%
  S14 4000ms fold4/5: best_val= 68.75% (ep2) test= 50.00%
  S14 4000ms fold5/5: best_val= 50.00% (ep8) test= 62.50%
S14: 800ms= 60.00%  1500ms= 51.25%  3000ms= 52.50%  4000ms= 60.00%   (71s)
  S15 800ms fold1/5: best_val= 68.75% (ep3) test= 62.50%
  S15 800ms fold2/5: best_val= 68.75% (ep4) test= 68.75%
  S15 800ms fold3/5: best_val= 62.50% (ep9) test= 43.75%
  S15 800ms fold4/5: best_val= 62.50% (ep9) test= 37.50%
  S15 800ms fold5/5: best_val= 68.75% (ep17) test= 62.50%
  S15 1500ms fold1/5: best_val= 81.25% (ep19) test= 62.50%
  S15 1500ms fold2/5: best_val= 56.25% (ep2) test= 81.25%
  S15 1500ms fold3/5: best_val= 68.75% (ep9) test= 50.00%
  S15 1500ms fold4/5: best_val= 68.75% (ep8) test= 43.75%
  S15 1500ms fold5/5: best_val= 75.00% (ep8) test= 62.50%
  S15 3000ms fold1/5: best_val= 87.50% (ep9) test= 62.50%
  S15 3000ms fold2/5: best_val= 56.25% (ep2) test= 43.75%
  S15 3000ms fold3/5: best_val= 75.00% (ep1) test= 43.75%
  S15 3000ms fold4/5: best_val= 68.75% (ep1) test= 37.50%
  S15 3000ms fold5/5: best_val= 68.75% (ep4) test= 62.50%
  S15 4000ms fold1/5: best_val= 87.50% (ep15) test= 37.50%
  S15 4000ms fold2/5: best_val= 56.25% (ep5) test= 62.50%
  S15 4000ms fold3/5: best_val= 68.75% (ep10) test= 50.00%
  S15 4000ms fold4/5: best_val= 62.50% (ep2) test= 43.75%
  S15 4000ms fold5/5: best_val= 68.75% (ep2) test= 62.50%
S15: 800ms= 55.00%  1500ms= 60.00%  3000ms= 50.00%  4000ms= 51.25%   (71s)
  S16 800ms fold1/5: best_val= 81.25% (ep3) test= 43.75%
  S16 800ms fold2/5: best_val= 81.25% (ep20) test= 68.75%
  S16 800ms fold3/5: best_val= 56.25% (ep7) test= 50.00%
  S16 800ms fold4/5: best_val= 68.75% (ep13) test= 56.25%
  S16 800ms fold5/5: best_val= 62.50% (ep1) test= 43.75%
  S16 1500ms fold1/5: best_val= 75.00% (ep18) test= 50.00%
  S16 1500ms fold2/5: best_val= 68.75% (ep12) test= 68.75%
  S16 1500ms fold3/5: best_val= 56.25% (ep3) test= 56.25%
  S16 1500ms fold4/5: best_val= 75.00% (ep5) test= 62.50%
  S16 1500ms fold5/5: best_val= 75.00% (ep23) test= 43.75%
  S16 3000ms fold1/5: best_val= 81.25% (ep2) test= 56.25%
  S16 3000ms fold2/5: best_val= 62.50% (ep16) test= 68.75%
  S16 3000ms fold3/5: best_val= 68.75% (ep3) test= 50.00%
  S16 3000ms fold4/5: best_val= 62.50% (ep4) test= 56.25%
  S16 3000ms fold5/5: best_val= 81.25% (ep9) test= 37.50%
  S16 4000ms fold1/5: best_val= 81.25% (ep4) test= 62.50%
  S16 4000ms fold2/5: best_val= 50.00% (ep7) test= 56.25%
  S16 4000ms fold3/5: best_val= 68.75% (ep4) test= 37.50%
  S16 4000ms fold4/5: best_val= 68.75% (ep1) test= 68.75%
  S16 4000ms fold5/5: best_val= 75.00% (ep4) test= 37.50%
S16: 800ms= 52.50%  1500ms= 56.25%  3000ms= 53.75%  4000ms= 52.50%   (71s)
  S17 800ms fold1/5: best_val= 68.75% (ep1) test= 37.50%
  S17 800ms fold2/5: best_val= 75.00% (ep1) test= 68.75%
  S17 800ms fold3/5: best_val= 56.25% (ep4) test= 62.50%
  S17 800ms fold4/5: best_val= 62.50% (ep1) test= 31.25%
  S17 800ms fold5/5: best_val= 62.50% (ep4) test= 43.75%
  S17 1500ms fold1/5: best_val= 62.50% (ep4) test= 37.50%
  S17 1500ms fold2/5: best_val= 68.75% (ep3) test= 43.75%
  S17 1500ms fold3/5: best_val= 56.25% (ep12) test= 62.50%
  S17 1500ms fold4/5: best_val= 68.75% (ep4) test= 31.25%
  S17 1500ms fold5/5: best_val= 62.50% (ep7) test= 37.50%
  S17 3000ms fold1/5: best_val= 50.00% (ep11) test= 50.00%
  S17 3000ms fold2/5: best_val= 56.25% (ep9) test= 37.50%
  S17 3000ms fold3/5: best_val= 50.00% (ep23) test= 50.00%
  S17 3000ms fold4/5: best_val= 68.75% (ep35) test= 43.75%
  S17 3000ms fold5/5: best_val= 56.25% (ep11) test= 56.25%
  S17 4000ms fold1/5: best_val= 56.25% (ep3) test= 56.25%
  S17 4000ms fold2/5: best_val= 56.25% (ep4) test= 50.00%
  S17 4000ms fold3/5: best_val= 50.00% (ep2) test= 37.50%
  S17 4000ms fold4/5: best_val= 68.75% (ep27) test= 37.50%
  S17 4000ms fold5/5: best_val= 68.75% (ep3) test= 62.50%
S17: 800ms= 48.75%  1500ms= 42.50%  3000ms= 47.50%  4000ms= 48.75%   (71s)
  S18 800ms fold1/5: best_val= 81.25% (ep14) test= 75.00%
  S18 800ms fold2/5: best_val= 75.00% (ep12) test= 62.50%
  S18 800ms fold3/5: best_val= 75.00% (ep23) test= 81.25%
  S18 800ms fold4/5: best_val= 87.50% (ep24) test= 75.00%
  S18 800ms fold5/5: best_val= 87.50% (ep20) test= 81.25%
  S18 1500ms fold1/5: best_val= 75.00% (ep10) test= 62.50%
  S18 1500ms fold2/5: best_val= 81.25% (ep11) test= 68.75%
  S18 1500ms fold3/5: best_val= 87.50% (ep9) test= 81.25%
  S18 1500ms fold4/5: best_val= 81.25% (ep12) test= 75.00%
  S18 1500ms fold5/5: best_val= 81.25% (ep13) test= 81.25%
  S18 3000ms fold1/5: best_val= 75.00% (ep1) test= 50.00%
  S18 3000ms fold2/5: best_val= 68.75% (ep12) test= 68.75%
  S18 3000ms fold3/5: best_val= 81.25% (ep4) test= 62.50%
  S18 3000ms fold4/5: best_val= 81.25% (ep8) test= 68.75%
  S18 3000ms fold5/5: best_val= 93.75% (ep23) test= 87.50%
  S18 4000ms fold1/5: best_val= 75.00% (ep30) test= 93.75%
  S18 4000ms fold2/5: best_val= 68.75% (ep28) test= 68.75%
  S18 4000ms fold3/5: best_val= 93.75% (ep17) test= 68.75%
  S18 4000ms fold4/5: best_val= 87.50% (ep11) test= 62.50%
  S18 4000ms fold5/5: best_val= 81.25% (ep16) test= 87.50%
S18: 800ms= 75.00%  1500ms= 73.75%  3000ms= 67.50%  4000ms= 76.25%   (70s)

ALL SUBJECTS COMPLETED — EFE/SAA  (1293s)

====================================================================
SAVED EFE/SAA -> /work/11862/rmaahin/ls6/FineMI-enhancements/ConformerEEG/experiments/option_a/results/full/EFE_SAA
gpu=NVIDIA A100-PCIE-40GB | torch=2.8.0+cu128 | seed=42 | model=conformer_a | mode=full
====================================================================
window_ms   800    1500   3000   4000
subject                              
1          48.89  56.67  55.56  47.78
2          56.25  56.25  62.50  65.00
3          81.25  67.50  58.75  58.75
4          46.25  48.75  50.00  57.50
5          57.50  43.75  52.50  53.75
6          48.75  40.00  50.00  50.00
7          63.75  67.50  60.00  63.75
8          48.75  55.00  53.75  52.50
9          46.25  53.75  47.50  57.50
10         50.00  47.50  48.75  55.00
11         55.00  43.75  43.75  56.25
12         47.50  56.25  46.25  40.00
13         61.25  46.25  40.00  41.25
14         60.00  51.25  52.50  60.00
15         55.00  60.00  50.00  51.25
16         52.50  56.25  53.75  52.50
17         48.75  42.50  47.50  48.75
18         75.00  73.75  67.50  76.25

mean: {800: 55.7, 1500: 53.7, 3000: 52.25, 4000: 54.88}
sd  : {800: 9.77, 1500: 9.36, 3000: 6.8, 4000: 8.54}

Pairs saved so far in /work/11862/rmaahin/ls6/FineMI-enhancements/ConformerEEG/experiments/option_a/results/full: 14/28

##### pair_idx=24 (EFE_SFE) #####

Using device: cuda | gpu=NVIDIA A100-PCIE-40GB | torch=2.8.0+cu128
NOTE: determinism holds per-GPU-model. Record this GPU name.

PAIR: EFE/SFE  (classes 4 vs 7)  model=conformer_a  mode=full
Test time windows: [800, 1500, 3000, 4000] ms
Test time windows (samples): [200, 375, 750, 1000]

BINARY CLASSIFICATION: Class 4 vs Class 7  (EFE/SFE)
  Class 0 (original 4): 725 trials
  Class 1 (original 7): 726 trials

Extracted time windows:
  800ms (200 samples): shape (1451, 62, 200)
  1500ms (375 samples): shape (1451, 62, 375)
  3000ms (750 samples): shape (1451, 62, 750)
  4000ms (1000 samples): shape (1451, 62, 1000)

Model configuration:
  Model: conformer_a
  Channels: 62
  Subjects: [1, 2, 3, 4, 5, 6, 7, 8, 9, 10, 11, 12, 13, 14, 15, 16, 17, 18]
  Time windows: [800, 1500, 3000, 4000] ms
  Classes: 2 (Binary: Class 4 vs Class 7)
  Folds: 5
  Batch size: 32
  Epochs per subject per time window: 50
  S1 800ms fold1/5: best_val= 72.22% (ep2) test= 33.33%
  S1 800ms fold2/5: best_val= 61.11% (ep1) test= 44.44%
  S1 800ms fold3/5: best_val= 61.11% (ep6) test= 55.56%
  S1 800ms fold4/5: best_val= 66.67% (ep2) test= 55.56%
  S1 800ms fold5/5: best_val= 66.67% (ep2) test= 38.89%
  S1 1500ms fold1/5: best_val= 72.22% (ep34) test= 38.89%
  S1 1500ms fold2/5: best_val= 66.67% (ep3) test= 27.78%
  S1 1500ms fold3/5: best_val= 61.11% (ep2) test= 55.56%
  S1 1500ms fold4/5: best_val= 77.78% (ep1) test= 38.89%
  S1 1500ms fold5/5: best_val= 61.11% (ep33) test= 83.33%
  S1 3000ms fold1/5: best_val= 77.78% (ep3) test= 44.44%
  S1 3000ms fold2/5: best_val= 66.67% (ep1) test= 22.22%
  S1 3000ms fold3/5: best_val= 66.67% (ep6) test= 61.11%
  S1 3000ms fold4/5: best_val= 66.67% (ep4) test= 44.44%
  S1 3000ms fold5/5: best_val= 50.00% (ep2) test= 50.00%
  S1 4000ms fold1/5: best_val= 66.67% (ep10) test= 38.89%
  S1 4000ms fold2/5: best_val= 55.56% (ep7) test= 33.33%
  S1 4000ms fold3/5: best_val= 55.56% (ep1) test= 50.00%
  S1 4000ms fold4/5: best_val= 55.56% (ep1) test= 38.89%
  S1 4000ms fold5/5: best_val= 55.56% (ep3) test= 38.89%
S 1: 800ms= 45.56%  1500ms= 48.89%  3000ms= 44.44%  4000ms= 40.00%   (82s)
  S2 800ms fold1/5: best_val= 56.25% (ep2) test= 50.00%
  S2 800ms fold2/5: best_val= 50.00% (ep13) test= 56.25%
  S2 800ms fold3/5: best_val= 68.75% (ep24) test= 68.75%
  S2 800ms fold4/5: best_val= 37.50% (ep23) test= 56.25%
  S2 800ms fold5/5: best_val= 56.25% (ep1) test= 50.00%
  S2 1500ms fold1/5: best_val= 50.00% (ep3) test= 56.25%
  S2 1500ms fold2/5: best_val= 50.00% (ep4) test= 50.00%
  S2 1500ms fold3/5: best_val= 56.25% (ep49) test= 43.75%
  S2 1500ms fold4/5: best_val= 50.00% (ep2) test= 37.50%
  S2 1500ms fold5/5: best_val= 50.00% (ep11) test= 62.50%
  S2 3000ms fold1/5: best_val= 50.00% (ep6) test= 56.25%
  S2 3000ms fold2/5: best_val= 56.25% (ep7) test= 56.25%
  S2 3000ms fold3/5: best_val= 68.75% (ep34) test= 56.25%
  S2 3000ms fold4/5: best_val= 62.50% (ep28) test= 43.75%
  S2 3000ms fold5/5: best_val= 50.00% (ep1) test= 43.75%
  S2 4000ms fold1/5: best_val= 56.25% (ep2) test= 75.00%
  S2 4000ms fold2/5: best_val= 37.50% (ep1) test= 56.25%
  S2 4000ms fold3/5: best_val= 56.25% (ep11) test= 43.75%
  S2 4000ms fold4/5: best_val= 56.25% (ep11) test= 56.25%
  S2 4000ms fold5/5: best_val= 68.75% (ep1) test= 37.50%
S 2: 800ms= 56.25%  1500ms= 50.00%  3000ms= 51.25%  4000ms= 53.75%   (69s)
  S3 800ms fold1/5: best_val= 87.50% (ep16) test= 75.00%
  S3 800ms fold2/5: best_val= 93.75% (ep18) test= 87.50%
  S3 800ms fold3/5: best_val= 81.25% (ep48) test= 81.25%
  S3 800ms fold4/5: best_val= 87.50% (ep17) test= 93.75%
  S3 800ms fold5/5: best_val= 93.75% (ep12) test= 75.00%
  S3 1500ms fold1/5: best_val= 68.75% (ep10) test= 68.75%
  S3 1500ms fold2/5: best_val= 87.50% (ep4) test= 50.00%
  S3 1500ms fold3/5: best_val= 68.75% (ep19) test= 62.50%
  S3 1500ms fold4/5: best_val= 81.25% (ep10) test= 81.25%
  S3 1500ms fold5/5: best_val= 68.75% (ep6) test= 81.25%
  S3 3000ms fold1/5: best_val= 68.75% (ep2) test= 43.75%
  S3 3000ms fold2/5: best_val= 93.75% (ep21) test= 68.75%
  S3 3000ms fold3/5: best_val= 62.50% (ep3) test= 56.25%
  S3 3000ms fold4/5: best_val= 68.75% (ep3) test= 68.75%
  S3 3000ms fold5/5: best_val= 62.50% (ep4) test= 37.50%
  S3 4000ms fold1/5: best_val= 81.25% (ep25) test= 75.00%
  S3 4000ms fold2/5: best_val= 81.25% (ep13) test= 75.00%
  S3 4000ms fold3/5: best_val= 62.50% (ep6) test= 62.50%
  S3 4000ms fold4/5: best_val= 68.75% (ep5) test= 81.25%
  S3 4000ms fold5/5: best_val= 68.75% (ep6) test= 56.25%
S 3: 800ms= 82.50%  1500ms= 68.75%  3000ms= 55.00%  4000ms= 70.00%   (69s)
  S4 800ms fold1/5: best_val= 75.00% (ep15) test= 62.50%
  S4 800ms fold2/5: best_val=100.00% (ep15) test= 68.75%
  S4 800ms fold3/5: best_val= 75.00% (ep6) test= 75.00%
  S4 800ms fold4/5: best_val= 87.50% (ep10) test= 75.00%
  S4 800ms fold5/5: best_val= 87.50% (ep17) test= 75.00%
  S4 1500ms fold1/5: best_val= 68.75% (ep1) test= 50.00%
  S4 1500ms fold2/5: best_val= 93.75% (ep3) test= 62.50%
  S4 1500ms fold3/5: best_val= 68.75% (ep11) test= 62.50%
  S4 1500ms fold4/5: best_val= 75.00% (ep5) test= 37.50%
  S4 1500ms fold5/5: best_val= 75.00% (ep11) test= 75.00%
  S4 3000ms fold1/5: best_val= 62.50% (ep1) test= 56.25%
  S4 3000ms fold2/5: best_val= 81.25% (ep7) test= 68.75%
  S4 3000ms fold3/5: best_val= 62.50% (ep6) test= 56.25%
  S4 3000ms fold4/5: best_val= 68.75% (ep1) test= 56.25%
  S4 3000ms fold5/5: best_val= 62.50% (ep2) test= 68.75%
  S4 4000ms fold1/5: best_val= 56.25% (ep2) test= 37.50%
  S4 4000ms fold2/5: best_val= 87.50% (ep4) test= 37.50%
  S4 4000ms fold3/5: best_val= 62.50% (ep10) test= 50.00%
  S4 4000ms fold4/5: best_val= 75.00% (ep16) test= 75.00%
  S4 4000ms fold5/5: best_val= 68.75% (ep9) test= 50.00%
S 4: 800ms= 71.25%  1500ms= 57.50%  3000ms= 61.25%  4000ms= 50.00%   (69s)
  S5 800ms fold1/5: best_val= 75.00% (ep17) test= 64.71%
  S5 800ms fold2/5: best_val= 76.47% (ep6) test= 62.50%
  S5 800ms fold3/5: best_val= 70.59% (ep7) test= 75.00%
  S5 800ms fold4/5: best_val= 58.82% (ep7) test= 56.25%
  S5 800ms fold5/5: best_val= 70.59% (ep11) test= 56.25%
  S5 1500ms fold1/5: best_val= 75.00% (ep15) test= 41.18%
  S5 1500ms fold2/5: best_val= 52.94% (ep1) test= 68.75%
  S5 1500ms fold3/5: best_val= 58.82% (ep4) test= 68.75%
  S5 1500ms fold4/5: best_val= 52.94% (ep1) test= 56.25%
  S5 1500ms fold5/5: best_val= 64.71% (ep11) test= 56.25%
  S5 3000ms fold1/5: best_val= 81.25% (ep10) test= 58.82%
  S5 3000ms fold2/5: best_val= 64.71% (ep1) test= 56.25%
  S5 3000ms fold3/5: best_val= 76.47% (ep8) test= 68.75%
  S5 3000ms fold4/5: best_val= 70.59% (ep4) test= 56.25%
  S5 3000ms fold5/5: best_val= 64.71% (ep18) test= 68.75%
  S5 4000ms fold1/5: best_val= 81.25% (ep20) test= 58.82%
  S5 4000ms fold2/5: best_val= 58.82% (ep1) test= 56.25%
  S5 4000ms fold3/5: best_val= 70.59% (ep10) test= 50.00%
  S5 4000ms fold4/5: best_val= 58.82% (ep1) test= 56.25%
  S5 4000ms fold5/5: best_val= 70.59% (ep10) test= 68.75%
S 5: 800ms= 62.96%  1500ms= 58.02%  3000ms= 61.73%  4000ms= 58.02%   (69s)
  S6 800ms fold1/5: best_val= 56.25% (ep2) test= 37.50%
  S6 800ms fold2/5: best_val= 56.25% (ep4) test= 50.00%
  S6 800ms fold3/5: best_val= 56.25% (ep10) test= 37.50%
  S6 800ms fold4/5: best_val= 50.00% (ep21) test= 37.50%
  S6 800ms fold5/5: best_val= 68.75% (ep27) test= 18.75%
  S6 1500ms fold1/5: best_val= 75.00% (ep14) test= 62.50%
  S6 1500ms fold2/5: best_val= 75.00% (ep16) test= 50.00%
  S6 1500ms fold3/5: best_val= 68.75% (ep5) test= 43.75%
  S6 1500ms fold4/5: best_val= 68.75% (ep7) test= 43.75%
  S6 1500ms fold5/5: best_val= 75.00% (ep2) test= 31.25%
  S6 3000ms fold1/5: best_val= 75.00% (ep22) test= 62.50%
  S6 3000ms fold2/5: best_val= 81.25% (ep11) test= 50.00%
  S6 3000ms fold3/5: best_val= 62.50% (ep2) test= 43.75%
  S6 3000ms fold4/5: best_val= 56.25% (ep15) test= 31.25%
  S6 3000ms fold5/5: best_val= 62.50% (ep1) test= 62.50%
  S6 4000ms fold1/5: best_val= 62.50% (ep6) test= 31.25%
  S6 4000ms fold2/5: best_val= 87.50% (ep4) test= 43.75%
  S6 4000ms fold3/5: best_val= 56.25% (ep20) test= 25.00%
  S6 4000ms fold4/5: best_val= 50.00% (ep11) test= 50.00%
  S6 4000ms fold5/5: best_val= 68.75% (ep11) test= 25.00%
S 6: 800ms= 36.25%  1500ms= 46.25%  3000ms= 50.00%  4000ms= 35.00%   (69s)
  S7 800ms fold1/5: best_val= 87.50% (ep14) test= 87.50%
  S7 800ms fold2/5: best_val= 68.75% (ep5) test= 43.75%
  S7 800ms fold3/5: best_val= 93.75% (ep10) test= 56.25%
  S7 800ms fold4/5: best_val= 68.75% (ep7) test= 62.50%
  S7 800ms fold5/5: best_val= 62.50% (ep1) test= 12.50%
  S7 1500ms fold1/5: best_val= 75.00% (ep3) test= 62.50%
  S7 1500ms fold2/5: best_val= 75.00% (ep7) test= 56.25%
  S7 1500ms fold3/5: best_val= 81.25% (ep4) test= 50.00%
  S7 1500ms fold4/5: best_val= 56.25% (ep22) test= 56.25%
  S7 1500ms fold5/5: best_val= 43.75% (ep7) test= 62.50%
  S7 3000ms fold1/5: best_val= 93.75% (ep8) test= 62.50%
  S7 3000ms fold2/5: best_val= 75.00% (ep3) test= 56.25%
  S7 3000ms fold3/5: best_val= 81.25% (ep12) test= 50.00%
  S7 3000ms fold4/5: best_val= 62.50% (ep13) test= 81.25%
  S7 3000ms fold5/5: best_val= 56.25% (ep20) test= 75.00%
  S7 4000ms fold1/5: best_val= 81.25% (ep10) test= 56.25%
  S7 4000ms fold2/5: best_val= 75.00% (ep5) test= 75.00%
  S7 4000ms fold3/5: best_val= 81.25% (ep9) test= 50.00%
  S7 4000ms fold4/5: best_val= 62.50% (ep1) test= 56.25%
  S7 4000ms fold5/5: best_val= 56.25% (ep4) test= 75.00%
S 7: 800ms= 52.50%  1500ms= 57.50%  3000ms= 65.00%  4000ms= 62.50%   (69s)
  S8 800ms fold1/5: best_val= 75.00% (ep1) test= 43.75%
  S8 800ms fold2/5: best_val= 68.75% (ep21) test= 37.50%
  S8 800ms fold3/5: best_val= 68.75% (ep31) test= 68.75%
  S8 800ms fold4/5: best_val= 56.25% (ep4) test= 50.00%
  S8 800ms fold5/5: best_val= 75.00% (ep2) test= 43.75%
  S8 1500ms fold1/5: best_val= 68.75% (ep1) test= 56.25%
  S8 1500ms fold2/5: best_val= 75.00% (ep1) test= 37.50%
  S8 1500ms fold3/5: best_val= 56.25% (ep1) test= 50.00%
  S8 1500ms fold4/5: best_val= 62.50% (ep19) test= 68.75%
  S8 1500ms fold5/5: best_val= 68.75% (ep6) test= 25.00%
  S8 3000ms fold1/5: best_val= 75.00% (ep6) test= 43.75%
  S8 3000ms fold2/5: best_val= 68.75% (ep16) test= 37.50%
  S8 3000ms fold3/5: best_val= 43.75% (ep1) test= 43.75%
  S8 3000ms fold4/5: best_val= 50.00% (ep5) test= 43.75%
  S8 3000ms fold5/5: best_val= 68.75% (ep2) test= 31.25%
  S8 4000ms fold1/5: best_val= 62.50% (ep6) test= 50.00%
  S8 4000ms fold2/5: best_val= 68.75% (ep8) test= 68.75%
  S8 4000ms fold3/5: best_val= 68.75% (ep9) test= 75.00%
  S8 4000ms fold4/5: best_val= 37.50% (ep1) test= 50.00%
  S8 4000ms fold5/5: best_val= 68.75% (ep1) test= 31.25%
S 8: 800ms= 48.75%  1500ms= 47.50%  3000ms= 40.00%  4000ms= 55.00%   (69s)
  S9 800ms fold1/5: best_val= 68.75% (ep25) test= 50.00%
  S9 800ms fold2/5: best_val= 56.25% (ep4) test= 56.25%
  S9 800ms fold3/5: best_val= 68.75% (ep2) test= 50.00%
  S9 800ms fold4/5: best_val= 75.00% (ep23) test= 56.25%
  S9 800ms fold5/5: best_val= 68.75% (ep5) test= 68.75%
  S9 1500ms fold1/5: best_val= 68.75% (ep2) test= 50.00%
  S9 1500ms fold2/5: best_val= 68.75% (ep1) test= 31.25%
  S9 1500ms fold3/5: best_val= 62.50% (ep5) test= 43.75%
  S9 1500ms fold4/5: best_val= 75.00% (ep10) test= 31.25%
  S9 1500ms fold5/5: best_val= 68.75% (ep18) test= 56.25%
  S9 3000ms fold1/5: best_val= 68.75% (ep10) test= 62.50%
  S9 3000ms fold2/5: best_val= 62.50% (ep3) test= 56.25%
  S9 3000ms fold3/5: best_val= 62.50% (ep22) test= 56.25%
  S9 3000ms fold4/5: best_val= 62.50% (ep3) test= 50.00%
  S9 3000ms fold5/5: best_val= 68.75% (ep9) test= 50.00%
  S9 4000ms fold1/5: best_val= 68.75% (ep1) test= 62.50%
  S9 4000ms fold2/5: best_val= 56.25% (ep4) test= 56.25%
  S9 4000ms fold3/5: best_val= 68.75% (ep13) test= 50.00%
  S9 4000ms fold4/5: best_val= 62.50% (ep6) test= 50.00%
  S9 4000ms fold5/5: best_val= 56.25% (ep3) test= 56.25%
S 9: 800ms= 56.25%  1500ms= 42.50%  3000ms= 55.00%  4000ms= 55.00%   (69s)
  S10 800ms fold1/5: best_val= 68.75% (ep13) test= 50.00%
  S10 800ms fold2/5: best_val= 81.25% (ep9) test= 50.00%
  S10 800ms fold3/5: best_val= 56.25% (ep18) test= 50.00%
  S10 800ms fold4/5: best_val= 56.25% (ep3) test= 50.00%
  S10 800ms fold5/5: best_val= 75.00% (ep12) test= 62.50%
  S10 1500ms fold1/5: best_val= 50.00% (ep4) test= 50.00%
  S10 1500ms fold2/5: best_val= 81.25% (ep23) test= 56.25%
  S10 1500ms fold3/5: best_val= 75.00% (ep16) test= 56.25%
  S10 1500ms fold4/5: best_val= 50.00% (ep1) test= 43.75%
  S10 1500ms fold5/5: best_val= 75.00% (ep25) test= 56.25%
  S10 3000ms fold1/5: best_val= 62.50% (ep22) test= 62.50%
  S10 3000ms fold2/5: best_val= 75.00% (ep4) test= 62.50%
  S10 3000ms fold3/5: best_val= 68.75% (ep1) test= 62.50%
  S10 3000ms fold4/5: best_val= 56.25% (ep1) test= 50.00%
  S10 3000ms fold5/5: best_val= 68.75% (ep6) test= 56.25%
  S10 4000ms fold1/5: best_val= 62.50% (ep6) test= 56.25%
  S10 4000ms fold2/5: best_val= 75.00% (ep29) test= 56.25%
  S10 4000ms fold3/5: best_val= 62.50% (ep6) test= 50.00%
  S10 4000ms fold4/5: best_val= 68.75% (ep21) test= 56.25%
  S10 4000ms fold5/5: best_val= 68.75% (ep1) test= 62.50%
S10: 800ms= 52.50%  1500ms= 52.50%  3000ms= 58.75%  4000ms= 56.25%   (69s)
  S11 800ms fold1/5: best_val= 62.50% (ep17) test= 56.25%
  S11 800ms fold2/5: best_val= 31.25% (ep4) test= 43.75%
  S11 800ms fold3/5: best_val= 81.25% (ep2) test= 37.50%
  S11 800ms fold4/5: best_val= 56.25% (ep1) test= 50.00%
  S11 800ms fold5/5: best_val= 56.25% (ep2) test= 37.50%
  S11 1500ms fold1/5: best_val= 68.75% (ep2) test= 50.00%
  S11 1500ms fold2/5: best_val= 62.50% (ep19) test= 43.75%
  S11 1500ms fold3/5: best_val= 68.75% (ep7) test= 43.75%
  S11 1500ms fold4/5: best_val= 50.00% (ep3) test= 56.25%
  S11 1500ms fold5/5: best_val= 56.25% (ep15) test= 50.00%
  S11 3000ms fold1/5: best_val= 56.25% (ep9) test= 50.00%
  S11 3000ms fold2/5: best_val= 68.75% (ep2) test= 31.25%
  S11 3000ms fold3/5: best_val= 62.50% (ep2) test= 31.25%
  S11 3000ms fold4/5: best_val= 56.25% (ep1) test= 37.50%
  S11 3000ms fold5/5: best_val= 62.50% (ep13) test= 62.50%
  S11 4000ms fold1/5: best_val= 68.75% (ep18) test= 50.00%
  S11 4000ms fold2/5: best_val= 50.00% (ep6) test= 43.75%
  S11 4000ms fold3/5: best_val= 62.50% (ep20) test= 50.00%
  S11 4000ms fold4/5: best_val= 56.25% (ep3) test= 62.50%
  S11 4000ms fold5/5: best_val= 50.00% (ep1) test= 56.25%
S11: 800ms= 45.00%  1500ms= 48.75%  3000ms= 42.50%  4000ms= 52.50%   (69s)
  S12 800ms fold1/5: best_val= 81.25% (ep1) test= 37.50%
  S12 800ms fold2/5: best_val= 75.00% (ep29) test= 56.25%
  S12 800ms fold3/5: best_val= 62.50% (ep7) test= 50.00%
  S12 800ms fold4/5: best_val= 81.25% (ep10) test= 50.00%
  S12 800ms fold5/5: best_val= 87.50% (ep2) test= 50.00%
  S12 1500ms fold1/5: best_val= 56.25% (ep28) test= 43.75%
  S12 1500ms fold2/5: best_val= 62.50% (ep4) test= 31.25%
  S12 1500ms fold3/5: best_val= 62.50% (ep32) test= 37.50%
  S12 1500ms fold4/5: best_val= 50.00% (ep1) test= 37.50%
  S12 1500ms fold5/5: best_val= 68.75% (ep1) test= 56.25%
  S12 3000ms fold1/5: best_val= 75.00% (ep1) test= 43.75%
  S12 3000ms fold2/5: best_val= 75.00% (ep28) test= 56.25%
  S12 3000ms fold3/5: best_val= 62.50% (ep21) test= 43.75%
  S12 3000ms fold4/5: best_val= 56.25% (ep6) test= 56.25%
  S12 3000ms fold5/5: best_val= 62.50% (ep12) test= 50.00%
  S12 4000ms fold1/5: best_val= 62.50% (ep30) test= 43.75%
  S12 4000ms fold2/5: best_val= 75.00% (ep15) test= 56.25%
  S12 4000ms fold3/5: best_val= 62.50% (ep3) test= 62.50%
  S12 4000ms fold4/5: best_val= 56.25% (ep3) test= 37.50%
  S12 4000ms fold5/5: best_val= 56.25% (ep2) test= 31.25%
S12: 800ms= 48.75%  1500ms= 41.25%  3000ms= 50.00%  4000ms= 46.25%   (69s)
  S13 800ms fold1/5: best_val= 62.50% (ep10) test= 50.00%
  S13 800ms fold2/5: best_val= 62.50% (ep10) test= 56.25%
  S13 800ms fold3/5: best_val= 56.25% (ep6) test= 56.25%
  S13 800ms fold4/5: best_val= 68.75% (ep1) test= 68.75%
  S13 800ms fold5/5: best_val= 81.25% (ep29) test= 68.75%
  S13 1500ms fold1/5: best_val= 62.50% (ep5) test= 50.00%
  S13 1500ms fold2/5: best_val= 68.75% (ep1) test= 43.75%
  S13 1500ms fold3/5: best_val= 62.50% (ep17) test= 43.75%
  S13 1500ms fold4/5: best_val= 62.50% (ep7) test= 56.25%
  S13 1500ms fold5/5: best_val= 62.50% (ep4) test= 68.75%
  S13 3000ms fold1/5: best_val= 62.50% (ep1) test= 43.75%
  S13 3000ms fold2/5: best_val= 56.25% (ep7) test= 37.50%
  S13 3000ms fold3/5: best_val= 68.75% (ep20) test= 56.25%
  S13 3000ms fold4/5: best_val= 56.25% (ep3) test= 62.50%
  S13 3000ms fold5/5: best_val= 50.00% (ep4) test= 75.00%
  S13 4000ms fold1/5: best_val= 68.75% (ep3) test= 50.00%
  S13 4000ms fold2/5: best_val= 62.50% (ep27) test= 43.75%
  S13 4000ms fold3/5: best_val= 68.75% (ep16) test= 43.75%
  S13 4000ms fold4/5: best_val= 56.25% (ep1) test= 50.00%
  S13 4000ms fold5/5: best_val= 56.25% (ep2) test= 62.50%
S13: 800ms= 60.00%  1500ms= 52.50%  3000ms= 55.00%  4000ms= 50.00%   (69s)
  S14 800ms fold1/5: best_val= 75.00% (ep6) test= 56.25%
  S14 800ms fold2/5: best_val= 75.00% (ep21) test= 50.00%
  S14 800ms fold3/5: best_val= 68.75% (ep3) test= 62.50%
  S14 800ms fold4/5: best_val= 68.75% (ep3) test= 56.25%
  S14 800ms fold5/5: best_val= 68.75% (ep25) test= 50.00%
  S14 1500ms fold1/5: best_val= 62.50% (ep1) test= 43.75%
  S14 1500ms fold2/5: best_val= 68.75% (ep11) test= 56.25%
  S14 1500ms fold3/5: best_val= 68.75% (ep3) test= 68.75%
  S14 1500ms fold4/5: best_val= 62.50% (ep31) test= 43.75%
  S14 1500ms fold5/5: best_val= 68.75% (ep1) test= 50.00%
  S14 3000ms fold1/5: best_val= 68.75% (ep7) test= 56.25%
  S14 3000ms fold2/5: best_val= 68.75% (ep14) test= 56.25%
  S14 3000ms fold3/5: best_val= 68.75% (ep3) test= 62.50%
  S14 3000ms fold4/5: best_val= 68.75% (ep1) test= 56.25%
  S14 3000ms fold5/5: best_val= 62.50% (ep9) test= 43.75%
  S14 4000ms fold1/5: best_val= 75.00% (ep10) test= 62.50%
  S14 4000ms fold2/5: best_val= 87.50% (ep1) test= 68.75%
  S14 4000ms fold3/5: best_val= 68.75% (ep16) test= 62.50%
  S14 4000ms fold4/5: best_val= 75.00% (ep10) test= 56.25%
  S14 4000ms fold5/5: best_val= 56.25% (ep1) test= 56.25%
S14: 800ms= 55.00%  1500ms= 52.50%  3000ms= 55.00%  4000ms= 61.25%   (69s)
  S15 800ms fold1/5: best_val= 81.25% (ep14) test= 43.75%
  S15 800ms fold2/5: best_val= 62.50% (ep13) test= 62.50%
  S15 800ms fold3/5: best_val= 75.00% (ep14) test= 62.50%
  S15 800ms fold4/5: best_val= 81.25% (ep7) test= 56.25%
  S15 800ms fold5/5: best_val= 68.75% (ep23) test= 75.00%
  S15 1500ms fold1/5: best_val= 68.75% (ep11) test= 43.75%
  S15 1500ms fold2/5: best_val= 50.00% (ep23) test= 62.50%
  S15 1500ms fold3/5: best_val= 75.00% (ep5) test= 43.75%
  S15 1500ms fold4/5: best_val= 68.75% (ep13) test= 37.50%
  S15 1500ms fold5/5: best_val= 62.50% (ep1) test= 37.50%
  S15 3000ms fold1/5: best_val= 62.50% (ep15) test= 43.75%
  S15 3000ms fold2/5: best_val= 43.75% (ep1) test= 56.25%
  S15 3000ms fold3/5: best_val= 68.75% (ep3) test= 37.50%
  S15 3000ms fold4/5: best_val= 68.75% (ep12) test= 43.75%
  S15 3000ms fold5/5: best_val= 56.25% (ep2) test= 43.75%
  S15 4000ms fold1/5: best_val= 50.00% (ep5) test= 31.25%
  S15 4000ms fold2/5: best_val= 50.00% (ep3) test= 50.00%
  S15 4000ms fold3/5: best_val= 75.00% (ep5) test= 50.00%
  S15 4000ms fold4/5: best_val= 68.75% (ep4) test= 56.25%
  S15 4000ms fold5/5: best_val= 62.50% (ep9) test= 37.50%
S15: 800ms= 60.00%  1500ms= 45.00%  3000ms= 45.00%  4000ms= 45.00%   (78s)
  S16 800ms fold1/5: best_val= 68.75% (ep10) test= 25.00%
  S16 800ms fold2/5: best_val= 68.75% (ep2) test= 37.50%
  S16 800ms fold3/5: best_val= 68.75% (ep2) test= 50.00%
  S16 800ms fold4/5: best_val= 62.50% (ep1) test= 50.00%
  S16 800ms fold5/5: best_val= 56.25% (ep1) test= 43.75%
  S16 1500ms fold1/5: best_val= 68.75% (ep2) test= 43.75%
  S16 1500ms fold2/5: best_val= 75.00% (ep16) test= 50.00%
  S16 1500ms fold3/5: best_val= 62.50% (ep17) test= 56.25%
  S16 1500ms fold4/5: best_val= 62.50% (ep2) test= 50.00%
  S16 1500ms fold5/5: best_val= 56.25% (ep1) test= 56.25%
  S16 3000ms fold1/5: best_val= 62.50% (ep22) test= 43.75%
  S16 3000ms fold2/5: best_val= 68.75% (ep10) test= 37.50%
  S16 3000ms fold3/5: best_val= 75.00% (ep10) test= 75.00%
  S16 3000ms fold4/5: best_val= 56.25% (ep1) test= 43.75%
  S16 3000ms fold5/5: best_val= 62.50% (ep3) test= 50.00%
  S16 4000ms fold1/5: best_val= 75.00% (ep28) test= 68.75%
  S16 4000ms fold2/5: best_val= 75.00% (ep2) test= 37.50%
  S16 4000ms fold3/5: best_val= 62.50% (ep1) test= 62.50%
  S16 4000ms fold4/5: best_val= 62.50% (ep4) test= 50.00%
  S16 4000ms fold5/5: best_val= 56.25% (ep6) test= 56.25%
S16: 800ms= 41.25%  1500ms= 51.25%  3000ms= 50.00%  4000ms= 55.00%   (69s)
  S17 800ms fold1/5: best_val= 75.00% (ep29) test= 56.25%
  S17 800ms fold2/5: best_val= 68.75% (ep9) test= 43.75%
  S17 800ms fold3/5: best_val= 56.25% (ep3) test= 56.25%
  S17 800ms fold4/5: best_val= 62.50% (ep3) test= 50.00%
  S17 800ms fold5/5: best_val= 62.50% (ep13) test= 62.50%
  S17 1500ms fold1/5: best_val= 81.25% (ep13) test= 50.00%
  S17 1500ms fold2/5: best_val= 62.50% (ep9) test= 37.50%
  S17 1500ms fold3/5: best_val= 56.25% (ep5) test= 56.25%
  S17 1500ms fold4/5: best_val= 62.50% (ep13) test= 62.50%
  S17 1500ms fold5/5: best_val= 56.25% (ep28) test= 56.25%
  S17 3000ms fold1/5: best_val= 68.75% (ep16) test= 62.50%
  S17 3000ms fold2/5: best_val= 56.25% (ep7) test= 50.00%
  S17 3000ms fold3/5: best_val= 75.00% (ep2) test= 43.75%
  S17 3000ms fold4/5: best_val= 50.00% (ep2) test= 75.00%
  S17 3000ms fold5/5: best_val= 68.75% (ep3) test= 62.50%
  S17 4000ms fold1/5: best_val= 62.50% (ep7) test= 50.00%
  S17 4000ms fold2/5: best_val= 68.75% (ep1) test= 43.75%
  S17 4000ms fold3/5: best_val= 62.50% (ep1) test= 50.00%
  S17 4000ms fold4/5: best_val= 56.25% (ep7) test= 56.25%
  S17 4000ms fold5/5: best_val= 62.50% (ep2) test= 37.50%
S17: 800ms= 53.75%  1500ms= 52.50%  3000ms= 58.75%  4000ms= 47.50%   (69s)
  S18 800ms fold1/5: best_val= 75.00% (ep10) test= 68.75%
  S18 800ms fold2/5: best_val= 75.00% (ep5) test= 75.00%
  S18 800ms fold3/5: best_val= 56.25% (ep7) test= 50.00%
  S18 800ms fold4/5: best_val= 68.75% (ep22) test= 31.25%
  S18 800ms fold5/5: best_val= 75.00% (ep6) test= 87.50%
  S18 1500ms fold1/5: best_val= 68.75% (ep22) test= 68.75%
  S18 1500ms fold2/5: best_val= 68.75% (ep18) test= 75.00%
  S18 1500ms fold3/5: best_val= 81.25% (ep6) test= 75.00%
  S18 1500ms fold4/5: best_val= 81.25% (ep10) test= 43.75%
  S18 1500ms fold5/5: best_val= 75.00% (ep26) test= 81.25%
  S18 3000ms fold1/5: best_val= 81.25% (ep2) test= 56.25%
  S18 3000ms fold2/5: best_val= 68.75% (ep1) test= 50.00%
  S18 3000ms fold3/5: best_val= 75.00% (ep32) test= 75.00%
  S18 3000ms fold4/5: best_val= 81.25% (ep4) test= 43.75%
  S18 3000ms fold5/5: best_val= 56.25% (ep19) test= 68.75%
  S18 4000ms fold1/5: best_val= 75.00% (ep16) test= 75.00%
  S18 4000ms fold2/5: best_val= 75.00% (ep7) test= 75.00%
  S18 4000ms fold3/5: best_val= 87.50% (ep23) test= 75.00%
  S18 4000ms fold4/5: best_val= 93.75% (ep11) test= 68.75%
  S18 4000ms fold5/5: best_val= 56.25% (ep1) test= 68.75%
S18: 800ms= 62.50%  1500ms= 68.75%  3000ms= 58.75%  4000ms= 72.50%   (69s)

ALL SUBJECTS COMPLETED — EFE/SFE  (1265s)

====================================================================
SAVED EFE/SFE -> /work/11862/rmaahin/ls6/FineMI-enhancements/ConformerEEG/experiments/option_a/results/full/EFE_SFE
gpu=NVIDIA A100-PCIE-40GB | torch=2.8.0+cu128 | seed=42 | model=conformer_a | mode=full
====================================================================
window_ms   800    1500   3000   4000
subject                              
1          45.56  48.89  44.44  40.00
2          56.25  50.00  51.25  53.75
3          82.50  68.75  55.00  70.00
4          71.25  57.50  61.25  50.00
5          62.96  58.02  61.73  58.02
6          36.25  46.25  50.00  35.00
7          52.50  57.50  65.00  62.50
8          48.75  47.50  40.00  55.00
9          56.25  42.50  55.00  55.00
10         52.50  52.50  58.75  56.25
11         45.00  48.75  42.50  52.50
12         48.75  41.25  50.00  46.25
13         60.00  52.50  55.00  50.00
14         55.00  52.50  55.00  61.25
15         60.00  45.00  45.00  45.00
16         41.25  51.25  50.00  55.00
17         53.75  52.50  58.75  47.50
18         62.50  68.75  58.75  72.50

mean: {800: 55.06, 1500: 52.33, 3000: 53.19, 4000: 53.64}
sd  : {800: 10.89, 1500: 7.63, 3000: 7.07, 4000: 9.45}

Pairs saved so far in /work/11862/rmaahin/ls6/FineMI-enhancements/ConformerEEG/experiments/option_a/results/full: 17/28

##### pair_idx=25 (SPS_SAA) #####

Using device: cuda | gpu=NVIDIA A100-PCIE-40GB | torch=2.8.0+cu128
NOTE: determinism holds per-GPU-model. Record this GPU name.

PAIR: SPS/SAA  (classes 5 vs 6)  model=conformer_a  mode=full
Test time windows: [800, 1500, 3000, 4000] ms
Test time windows (samples): [200, 375, 750, 1000]

BINARY CLASSIFICATION: Class 5 vs Class 6  (SPS/SAA)
  Class 0 (original 5): 725 trials
  Class 1 (original 6): 725 trials

Extracted time windows:
  800ms (200 samples): shape (1450, 62, 200)
  1500ms (375 samples): shape (1450, 62, 375)
  3000ms (750 samples): shape (1450, 62, 750)
  4000ms (1000 samples): shape (1450, 62, 1000)

Model configuration:
  Model: conformer_a
  Channels: 62
  Subjects: [1, 2, 3, 4, 5, 6, 7, 8, 9, 10, 11, 12, 13, 14, 15, 16, 17, 18]
  Time windows: [800, 1500, 3000, 4000] ms
  Classes: 2 (Binary: Class 5 vs Class 6)
  Folds: 5
  Batch size: 32
  Epochs per subject per time window: 50
  S1 800ms fold1/5: best_val= 55.56% (ep15) test= 50.00%
  S1 800ms fold2/5: best_val= 61.11% (ep5) test= 61.11%
  S1 800ms fold3/5: best_val= 72.22% (ep1) test= 44.44%
  S1 800ms fold4/5: best_val= 55.56% (ep1) test= 55.56%
  S1 800ms fold5/5: best_val= 61.11% (ep36) test= 55.56%
  S1 1500ms fold1/5: best_val= 72.22% (ep26) test= 50.00%
  S1 1500ms fold2/5: best_val= 72.22% (ep5) test= 61.11%
  S1 1500ms fold3/5: best_val= 66.67% (ep1) test= 16.67%
  S1 1500ms fold4/5: best_val= 66.67% (ep11) test= 50.00%
  S1 1500ms fold5/5: best_val= 66.67% (ep27) test= 66.67%
  S1 3000ms fold1/5: best_val= 66.67% (ep7) test= 61.11%
  S1 3000ms fold2/5: best_val= 61.11% (ep6) test= 66.67%
  S1 3000ms fold3/5: best_val= 72.22% (ep11) test= 44.44%
  S1 3000ms fold4/5: best_val= 77.78% (ep21) test= 38.89%
  S1 3000ms fold5/5: best_val= 66.67% (ep10) test= 66.67%
  S1 4000ms fold1/5: best_val= 66.67% (ep8) test= 38.89%
  S1 4000ms fold2/5: best_val= 66.67% (ep4) test= 55.56%
  S1 4000ms fold3/5: best_val= 77.78% (ep1) test= 33.33%
  S1 4000ms fold4/5: best_val= 72.22% (ep6) test= 33.33%
  S1 4000ms fold5/5: best_val= 66.67% (ep9) test= 66.67%
S 1: 800ms= 53.33%  1500ms= 48.89%  3000ms= 55.56%  4000ms= 45.56%   (82s)
  S2 800ms fold1/5: best_val= 62.50% (ep2) test= 50.00%
  S2 800ms fold2/5: best_val= 62.50% (ep1) test= 31.25%
  S2 800ms fold3/5: best_val= 56.25% (ep4) test= 56.25%
  S2 800ms fold4/5: best_val= 56.25% (ep11) test= 43.75%
  S2 800ms fold5/5: best_val= 62.50% (ep5) test= 50.00%
  S2 1500ms fold1/5: best_val= 75.00% (ep37) test= 43.75%
  S2 1500ms fold2/5: best_val= 93.75% (ep19) test= 50.00%
  S2 1500ms fold3/5: best_val= 87.50% (ep1) test= 50.00%
  S2 1500ms fold4/5: best_val= 75.00% (ep2) test= 62.50%
  S2 1500ms fold5/5: best_val= 43.75% (ep1) test= 50.00%
  S2 3000ms fold1/5: best_val= 81.25% (ep13) test= 50.00%
  S2 3000ms fold2/5: best_val= 87.50% (ep14) test= 37.50%
  S2 3000ms fold3/5: best_val= 62.50% (ep23) test= 56.25%
  S2 3000ms fold4/5: best_val= 75.00% (ep9) test= 56.25%
  S2 3000ms fold5/5: best_val= 50.00% (ep1) test= 56.25%
  S2 4000ms fold1/5: best_val= 81.25% (ep12) test= 50.00%
  S2 4000ms fold2/5: best_val= 87.50% (ep8) test= 37.50%
  S2 4000ms fold3/5: best_val= 62.50% (ep1) test= 50.00%
  S2 4000ms fold4/5: best_val= 68.75% (ep14) test= 50.00%
  S2 4000ms fold5/5: best_val= 62.50% (ep3) test= 68.75%
S 2: 800ms= 46.25%  1500ms= 51.25%  3000ms= 51.25%  4000ms= 51.25%   (69s)
  S3 800ms fold1/5: best_val= 68.75% (ep7) test= 50.00%
  S3 800ms fold2/5: best_val= 75.00% (ep29) test= 75.00%
  S3 800ms fold3/5: best_val= 81.25% (ep3) test= 56.25%
  S3 800ms fold4/5: best_val= 62.50% (ep14) test= 43.75%
  S3 800ms fold5/5: best_val= 75.00% (ep5) test= 43.75%
  S3 1500ms fold1/5: best_val= 75.00% (ep11) test= 56.25%
  S3 1500ms fold2/5: best_val= 75.00% (ep17) test= 56.25%
  S3 1500ms fold3/5: best_val= 68.75% (ep1) test= 50.00%
  S3 1500ms fold4/5: best_val= 68.75% (ep17) test= 68.75%
  S3 1500ms fold5/5: best_val= 75.00% (ep6) test= 62.50%
  S3 3000ms fold1/5: best_val= 87.50% (ep12) test= 62.50%
  S3 3000ms fold2/5: best_val= 75.00% (ep9) test= 56.25%
  S3 3000ms fold3/5: best_val= 81.25% (ep11) test= 87.50%
  S3 3000ms fold4/5: best_val= 68.75% (ep21) test= 75.00%
  S3 3000ms fold5/5: best_val= 81.25% (ep13) test= 50.00%
  S3 4000ms fold1/5: best_val= 93.75% (ep10) test= 56.25%
  S3 4000ms fold2/5: best_val= 81.25% (ep12) test= 68.75%
  S3 4000ms fold3/5: best_val= 81.25% (ep30) test= 81.25%
  S3 4000ms fold4/5: best_val= 68.75% (ep2) test= 56.25%
  S3 4000ms fold5/5: best_val= 75.00% (ep34) test= 56.25%
S 3: 800ms= 53.75%  1500ms= 58.75%  3000ms= 66.25%  4000ms= 63.75%   (69s)
  S4 800ms fold1/5: best_val= 81.25% (ep20) test= 62.50%
  S4 800ms fold2/5: best_val= 56.25% (ep2) test= 68.75%
  S4 800ms fold3/5: best_val= 68.75% (ep1) test= 50.00%
  S4 800ms fold4/5: best_val= 68.75% (ep2) test= 62.50%
  S4 800ms fold5/5: best_val= 62.50% (ep1) test= 43.75%
  S4 1500ms fold1/5: best_val= 87.50% (ep15) test= 62.50%
  S4 1500ms fold2/5: best_val= 68.75% (ep33) test= 68.75%
  S4 1500ms fold3/5: best_val= 56.25% (ep3) test= 56.25%
  S4 1500ms fold4/5: best_val= 68.75% (ep12) test= 68.75%
  S4 1500ms fold5/5: best_val= 68.75% (ep1) test= 56.25%
  S4 3000ms fold1/5: best_val= 75.00% (ep15) test= 56.25%
  S4 3000ms fold2/5: best_val= 87.50% (ep22) test= 56.25%
  S4 3000ms fold3/5: best_val= 68.75% (ep1) test= 62.50%
  S4 3000ms fold4/5: best_val= 75.00% (ep20) test= 75.00%
  S4 3000ms fold5/5: best_val= 81.25% (ep24) test= 56.25%
  S4 4000ms fold1/5: best_val= 93.75% (ep12) test= 81.25%
  S4 4000ms fold2/5: best_val= 81.25% (ep13) test= 68.75%
  S4 4000ms fold3/5: best_val= 68.75% (ep1) test= 56.25%
  S4 4000ms fold4/5: best_val= 75.00% (ep5) test= 68.75%
  S4 4000ms fold5/5: best_val= 87.50% (ep7) test= 62.50%
S 4: 800ms= 57.50%  1500ms= 62.50%  3000ms= 61.25%  4000ms= 67.50%   (69s)
  S5 800ms fold1/5: best_val= 68.75% (ep28) test= 62.50%
  S5 800ms fold2/5: best_val= 68.75% (ep2) test= 68.75%
  S5 800ms fold3/5: best_val= 62.50% (ep31) test= 50.00%
  S5 800ms fold4/5: best_val= 81.25% (ep6) test= 31.25%
  S5 800ms fold5/5: best_val= 75.00% (ep8) test= 62.50%
  S5 1500ms fold1/5: best_val= 56.25% (ep1) test= 50.00%
  S5 1500ms fold2/5: best_val= 62.50% (ep28) test= 56.25%
  S5 1500ms fold3/5: best_val= 81.25% (ep2) test= 31.25%
  S5 1500ms fold4/5: best_val= 75.00% (ep2) test= 50.00%
  S5 1500ms fold5/5: best_val= 68.75% (ep5) test= 68.75%
  S5 3000ms fold1/5: best_val= 68.75% (ep4) test= 43.75%
  S5 3000ms fold2/5: best_val= 68.75% (ep5) test= 62.50%
  S5 3000ms fold3/5: best_val= 81.25% (ep12) test= 62.50%
  S5 3000ms fold4/5: best_val= 62.50% (ep5) test= 43.75%
  S5 3000ms fold5/5: best_val= 62.50% (ep11) test= 50.00%
  S5 4000ms fold1/5: best_val= 75.00% (ep4) test= 50.00%
  S5 4000ms fold2/5: best_val= 81.25% (ep1) test= 43.75%
  S5 4000ms fold3/5: best_val= 68.75% (ep22) test= 62.50%
  S5 4000ms fold4/5: best_val= 62.50% (ep10) test= 37.50%
  S5 4000ms fold5/5: best_val= 75.00% (ep25) test= 37.50%
S 5: 800ms= 55.00%  1500ms= 51.25%  3000ms= 52.50%  4000ms= 46.25%   (69s)
  S6 800ms fold1/5: best_val= 75.00% (ep5) test= 68.75%
  S6 800ms fold2/5: best_val= 75.00% (ep6) test= 81.25%
  S6 800ms fold3/5: best_val= 62.50% (ep6) test= 56.25%
  S6 800ms fold4/5: best_val= 81.25% (ep27) test= 56.25%
  S6 800ms fold5/5: best_val= 75.00% (ep1) test= 62.50%
  S6 1500ms fold1/5: best_val= 81.25% (ep1) test= 43.75%
  S6 1500ms fold2/5: best_val= 68.75% (ep5) test= 56.25%
  S6 1500ms fold3/5: best_val= 62.50% (ep7) test= 62.50%
  S6 1500ms fold4/5: best_val= 75.00% (ep8) test= 56.25%
  S6 1500ms fold5/5: best_val= 75.00% (ep41) test= 62.50%
  S6 3000ms fold1/5: best_val= 68.75% (ep1) test= 50.00%
  S6 3000ms fold2/5: best_val= 75.00% (ep7) test= 56.25%
  S6 3000ms fold3/5: best_val= 68.75% (ep4) test= 62.50%
  S6 3000ms fold4/5: best_val= 87.50% (ep2) test= 50.00%
  S6 3000ms fold5/5: best_val= 81.25% (ep15) test= 75.00%
  S6 4000ms fold1/5: best_val= 75.00% (ep3) test= 50.00%
  S6 4000ms fold2/5: best_val= 81.25% (ep9) test= 75.00%
  S6 4000ms fold3/5: best_val= 75.00% (ep3) test= 68.75%
  S6 4000ms fold4/5: best_val= 87.50% (ep6) test= 37.50%
  S6 4000ms fold5/5: best_val= 81.25% (ep4) test= 75.00%
S 6: 800ms= 65.00%  1500ms= 56.25%  3000ms= 58.75%  4000ms= 61.25%   (69s)
  S7 800ms fold1/5: best_val= 62.50% (ep28) test= 31.25%
  S7 800ms fold2/5: best_val= 68.75% (ep8) test= 43.75%
  S7 800ms fold3/5: best_val= 75.00% (ep4) test= 68.75%
  S7 800ms fold4/5: best_val= 43.75% (ep3) test= 62.50%
  S7 800ms fold5/5: best_val= 50.00% (ep15) test= 50.00%
  S7 1500ms fold1/5: best_val= 68.75% (ep8) test= 43.75%
  S7 1500ms fold2/5: best_val= 75.00% (ep12) test= 50.00%
  S7 1500ms fold3/5: best_val= 68.75% (ep1) test= 50.00%
  S7 1500ms fold4/5: best_val= 75.00% (ep1) test= 43.75%
  S7 1500ms fold5/5: best_val= 68.75% (ep22) test= 75.00%
  S7 3000ms fold1/5: best_val= 62.50% (ep3) test= 50.00%
  S7 3000ms fold2/5: best_val= 75.00% (ep11) test= 68.75%
  S7 3000ms fold3/5: best_val= 68.75% (ep18) test= 62.50%
  S7 3000ms fold4/5: best_val= 62.50% (ep2) test= 56.25%
  S7 3000ms fold5/5: best_val= 56.25% (ep2) test= 43.75%
  S7 4000ms fold1/5: best_val= 62.50% (ep6) test= 62.50%
  S7 4000ms fold2/5: best_val= 68.75% (ep8) test= 50.00%
  S7 4000ms fold3/5: best_val= 68.75% (ep5) test= 62.50%
  S7 4000ms fold4/5: best_val= 56.25% (ep3) test= 68.75%
  S7 4000ms fold5/5: best_val= 68.75% (ep9) test= 68.75%
S 7: 800ms= 51.25%  1500ms= 52.50%  3000ms= 56.25%  4000ms= 62.50%   (69s)
  S8 800ms fold1/5: best_val= 75.00% (ep9) test= 43.75%
  S8 800ms fold2/5: best_val= 68.75% (ep12) test= 50.00%
  S8 800ms fold3/5: best_val= 68.75% (ep12) test= 43.75%
  S8 800ms fold4/5: best_val= 62.50% (ep19) test= 56.25%
  S8 800ms fold5/5: best_val= 50.00% (ep9) test= 31.25%
  S8 1500ms fold1/5: best_val= 62.50% (ep1) test= 37.50%
  S8 1500ms fold2/5: best_val= 68.75% (ep3) test= 75.00%
  S8 1500ms fold3/5: best_val= 62.50% (ep2) test= 25.00%
  S8 1500ms fold4/5: best_val= 81.25% (ep5) test= 56.25%
  S8 1500ms fold5/5: best_val= 62.50% (ep2) test= 56.25%
  S8 3000ms fold1/5: best_val= 62.50% (ep1) test= 56.25%
  S8 3000ms fold2/5: best_val= 68.75% (ep3) test= 37.50%
  S8 3000ms fold3/5: best_val= 75.00% (ep3) test= 56.25%
  S8 3000ms fold4/5: best_val= 75.00% (ep20) test= 56.25%
  S8 3000ms fold5/5: best_val= 75.00% (ep1) test= 62.50%
  S8 4000ms fold1/5: best_val= 62.50% (ep1) test= 43.75%
  S8 4000ms fold2/5: best_val= 68.75% (ep16) test= 50.00%
  S8 4000ms fold3/5: best_val= 75.00% (ep5) test= 68.75%
  S8 4000ms fold4/5: best_val= 75.00% (ep7) test= 68.75%
  S8 4000ms fold5/5: best_val= 56.25% (ep1) test= 56.25%
S 8: 800ms= 45.00%  1500ms= 50.00%  3000ms= 53.75%  4000ms= 57.50%   (69s)
  S9 800ms fold1/5: best_val= 37.50% (ep3) test= 56.25%
  S9 800ms fold2/5: best_val= 62.50% (ep3) test= 62.50%
  S9 800ms fold3/5: best_val= 68.75% (ep8) test= 37.50%
  S9 800ms fold4/5: best_val= 43.75% (ep1) test= 25.00%
  S9 800ms fold5/5: best_val= 62.50% (ep2) test= 43.75%
  S9 1500ms fold1/5: best_val= 56.25% (ep1) test= 68.75%
  S9 1500ms fold2/5: best_val= 68.75% (ep3) test= 37.50%
  S9 1500ms fold3/5: best_val= 50.00% (ep3) test= 37.50%
  S9 1500ms fold4/5: best_val= 56.25% (ep1) test= 50.00%
  S9 1500ms fold5/5: best_val= 50.00% (ep1) test= 50.00%
  S9 3000ms fold1/5: best_val= 37.50% (ep2) test= 50.00%
  S9 3000ms fold2/5: best_val= 50.00% (ep1) test= 43.75%
  S9 3000ms fold3/5: best_val= 56.25% (ep4) test= 31.25%
  S9 3000ms fold4/5: best_val= 50.00% (ep11) test= 43.75%
  S9 3000ms fold5/5: best_val= 56.25% (ep1) test= 37.50%
  S9 4000ms fold1/5: best_val= 31.25% (ep3) test= 50.00%
  S9 4000ms fold2/5: best_val= 56.25% (ep27) test= 37.50%
  S9 4000ms fold3/5: best_val= 62.50% (ep1) test= 43.75%
  S9 4000ms fold4/5: best_val= 37.50% (ep3) test= 50.00%
  S9 4000ms fold5/5: best_val= 56.25% (ep11) test= 37.50%
S 9: 800ms= 45.00%  1500ms= 48.75%  3000ms= 41.25%  4000ms= 43.75%   (69s)
  S10 800ms fold1/5: best_val= 87.50% (ep17) test= 68.75%
  S10 800ms fold2/5: best_val= 87.50% (ep12) test= 62.50%
  S10 800ms fold3/5: best_val= 75.00% (ep15) test= 68.75%
  S10 800ms fold4/5: best_val= 62.50% (ep12) test= 75.00%
  S10 800ms fold5/5: best_val= 68.75% (ep33) test= 43.75%
  S10 1500ms fold1/5: best_val= 75.00% (ep22) test= 43.75%
  S10 1500ms fold2/5: best_val= 50.00% (ep3) test= 50.00%
  S10 1500ms fold3/5: best_val= 68.75% (ep13) test= 62.50%
  S10 1500ms fold4/5: best_val= 62.50% (ep1) test= 43.75%
  S10 1500ms fold5/5: best_val= 68.75% (ep14) test= 37.50%
  S10 3000ms fold1/5: best_val= 68.75% (ep4) test= 43.75%
  S10 3000ms fold2/5: best_val= 62.50% (ep8) test= 62.50%
  S10 3000ms fold3/5: best_val= 62.50% (ep1) test= 62.50%
  S10 3000ms fold4/5: best_val= 50.00% (ep2) test= 50.00%
  S10 3000ms fold5/5: best_val= 56.25% (ep10) test= 56.25%
  S10 4000ms fold1/5: best_val= 56.25% (ep3) test= 62.50%
  S10 4000ms fold2/5: best_val= 68.75% (ep4) test= 50.00%
  S10 4000ms fold3/5: best_val= 62.50% (ep6) test= 43.75%
  S10 4000ms fold4/5: best_val= 62.50% (ep1) test= 56.25%
  S10 4000ms fold5/5: best_val= 62.50% (ep8) test= 31.25%
S10: 800ms= 63.75%  1500ms= 47.50%  3000ms= 55.00%  4000ms= 48.75%   (69s)
  S11 800ms fold1/5: best_val= 68.75% (ep19) test= 56.25%
  S11 800ms fold2/5: best_val= 68.75% (ep6) test= 43.75%
  S11 800ms fold3/5: best_val= 56.25% (ep1) test= 50.00%
  S11 800ms fold4/5: best_val= 62.50% (ep11) test= 62.50%
  S11 800ms fold5/5: best_val= 62.50% (ep1) test= 50.00%
  S11 1500ms fold1/5: best_val= 68.75% (ep1) test= 56.25%
  S11 1500ms fold2/5: best_val= 62.50% (ep38) test= 56.25%
  S11 1500ms fold3/5: best_val= 56.25% (ep4) test= 56.25%
  S11 1500ms fold4/5: best_val= 62.50% (ep7) test= 43.75%
  S11 1500ms fold5/5: best_val= 81.25% (ep3) test= 56.25%
  S11 3000ms fold1/5: best_val= 68.75% (ep3) test= 37.50%
  S11 3000ms fold2/5: best_val= 62.50% (ep8) test= 56.25%
  S11 3000ms fold3/5: best_val= 62.50% (ep3) test= 56.25%
  S11 3000ms fold4/5: best_val= 56.25% (ep10) test= 43.75%
  S11 3000ms fold5/5: best_val= 75.00% (ep2) test= 56.25%
  S11 4000ms fold1/5: best_val= 81.25% (ep37) test= 50.00%
  S11 4000ms fold2/5: best_val= 68.75% (ep24) test= 62.50%
  S11 4000ms fold3/5: best_val= 56.25% (ep27) test= 62.50%
  S11 4000ms fold4/5: best_val= 50.00% (ep2) test= 50.00%
  S11 4000ms fold5/5: best_val= 75.00% (ep2) test= 31.25%
S11: 800ms= 52.50%  1500ms= 53.75%  3000ms= 50.00%  4000ms= 51.25%   (69s)
  S12 800ms fold1/5: best_val= 62.50% (ep1) test= 50.00%
  S12 800ms fold2/5: best_val= 68.75% (ep19) test= 37.50%
  S12 800ms fold3/5: best_val= 75.00% (ep17) test= 43.75%
  S12 800ms fold4/5: best_val= 75.00% (ep26) test= 43.75%
  S12 800ms fold5/5: best_val= 75.00% (ep20) test= 37.50%
  S12 1500ms fold1/5: best_val= 81.25% (ep29) test= 68.75%
  S12 1500ms fold2/5: best_val= 75.00% (ep1) test= 31.25%
  S12 1500ms fold3/5: best_val= 87.50% (ep13) test= 56.25%
  S12 1500ms fold4/5: best_val= 62.50% (ep2) test= 56.25%
  S12 1500ms fold5/5: best_val= 68.75% (ep2) test= 50.00%
  S12 3000ms fold1/5: best_val= 81.25% (ep45) test= 50.00%
  S12 3000ms fold2/5: best_val= 62.50% (ep2) test= 25.00%
  S12 3000ms fold3/5: best_val= 81.25% (ep4) test= 56.25%
  S12 3000ms fold4/5: best_val= 75.00% (ep6) test= 50.00%
  S12 3000ms fold5/5: best_val= 56.25% (ep1) test= 56.25%
  S12 4000ms fold1/5: best_val= 87.50% (ep13) test= 50.00%
  S12 4000ms fold2/5: best_val= 62.50% (ep7) test= 56.25%
  S12 4000ms fold3/5: best_val= 81.25% (ep16) test= 50.00%
  S12 4000ms fold4/5: best_val= 68.75% (ep2) test= 37.50%
  S12 4000ms fold5/5: best_val= 68.75% (ep1) test= 50.00%
S12: 800ms= 42.50%  1500ms= 52.50%  3000ms= 47.50%  4000ms= 48.75%   (69s)
  S13 800ms fold1/5: best_val= 56.25% (ep1) test= 50.00%
  S13 800ms fold2/5: best_val= 62.50% (ep3) test= 50.00%
  S13 800ms fold3/5: best_val= 56.25% (ep1) test= 56.25%
  S13 800ms fold4/5: best_val= 62.50% (ep2) test= 50.00%
  S13 800ms fold5/5: best_val= 56.25% (ep6) test= 56.25%
  S13 1500ms fold1/5: best_val= 68.75% (ep11) test= 56.25%
  S13 1500ms fold2/5: best_val= 43.75% (ep1) test= 56.25%
  S13 1500ms fold3/5: best_val= 56.25% (ep33) test= 50.00%
  S13 1500ms fold4/5: best_val= 68.75% (ep26) test= 37.50%
  S13 1500ms fold5/5: best_val= 75.00% (ep5) test= 43.75%
  S13 3000ms fold1/5: best_val= 68.75% (ep1) test= 43.75%
  S13 3000ms fold2/5: best_val= 43.75% (ep2) test= 62.50%
  S13 3000ms fold3/5: best_val= 56.25% (ep17) test= 25.00%
  S13 3000ms fold4/5: best_val= 50.00% (ep1) test= 50.00%
  S13 3000ms fold5/5: best_val= 81.25% (ep8) test= 37.50%
  S13 4000ms fold1/5: best_val= 75.00% (ep26) test= 68.75%
  S13 4000ms fold2/5: best_val= 62.50% (ep9) test= 62.50%
  S13 4000ms fold3/5: best_val= 68.75% (ep6) test= 50.00%
  S13 4000ms fold4/5: best_val= 56.25% (ep1) test= 37.50%
  S13 4000ms fold5/5: best_val= 81.25% (ep17) test= 37.50%
S13: 800ms= 52.50%  1500ms= 48.75%  3000ms= 43.75%  4000ms= 51.25%   (69s)
  S14 800ms fold1/5: best_val= 75.00% (ep4) test= 56.25%
  S14 800ms fold2/5: best_val= 68.75% (ep16) test= 56.25%
  S14 800ms fold3/5: best_val= 62.50% (ep3) test= 56.25%
  S14 800ms fold4/5: best_val= 81.25% (ep14) test= 62.50%
  S14 800ms fold5/5: best_val= 75.00% (ep3) test= 50.00%
  S14 1500ms fold1/5: best_val= 68.75% (ep11) test= 31.25%
  S14 1500ms fold2/5: best_val= 62.50% (ep8) test= 62.50%
  S14 1500ms fold3/5: best_val= 50.00% (ep2) test= 81.25%
  S14 1500ms fold4/5: best_val= 75.00% (ep10) test= 62.50%
  S14 1500ms fold5/5: best_val= 75.00% (ep1) test= 62.50%
  S14 3000ms fold1/5: best_val= 81.25% (ep6) test= 43.75%
  S14 3000ms fold2/5: best_val= 68.75% (ep2) test= 37.50%
  S14 3000ms fold3/5: best_val= 68.75% (ep7) test= 68.75%
  S14 3000ms fold4/5: best_val= 75.00% (ep3) test= 31.25%
  S14 3000ms fold5/5: best_val= 56.25% (ep26) test= 31.25%
  S14 4000ms fold1/5: best_val= 62.50% (ep3) test= 56.25%
  S14 4000ms fold2/5: best_val= 56.25% (ep1) test= 43.75%
  S14 4000ms fold3/5: best_val= 62.50% (ep2) test= 75.00%
  S14 4000ms fold4/5: best_val= 68.75% (ep6) test= 56.25%
  S14 4000ms fold5/5: best_val= 68.75% (ep9) test= 43.75%
S14: 800ms= 56.25%  1500ms= 60.00%  3000ms= 42.50%  4000ms= 55.00%   (69s)
  S15 800ms fold1/5: best_val= 68.75% (ep23) test= 50.00%
  S15 800ms fold2/5: best_val= 43.75% (ep1) test= 62.50%
  S15 800ms fold3/5: best_val= 68.75% (ep18) test= 43.75%
  S15 800ms fold4/5: best_val= 56.25% (ep27) test= 62.50%
  S15 800ms fold5/5: best_val= 75.00% (ep1) test= 43.75%
  S15 1500ms fold1/5: best_val= 75.00% (ep3) test= 81.25%
  S15 1500ms fold2/5: best_val= 50.00% (ep1) test= 56.25%
  S15 1500ms fold3/5: best_val= 50.00% (ep8) test= 50.00%
  S15 1500ms fold4/5: best_val= 68.75% (ep4) test= 50.00%
  S15 1500ms fold5/5: best_val= 62.50% (ep9) test= 56.25%
  S15 3000ms fold1/5: best_val= 68.75% (ep27) test= 62.50%
  S15 3000ms fold2/5: best_val= 56.25% (ep1) test= 43.75%
  S15 3000ms fold3/5: best_val= 62.50% (ep8) test= 50.00%
  S15 3000ms fold4/5: best_val= 50.00% (ep14) test= 31.25%
  S15 3000ms fold5/5: best_val= 68.75% (ep5) test= 31.25%
  S15 4000ms fold1/5: best_val= 87.50% (ep25) test= 43.75%
  S15 4000ms fold2/5: best_val= 56.25% (ep1) test= 43.75%
  S15 4000ms fold3/5: best_val= 62.50% (ep8) test= 43.75%
  S15 4000ms fold4/5: best_val= 75.00% (ep2) test= 50.00%
  S15 4000ms fold5/5: best_val= 75.00% (ep7) test= 56.25%
S15: 800ms= 52.50%  1500ms= 58.75%  3000ms= 43.75%  4000ms= 47.50%   (69s)
  S16 800ms fold1/5: best_val= 62.50% (ep27) test= 31.25%
  S16 800ms fold2/5: best_val= 50.00% (ep1) test= 56.25%
  S16 800ms fold3/5: best_val= 75.00% (ep12) test= 50.00%
  S16 800ms fold4/5: best_val= 75.00% (ep1) test= 43.75%
  S16 800ms fold5/5: best_val= 75.00% (ep17) test= 56.25%
  S16 1500ms fold1/5: best_val= 68.75% (ep3) test= 50.00%
  S16 1500ms fold2/5: best_val= 81.25% (ep1) test= 62.50%
  S16 1500ms fold3/5: best_val= 68.75% (ep13) test= 50.00%
  S16 1500ms fold4/5: best_val= 68.75% (ep2) test= 50.00%
  S16 1500ms fold5/5: best_val= 62.50% (ep1) test= 50.00%
  S16 3000ms fold1/5: best_val= 75.00% (ep1) test= 68.75%
  S16 3000ms fold2/5: best_val= 50.00% (ep1) test= 50.00%
  S16 3000ms fold3/5: best_val= 68.75% (ep6) test= 50.00%
  S16 3000ms fold4/5: best_val= 87.50% (ep2) test= 62.50%
  S16 3000ms fold5/5: best_val= 75.00% (ep3) test= 62.50%
  S16 4000ms fold1/5: best_val= 68.75% (ep23) test= 31.25%
  S16 4000ms fold2/5: best_val= 62.50% (ep1) test= 68.75%
  S16 4000ms fold3/5: best_val= 68.75% (ep8) test= 31.25%
  S16 4000ms fold4/5: best_val= 68.75% (ep3) test= 62.50%
  S16 4000ms fold5/5: best_val= 87.50% (ep30) test= 43.75%
S16: 800ms= 47.50%  1500ms= 52.50%  3000ms= 58.75%  4000ms= 47.50%   (69s)
  S17 800ms fold1/5: best_val= 75.00% (ep2) test= 56.25%
  S17 800ms fold2/5: best_val= 75.00% (ep6) test= 50.00%
  S17 800ms fold3/5: best_val= 62.50% (ep7) test= 50.00%
  S17 800ms fold4/5: best_val= 62.50% (ep6) test= 50.00%
  S17 800ms fold5/5: best_val= 68.75% (ep3) test= 56.25%
  S17 1500ms fold1/5: best_val= 68.75% (ep1) test= 50.00%
  S17 1500ms fold2/5: best_val= 56.25% (ep1) test= 50.00%
  S17 1500ms fold3/5: best_val= 50.00% (ep1) test= 56.25%
  S17 1500ms fold4/5: best_val= 56.25% (ep1) test= 50.00%
  S17 1500ms fold5/5: best_val= 68.75% (ep1) test= 56.25%
  S17 3000ms fold1/5: best_val= 56.25% (ep1) test= 50.00%
  S17 3000ms fold2/5: best_val= 68.75% (ep2) test= 68.75%
  S17 3000ms fold3/5: best_val= 68.75% (ep4) test= 37.50%
  S17 3000ms fold4/5: best_val= 81.25% (ep1) test= 50.00%
  S17 3000ms fold5/5: best_val= 56.25% (ep2) test= 68.75%
  S17 4000ms fold1/5: best_val= 75.00% (ep4) test= 50.00%
  S17 4000ms fold2/5: best_val= 62.50% (ep3) test= 56.25%
  S17 4000ms fold3/5: best_val= 62.50% (ep14) test= 43.75%
  S17 4000ms fold4/5: best_val= 56.25% (ep24) test= 37.50%
  S17 4000ms fold5/5: best_val= 50.00% (ep3) test= 56.25%
S17: 800ms= 52.50%  1500ms= 52.50%  3000ms= 55.00%  4000ms= 48.75%   (69s)
  S18 800ms fold1/5: best_val= 81.25% (ep14) test= 56.25%
  S18 800ms fold2/5: best_val= 75.00% (ep19) test= 75.00%
  S18 800ms fold3/5: best_val= 68.75% (ep2) test= 68.75%
  S18 800ms fold4/5: best_val= 62.50% (ep17) test= 50.00%
  S18 800ms fold5/5: best_val= 43.75% (ep4) test= 56.25%
  S18 1500ms fold1/5: best_val= 68.75% (ep13) test= 62.50%
  S18 1500ms fold2/5: best_val= 56.25% (ep2) test= 56.25%
  S18 1500ms fold3/5: best_val= 81.25% (ep24) test= 56.25%
  S18 1500ms fold4/5: best_val= 68.75% (ep19) test= 50.00%
  S18 1500ms fold5/5: best_val= 62.50% (ep13) test= 62.50%
  S18 3000ms fold1/5: best_val= 62.50% (ep1) test= 43.75%
  S18 3000ms fold2/5: best_val= 68.75% (ep6) test= 56.25%
  S18 3000ms fold3/5: best_val= 68.75% (ep3) test= 50.00%
  S18 3000ms fold4/5: best_val= 62.50% (ep3) test= 75.00%
  S18 3000ms fold5/5: best_val= 56.25% (ep1) test= 62.50%
  S18 4000ms fold1/5: best_val= 75.00% (ep7) test= 37.50%
  S18 4000ms fold2/5: best_val= 62.50% (ep1) test= 43.75%
  S18 4000ms fold3/5: best_val= 81.25% (ep15) test= 62.50%
  S18 4000ms fold4/5: best_val= 62.50% (ep16) test= 50.00%
  S18 4000ms fold5/5: best_val= 50.00% (ep1) test= 62.50%
S18: 800ms= 61.25%  1500ms= 57.50%  3000ms= 57.50%  4000ms= 51.25%   (69s)

ALL SUBJECTS COMPLETED — SPS/SAA  (1253s)

====================================================================
SAVED SPS/SAA -> /work/11862/rmaahin/ls6/FineMI-enhancements/ConformerEEG/experiments/option_a/results/full/SPS_SAA
gpu=NVIDIA A100-PCIE-40GB | torch=2.8.0+cu128 | seed=42 | model=conformer_a | mode=full
====================================================================
window_ms   800    1500   3000   4000
subject                              
1          53.33  48.89  55.56  45.56
2          46.25  51.25  51.25  51.25
3          53.75  58.75  66.25  63.75
4          57.50  62.50  61.25  67.50
5          55.00  51.25  52.50  46.25
6          65.00  56.25  58.75  61.25
7          51.25  52.50  56.25  62.50
8          45.00  50.00  53.75  57.50
9          45.00  48.75  41.25  43.75
10         63.75  47.50  55.00  48.75
11         52.50  53.75  50.00  51.25
12         42.50  52.50  47.50  48.75
13         52.50  48.75  43.75  51.25
14         56.25  60.00  42.50  55.00
15         52.50  58.75  43.75  47.50
16         47.50  52.50  58.75  47.50
17         52.50  52.50  55.00  48.75
18         61.25  57.50  57.50  51.25

mean: {800: 52.96, 1500: 53.55, 3000: 52.81, 4000: 52.74}
sd  : {800: 6.33, 1500: 4.41, 3000: 6.93, 4000: 6.95}

Pairs saved so far in /work/11862/rmaahin/ls6/FineMI-enhancements/ConformerEEG/experiments/option_a/results/full: 20/28

##### pair_idx=26 (SPS_SFE) #####

Using device: cuda | gpu=NVIDIA A100-PCIE-40GB | torch=2.8.0+cu128
NOTE: determinism holds per-GPU-model. Record this GPU name.

PAIR: SPS/SFE  (classes 5 vs 7)  model=conformer_a  mode=full
Test time windows: [800, 1500, 3000, 4000] ms
Test time windows (samples): [200, 375, 750, 1000]

BINARY CLASSIFICATION: Class 5 vs Class 7  (SPS/SFE)
  Class 0 (original 5): 725 trials
  Class 1 (original 7): 726 trials

Extracted time windows:
  800ms (200 samples): shape (1451, 62, 200)
  1500ms (375 samples): shape (1451, 62, 375)
  3000ms (750 samples): shape (1451, 62, 750)
  4000ms (1000 samples): shape (1451, 62, 1000)

Model configuration:
  Model: conformer_a
  Channels: 62
  Subjects: [1, 2, 3, 4, 5, 6, 7, 8, 9, 10, 11, 12, 13, 14, 15, 16, 17, 18]
  Time windows: [800, 1500, 3000, 4000] ms
  Classes: 2 (Binary: Class 5 vs Class 7)
  Folds: 5
  Batch size: 32
  Epochs per subject per time window: 50
  S1 800ms fold1/5: best_val= 61.11% (ep3) test= 55.56%
  S1 800ms fold2/5: best_val= 61.11% (ep1) test= 44.44%
  S1 800ms fold3/5: best_val= 61.11% (ep2) test= 50.00%
  S1 800ms fold4/5: best_val= 61.11% (ep18) test= 38.89%
  S1 800ms fold5/5: best_val= 66.67% (ep1) test= 33.33%
  S1 1500ms fold1/5: best_val= 66.67% (ep3) test= 50.00%
  S1 1500ms fold2/5: best_val= 61.11% (ep4) test= 33.33%
  S1 1500ms fold3/5: best_val= 66.67% (ep8) test= 50.00%
  S1 1500ms fold4/5: best_val= 55.56% (ep2) test= 50.00%
  S1 1500ms fold5/5: best_val= 61.11% (ep11) test= 72.22%
  S1 3000ms fold1/5: best_val= 66.67% (ep6) test= 50.00%
  S1 3000ms fold2/5: best_val= 66.67% (ep4) test= 33.33%
  S1 3000ms fold3/5: best_val= 55.56% (ep5) test= 55.56%
  S1 3000ms fold4/5: best_val= 61.11% (ep24) test= 50.00%
  S1 3000ms fold5/5: best_val= 61.11% (ep7) test= 50.00%
  S1 4000ms fold1/5: best_val= 66.67% (ep4) test= 66.67%
  S1 4000ms fold2/5: best_val= 77.78% (ep18) test= 38.89%
  S1 4000ms fold3/5: best_val= 61.11% (ep13) test= 33.33%
  S1 4000ms fold4/5: best_val= 77.78% (ep1) test= 27.78%
  S1 4000ms fold5/5: best_val= 77.78% (ep8) test= 50.00%
S 1: 800ms= 44.44%  1500ms= 51.11%  3000ms= 47.78%  4000ms= 43.33%   (82s)
  S2 800ms fold1/5: best_val= 68.75% (ep25) test= 43.75%
  S2 800ms fold2/5: best_val= 50.00% (ep2) test= 43.75%
  S2 800ms fold3/5: best_val= 62.50% (ep30) test= 56.25%
  S2 800ms fold4/5: best_val= 56.25% (ep15) test= 56.25%
  S2 800ms fold5/5: best_val= 62.50% (ep2) test= 43.75%
  S2 1500ms fold1/5: best_val= 68.75% (ep1) test= 31.25%
  S2 1500ms fold2/5: best_val= 62.50% (ep1) test= 56.25%
  S2 1500ms fold3/5: best_val= 56.25% (ep13) test= 37.50%
  S2 1500ms fold4/5: best_val= 56.25% (ep23) test= 68.75%
  S2 1500ms fold5/5: best_val= 62.50% (ep1) test= 62.50%
  S2 3000ms fold1/5: best_val= 68.75% (ep11) test= 50.00%
  S2 3000ms fold2/5: best_val= 56.25% (ep27) test= 50.00%
  S2 3000ms fold3/5: best_val= 56.25% (ep16) test= 56.25%
  S2 3000ms fold4/5: best_val= 62.50% (ep34) test= 81.25%
  S2 3000ms fold5/5: best_val= 62.50% (ep29) test= 62.50%
  S2 4000ms fold1/5: best_val= 75.00% (ep2) test= 50.00%
  S2 4000ms fold2/5: best_val= 50.00% (ep1) test= 43.75%
  S2 4000ms fold3/5: best_val= 56.25% (ep10) test= 56.25%
  S2 4000ms fold4/5: best_val= 62.50% (ep1) test= 62.50%
  S2 4000ms fold5/5: best_val= 50.00% (ep22) test= 56.25%
S 2: 800ms= 48.75%  1500ms= 51.25%  3000ms= 60.00%  4000ms= 53.75%   (69s)
  S3 800ms fold1/5: best_val= 81.25% (ep18) test= 50.00%
  S3 800ms fold2/5: best_val= 68.75% (ep12) test= 62.50%
  S3 800ms fold3/5: best_val= 87.50% (ep21) test= 68.75%
  S3 800ms fold4/5: best_val= 81.25% (ep2) test= 56.25%
  S3 800ms fold5/5: best_val= 75.00% (ep2) test= 62.50%
  S3 1500ms fold1/5: best_val= 68.75% (ep1) test= 43.75%
  S3 1500ms fold2/5: best_val= 81.25% (ep1) test= 37.50%
  S3 1500ms fold3/5: best_val= 81.25% (ep10) test= 68.75%
  S3 1500ms fold4/5: best_val= 75.00% (ep23) test= 81.25%
  S3 1500ms fold5/5: best_val= 62.50% (ep19) test= 62.50%
  S3 3000ms fold1/5: best_val= 62.50% (ep7) test= 37.50%
  S3 3000ms fold2/5: best_val= 81.25% (ep25) test= 56.25%
  S3 3000ms fold3/5: best_val= 56.25% (ep13) test= 68.75%
  S3 3000ms fold4/5: best_val= 62.50% (ep1) test= 68.75%
  S3 3000ms fold5/5: best_val= 62.50% (ep1) test= 43.75%
  S3 4000ms fold1/5: best_val= 81.25% (ep14) test= 81.25%
  S3 4000ms fold2/5: best_val= 81.25% (ep14) test= 62.50%
  S3 4000ms fold3/5: best_val= 68.75% (ep3) test= 43.75%
  S3 4000ms fold4/5: best_val= 62.50% (ep4) test= 68.75%
  S3 4000ms fold5/5: best_val= 56.25% (ep3) test= 62.50%
S 3: 800ms= 60.00%  1500ms= 58.75%  3000ms= 55.00%  4000ms= 63.75%   (69s)
  S4 800ms fold1/5: best_val= 62.50% (ep7) test= 62.50%
  S4 800ms fold2/5: best_val= 81.25% (ep16) test= 75.00%
  S4 800ms fold3/5: best_val= 68.75% (ep12) test= 75.00%
  S4 800ms fold4/5: best_val=100.00% (ep7) test= 68.75%
  S4 800ms fold5/5: best_val= 68.75% (ep6) test= 62.50%
  S4 1500ms fold1/5: best_val= 75.00% (ep1) test= 37.50%
  S4 1500ms fold2/5: best_val= 81.25% (ep13) test= 75.00%
  S4 1500ms fold3/5: best_val= 87.50% (ep30) test= 81.25%
  S4 1500ms fold4/5: best_val= 68.75% (ep5) test= 68.75%
  S4 1500ms fold5/5: best_val= 81.25% (ep7) test= 56.25%
  S4 3000ms fold1/5: best_val= 87.50% (ep21) test= 31.25%
  S4 3000ms fold2/5: best_val= 81.25% (ep6) test= 62.50%
  S4 3000ms fold3/5: best_val= 75.00% (ep3) test= 50.00%
  S4 3000ms fold4/5: best_val= 81.25% (ep1) test= 87.50%
  S4 3000ms fold5/5: best_val= 62.50% (ep3) test= 68.75%
  S4 4000ms fold1/5: best_val= 93.75% (ep13) test= 50.00%
  S4 4000ms fold2/5: best_val= 68.75% (ep1) test= 75.00%
  S4 4000ms fold3/5: best_val= 68.75% (ep2) test= 31.25%
  S4 4000ms fold4/5: best_val= 75.00% (ep1) test= 56.25%
  S4 4000ms fold5/5: best_val= 68.75% (ep4) test= 62.50%
S 4: 800ms= 68.75%  1500ms= 63.75%  3000ms= 60.00%  4000ms= 55.00%   (69s)
  S5 800ms fold1/5: best_val= 62.50% (ep10) test= 58.82%
  S5 800ms fold2/5: best_val= 64.71% (ep3) test= 62.50%
  S5 800ms fold3/5: best_val= 64.71% (ep4) test= 56.25%
  S5 800ms fold4/5: best_val= 64.71% (ep2) test= 68.75%
  S5 800ms fold5/5: best_val= 70.59% (ep2) test= 43.75%
  S5 1500ms fold1/5: best_val= 68.75% (ep19) test= 58.82%
  S5 1500ms fold2/5: best_val= 64.71% (ep23) test= 56.25%
  S5 1500ms fold3/5: best_val= 58.82% (ep5) test= 56.25%
  S5 1500ms fold4/5: best_val= 76.47% (ep7) test= 43.75%
  S5 1500ms fold5/5: best_val= 70.59% (ep19) test= 68.75%
  S5 3000ms fold1/5: best_val= 87.50% (ep23) test= 47.06%
  S5 3000ms fold2/5: best_val= 52.94% (ep5) test= 37.50%
  S5 3000ms fold3/5: best_val= 64.71% (ep27) test= 50.00%
  S5 3000ms fold4/5: best_val= 70.59% (ep16) test= 50.00%
  S5 3000ms fold5/5: best_val= 70.59% (ep29) test= 56.25%
  S5 4000ms fold1/5: best_val= 87.50% (ep13) test= 58.82%
  S5 4000ms fold2/5: best_val= 64.71% (ep28) test= 56.25%
  S5 4000ms fold3/5: best_val= 76.47% (ep22) test= 75.00%
  S5 4000ms fold4/5: best_val= 76.47% (ep12) test= 43.75%
  S5 4000ms fold5/5: best_val= 70.59% (ep15) test= 43.75%
S 5: 800ms= 58.02%  1500ms= 56.79%  3000ms= 48.15%  4000ms= 55.56%   (69s)
  S6 800ms fold1/5: best_val= 62.50% (ep30) test= 56.25%
  S6 800ms fold2/5: best_val= 62.50% (ep3) test= 68.75%
  S6 800ms fold3/5: best_val= 62.50% (ep33) test= 56.25%
  S6 800ms fold4/5: best_val= 68.75% (ep23) test= 37.50%
  S6 800ms fold5/5: best_val= 68.75% (ep3) test= 50.00%
  S6 1500ms fold1/5: best_val= 68.75% (ep1) test= 50.00%
  S6 1500ms fold2/5: best_val= 62.50% (ep1) test= 62.50%
  S6 1500ms fold3/5: best_val= 68.75% (ep11) test= 43.75%
  S6 1500ms fold4/5: best_val= 68.75% (ep12) test= 50.00%
  S6 1500ms fold5/5: best_val= 68.75% (ep16) test= 75.00%
  S6 3000ms fold1/5: best_val= 81.25% (ep12) test= 56.25%
  S6 3000ms fold2/5: best_val= 68.75% (ep12) test= 75.00%
  S6 3000ms fold3/5: best_val= 62.50% (ep1) test= 56.25%
  S6 3000ms fold4/5: best_val= 62.50% (ep5) test= 68.75%
  S6 3000ms fold5/5: best_val= 81.25% (ep17) test= 50.00%
  S6 4000ms fold1/5: best_val= 62.50% (ep19) test= 75.00%
  S6 4000ms fold2/5: best_val= 62.50% (ep3) test= 68.75%
  S6 4000ms fold3/5: best_val= 62.50% (ep13) test= 75.00%
  S6 4000ms fold4/5: best_val= 56.25% (ep6) test= 50.00%
  S6 4000ms fold5/5: best_val= 68.75% (ep14) test= 56.25%
S 6: 800ms= 53.75%  1500ms= 56.25%  3000ms= 61.25%  4000ms= 65.00%   (69s)
  S7 800ms fold1/5: best_val= 68.75% (ep5) test= 43.75%
  S7 800ms fold2/5: best_val= 56.25% (ep3) test= 62.50%
  S7 800ms fold3/5: best_val= 56.25% (ep4) test= 56.25%
  S7 800ms fold4/5: best_val= 62.50% (ep11) test= 43.75%
  S7 800ms fold5/5: best_val= 62.50% (ep3) test= 56.25%
  S7 1500ms fold1/5: best_val= 56.25% (ep6) test= 31.25%
  S7 1500ms fold2/5: best_val= 68.75% (ep3) test= 56.25%
  S7 1500ms fold3/5: best_val= 56.25% (ep1) test= 62.50%
  S7 1500ms fold4/5: best_val= 50.00% (ep1) test= 56.25%
  S7 1500ms fold5/5: best_val= 75.00% (ep6) test= 56.25%
  S7 3000ms fold1/5: best_val= 56.25% (ep13) test= 43.75%
  S7 3000ms fold2/5: best_val= 68.75% (ep1) test= 50.00%
  S7 3000ms fold3/5: best_val= 56.25% (ep1) test= 50.00%
  S7 3000ms fold4/5: best_val= 68.75% (ep23) test= 43.75%
  S7 3000ms fold5/5: best_val= 81.25% (ep4) test= 43.75%
  S7 4000ms fold1/5: best_val= 56.25% (ep16) test= 43.75%
  S7 4000ms fold2/5: best_val= 56.25% (ep1) test= 50.00%
  S7 4000ms fold3/5: best_val= 62.50% (ep3) test= 37.50%
  S7 4000ms fold4/5: best_val= 43.75% (ep1) test= 12.50%
  S7 4000ms fold5/5: best_val= 75.00% (ep33) test= 50.00%
S 7: 800ms= 52.50%  1500ms= 52.50%  3000ms= 46.25%  4000ms= 38.75%   (69s)
  S8 800ms fold1/5: best_val= 56.25% (ep5) test= 25.00%
  S8 800ms fold2/5: best_val= 75.00% (ep2) test= 43.75%
  S8 800ms fold3/5: best_val= 68.75% (ep4) test= 31.25%
  S8 800ms fold4/5: best_val= 50.00% (ep1) test= 50.00%
  S8 800ms fold5/5: best_val= 68.75% (ep12) test= 50.00%
  S8 1500ms fold1/5: best_val= 62.50% (ep27) test= 43.75%
  S8 1500ms fold2/5: best_val= 62.50% (ep4) test= 50.00%
  S8 1500ms fold3/5: best_val= 62.50% (ep4) test= 50.00%
  S8 1500ms fold4/5: best_val= 50.00% (ep1) test= 50.00%
  S8 1500ms fold5/5: best_val= 50.00% (ep10) test= 50.00%
  S8 3000ms fold1/5: best_val= 68.75% (ep4) test= 50.00%
  S8 3000ms fold2/5: best_val= 68.75% (ep25) test= 31.25%
  S8 3000ms fold3/5: best_val= 68.75% (ep6) test= 18.75%
  S8 3000ms fold4/5: best_val= 50.00% (ep8) test= 31.25%
  S8 3000ms fold5/5: best_val= 50.00% (ep1) test= 43.75%
  S8 4000ms fold1/5: best_val= 56.25% (ep3) test= 37.50%
  S8 4000ms fold2/5: best_val= 56.25% (ep1) test= 62.50%
  S8 4000ms fold3/5: best_val= 62.50% (ep3) test= 75.00%
  S8 4000ms fold4/5: best_val= 43.75% (ep4) test= 43.75%
  S8 4000ms fold5/5: best_val= 62.50% (ep1) test= 50.00%
S 8: 800ms= 40.00%  1500ms= 48.75%  3000ms= 35.00%  4000ms= 53.75%   (69s)
  S9 800ms fold1/5: best_val= 62.50% (ep10) test= 50.00%
  S9 800ms fold2/5: best_val= 62.50% (ep20) test= 50.00%
  S9 800ms fold3/5: best_val= 62.50% (ep6) test= 43.75%
  S9 800ms fold4/5: best_val= 68.75% (ep12) test= 62.50%
  S9 800ms fold5/5: best_val= 43.75% (ep1) test= 56.25%
  S9 1500ms fold1/5: best_val= 68.75% (ep3) test= 43.75%
  S9 1500ms fold2/5: best_val= 56.25% (ep1) test= 62.50%
  S9 1500ms fold3/5: best_val= 56.25% (ep1) test= 43.75%
  S9 1500ms fold4/5: best_val= 68.75% (ep3) test= 50.00%
  S9 1500ms fold5/5: best_val= 43.75% (ep1) test= 56.25%
  S9 3000ms fold1/5: best_val= 50.00% (ep1) test= 43.75%
  S9 3000ms fold2/5: best_val= 50.00% (ep1) test= 25.00%
  S9 3000ms fold3/5: best_val= 50.00% (ep2) test= 50.00%
  S9 3000ms fold4/5: best_val= 62.50% (ep2) test= 56.25%
  S9 3000ms fold5/5: best_val= 62.50% (ep1) test= 50.00%
  S9 4000ms fold1/5: best_val= 56.25% (ep5) test= 68.75%
  S9 4000ms fold2/5: best_val= 62.50% (ep13) test= 37.50%
  S9 4000ms fold3/5: best_val= 56.25% (ep1) test= 50.00%
  S9 4000ms fold4/5: best_val= 62.50% (ep8) test= 62.50%
  S9 4000ms fold5/5: best_val= 37.50% (ep2) test= 37.50%
S 9: 800ms= 52.50%  1500ms= 51.25%  3000ms= 45.00%  4000ms= 51.25%   (69s)
  S10 800ms fold1/5: best_val= 87.50% (ep10) test= 50.00%
  S10 800ms fold2/5: best_val= 87.50% (ep9) test= 75.00%
  S10 800ms fold3/5: best_val= 68.75% (ep38) test= 62.50%
  S10 800ms fold4/5: best_val= 56.25% (ep1) test= 62.50%
  S10 800ms fold5/5: best_val= 68.75% (ep1) test= 62.50%
  S10 1500ms fold1/5: best_val= 81.25% (ep20) test= 50.00%
  S10 1500ms fold2/5: best_val= 75.00% (ep6) test= 56.25%
  S10 1500ms fold3/5: best_val= 68.75% (ep17) test= 50.00%
  S10 1500ms fold4/5: best_val= 56.25% (ep1) test= 50.00%
  S10 1500ms fold5/5: best_val= 62.50% (ep24) test= 56.25%
  S10 3000ms fold1/5: best_val= 68.75% (ep17) test= 43.75%
  S10 3000ms fold2/5: best_val= 56.25% (ep5) test= 62.50%
  S10 3000ms fold3/5: best_val= 56.25% (ep1) test= 50.00%
  S10 3000ms fold4/5: best_val= 68.75% (ep1) test= 56.25%
  S10 3000ms fold5/5: best_val= 75.00% (ep17) test= 56.25%
  S10 4000ms fold1/5: best_val= 68.75% (ep7) test= 50.00%
  S10 4000ms fold2/5: best_val= 81.25% (ep24) test= 56.25%
  S10 4000ms fold3/5: best_val= 62.50% (ep16) test= 62.50%
  S10 4000ms fold4/5: best_val= 56.25% (ep1) test= 50.00%
  S10 4000ms fold5/5: best_val= 62.50% (ep4) test= 50.00%
S10: 800ms= 62.50%  1500ms= 52.50%  3000ms= 53.75%  4000ms= 53.75%   (69s)
  S11 800ms fold1/5: best_val= 62.50% (ep21) test= 37.50%
  S11 800ms fold2/5: best_val= 56.25% (ep1) test= 50.00%
  S11 800ms fold3/5: best_val= 43.75% (ep1) test= 37.50%
  S11 800ms fold4/5: best_val= 62.50% (ep3) test= 56.25%
  S11 800ms fold5/5: best_val= 50.00% (ep3) test= 50.00%
  S11 1500ms fold1/5: best_val= 68.75% (ep1) test= 68.75%
  S11 1500ms fold2/5: best_val= 56.25% (ep6) test= 50.00%
  S11 1500ms fold3/5: best_val= 43.75% (ep9) test= 37.50%
  S11 1500ms fold4/5: best_val= 62.50% (ep3) test= 68.75%
  S11 1500ms fold5/5: best_val= 62.50% (ep4) test= 37.50%
  S11 3000ms fold1/5: best_val= 75.00% (ep25) test= 43.75%
  S11 3000ms fold2/5: best_val= 56.25% (ep5) test= 56.25%
  S11 3000ms fold3/5: best_val= 56.25% (ep21) test= 50.00%
  S11 3000ms fold4/5: best_val= 62.50% (ep18) test= 75.00%
  S11 3000ms fold5/5: best_val= 62.50% (ep1) test= 75.00%
  S11 4000ms fold1/5: best_val= 93.75% (ep17) test= 62.50%
  S11 4000ms fold2/5: best_val= 43.75% (ep2) test= 43.75%
  S11 4000ms fold3/5: best_val= 56.25% (ep15) test= 62.50%
  S11 4000ms fold4/5: best_val= 75.00% (ep13) test= 62.50%
  S11 4000ms fold5/5: best_val= 62.50% (ep7) test= 62.50%
S11: 800ms= 46.25%  1500ms= 52.50%  3000ms= 60.00%  4000ms= 58.75%   (69s)
  S12 800ms fold1/5: best_val= 56.25% (ep1) test= 43.75%
  S12 800ms fold2/5: best_val= 62.50% (ep7) test= 50.00%
  S12 800ms fold3/5: best_val= 56.25% (ep2) test= 50.00%
  S12 800ms fold4/5: best_val= 62.50% (ep1) test= 43.75%
  S12 800ms fold5/5: best_val= 56.25% (ep1) test= 50.00%
  S12 1500ms fold1/5: best_val= 56.25% (ep14) test= 56.25%
  S12 1500ms fold2/5: best_val= 68.75% (ep6) test= 43.75%
  S12 1500ms fold3/5: best_val= 56.25% (ep14) test= 43.75%
  S12 1500ms fold4/5: best_val= 68.75% (ep6) test= 56.25%
  S12 1500ms fold5/5: best_val= 56.25% (ep1) test= 43.75%
  S12 3000ms fold1/5: best_val= 68.75% (ep1) test= 56.25%
  S12 3000ms fold2/5: best_val= 75.00% (ep5) test= 68.75%
  S12 3000ms fold3/5: best_val= 62.50% (ep4) test= 62.50%
  S12 3000ms fold4/5: best_val= 68.75% (ep7) test= 50.00%
  S12 3000ms fold5/5: best_val= 56.25% (ep2) test= 37.50%
  S12 4000ms fold1/5: best_val= 68.75% (ep1) test= 68.75%
  S12 4000ms fold2/5: best_val= 75.00% (ep5) test= 62.50%
  S12 4000ms fold3/5: best_val= 62.50% (ep5) test= 62.50%
  S12 4000ms fold4/5: best_val= 62.50% (ep7) test= 75.00%
  S12 4000ms fold5/5: best_val= 56.25% (ep4) test= 37.50%
S12: 800ms= 47.50%  1500ms= 48.75%  3000ms= 55.00%  4000ms= 61.25%   (69s)
  S13 800ms fold1/5: best_val= 75.00% (ep29) test= 68.75%
  S13 800ms fold2/5: best_val= 81.25% (ep23) test= 75.00%
  S13 800ms fold3/5: best_val= 81.25% (ep23) test= 50.00%
  S13 800ms fold4/5: best_val= 75.00% (ep1) test= 56.25%
  S13 800ms fold5/5: best_val= 68.75% (ep1) test= 56.25%
  S13 1500ms fold1/5: best_val= 56.25% (ep1) test= 50.00%
  S13 1500ms fold2/5: best_val= 68.75% (ep2) test= 43.75%
  S13 1500ms fold3/5: best_val= 81.25% (ep21) test= 50.00%
  S13 1500ms fold4/5: best_val= 68.75% (ep2) test= 68.75%
  S13 1500ms fold5/5: best_val= 68.75% (ep1) test= 50.00%
  S13 3000ms fold1/5: best_val= 62.50% (ep6) test= 56.25%
  S13 3000ms fold2/5: best_val= 75.00% (ep3) test= 62.50%
  S13 3000ms fold3/5: best_val= 81.25% (ep24) test= 62.50%
  S13 3000ms fold4/5: best_val= 62.50% (ep3) test= 56.25%
  S13 3000ms fold5/5: best_val= 75.00% (ep4) test= 37.50%
  S13 4000ms fold1/5: best_val= 68.75% (ep8) test= 62.50%
  S13 4000ms fold2/5: best_val= 75.00% (ep8) test= 62.50%
  S13 4000ms fold3/5: best_val= 68.75% (ep22) test= 62.50%
  S13 4000ms fold4/5: best_val= 62.50% (ep1) test= 50.00%
  S13 4000ms fold5/5: best_val= 75.00% (ep4) test= 37.50%
S13: 800ms= 61.25%  1500ms= 52.50%  3000ms= 55.00%  4000ms= 55.00%   (69s)
  S14 800ms fold1/5: best_val= 68.75% (ep1) test= 43.75%
  S14 800ms fold2/5: best_val= 75.00% (ep1) test= 56.25%
  S14 800ms fold3/5: best_val= 62.50% (ep1) test= 50.00%
  S14 800ms fold4/5: best_val= 81.25% (ep14) test= 31.25%
  S14 800ms fold5/5: best_val= 68.75% (ep2) test= 43.75%
  S14 1500ms fold1/5: best_val= 68.75% (ep2) test= 56.25%
  S14 1500ms fold2/5: best_val= 62.50% (ep4) test= 25.00%
  S14 1500ms fold3/5: best_val= 68.75% (ep2) test= 81.25%
  S14 1500ms fold4/5: best_val= 68.75% (ep12) test= 56.25%
  S14 1500ms fold5/5: best_val= 62.50% (ep2) test= 43.75%
  S14 3000ms fold1/5: best_val= 68.75% (ep13) test= 43.75%
  S14 3000ms fold2/5: best_val= 75.00% (ep11) test= 37.50%
  S14 3000ms fold3/5: best_val= 56.25% (ep9) test= 81.25%
  S14 3000ms fold4/5: best_val= 62.50% (ep5) test= 50.00%
  S14 3000ms fold5/5: best_val= 62.50% (ep10) test= 43.75%
  S14 4000ms fold1/5: best_val= 75.00% (ep6) test= 43.75%
  S14 4000ms fold2/5: best_val= 75.00% (ep6) test= 43.75%
  S14 4000ms fold3/5: best_val= 50.00% (ep3) test= 68.75%
  S14 4000ms fold4/5: best_val= 75.00% (ep1) test= 68.75%
  S14 4000ms fold5/5: best_val= 56.25% (ep1) test= 43.75%
S14: 800ms= 45.00%  1500ms= 52.50%  3000ms= 51.25%  4000ms= 53.75%   (69s)
  S15 800ms fold1/5: best_val= 75.00% (ep5) test= 50.00%
  S15 800ms fold2/5: best_val= 62.50% (ep6) test= 43.75%
  S15 800ms fold3/5: best_val= 68.75% (ep5) test= 56.25%
  S15 800ms fold4/5: best_val= 56.25% (ep1) test= 50.00%
  S15 800ms fold5/5: best_val= 75.00% (ep7) test= 37.50%
  S15 1500ms fold1/5: best_val= 68.75% (ep4) test= 62.50%
  S15 1500ms fold2/5: best_val= 50.00% (ep10) test= 37.50%
  S15 1500ms fold3/5: best_val= 68.75% (ep9) test= 68.75%
  S15 1500ms fold4/5: best_val= 62.50% (ep3) test= 56.25%
  S15 1500ms fold5/5: best_val= 62.50% (ep8) test= 56.25%
  S15 3000ms fold1/5: best_val= 56.25% (ep2) test= 50.00%
  S15 3000ms fold2/5: best_val= 50.00% (ep4) test= 37.50%
  S15 3000ms fold3/5: best_val= 50.00% (ep1) test= 56.25%
  S15 3000ms fold4/5: best_val= 56.25% (ep19) test= 43.75%
  S15 3000ms fold5/5: best_val= 56.25% (ep7) test= 43.75%
  S15 4000ms fold1/5: best_val= 68.75% (ep23) test= 43.75%
  S15 4000ms fold2/5: best_val= 62.50% (ep22) test= 37.50%
  S15 4000ms fold3/5: best_val= 62.50% (ep1) test= 50.00%
  S15 4000ms fold4/5: best_val= 50.00% (ep7) test= 50.00%
  S15 4000ms fold5/5: best_val= 62.50% (ep6) test= 43.75%
S15: 800ms= 47.50%  1500ms= 56.25%  3000ms= 46.25%  4000ms= 45.00%   (69s)
  S16 800ms fold1/5: best_val= 81.25% (ep13) test= 56.25%
  S16 800ms fold2/5: best_val= 56.25% (ep1) test= 50.00%
  S16 800ms fold3/5: best_val= 68.75% (ep10) test= 43.75%
  S16 800ms fold4/5: best_val= 62.50% (ep1) test= 25.00%
  S16 800ms fold5/5: best_val= 81.25% (ep1) test= 68.75%
  S16 1500ms fold1/5: best_val= 68.75% (ep7) test= 43.75%
  S16 1500ms fold2/5: best_val= 68.75% (ep1) test= 43.75%
  S16 1500ms fold3/5: best_val= 75.00% (ep7) test= 31.25%
  S16 1500ms fold4/5: best_val= 56.25% (ep4) test= 56.25%
  S16 1500ms fold5/5: best_val= 68.75% (ep15) test= 43.75%
  S16 3000ms fold1/5: best_val= 75.00% (ep4) test= 75.00%
  S16 3000ms fold2/5: best_val= 62.50% (ep1) test= 43.75%
  S16 3000ms fold3/5: best_val= 56.25% (ep4) test= 43.75%
  S16 3000ms fold4/5: best_val= 68.75% (ep1) test= 50.00%
  S16 3000ms fold5/5: best_val= 62.50% (ep11) test= 43.75%
  S16 4000ms fold1/5: best_val= 81.25% (ep3) test= 68.75%
  S16 4000ms fold2/5: best_val= 56.25% (ep2) test= 43.75%
  S16 4000ms fold3/5: best_val= 56.25% (ep2) test= 37.50%
  S16 4000ms fold4/5: best_val= 68.75% (ep31) test= 50.00%
  S16 4000ms fold5/5: best_val= 62.50% (ep9) test= 43.75%
S16: 800ms= 48.75%  1500ms= 43.75%  3000ms= 51.25%  4000ms= 48.75%   (69s)
  S17 800ms fold1/5: best_val= 75.00% (ep16) test= 50.00%
  S17 800ms fold2/5: best_val= 62.50% (ep8) test= 50.00%
  S17 800ms fold3/5: best_val= 50.00% (ep1) test= 56.25%
  S17 800ms fold4/5: best_val= 56.25% (ep2) test= 50.00%
  S17 800ms fold5/5: best_val= 56.25% (ep15) test= 62.50%
  S17 1500ms fold1/5: best_val= 75.00% (ep12) test= 37.50%
  S17 1500ms fold2/5: best_val= 68.75% (ep1) test= 43.75%
  S17 1500ms fold3/5: best_val= 68.75% (ep7) test= 56.25%
  S17 1500ms fold4/5: best_val= 62.50% (ep7) test= 50.00%
  S17 1500ms fold5/5: best_val= 68.75% (ep3) test= 62.50%
  S17 3000ms fold1/5: best_val= 75.00% (ep12) test= 50.00%
  S17 3000ms fold2/5: best_val= 50.00% (ep3) test= 50.00%
  S17 3000ms fold3/5: best_val= 62.50% (ep12) test= 50.00%
  S17 3000ms fold4/5: best_val= 50.00% (ep1) test= 37.50%
  S17 3000ms fold5/5: best_val= 75.00% (ep5) test= 50.00%
  S17 4000ms fold1/5: best_val= 81.25% (ep7) test= 43.75%
  S17 4000ms fold2/5: best_val= 50.00% (ep1) test= 37.50%
  S17 4000ms fold3/5: best_val= 68.75% (ep5) test= 68.75%
  S17 4000ms fold4/5: best_val= 56.25% (ep26) test= 37.50%
  S17 4000ms fold5/5: best_val= 68.75% (ep8) test= 68.75%
S17: 800ms= 53.75%  1500ms= 50.00%  3000ms= 47.50%  4000ms= 51.25%   (69s)
  S18 800ms fold1/5: best_val= 75.00% (ep12) test= 62.50%
  S18 800ms fold2/5: best_val= 68.75% (ep7) test= 62.50%
  S18 800ms fold3/5: best_val= 62.50% (ep2) test= 56.25%
  S18 800ms fold4/5: best_val= 68.75% (ep1) test= 43.75%
  S18 800ms fold5/5: best_val= 56.25% (ep3) test= 62.50%
  S18 1500ms fold1/5: best_val= 62.50% (ep3) test= 37.50%
  S18 1500ms fold2/5: best_val= 56.25% (ep2) test= 50.00%
  S18 1500ms fold3/5: best_val= 68.75% (ep8) test= 62.50%
  S18 1500ms fold4/5: best_val= 56.25% (ep1) test= 50.00%
  S18 1500ms fold5/5: best_val= 62.50% (ep1) test= 37.50%
  S18 3000ms fold1/5: best_val= 68.75% (ep5) test= 62.50%
  S18 3000ms fold2/5: best_val= 75.00% (ep7) test= 75.00%
  S18 3000ms fold3/5: best_val= 75.00% (ep2) test= 50.00%
  S18 3000ms fold4/5: best_val= 68.75% (ep5) test= 50.00%
  S18 3000ms fold5/5: best_val= 56.25% (ep1) test= 62.50%
  S18 4000ms fold1/5: best_val= 68.75% (ep3) test= 56.25%
  S18 4000ms fold2/5: best_val= 62.50% (ep9) test= 81.25%
  S18 4000ms fold3/5: best_val= 56.25% (ep2) test= 62.50%
  S18 4000ms fold4/5: best_val= 75.00% (ep7) test= 37.50%
  S18 4000ms fold5/5: best_val= 75.00% (ep17) test= 68.75%
S18: 800ms= 57.50%  1500ms= 47.50%  3000ms= 60.00%  4000ms= 61.25%   (69s)

ALL SUBJECTS COMPLETED — SPS/SFE  (1252s)

====================================================================
SAVED SPS/SFE -> /work/11862/rmaahin/ls6/FineMI-enhancements/ConformerEEG/experiments/option_a/results/full/SPS_SFE
gpu=NVIDIA A100-PCIE-40GB | torch=2.8.0+cu128 | seed=42 | model=conformer_a | mode=full
====================================================================
window_ms   800    1500   3000   4000
subject                              
1          44.44  51.11  47.78  43.33
2          48.75  51.25  60.00  53.75
3          60.00  58.75  55.00  63.75
4          68.75  63.75  60.00  55.00
5          58.02  56.79  48.15  55.56
6          53.75  56.25  61.25  65.00
7          52.50  52.50  46.25  38.75
8          40.00  48.75  35.00  53.75
9          52.50  51.25  45.00  51.25
10         62.50  52.50  53.75  53.75
11         46.25  52.50  60.00  58.75
12         47.50  48.75  55.00  61.25
13         61.25  52.50  55.00  55.00
14         45.00  52.50  51.25  53.75
15         47.50  56.25  46.25  45.00
16         48.75  43.75  51.25  48.75
17         53.75  50.00  47.50  51.25
18         57.50  47.50  60.00  61.25

mean: {800: 52.71, 1500: 52.59, 3000: 52.13, 4000: 53.83}
sd  : {800: 7.47, 1500: 4.56, 3000: 6.99, 4000: 6.94}

Pairs saved so far in /work/11862/rmaahin/ls6/FineMI-enhancements/ConformerEEG/experiments/option_a/results/full: 23/28

##### pair_idx=27 (SAA_SFE) #####

Using device: cuda | gpu=NVIDIA A100-PCIE-40GB | torch=2.8.0+cu128
NOTE: determinism holds per-GPU-model. Record this GPU name.

PAIR: SAA/SFE  (classes 6 vs 7)  model=conformer_a  mode=full
Test time windows: [800, 1500, 3000, 4000] ms
Test time windows (samples): [200, 375, 750, 1000]

BINARY CLASSIFICATION: Class 6 vs Class 7  (SAA/SFE)
  Class 0 (original 6): 725 trials
  Class 1 (original 7): 726 trials

Extracted time windows:
  800ms (200 samples): shape (1451, 62, 200)
  1500ms (375 samples): shape (1451, 62, 375)
  3000ms (750 samples): shape (1451, 62, 750)
  4000ms (1000 samples): shape (1451, 62, 1000)

Model configuration:
  Model: conformer_a
  Channels: 62
  Subjects: [1, 2, 3, 4, 5, 6, 7, 8, 9, 10, 11, 12, 13, 14, 15, 16, 17, 18]
  Time windows: [800, 1500, 3000, 4000] ms
  Classes: 2 (Binary: Class 6 vs Class 7)
  Folds: 5
  Batch size: 32
  Epochs per subject per time window: 50
  S1 800ms fold1/5: best_val= 88.89% (ep44) test= 50.00%
  S1 800ms fold2/5: best_val= 72.22% (ep1) test= 61.11%
  S1 800ms fold3/5: best_val= 66.67% (ep1) test= 61.11%
  S1 800ms fold4/5: best_val= 72.22% (ep10) test= 44.44%
  S1 800ms fold5/5: best_val= 66.67% (ep25) test= 72.22%
  S1 1500ms fold1/5: best_val= 77.78% (ep3) test= 55.56%
  S1 1500ms fold2/5: best_val= 66.67% (ep15) test= 38.89%
  S1 1500ms fold3/5: best_val= 66.67% (ep9) test= 50.00%
  S1 1500ms fold4/5: best_val= 55.56% (ep2) test= 50.00%
  S1 1500ms fold5/5: best_val= 61.11% (ep19) test= 77.78%
  S1 3000ms fold1/5: best_val= 77.78% (ep5) test= 61.11%
  S1 3000ms fold2/5: best_val= 77.78% (ep4) test= 50.00%
  S1 3000ms fold3/5: best_val= 88.89% (ep8) test= 33.33%
  S1 3000ms fold4/5: best_val= 72.22% (ep3) test= 50.00%
  S1 3000ms fold5/5: best_val= 72.22% (ep23) test= 61.11%
  S1 4000ms fold1/5: best_val= 77.78% (ep6) test= 50.00%
  S1 4000ms fold2/5: best_val= 72.22% (ep2) test= 55.56%
  S1 4000ms fold3/5: best_val= 94.44% (ep6) test= 38.89%
  S1 4000ms fold4/5: best_val= 77.78% (ep3) test= 66.67%
  S1 4000ms fold5/5: best_val= 77.78% (ep7) test= 61.11%
S 1: 800ms= 57.78%  1500ms= 54.44%  3000ms= 51.11%  4000ms= 54.44%   (82s)
  S2 800ms fold1/5: best_val= 81.25% (ep6) test= 56.25%
  S2 800ms fold2/5: best_val= 62.50% (ep14) test= 43.75%
  S2 800ms fold3/5: best_val= 50.00% (ep3) test= 50.00%
  S2 800ms fold4/5: best_val= 50.00% (ep19) test= 56.25%
  S2 800ms fold5/5: best_val= 75.00% (ep5) test= 56.25%
  S2 1500ms fold1/5: best_val= 50.00% (ep6) test= 37.50%
  S2 1500ms fold2/5: best_val= 81.25% (ep1) test= 43.75%
  S2 1500ms fold3/5: best_val= 68.75% (ep8) test= 50.00%
  S2 1500ms fold4/5: best_val= 56.25% (ep4) test= 56.25%
  S2 1500ms fold5/5: best_val= 62.50% (ep12) test= 37.50%
  S2 3000ms fold1/5: best_val= 56.25% (ep21) test= 37.50%
  S2 3000ms fold2/5: best_val= 75.00% (ep3) test= 31.25%
  S2 3000ms fold3/5: best_val= 50.00% (ep1) test= 50.00%
  S2 3000ms fold4/5: best_val= 56.25% (ep1) test= 50.00%
  S2 3000ms fold5/5: best_val= 56.25% (ep1) test= 50.00%
  S2 4000ms fold1/5: best_val= 75.00% (ep1) test= 37.50%
  S2 4000ms fold2/5: best_val= 87.50% (ep5) test= 31.25%
  S2 4000ms fold3/5: best_val= 56.25% (ep6) test= 68.75%
  S2 4000ms fold4/5: best_val= 50.00% (ep1) test= 68.75%
  S2 4000ms fold5/5: best_val= 62.50% (ep2) test= 37.50%
S 2: 800ms= 52.50%  1500ms= 45.00%  3000ms= 43.75%  4000ms= 48.75%   (69s)
  S3 800ms fold1/5: best_val= 68.75% (ep13) test= 68.75%
  S3 800ms fold2/5: best_val= 62.50% (ep11) test= 50.00%
  S3 800ms fold3/5: best_val= 68.75% (ep23) test= 56.25%
  S3 800ms fold4/5: best_val= 62.50% (ep3) test= 56.25%
  S3 800ms fold5/5: best_val= 56.25% (ep4) test= 62.50%
  S3 1500ms fold1/5: best_val= 50.00% (ep2) test= 50.00%
  S3 1500ms fold2/5: best_val= 81.25% (ep8) test= 62.50%
  S3 1500ms fold3/5: best_val= 62.50% (ep17) test= 50.00%
  S3 1500ms fold4/5: best_val= 68.75% (ep13) test= 56.25%
  S3 1500ms fold5/5: best_val= 62.50% (ep5) test= 62.50%
  S3 3000ms fold1/5: best_val= 75.00% (ep2) test= 56.25%
  S3 3000ms fold2/5: best_val= 56.25% (ep2) test= 68.75%
  S3 3000ms fold3/5: best_val= 62.50% (ep1) test= 37.50%
  S3 3000ms fold4/5: best_val= 62.50% (ep9) test= 68.75%
  S3 3000ms fold5/5: best_val= 75.00% (ep22) test= 50.00%
  S3 4000ms fold1/5: best_val= 56.25% (ep5) test= 75.00%
  S3 4000ms fold2/5: best_val= 62.50% (ep2) test= 56.25%
  S3 4000ms fold3/5: best_val= 62.50% (ep32) test= 43.75%
  S3 4000ms fold4/5: best_val= 56.25% (ep5) test= 56.25%
  S3 4000ms fold5/5: best_val= 68.75% (ep13) test= 43.75%
S 3: 800ms= 58.75%  1500ms= 56.25%  3000ms= 56.25%  4000ms= 55.00%   (69s)
  S4 800ms fold1/5: best_val= 62.50% (ep1) test= 56.25%
  S4 800ms fold2/5: best_val= 75.00% (ep14) test= 81.25%
  S4 800ms fold3/5: best_val= 68.75% (ep1) test= 62.50%
  S4 800ms fold4/5: best_val= 68.75% (ep16) test= 62.50%
  S4 800ms fold5/5: best_val= 75.00% (ep7) test= 68.75%
  S4 1500ms fold1/5: best_val= 68.75% (ep3) test= 31.25%
  S4 1500ms fold2/5: best_val= 56.25% (ep2) test= 43.75%
  S4 1500ms fold3/5: best_val= 56.25% (ep4) test= 62.50%
  S4 1500ms fold4/5: best_val= 68.75% (ep6) test= 56.25%
  S4 1500ms fold5/5: best_val= 81.25% (ep2) test= 37.50%
  S4 3000ms fold1/5: best_val= 62.50% (ep9) test= 37.50%
  S4 3000ms fold2/5: best_val= 62.50% (ep1) test= 56.25%
  S4 3000ms fold3/5: best_val= 62.50% (ep1) test= 68.75%
  S4 3000ms fold4/5: best_val= 68.75% (ep13) test= 37.50%
  S4 3000ms fold5/5: best_val= 62.50% (ep6) test= 62.50%
  S4 4000ms fold1/5: best_val= 68.75% (ep8) test= 50.00%
  S4 4000ms fold2/5: best_val= 75.00% (ep5) test= 62.50%
  S4 4000ms fold3/5: best_val= 68.75% (ep14) test= 43.75%
  S4 4000ms fold4/5: best_val= 75.00% (ep6) test= 56.25%
  S4 4000ms fold5/5: best_val= 68.75% (ep24) test= 50.00%
S 4: 800ms= 66.25%  1500ms= 46.25%  3000ms= 52.50%  4000ms= 52.50%   (69s)
  S5 800ms fold1/5: best_val= 62.50% (ep1) test= 58.82%
  S5 800ms fold2/5: best_val= 58.82% (ep5) test= 43.75%
  S5 800ms fold3/5: best_val= 58.82% (ep4) test= 56.25%
  S5 800ms fold4/5: best_val= 58.82% (ep3) test= 68.75%
  S5 800ms fold5/5: best_val= 70.59% (ep2) test= 43.75%
  S5 1500ms fold1/5: best_val= 87.50% (ep21) test= 64.71%
  S5 1500ms fold2/5: best_val= 58.82% (ep9) test= 43.75%
  S5 1500ms fold3/5: best_val= 70.59% (ep6) test= 56.25%
  S5 1500ms fold4/5: best_val= 64.71% (ep1) test= 43.75%
  S5 1500ms fold5/5: best_val= 64.71% (ep8) test= 68.75%
  S5 3000ms fold1/5: best_val= 81.25% (ep20) test= 58.82%
  S5 3000ms fold2/5: best_val= 64.71% (ep1) test= 56.25%
  S5 3000ms fold3/5: best_val= 70.59% (ep30) test= 62.50%
  S5 3000ms fold4/5: best_val= 64.71% (ep23) test= 50.00%
  S5 3000ms fold5/5: best_val= 70.59% (ep25) test= 31.25%
  S5 4000ms fold1/5: best_val= 75.00% (ep22) test= 47.06%
  S5 4000ms fold2/5: best_val= 64.71% (ep1) test= 31.25%
  S5 4000ms fold3/5: best_val= 64.71% (ep47) test= 62.50%
  S5 4000ms fold4/5: best_val= 64.71% (ep23) test= 56.25%
  S5 4000ms fold5/5: best_val= 76.47% (ep26) test= 50.00%
S 5: 800ms= 54.32%  1500ms= 55.56%  3000ms= 51.85%  4000ms= 49.38%   (69s)
  S6 800ms fold1/5: best_val= 62.50% (ep2) test= 56.25%
  S6 800ms fold2/5: best_val= 62.50% (ep14) test= 50.00%
  S6 800ms fold3/5: best_val= 62.50% (ep18) test= 50.00%
  S6 800ms fold4/5: best_val= 75.00% (ep7) test= 50.00%
  S6 800ms fold5/5: best_val= 68.75% (ep1) test= 56.25%
  S6 1500ms fold1/5: best_val= 68.75% (ep15) test= 56.25%
  S6 1500ms fold2/5: best_val= 81.25% (ep17) test= 56.25%
  S6 1500ms fold3/5: best_val= 75.00% (ep1) test= 56.25%
  S6 1500ms fold4/5: best_val= 81.25% (ep15) test= 62.50%
  S6 1500ms fold5/5: best_val= 50.00% (ep3) test= 56.25%
  S6 3000ms fold1/5: best_val= 75.00% (ep5) test= 50.00%
  S6 3000ms fold2/5: best_val= 75.00% (ep1) test= 56.25%
  S6 3000ms fold3/5: best_val= 68.75% (ep4) test= 50.00%
  S6 3000ms fold4/5: best_val= 68.75% (ep2) test= 50.00%
  S6 3000ms fold5/5: best_val= 75.00% (ep7) test= 68.75%
  S6 4000ms fold1/5: best_val= 68.75% (ep20) test= 75.00%
  S6 4000ms fold2/5: best_val= 68.75% (ep1) test= 50.00%
  S6 4000ms fold3/5: best_val= 62.50% (ep1) test= 62.50%
  S6 4000ms fold4/5: best_val= 68.75% (ep9) test= 62.50%
  S6 4000ms fold5/5: best_val= 62.50% (ep6) test= 43.75%
S 6: 800ms= 52.50%  1500ms= 57.50%  3000ms= 55.00%  4000ms= 58.75%   (69s)
  S7 800ms fold1/5: best_val= 68.75% (ep14) test= 37.50%
  S7 800ms fold2/5: best_val= 68.75% (ep3) test= 56.25%
  S7 800ms fold3/5: best_val= 62.50% (ep1) test= 56.25%
  S7 800ms fold4/5: best_val= 56.25% (ep3) test= 43.75%
  S7 800ms fold5/5: best_val= 62.50% (ep29) test= 50.00%
  S7 1500ms fold1/5: best_val= 87.50% (ep4) test= 37.50%
  S7 1500ms fold2/5: best_val= 75.00% (ep32) test= 62.50%
  S7 1500ms fold3/5: best_val= 56.25% (ep3) test= 37.50%
  S7 1500ms fold4/5: best_val= 81.25% (ep33) test= 37.50%
  S7 1500ms fold5/5: best_val= 68.75% (ep2) test= 43.75%
  S7 3000ms fold1/5: best_val= 68.75% (ep5) test= 68.75%
  S7 3000ms fold2/5: best_val= 75.00% (ep21) test= 56.25%
  S7 3000ms fold3/5: best_val= 75.00% (ep14) test= 31.25%
  S7 3000ms fold4/5: best_val= 56.25% (ep20) test= 25.00%
  S7 3000ms fold5/5: best_val= 87.50% (ep5) test= 37.50%
  S7 4000ms fold1/5: best_val= 75.00% (ep1) test= 50.00%
  S7 4000ms fold2/5: best_val= 68.75% (ep27) test= 43.75%
  S7 4000ms fold3/5: best_val= 62.50% (ep8) test= 43.75%
  S7 4000ms fold4/5: best_val= 75.00% (ep15) test= 37.50%
  S7 4000ms fold5/5: best_val= 56.25% (ep1) test= 43.75%
S 7: 800ms= 48.75%  1500ms= 43.75%  3000ms= 43.75%  4000ms= 43.75%   (69s)
  S8 800ms fold1/5: best_val= 75.00% (ep38) test= 50.00%
  S8 800ms fold2/5: best_val= 62.50% (ep12) test= 37.50%
  S8 800ms fold3/5: best_val= 81.25% (ep5) test= 37.50%
  S8 800ms fold4/5: best_val= 50.00% (ep1) test= 50.00%
  S8 800ms fold5/5: best_val= 56.25% (ep22) test= 50.00%
  S8 1500ms fold1/5: best_val= 75.00% (ep2) test= 43.75%
  S8 1500ms fold2/5: best_val= 68.75% (ep2) test= 68.75%
  S8 1500ms fold3/5: best_val= 50.00% (ep1) test= 56.25%
  S8 1500ms fold4/5: best_val= 62.50% (ep39) test= 56.25%
  S8 1500ms fold5/5: best_val= 56.25% (ep12) test= 68.75%
  S8 3000ms fold1/5: best_val= 75.00% (ep12) test= 50.00%
  S8 3000ms fold2/5: best_val= 62.50% (ep4) test= 56.25%
  S8 3000ms fold3/5: best_val= 62.50% (ep22) test= 50.00%
  S8 3000ms fold4/5: best_val= 56.25% (ep13) test= 75.00%
  S8 3000ms fold5/5: best_val= 50.00% (ep3) test= 62.50%
  S8 4000ms fold1/5: best_val= 81.25% (ep4) test= 50.00%
  S8 4000ms fold2/5: best_val= 68.75% (ep5) test= 43.75%
  S8 4000ms fold3/5: best_val= 50.00% (ep1) test= 56.25%
  S8 4000ms fold4/5: best_val= 43.75% (ep2) test= 56.25%
  S8 4000ms fold5/5: best_val= 62.50% (ep3) test= 75.00%
S 8: 800ms= 45.00%  1500ms= 58.75%  3000ms= 58.75%  4000ms= 56.25%   (69s)
  S9 800ms fold1/5: best_val= 56.25% (ep9) test= 56.25%
  S9 800ms fold2/5: best_val= 75.00% (ep30) test= 50.00%
  S9 800ms fold3/5: best_val= 75.00% (ep3) test= 56.25%
  S9 800ms fold4/5: best_val= 68.75% (ep33) test= 62.50%
  S9 800ms fold5/5: best_val= 75.00% (ep33) test= 56.25%
  S9 1500ms fold1/5: best_val= 62.50% (ep2) test= 50.00%
  S9 1500ms fold2/5: best_val= 81.25% (ep1) test= 31.25%
  S9 1500ms fold3/5: best_val= 75.00% (ep12) test= 68.75%
  S9 1500ms fold4/5: best_val= 62.50% (ep10) test= 43.75%
  S9 1500ms fold5/5: best_val= 75.00% (ep3) test= 62.50%
  S9 3000ms fold1/5: best_val= 68.75% (ep1) test= 62.50%
  S9 3000ms fold2/5: best_val= 81.25% (ep44) test= 50.00%
  S9 3000ms fold3/5: best_val= 56.25% (ep10) test= 56.25%
  S9 3000ms fold4/5: best_val= 62.50% (ep10) test= 43.75%
  S9 3000ms fold5/5: best_val= 56.25% (ep1) test= 43.75%
  S9 4000ms fold1/5: best_val= 62.50% (ep2) test= 62.50%
  S9 4000ms fold2/5: best_val= 68.75% (ep20) test= 43.75%
  S9 4000ms fold3/5: best_val= 68.75% (ep7) test= 43.75%
  S9 4000ms fold4/5: best_val= 68.75% (ep3) test= 43.75%
  S9 4000ms fold5/5: best_val= 50.00% (ep31) test= 25.00%
S 9: 800ms= 56.25%  1500ms= 51.25%  3000ms= 51.25%  4000ms= 43.75%   (69s)
  S10 800ms fold1/5: best_val= 75.00% (ep12) test= 62.50%
  S10 800ms fold2/5: best_val= 68.75% (ep9) test= 62.50%
  S10 800ms fold3/5: best_val= 50.00% (ep7) test= 56.25%
  S10 800ms fold4/5: best_val= 87.50% (ep16) test= 75.00%
  S10 800ms fold5/5: best_val= 62.50% (ep8) test= 50.00%
  S10 1500ms fold1/5: best_val= 56.25% (ep5) test= 50.00%
  S10 1500ms fold2/5: best_val= 68.75% (ep23) test= 56.25%
  S10 1500ms fold3/5: best_val= 68.75% (ep3) test= 50.00%
  S10 1500ms fold4/5: best_val= 62.50% (ep6) test= 56.25%
  S10 1500ms fold5/5: best_val= 68.75% (ep11) test= 56.25%
  S10 3000ms fold1/5: best_val= 62.50% (ep3) test= 50.00%
  S10 3000ms fold2/5: best_val= 56.25% (ep3) test= 43.75%
  S10 3000ms fold3/5: best_val= 43.75% (ep3) test= 31.25%
  S10 3000ms fold4/5: best_val= 68.75% (ep4) test= 56.25%
  S10 3000ms fold5/5: best_val= 62.50% (ep1) test= 56.25%
  S10 4000ms fold1/5: best_val= 75.00% (ep1) test= 37.50%
  S10 4000ms fold2/5: best_val= 62.50% (ep7) test= 37.50%
  S10 4000ms fold3/5: best_val= 56.25% (ep1) test= 50.00%
  S10 4000ms fold4/5: best_val= 62.50% (ep20) test= 50.00%
  S10 4000ms fold5/5: best_val= 56.25% (ep29) test= 68.75%
S10: 800ms= 61.25%  1500ms= 53.75%  3000ms= 47.50%  4000ms= 48.75%   (69s)
  S11 800ms fold1/5: best_val= 62.50% (ep3) test= 25.00%
  S11 800ms fold2/5: best_val= 56.25% (ep2) test= 56.25%
  S11 800ms fold3/5: best_val= 62.50% (ep25) test= 43.75%
  S11 800ms fold4/5: best_val= 50.00% (ep1) test= 31.25%
  S11 800ms fold5/5: best_val= 56.25% (ep4) test= 62.50%
  S11 1500ms fold1/5: best_val= 50.00% (ep2) test= 62.50%
  S11 1500ms fold2/5: best_val= 43.75% (ep3) test= 68.75%
  S11 1500ms fold3/5: best_val= 68.75% (ep12) test= 43.75%
  S11 1500ms fold4/5: best_val= 56.25% (ep2) test= 50.00%
  S11 1500ms fold5/5: best_val= 68.75% (ep2) test= 37.50%
  S11 3000ms fold1/5: best_val= 50.00% (ep1) test= 50.00%
  S11 3000ms fold2/5: best_val= 56.25% (ep2) test= 50.00%
  S11 3000ms fold3/5: best_val= 68.75% (ep4) test= 37.50%
  S11 3000ms fold4/5: best_val= 50.00% (ep5) test= 25.00%
  S11 3000ms fold5/5: best_val= 75.00% (ep5) test= 43.75%
  S11 4000ms fold1/5: best_val= 56.25% (ep5) test= 68.75%
  S11 4000ms fold2/5: best_val= 68.75% (ep1) test= 37.50%
  S11 4000ms fold3/5: best_val= 62.50% (ep1) test= 25.00%
  S11 4000ms fold4/5: best_val= 56.25% (ep18) test=  6.25%
  S11 4000ms fold5/5: best_val= 56.25% (ep5) test= 50.00%
S11: 800ms= 43.75%  1500ms= 52.50%  3000ms= 41.25%  4000ms= 37.50%   (69s)
  S12 800ms fold1/5: best_val= 62.50% (ep12) test= 50.00%
  S12 800ms fold2/5: best_val= 62.50% (ep1) test= 62.50%
  S12 800ms fold3/5: best_val= 50.00% (ep3) test= 50.00%
  S12 800ms fold4/5: best_val= 56.25% (ep19) test= 43.75%
  S12 800ms fold5/5: best_val= 56.25% (ep2) test= 50.00%
  S12 1500ms fold1/5: best_val= 75.00% (ep39) test= 43.75%
  S12 1500ms fold2/5: best_val= 75.00% (ep6) test= 56.25%
  S12 1500ms fold3/5: best_val= 75.00% (ep1) test= 50.00%
  S12 1500ms fold4/5: best_val= 62.50% (ep3) test= 56.25%
  S12 1500ms fold5/5: best_val= 50.00% (ep8) test= 50.00%
  S12 3000ms fold1/5: best_val= 56.25% (ep7) test= 31.25%
  S12 3000ms fold2/5: best_val= 62.50% (ep1) test= 68.75%
  S12 3000ms fold3/5: best_val= 68.75% (ep9) test= 50.00%
  S12 3000ms fold4/5: best_val= 56.25% (ep15) test= 31.25%
  S12 3000ms fold5/5: best_val= 50.00% (ep5) test= 37.50%
  S12 4000ms fold1/5: best_val= 62.50% (ep5) test= 37.50%
  S12 4000ms fold2/5: best_val= 68.75% (ep5) test= 68.75%
  S12 4000ms fold3/5: best_val= 68.75% (ep13) test= 68.75%
  S12 4000ms fold4/5: best_val= 68.75% (ep8) test= 37.50%
  S12 4000ms fold5/5: best_val= 68.75% (ep23) test= 12.50%
S12: 800ms= 51.25%  1500ms= 51.25%  3000ms= 43.75%  4000ms= 45.00%   (69s)
  S13 800ms fold1/5: best_val= 62.50% (ep4) test= 50.00%
  S13 800ms fold2/5: best_val= 68.75% (ep47) test= 68.75%
  S13 800ms fold3/5: best_val= 62.50% (ep35) test= 56.25%
  S13 800ms fold4/5: best_val= 62.50% (ep13) test= 50.00%
  S13 800ms fold5/5: best_val= 62.50% (ep3) test= 56.25%
  S13 1500ms fold1/5: best_val= 75.00% (ep3) test= 62.50%
  S13 1500ms fold2/5: best_val= 68.75% (ep2) test= 18.75%
  S13 1500ms fold3/5: best_val= 75.00% (ep4) test= 50.00%
  S13 1500ms fold4/5: best_val= 56.25% (ep9) test= 56.25%
  S13 1500ms fold5/5: best_val= 56.25% (ep6) test= 43.75%
  S13 3000ms fold1/5: best_val= 68.75% (ep1) test= 50.00%
  S13 3000ms fold2/5: best_val= 68.75% (ep2) test= 56.25%
  S13 3000ms fold3/5: best_val= 81.25% (ep12) test= 43.75%
  S13 3000ms fold4/5: best_val= 56.25% (ep1) test= 43.75%
  S13 3000ms fold5/5: best_val= 62.50% (ep15) test= 37.50%
  S13 4000ms fold1/5: best_val= 68.75% (ep14) test= 50.00%
  S13 4000ms fold2/5: best_val= 75.00% (ep5) test= 62.50%
  S13 4000ms fold3/5: best_val= 87.50% (ep9) test= 50.00%
  S13 4000ms fold4/5: best_val= 62.50% (ep6) test= 68.75%
  S13 4000ms fold5/5: best_val= 75.00% (ep10) test= 50.00%
S13: 800ms= 56.25%  1500ms= 46.25%  3000ms= 46.25%  4000ms= 56.25%   (69s)
  S14 800ms fold1/5: best_val= 62.50% (ep1) test= 56.25%
  S14 800ms fold2/5: best_val= 62.50% (ep7) test= 37.50%
  S14 800ms fold3/5: best_val= 56.25% (ep2) test= 62.50%
  S14 800ms fold4/5: best_val= 75.00% (ep10) test= 62.50%
  S14 800ms fold5/5: best_val= 62.50% (ep1) test= 43.75%
  S14 1500ms fold1/5: best_val= 62.50% (ep10) test= 31.25%
  S14 1500ms fold2/5: best_val= 68.75% (ep1) test= 37.50%
  S14 1500ms fold3/5: best_val= 56.25% (ep3) test= 56.25%
  S14 1500ms fold4/5: best_val= 75.00% (ep39) test= 37.50%
  S14 1500ms fold5/5: best_val= 56.25% (ep12) test= 56.25%
  S14 3000ms fold1/5: best_val= 56.25% (ep20) test= 56.25%
  S14 3000ms fold2/5: best_val= 68.75% (ep10) test= 56.25%
  S14 3000ms fold3/5: best_val= 62.50% (ep3) test= 62.50%
  S14 3000ms fold4/5: best_val= 62.50% (ep1) test= 68.75%
  S14 3000ms fold5/5: best_val= 50.00% (ep8) test= 50.00%
  S14 4000ms fold1/5: best_val= 56.25% (ep1) test= 56.25%
  S14 4000ms fold2/5: best_val= 75.00% (ep10) test= 37.50%
  S14 4000ms fold3/5: best_val= 75.00% (ep4) test= 68.75%
  S14 4000ms fold4/5: best_val= 68.75% (ep18) test= 50.00%
  S14 4000ms fold5/5: best_val= 56.25% (ep1) test= 31.25%
S14: 800ms= 52.50%  1500ms= 43.75%  3000ms= 58.75%  4000ms= 48.75%   (69s)
  S15 800ms fold1/5: best_val= 56.25% (ep1) test= 56.25%
  S15 800ms fold2/5: best_val= 56.25% (ep22) test= 50.00%
  S15 800ms fold3/5: best_val= 62.50% (ep2) test= 56.25%
  S15 800ms fold4/5: best_val= 37.50% (ep3) test= 56.25%
  S15 800ms fold5/5: best_val= 43.75% (ep18) test= 56.25%
  S15 1500ms fold1/5: best_val= 87.50% (ep1) test= 50.00%
  S15 1500ms fold2/5: best_val= 56.25% (ep1) test= 50.00%
  S15 1500ms fold3/5: best_val= 62.50% (ep8) test= 43.75%
  S15 1500ms fold4/5: best_val= 68.75% (ep1) test= 37.50%
  S15 1500ms fold5/5: best_val= 62.50% (ep2) test= 37.50%
  S15 3000ms fold1/5: best_val= 56.25% (ep2) test= 50.00%
  S15 3000ms fold2/5: best_val= 62.50% (ep1) test= 43.75%
  S15 3000ms fold3/5: best_val= 62.50% (ep6) test= 37.50%
  S15 3000ms fold4/5: best_val= 50.00% (ep2) test= 56.25%
  S15 3000ms fold5/5: best_val= 43.75% (ep1) test= 25.00%
  S15 4000ms fold1/5: best_val= 50.00% (ep3) test= 50.00%
  S15 4000ms fold2/5: best_val= 56.25% (ep1) test= 56.25%
  S15 4000ms fold3/5: best_val= 62.50% (ep1) test= 43.75%
  S15 4000ms fold4/5: best_val= 50.00% (ep28) test= 37.50%
  S15 4000ms fold5/5: best_val= 43.75% (ep4) test= 37.50%
S15: 800ms= 55.00%  1500ms= 43.75%  3000ms= 42.50%  4000ms= 45.00%   (69s)
  S16 800ms fold1/5: best_val= 56.25% (ep25) test= 43.75%
  S16 800ms fold2/5: best_val= 75.00% (ep1) test= 50.00%
  S16 800ms fold3/5: best_val= 56.25% (ep3) test= 56.25%
  S16 800ms fold4/5: best_val= 75.00% (ep11) test= 62.50%
  S16 800ms fold5/5: best_val= 62.50% (ep1) test= 56.25%
  S16 1500ms fold1/5: best_val= 75.00% (ep1) test= 56.25%
  S16 1500ms fold2/5: best_val= 56.25% (ep8) test= 56.25%
  S16 1500ms fold3/5: best_val= 50.00% (ep3) test= 37.50%
  S16 1500ms fold4/5: best_val= 75.00% (ep4) test= 43.75%
  S16 1500ms fold5/5: best_val= 56.25% (ep2) test= 43.75%
  S16 3000ms fold1/5: best_val= 62.50% (ep5) test= 43.75%
  S16 3000ms fold2/5: best_val= 68.75% (ep7) test= 43.75%
  S16 3000ms fold3/5: best_val= 50.00% (ep10) test= 43.75%
  S16 3000ms fold4/5: best_val= 75.00% (ep7) test= 62.50%
  S16 3000ms fold5/5: best_val= 56.25% (ep2) test= 75.00%
  S16 4000ms fold1/5: best_val= 68.75% (ep19) test= 43.75%
  S16 4000ms fold2/5: best_val= 50.00% (ep2) test= 56.25%
  S16 4000ms fold3/5: best_val= 62.50% (ep1) test= 50.00%
  S16 4000ms fold4/5: best_val= 75.00% (ep7) test= 25.00%
  S16 4000ms fold5/5: best_val= 62.50% (ep6) test= 68.75%
S16: 800ms= 53.75%  1500ms= 47.50%  3000ms= 53.75%  4000ms= 48.75%   (69s)
  S17 800ms fold1/5: best_val= 62.50% (ep2) test= 62.50%
  S17 800ms fold2/5: best_val= 68.75% (ep1) test= 37.50%
  S17 800ms fold3/5: best_val= 75.00% (ep7) test= 62.50%
  S17 800ms fold4/5: best_val= 56.25% (ep5) test= 43.75%
  S17 800ms fold5/5: best_val= 56.25% (ep1) test= 62.50%
  S17 1500ms fold1/5: best_val= 62.50% (ep1) test= 43.75%
  S17 1500ms fold2/5: best_val= 68.75% (ep4) test= 62.50%
  S17 1500ms fold3/5: best_val= 50.00% (ep1) test= 75.00%
  S17 1500ms fold4/5: best_val= 68.75% (ep10) test= 68.75%
  S17 1500ms fold5/5: best_val= 62.50% (ep16) test= 56.25%
  S17 3000ms fold1/5: best_val= 62.50% (ep34) test= 50.00%
  S17 3000ms fold2/5: best_val= 75.00% (ep2) test= 43.75%
  S17 3000ms fold3/5: best_val= 68.75% (ep30) test= 56.25%
  S17 3000ms fold4/5: best_val= 50.00% (ep2) test= 62.50%
  S17 3000ms fold5/5: best_val= 62.50% (ep19) test= 62.50%
  S17 4000ms fold1/5: best_val= 68.75% (ep22) test= 62.50%
  S17 4000ms fold2/5: best_val= 75.00% (ep4) test= 56.25%
  S17 4000ms fold3/5: best_val= 62.50% (ep5) test= 43.75%
  S17 4000ms fold4/5: best_val= 56.25% (ep4) test= 50.00%
  S17 4000ms fold5/5: best_val= 75.00% (ep16) test= 50.00%
S17: 800ms= 53.75%  1500ms= 61.25%  3000ms= 55.00%  4000ms= 52.50%   (69s)
  S18 800ms fold1/5: best_val= 62.50% (ep6) test= 56.25%
  S18 800ms fold2/5: best_val= 50.00% (ep3) test= 56.25%
  S18 800ms fold3/5: best_val= 56.25% (ep1) test= 43.75%
  S18 800ms fold4/5: best_val= 81.25% (ep24) test= 50.00%
  S18 800ms fold5/5: best_val= 75.00% (ep9) test= 62.50%
  S18 1500ms fold1/5: best_val= 56.25% (ep1) test= 62.50%
  S18 1500ms fold2/5: best_val= 62.50% (ep2) test= 56.25%
  S18 1500ms fold3/5: best_val= 62.50% (ep2) test= 68.75%
  S18 1500ms fold4/5: best_val= 62.50% (ep10) test= 56.25%
  S18 1500ms fold5/5: best_val= 62.50% (ep8) test= 62.50%
  S18 3000ms fold1/5: best_val= 68.75% (ep2) test= 62.50%
  S18 3000ms fold2/5: best_val= 81.25% (ep8) test= 56.25%
  S18 3000ms fold3/5: best_val= 56.25% (ep1) test= 68.75%
  S18 3000ms fold4/5: best_val= 68.75% (ep19) test= 81.25%
  S18 3000ms fold5/5: best_val= 75.00% (ep21) test= 81.25%
  S18 4000ms fold1/5: best_val= 62.50% (ep11) test= 68.75%
  S18 4000ms fold2/5: best_val= 75.00% (ep7) test= 62.50%
  S18 4000ms fold3/5: best_val= 62.50% (ep3) test= 50.00%
  S18 4000ms fold4/5: best_val= 75.00% (ep7) test= 56.25%
  S18 4000ms fold5/5: best_val= 75.00% (ep16) test= 62.50%
S18: 800ms= 53.75%  1500ms= 61.25%  3000ms= 70.00%  4000ms= 60.00%   (69s)

ALL SUBJECTS COMPLETED — SAA/SFE  (1252s)

====================================================================
SAVED SAA/SFE -> /work/11862/rmaahin/ls6/FineMI-enhancements/ConformerEEG/experiments/option_a/results/full/SAA_SFE
gpu=NVIDIA A100-PCIE-40GB | torch=2.8.0+cu128 | seed=42 | model=conformer_a | mode=full
====================================================================
window_ms   800    1500   3000   4000
subject                              
1          57.78  54.44  51.11  54.44
2          52.50  45.00  43.75  48.75
3          58.75  56.25  56.25  55.00
4          66.25  46.25  52.50  52.50
5          54.32  55.56  51.85  49.38
6          52.50  57.50  55.00  58.75
7          48.75  43.75  43.75  43.75
8          45.00  58.75  58.75  56.25
9          56.25  51.25  51.25  43.75
10         61.25  53.75  47.50  48.75
11         43.75  52.50  41.25  37.50
12         51.25  51.25  43.75  45.00
13         56.25  46.25  46.25  56.25
14         52.50  43.75  58.75  48.75
15         55.00  43.75  42.50  45.00
16         53.75  47.50  53.75  48.75
17         53.75  61.25  55.00  52.50
18         53.75  61.25  70.00  60.00

mean: {800: 54.07, 1500: 51.67, 3000: 51.28, 4000: 50.28}
sd  : {800: 5.31, 1500: 6.07, 3000: 7.32, 4000: 5.95}

Pairs saved so far in /work/11862/rmaahin/ls6/FineMI-enhancements/ConformerEEG/experiments/option_a/results/full: 26/28

Done: pairs [19, 20, 21, 22, 23, 24, 25, 26, 27]
