run_pair: model=conformer_a mode=sanity pair_idx=0 (HOC_WFE)
  dataset_root=/scratch/11862/rmaahin/finemi-dataset/FineMI
  results_root=/work/11862/rmaahin/ls6/FineMI-enhancements/ConformerEEG/experiments/option_a/results/sanity
  config=/work/11862/rmaahin/ls6/FineMI-enhancements/ConformerEEG/experiments/option_a/config_sanity.json

Using device: cuda | gpu=NVIDIA A100-PCIE-40GB | torch=2.8.0+cu128
NOTE: determinism holds per-GPU-model. Record this GPU name.

PAIR: HOC/WFE  (classes 0 vs 1)  model=conformer_a  mode=sanity
Test time windows: [800, 1500, 3000, 4000] ms
Test time windows (samples): [200, 375, 750, 1000]

Found 0 subject folders
No subject folders; found 18 subject .npz files

BINARY CLASSIFICATION: Class 0 vs Class 1  (HOC/WFE)
  Class 0 (original 0): 725 trials
  Class 1 (original 1): 725 trials

Extracted time windows:
  800ms (200 samples): shape (1450, 62, 200)
  1500ms (375 samples): shape (1450, 62, 375)
  3000ms (750 samples): shape (1450, 62, 750)
  4000ms (1000 samples): shape (1450, 62, 1000)

Model configuration:
  Model: conformer_a
  Channels: 62
  Subjects: [1, 2, 3]
  Time windows: [800, 1500, 3000, 4000] ms
  Classes: 2 (Binary: Class 0 vs Class 1)
  Folds: 5
  Batch size: 32
  Epochs per subject per time window: 10
    S1 800ms fold1 ep  1/10: train_loss=1.0425 train_acc= 56.48% val_loss=0.8334 val_acc= 55.56% lr=1.00e-03
    S1 800ms fold1 ep  2/10: train_loss=1.0392 train_acc= 57.41% val_loss=0.7955 val_acc= 44.44% lr=1.00e-03
    S1 800ms fold1 ep  3/10: train_loss=0.9681 train_acc= 54.63% val_loss=0.9339 val_acc= 50.00% lr=1.00e-03
    S1 800ms fold1 ep  4/10: train_loss=1.2517 train_acc= 48.15% val_loss=1.1101 val_acc= 50.00% lr=1.00e-03
    S1 800ms fold1 ep  5/10: train_loss=0.9268 train_acc= 59.26% val_loss=1.2473 val_acc= 50.00% lr=1.00e-03
    S1 800ms fold1 ep  6/10: train_loss=0.7844 train_acc= 56.48% val_loss=1.2378 val_acc= 44.44% lr=1.00e-03
    S1 800ms fold1 ep  7/10: train_loss=0.8302 train_acc= 50.93% val_loss=1.1713 val_acc= 44.44% lr=1.00e-03
    S1 800ms fold1 ep  8/10: train_loss=0.7592 train_acc= 64.81% val_loss=1.1205 val_acc= 55.56% lr=5.00e-04
    S1 800ms fold1 ep  9/10: train_loss=0.8013 train_acc= 56.48% val_loss=1.1679 val_acc= 55.56% lr=5.00e-04
    S1 800ms fold1 ep 10/10: train_loss=0.7770 train_acc= 62.96% val_loss=1.2150 val_acc= 55.56% lr=5.00e-04
  S1 800ms fold1/5: best_val= 55.56% (ep1) test= 44.44%
    S1 800ms fold2 ep  1/10: train_loss=1.2269 train_acc= 50.00% val_loss=0.7025 val_acc= 61.11% lr=1.00e-03
    S1 800ms fold2 ep  2/10: train_loss=1.0458 train_acc= 44.44% val_loss=0.8403 val_acc= 44.44% lr=1.00e-03
    S1 800ms fold2 ep  3/10: train_loss=0.8742 train_acc= 45.37% val_loss=1.1311 val_acc= 50.00% lr=1.00e-03
    S1 800ms fold2 ep  4/10: train_loss=0.8292 train_acc= 51.85% val_loss=1.2593 val_acc= 50.00% lr=1.00e-03
    S1 800ms fold2 ep  5/10: train_loss=0.7028 train_acc= 56.48% val_loss=1.2875 val_acc= 50.00% lr=1.00e-03
    S1 800ms fold2 ep  6/10: train_loss=0.8631 train_acc= 50.93% val_loss=1.2596 val_acc= 50.00% lr=1.00e-03
    S1 800ms fold2 ep  7/10: train_loss=0.9243 train_acc= 52.78% val_loss=1.1296 val_acc= 50.00% lr=5.00e-04
    S1 800ms fold2 ep  8/10: train_loss=0.7388 train_acc= 50.93% val_loss=1.0471 val_acc= 50.00% lr=5.00e-04
    S1 800ms fold2 ep  9/10: train_loss=0.8134 train_acc= 59.26% val_loss=0.9765 val_acc= 50.00% lr=5.00e-04
    S1 800ms fold2 ep 10/10: train_loss=0.6772 train_acc= 65.74% val_loss=0.9210 val_acc= 55.56% lr=5.00e-04
  S1 800ms fold2/5: best_val= 61.11% (ep1) test= 55.56%
    S1 800ms fold3 ep  1/10: train_loss=1.1759 train_acc= 47.22% val_loss=0.6601 val_acc= 61.11% lr=1.00e-03
    S1 800ms fold3 ep  2/10: train_loss=0.8624 train_acc= 53.70% val_loss=0.7562 val_acc= 55.56% lr=1.00e-03
    S1 800ms fold3 ep  3/10: train_loss=0.9061 train_acc= 52.78% val_loss=0.7746 val_acc= 55.56% lr=1.00e-03
    S1 800ms fold3 ep  4/10: train_loss=0.7600 train_acc= 55.56% val_loss=0.7952 val_acc= 55.56% lr=1.00e-03
    S1 800ms fold3 ep  5/10: train_loss=0.9017 train_acc= 51.85% val_loss=0.8286 val_acc= 61.11% lr=1.00e-03
    S1 800ms fold3 ep  6/10: train_loss=0.7503 train_acc= 54.63% val_loss=0.8488 val_acc= 66.67% lr=1.00e-03
    S1 800ms fold3 ep  7/10: train_loss=0.9171 train_acc= 49.07% val_loss=0.8724 val_acc= 61.11% lr=5.00e-04
    S1 800ms fold3 ep  8/10: train_loss=0.8004 train_acc= 51.85% val_loss=0.8750 val_acc= 66.67% lr=5.00e-04
    S1 800ms fold3 ep  9/10: train_loss=0.8169 train_acc= 53.70% val_loss=0.8770 val_acc= 66.67% lr=5.00e-04
    S1 800ms fold3 ep 10/10: train_loss=0.7108 train_acc= 62.04% val_loss=0.8689 val_acc= 61.11% lr=5.00e-04
  S1 800ms fold3/5: best_val= 66.67% (ep6) test= 55.56%
    S1 800ms fold4 ep  1/10: train_loss=1.1436 train_acc= 49.07% val_loss=0.7688 val_acc= 55.56% lr=1.00e-03
    S1 800ms fold4 ep  2/10: train_loss=0.9483 train_acc= 50.00% val_loss=0.7937 val_acc= 66.67% lr=1.00e-03
    S1 800ms fold4 ep  3/10: train_loss=0.9870 train_acc= 43.52% val_loss=0.8129 val_acc= 38.89% lr=1.00e-03
    S1 800ms fold4 ep  4/10: train_loss=0.9819 train_acc= 51.85% val_loss=0.8668 val_acc= 44.44% lr=1.00e-03
    S1 800ms fold4 ep  5/10: train_loss=0.9422 train_acc= 50.00% val_loss=0.9037 val_acc= 22.22% lr=1.00e-03
    S1 800ms fold4 ep  6/10: train_loss=0.6991 train_acc= 62.96% val_loss=0.9003 val_acc= 27.78% lr=1.00e-03
    S1 800ms fold4 ep  7/10: train_loss=0.7048 train_acc= 57.41% val_loss=0.9095 val_acc= 33.33% lr=5.00e-04
    S1 800ms fold4 ep  8/10: train_loss=0.7295 train_acc= 59.26% val_loss=0.9157 val_acc= 33.33% lr=5.00e-04
    S1 800ms fold4 ep  9/10: train_loss=0.7433 train_acc= 59.26% val_loss=0.9421 val_acc= 38.89% lr=5.00e-04
    S1 800ms fold4 ep 10/10: train_loss=0.6924 train_acc= 59.26% val_loss=0.9701 val_acc= 44.44% lr=5.00e-04
  S1 800ms fold4/5: best_val= 66.67% (ep2) test= 50.00%
    S1 800ms fold5 ep  1/10: train_loss=1.0152 train_acc= 47.22% val_loss=0.9302 val_acc= 44.44% lr=1.00e-03
    S1 800ms fold5 ep  2/10: train_loss=0.8368 train_acc= 54.63% val_loss=0.9900 val_acc= 50.00% lr=1.00e-03
    S1 800ms fold5 ep  3/10: train_loss=0.9305 train_acc= 50.00% val_loss=0.8218 val_acc= 55.56% lr=1.00e-03
    S1 800ms fold5 ep  4/10: train_loss=0.8358 train_acc= 54.63% val_loss=0.7470 val_acc= 55.56% lr=1.00e-03
    S1 800ms fold5 ep  5/10: train_loss=0.7242 train_acc= 57.41% val_loss=0.7183 val_acc= 66.67% lr=1.00e-03
    S1 800ms fold5 ep  6/10: train_loss=0.9678 train_acc= 54.63% val_loss=0.7285 val_acc= 55.56% lr=1.00e-03
    S1 800ms fold5 ep  7/10: train_loss=0.7251 train_acc= 57.41% val_loss=0.7487 val_acc= 61.11% lr=1.00e-03
    S1 800ms fold5 ep  8/10: train_loss=0.5711 train_acc= 68.52% val_loss=0.7548 val_acc= 50.00% lr=1.00e-03
    S1 800ms fold5 ep  9/10: train_loss=0.6256 train_acc= 66.67% val_loss=0.7550 val_acc= 55.56% lr=1.00e-03
    S1 800ms fold5 ep 10/10: train_loss=0.5332 train_acc= 70.37% val_loss=0.8007 val_acc= 55.56% lr=1.00e-03
  S1 800ms fold5/5: best_val= 66.67% (ep5) test= 55.56%
    S1 1500ms fold1 ep  1/10: train_loss=1.0203 train_acc= 55.56% val_loss=0.9809 val_acc= 33.33% lr=1.00e-03
    S1 1500ms fold1 ep  2/10: train_loss=0.9454 train_acc= 53.70% val_loss=0.8217 val_acc= 55.56% lr=1.00e-03
    S1 1500ms fold1 ep  3/10: train_loss=1.0359 train_acc= 50.00% val_loss=0.8589 val_acc= 55.56% lr=1.00e-03
    S1 1500ms fold1 ep  4/10: train_loss=0.9208 train_acc= 55.56% val_loss=0.9311 val_acc= 50.00% lr=1.00e-03
    S1 1500ms fold1 ep  5/10: train_loss=1.1354 train_acc= 46.30% val_loss=1.1051 val_acc= 55.56% lr=1.00e-03
    S1 1500ms fold1 ep  6/10: train_loss=0.7485 train_acc= 63.89% val_loss=1.2278 val_acc= 44.44% lr=1.00e-03
    S1 1500ms fold1 ep  7/10: train_loss=0.8603 train_acc= 53.70% val_loss=1.2415 val_acc= 38.89% lr=1.00e-03
    S1 1500ms fold1 ep  8/10: train_loss=0.7375 train_acc= 64.81% val_loss=1.2185 val_acc= 44.44% lr=5.00e-04
    S1 1500ms fold1 ep  9/10: train_loss=0.7764 train_acc= 62.96% val_loss=1.1986 val_acc= 44.44% lr=5.00e-04
    S1 1500ms fold1 ep 10/10: train_loss=0.7658 train_acc= 60.19% val_loss=1.2527 val_acc= 44.44% lr=5.00e-04
  S1 1500ms fold1/5: best_val= 55.56% (ep2) test= 38.89%
    S1 1500ms fold2 ep  1/10: train_loss=1.1501 train_acc= 44.44% val_loss=1.0718 val_acc= 50.00% lr=1.00e-03
    S1 1500ms fold2 ep  2/10: train_loss=0.8284 train_acc= 60.19% val_loss=1.3279 val_acc= 33.33% lr=1.00e-03
    S1 1500ms fold2 ep  3/10: train_loss=0.8362 train_acc= 52.78% val_loss=1.3648 val_acc= 38.89% lr=1.00e-03
    S1 1500ms fold2 ep  4/10: train_loss=0.9105 train_acc= 54.63% val_loss=1.3820 val_acc= 38.89% lr=1.00e-03
    S1 1500ms fold2 ep  5/10: train_loss=0.8072 train_acc= 50.93% val_loss=1.4710 val_acc= 38.89% lr=1.00e-03
    S1 1500ms fold2 ep  6/10: train_loss=0.8285 train_acc= 58.33% val_loss=1.5073 val_acc= 38.89% lr=1.00e-03
    S1 1500ms fold2 ep  7/10: train_loss=0.8007 train_acc= 59.26% val_loss=1.4701 val_acc= 44.44% lr=5.00e-04
    S1 1500ms fold2 ep  8/10: train_loss=0.7571 train_acc= 58.33% val_loss=1.3472 val_acc= 38.89% lr=5.00e-04
    S1 1500ms fold2 ep  9/10: train_loss=0.7975 train_acc= 57.41% val_loss=1.2698 val_acc= 38.89% lr=5.00e-04
    S1 1500ms fold2 ep 10/10: train_loss=0.6795 train_acc= 61.11% val_loss=1.1903 val_acc= 38.89% lr=5.00e-04
  S1 1500ms fold2/5: best_val= 50.00% (ep1) test= 55.56%
    S1 1500ms fold3 ep  1/10: train_loss=1.3636 train_acc= 48.15% val_loss=1.0435 val_acc= 38.89% lr=1.00e-03
    S1 1500ms fold3 ep  2/10: train_loss=1.0072 train_acc= 47.22% val_loss=1.2569 val_acc= 50.00% lr=1.00e-03
    S1 1500ms fold3 ep  3/10: train_loss=0.9435 train_acc= 50.00% val_loss=1.1838 val_acc= 50.00% lr=1.00e-03
    S1 1500ms fold3 ep  4/10: train_loss=0.7993 train_acc= 56.48% val_loss=1.0179 val_acc= 50.00% lr=1.00e-03
    S1 1500ms fold3 ep  5/10: train_loss=0.7836 train_acc= 49.07% val_loss=0.8540 val_acc= 50.00% lr=1.00e-03
    S1 1500ms fold3 ep  6/10: train_loss=0.8340 train_acc= 56.48% val_loss=0.7619 val_acc= 44.44% lr=1.00e-03
    S1 1500ms fold3 ep  7/10: train_loss=0.7263 train_acc= 57.41% val_loss=0.7306 val_acc= 38.89% lr=1.00e-03
    S1 1500ms fold3 ep  8/10: train_loss=0.7722 train_acc= 54.63% val_loss=0.7325 val_acc= 55.56% lr=1.00e-03
    S1 1500ms fold3 ep  9/10: train_loss=0.7033 train_acc= 55.56% val_loss=0.7349 val_acc= 50.00% lr=1.00e-03
    S1 1500ms fold3 ep 10/10: train_loss=0.7156 train_acc= 58.33% val_loss=0.7530 val_acc= 61.11% lr=1.00e-03
  S1 1500ms fold3/5: best_val= 61.11% (ep10) test= 72.22%
    S1 1500ms fold4 ep  1/10: train_loss=1.1920 train_acc= 46.30% val_loss=1.4436 val_acc= 22.22% lr=1.00e-03
    S1 1500ms fold4 ep  2/10: train_loss=1.1118 train_acc= 51.85% val_loss=1.5423 val_acc= 33.33% lr=1.00e-03
    S1 1500ms fold4 ep  3/10: train_loss=0.7908 train_acc= 58.33% val_loss=1.6315 val_acc= 33.33% lr=1.00e-03
    S1 1500ms fold4 ep  4/10: train_loss=0.8155 train_acc= 58.33% val_loss=1.8331 val_acc= 38.89% lr=1.00e-03
    S1 1500ms fold4 ep  5/10: train_loss=0.6748 train_acc= 64.81% val_loss=2.3796 val_acc= 33.33% lr=1.00e-03
    S1 1500ms fold4 ep  6/10: train_loss=0.6896 train_acc= 72.22% val_loss=2.7758 val_acc= 33.33% lr=1.00e-03
    S1 1500ms fold4 ep  7/10: train_loss=0.5824 train_acc= 66.67% val_loss=2.7777 val_acc= 38.89% lr=5.00e-04
    S1 1500ms fold4 ep  8/10: train_loss=0.7062 train_acc= 62.04% val_loss=2.8184 val_acc= 38.89% lr=5.00e-04
    S1 1500ms fold4 ep  9/10: train_loss=0.6475 train_acc= 62.96% val_loss=2.7942 val_acc= 38.89% lr=5.00e-04
    S1 1500ms fold4 ep 10/10: train_loss=0.5337 train_acc= 69.44% val_loss=2.8539 val_acc= 44.44% lr=5.00e-04
  S1 1500ms fold4/5: best_val= 44.44% (ep10) test= 50.00%
    S1 1500ms fold5 ep  1/10: train_loss=1.0920 train_acc= 50.00% val_loss=1.0072 val_acc= 44.44% lr=1.00e-03
    S1 1500ms fold5 ep  2/10: train_loss=0.8647 train_acc= 60.19% val_loss=0.9740 val_acc= 38.89% lr=1.00e-03
    S1 1500ms fold5 ep  3/10: train_loss=0.7894 train_acc= 57.41% val_loss=0.8829 val_acc= 50.00% lr=1.00e-03
    S1 1500ms fold5 ep  4/10: train_loss=0.8997 train_acc= 55.56% val_loss=0.8177 val_acc= 61.11% lr=1.00e-03
    S1 1500ms fold5 ep  5/10: train_loss=0.9072 train_acc= 55.56% val_loss=0.6766 val_acc= 66.67% lr=1.00e-03
    S1 1500ms fold5 ep  6/10: train_loss=0.7299 train_acc= 64.81% val_loss=0.7517 val_acc= 61.11% lr=1.00e-03
    S1 1500ms fold5 ep  7/10: train_loss=0.7530 train_acc= 62.96% val_loss=0.7568 val_acc= 66.67% lr=1.00e-03
    S1 1500ms fold5 ep  8/10: train_loss=0.7315 train_acc= 62.96% val_loss=0.8065 val_acc= 66.67% lr=1.00e-03
    S1 1500ms fold5 ep  9/10: train_loss=0.7300 train_acc= 62.04% val_loss=0.8432 val_acc= 61.11% lr=1.00e-03
    S1 1500ms fold5 ep 10/10: train_loss=0.6080 train_acc= 64.81% val_loss=0.9252 val_acc= 61.11% lr=1.00e-03
  S1 1500ms fold5/5: best_val= 66.67% (ep5) test= 38.89%
    S1 3000ms fold1 ep  1/10: train_loss=1.3783 train_acc= 43.52% val_loss=1.0735 val_acc= 50.00% lr=1.00e-03
    S1 3000ms fold1 ep  2/10: train_loss=0.9037 train_acc= 51.85% val_loss=1.4090 val_acc= 55.56% lr=1.00e-03
    S1 3000ms fold1 ep  3/10: train_loss=0.9356 train_acc= 49.07% val_loss=1.0986 val_acc= 66.67% lr=1.00e-03
    S1 3000ms fold1 ep  4/10: train_loss=0.6691 train_acc= 61.11% val_loss=1.0463 val_acc= 61.11% lr=1.00e-03
    S1 3000ms fold1 ep  5/10: train_loss=0.9207 train_acc= 55.56% val_loss=1.3456 val_acc= 50.00% lr=1.00e-03
    S1 3000ms fold1 ep  6/10: train_loss=0.8537 train_acc= 61.11% val_loss=1.4704 val_acc= 55.56% lr=1.00e-03
    S1 3000ms fold1 ep  7/10: train_loss=0.7467 train_acc= 57.41% val_loss=1.4877 val_acc= 61.11% lr=1.00e-03
    S1 3000ms fold1 ep  8/10: train_loss=0.7006 train_acc= 68.52% val_loss=1.6608 val_acc= 55.56% lr=1.00e-03
    S1 3000ms fold1 ep  9/10: train_loss=0.5689 train_acc= 70.37% val_loss=1.9059 val_acc= 55.56% lr=1.00e-03
    S1 3000ms fold1 ep 10/10: train_loss=0.5914 train_acc= 66.67% val_loss=2.1657 val_acc= 55.56% lr=5.00e-04
  S1 3000ms fold1/5: best_val= 66.67% (ep3) test= 50.00%
    S1 3000ms fold2 ep  1/10: train_loss=1.0880 train_acc= 50.93% val_loss=1.0043 val_acc= 44.44% lr=1.00e-03
    S1 3000ms fold2 ep  2/10: train_loss=0.8368 train_acc= 49.07% val_loss=1.3384 val_acc= 55.56% lr=1.00e-03
    S1 3000ms fold2 ep  3/10: train_loss=0.8416 train_acc= 54.63% val_loss=1.5058 val_acc= 50.00% lr=1.00e-03
    S1 3000ms fold2 ep  4/10: train_loss=0.7839 train_acc= 56.48% val_loss=1.4059 val_acc= 50.00% lr=1.00e-03
    S1 3000ms fold2 ep  5/10: train_loss=0.7159 train_acc= 57.41% val_loss=1.1717 val_acc= 44.44% lr=1.00e-03
    S1 3000ms fold2 ep  6/10: train_loss=0.7234 train_acc= 63.89% val_loss=1.1376 val_acc= 44.44% lr=1.00e-03
    S1 3000ms fold2 ep  7/10: train_loss=0.6165 train_acc= 65.74% val_loss=1.1604 val_acc= 38.89% lr=5.00e-04
    S1 3000ms fold2 ep  8/10: train_loss=0.6025 train_acc= 69.44% val_loss=1.2547 val_acc= 44.44% lr=5.00e-04
    S1 3000ms fold2 ep  9/10: train_loss=0.6120 train_acc= 60.19% val_loss=1.3869 val_acc= 44.44% lr=5.00e-04
    S1 3000ms fold2 ep 10/10: train_loss=0.5736 train_acc= 70.37% val_loss=1.5070 val_acc= 38.89% lr=5.00e-04
  S1 3000ms fold2/5: best_val= 55.56% (ep2) test= 55.56%
    S1 3000ms fold3 ep  1/10: train_loss=1.0580 train_acc= 55.56% val_loss=1.0281 val_acc= 27.78% lr=1.00e-03
    S1 3000ms fold3 ep  2/10: train_loss=1.0669 train_acc= 49.07% val_loss=0.9022 val_acc= 50.00% lr=1.00e-03
    S1 3000ms fold3 ep  3/10: train_loss=1.0150 train_acc= 46.30% val_loss=0.8574 val_acc= 50.00% lr=1.00e-03
    S1 3000ms fold3 ep  4/10: train_loss=0.8052 train_acc= 53.70% val_loss=0.8390 val_acc= 55.56% lr=1.00e-03
    S1 3000ms fold3 ep  5/10: train_loss=0.7699 train_acc= 59.26% val_loss=0.7314 val_acc= 55.56% lr=1.00e-03
    S1 3000ms fold3 ep  6/10: train_loss=0.7264 train_acc= 60.19% val_loss=0.7083 val_acc= 55.56% lr=1.00e-03
    S1 3000ms fold3 ep  7/10: train_loss=0.7291 train_acc= 53.70% val_loss=0.7056 val_acc= 50.00% lr=1.00e-03
    S1 3000ms fold3 ep  8/10: train_loss=0.6960 train_acc= 50.93% val_loss=0.7067 val_acc= 50.00% lr=1.00e-03
    S1 3000ms fold3 ep  9/10: train_loss=0.6518 train_acc= 62.96% val_loss=0.6969 val_acc= 55.56% lr=1.00e-03
    S1 3000ms fold3 ep 10/10: train_loss=0.7022 train_acc= 55.56% val_loss=0.6837 val_acc= 55.56% lr=1.00e-03
  S1 3000ms fold3/5: best_val= 55.56% (ep4) test= 55.56%
    S1 3000ms fold4 ep  1/10: train_loss=1.0991 train_acc= 35.19% val_loss=0.8718 val_acc= 55.56% lr=1.00e-03
    S1 3000ms fold4 ep  2/10: train_loss=0.9009 train_acc= 50.00% val_loss=1.3464 val_acc= 44.44% lr=1.00e-03
    S1 3000ms fold4 ep  3/10: train_loss=0.8817 train_acc= 55.56% val_loss=1.4751 val_acc= 38.89% lr=1.00e-03
    S1 3000ms fold4 ep  4/10: train_loss=0.7459 train_acc= 62.04% val_loss=1.2358 val_acc= 50.00% lr=1.00e-03
    S1 3000ms fold4 ep  5/10: train_loss=0.8154 train_acc= 55.56% val_loss=1.2184 val_acc= 38.89% lr=1.00e-03
    S1 3000ms fold4 ep  6/10: train_loss=0.6263 train_acc= 66.67% val_loss=1.2849 val_acc= 44.44% lr=1.00e-03
    S1 3000ms fold4 ep  7/10: train_loss=0.5870 train_acc= 69.44% val_loss=1.4765 val_acc= 55.56% lr=5.00e-04
    S1 3000ms fold4 ep  8/10: train_loss=0.5623 train_acc= 65.74% val_loss=1.5885 val_acc= 50.00% lr=5.00e-04
    S1 3000ms fold4 ep  9/10: train_loss=0.5732 train_acc= 71.30% val_loss=1.7859 val_acc= 50.00% lr=5.00e-04
    S1 3000ms fold4 ep 10/10: train_loss=0.5496 train_acc= 69.44% val_loss=2.1235 val_acc= 44.44% lr=5.00e-04
  S1 3000ms fold4/5: best_val= 55.56% (ep1) test= 44.44%
    S1 3000ms fold5 ep  1/10: train_loss=1.2035 train_acc= 50.93% val_loss=1.1670 val_acc= 44.44% lr=1.00e-03
    S1 3000ms fold5 ep  2/10: train_loss=0.9771 train_acc= 56.48% val_loss=0.9728 val_acc= 55.56% lr=1.00e-03
    S1 3000ms fold5 ep  3/10: train_loss=0.9799 train_acc= 51.85% val_loss=0.6460 val_acc= 77.78% lr=1.00e-03
    S1 3000ms fold5 ep  4/10: train_loss=0.7888 train_acc= 54.63% val_loss=0.6920 val_acc= 66.67% lr=1.00e-03
    S1 3000ms fold5 ep  5/10: train_loss=0.8426 train_acc= 52.78% val_loss=0.6984 val_acc= 61.11% lr=1.00e-03
    S1 3000ms fold5 ep  6/10: train_loss=0.7388 train_acc= 64.81% val_loss=0.6445 val_acc= 61.11% lr=1.00e-03
    S1 3000ms fold5 ep  7/10: train_loss=0.7245 train_acc= 58.33% val_loss=0.7574 val_acc= 66.67% lr=1.00e-03
    S1 3000ms fold5 ep  8/10: train_loss=0.7079 train_acc= 62.04% val_loss=0.7794 val_acc= 66.67% lr=1.00e-03
    S1 3000ms fold5 ep  9/10: train_loss=0.5335 train_acc= 74.07% val_loss=0.9141 val_acc= 66.67% lr=1.00e-03
    S1 3000ms fold5 ep 10/10: train_loss=0.5264 train_acc= 72.22% val_loss=1.1991 val_acc= 66.67% lr=1.00e-03
  S1 3000ms fold5/5: best_val= 77.78% (ep3) test= 61.11%
    S1 4000ms fold1 ep  1/10: train_loss=1.0050 train_acc= 54.63% val_loss=0.7178 val_acc= 61.11% lr=1.00e-03
    S1 4000ms fold1 ep  2/10: train_loss=0.8716 train_acc= 47.22% val_loss=0.7049 val_acc= 61.11% lr=1.00e-03
    S1 4000ms fold1 ep  3/10: train_loss=0.8412 train_acc= 60.19% val_loss=0.8829 val_acc= 55.56% lr=1.00e-03
    S1 4000ms fold1 ep  4/10: train_loss=0.8696 train_acc= 58.33% val_loss=0.8749 val_acc= 61.11% lr=1.00e-03
    S1 4000ms fold1 ep  5/10: train_loss=0.7864 train_acc= 60.19% val_loss=0.8520 val_acc= 55.56% lr=1.00e-03
    S1 4000ms fold1 ep  6/10: train_loss=0.6614 train_acc= 60.19% val_loss=0.7218 val_acc= 72.22% lr=1.00e-03
    S1 4000ms fold1 ep  7/10: train_loss=0.7389 train_acc= 66.67% val_loss=0.8556 val_acc= 66.67% lr=1.00e-03
    S1 4000ms fold1 ep  8/10: train_loss=0.5095 train_acc= 70.37% val_loss=0.7275 val_acc= 66.67% lr=5.00e-04
    S1 4000ms fold1 ep  9/10: train_loss=0.6002 train_acc= 68.52% val_loss=0.7521 val_acc= 66.67% lr=5.00e-04
    S1 4000ms fold1 ep 10/10: train_loss=0.4621 train_acc= 76.85% val_loss=0.8945 val_acc= 72.22% lr=5.00e-04
  S1 4000ms fold1/5: best_val= 72.22% (ep6) test= 50.00%
    S1 4000ms fold2 ep  1/10: train_loss=1.2713 train_acc= 46.30% val_loss=1.0631 val_acc= 55.56% lr=1.00e-03
    S1 4000ms fold2 ep  2/10: train_loss=0.9078 train_acc= 57.41% val_loss=0.8533 val_acc= 61.11% lr=1.00e-03
    S1 4000ms fold2 ep  3/10: train_loss=0.6611 train_acc= 68.52% val_loss=0.8339 val_acc= 33.33% lr=1.00e-03
    S1 4000ms fold2 ep  4/10: train_loss=0.8322 train_acc= 49.07% val_loss=0.9493 val_acc= 38.89% lr=1.00e-03
    S1 4000ms fold2 ep  5/10: train_loss=0.7094 train_acc= 60.19% val_loss=1.4068 val_acc= 38.89% lr=1.00e-03
    S1 4000ms fold2 ep  6/10: train_loss=0.5835 train_acc= 69.44% val_loss=1.8147 val_acc= 38.89% lr=1.00e-03
    S1 4000ms fold2 ep  7/10: train_loss=0.5986 train_acc= 72.22% val_loss=1.8103 val_acc= 44.44% lr=1.00e-03
    S1 4000ms fold2 ep  8/10: train_loss=0.6113 train_acc= 74.07% val_loss=1.7091 val_acc= 38.89% lr=1.00e-03
    S1 4000ms fold2 ep  9/10: train_loss=0.5203 train_acc= 74.07% val_loss=1.8641 val_acc= 44.44% lr=5.00e-04
    S1 4000ms fold2 ep 10/10: train_loss=0.4401 train_acc= 81.48% val_loss=2.0858 val_acc= 44.44% lr=5.00e-04
  S1 4000ms fold2/5: best_val= 61.11% (ep2) test= 61.11%
    S1 4000ms fold3 ep  1/10: train_loss=1.1542 train_acc= 48.15% val_loss=0.6257 val_acc= 66.67% lr=1.00e-03
    S1 4000ms fold3 ep  2/10: train_loss=0.9551 train_acc= 45.37% val_loss=0.9764 val_acc= 66.67% lr=1.00e-03
    S1 4000ms fold3 ep  3/10: train_loss=0.9367 train_acc= 52.78% val_loss=0.7763 val_acc= 50.00% lr=1.00e-03
    S1 4000ms fold3 ep  4/10: train_loss=0.7529 train_acc= 60.19% val_loss=0.7663 val_acc= 61.11% lr=1.00e-03
    S1 4000ms fold3 ep  5/10: train_loss=0.6636 train_acc= 59.26% val_loss=0.7516 val_acc= 44.44% lr=1.00e-03
    S1 4000ms fold3 ep  6/10: train_loss=0.7698 train_acc= 50.00% val_loss=0.7269 val_acc= 55.56% lr=1.00e-03
    S1 4000ms fold3 ep  7/10: train_loss=0.6741 train_acc= 57.41% val_loss=0.6861 val_acc= 55.56% lr=5.00e-04
    S1 4000ms fold3 ep  8/10: train_loss=0.6519 train_acc= 52.78% val_loss=0.6723 val_acc= 50.00% lr=5.00e-04
    S1 4000ms fold3 ep  9/10: train_loss=0.6277 train_acc= 64.81% val_loss=0.6548 val_acc= 50.00% lr=5.00e-04
    S1 4000ms fold3 ep 10/10: train_loss=0.6318 train_acc= 62.04% val_loss=0.6643 val_acc= 61.11% lr=5.00e-04
  S1 4000ms fold3/5: best_val= 66.67% (ep1) test= 44.44%
    S1 4000ms fold4 ep  1/10: train_loss=0.8430 train_acc= 56.48% val_loss=1.3124 val_acc= 27.78% lr=1.00e-03
    S1 4000ms fold4 ep  2/10: train_loss=0.7508 train_acc= 63.89% val_loss=1.1046 val_acc= 44.44% lr=1.00e-03
    S1 4000ms fold4 ep  3/10: train_loss=0.7589 train_acc= 63.89% val_loss=1.1352 val_acc= 50.00% lr=1.00e-03
    S1 4000ms fold4 ep  4/10: train_loss=0.6296 train_acc= 64.81% val_loss=0.9997 val_acc= 44.44% lr=1.00e-03
    S1 4000ms fold4 ep  5/10: train_loss=0.7092 train_acc= 62.96% val_loss=1.1399 val_acc= 55.56% lr=1.00e-03
    S1 4000ms fold4 ep  6/10: train_loss=0.5713 train_acc= 73.15% val_loss=1.1338 val_acc= 55.56% lr=1.00e-03
    S1 4000ms fold4 ep  7/10: train_loss=0.6427 train_acc= 66.67% val_loss=1.2159 val_acc= 50.00% lr=1.00e-03
    S1 4000ms fold4 ep  8/10: train_loss=0.5768 train_acc= 73.15% val_loss=1.3377 val_acc= 50.00% lr=1.00e-03
    S1 4000ms fold4 ep  9/10: train_loss=0.5225 train_acc= 75.00% val_loss=1.5890 val_acc= 50.00% lr=1.00e-03
    S1 4000ms fold4 ep 10/10: train_loss=0.4705 train_acc= 78.70% val_loss=1.7668 val_acc= 61.11% lr=5.00e-04
  S1 4000ms fold4/5: best_val= 61.11% (ep10) test= 55.56%
    S1 4000ms fold5 ep  1/10: train_loss=0.7951 train_acc= 60.19% val_loss=0.9173 val_acc= 55.56% lr=1.00e-03
    S1 4000ms fold5 ep  2/10: train_loss=1.1090 train_acc= 46.30% val_loss=1.0286 val_acc= 44.44% lr=1.00e-03
    S1 4000ms fold5 ep  3/10: train_loss=1.0758 train_acc= 48.15% val_loss=0.9272 val_acc= 50.00% lr=1.00e-03
    S1 4000ms fold5 ep  4/10: train_loss=0.8023 train_acc= 58.33% val_loss=1.2216 val_acc= 50.00% lr=1.00e-03
    S1 4000ms fold5 ep  5/10: train_loss=0.6369 train_acc= 68.52% val_loss=1.3194 val_acc= 55.56% lr=1.00e-03
    S1 4000ms fold5 ep  6/10: train_loss=0.6224 train_acc= 67.59% val_loss=1.2589 val_acc= 61.11% lr=1.00e-03
    S1 4000ms fold5 ep  7/10: train_loss=0.5920 train_acc= 75.00% val_loss=1.4484 val_acc= 72.22% lr=5.00e-04
    S1 4000ms fold5 ep  8/10: train_loss=0.4604 train_acc= 81.48% val_loss=1.4977 val_acc= 77.78% lr=5.00e-04
    S1 4000ms fold5 ep  9/10: train_loss=0.5196 train_acc= 75.93% val_loss=1.5359 val_acc= 77.78% lr=5.00e-04
    S1 4000ms fold5 ep 10/10: train_loss=0.5196 train_acc= 77.78% val_loss=1.5234 val_acc= 72.22% lr=5.00e-04
  S1 4000ms fold5/5: best_val= 77.78% (ep8) test= 44.44%
S 1: 800ms= 52.22%  1500ms= 51.11%  3000ms= 53.33%  4000ms= 51.11%   (26s)
    S2 800ms fold1 ep  1/10: train_loss=1.0266 train_acc= 56.25% val_loss=0.6418 val_acc= 62.50% lr=1.00e-03
    S2 800ms fold1 ep  2/10: train_loss=0.9716 train_acc= 53.12% val_loss=0.7405 val_acc= 62.50% lr=1.00e-03
    S2 800ms fold1 ep  3/10: train_loss=0.8336 train_acc= 58.33% val_loss=0.6623 val_acc= 56.25% lr=1.00e-03
    S2 800ms fold1 ep  4/10: train_loss=1.0171 train_acc= 42.71% val_loss=0.6681 val_acc= 62.50% lr=1.00e-03
    S2 800ms fold1 ep  5/10: train_loss=0.8965 train_acc= 53.12% val_loss=0.7223 val_acc= 56.25% lr=1.00e-03
    S2 800ms fold1 ep  6/10: train_loss=0.9919 train_acc= 42.71% val_loss=0.7632 val_acc= 50.00% lr=1.00e-03
    S2 800ms fold1 ep  7/10: train_loss=0.7772 train_acc= 59.38% val_loss=0.7870 val_acc= 50.00% lr=5.00e-04
    S2 800ms fold1 ep  8/10: train_loss=0.7536 train_acc= 59.38% val_loss=0.8026 val_acc= 43.75% lr=5.00e-04
    S2 800ms fold1 ep  9/10: train_loss=0.7248 train_acc= 61.46% val_loss=0.8385 val_acc= 56.25% lr=5.00e-04
    S2 800ms fold1 ep 10/10: train_loss=0.6938 train_acc= 60.42% val_loss=0.8852 val_acc= 68.75% lr=5.00e-04
  S2 800ms fold1/5: best_val= 68.75% (ep10) test= 43.75%
    S2 800ms fold2 ep  1/10: train_loss=1.0493 train_acc= 50.00% val_loss=0.7112 val_acc= 62.50% lr=1.00e-03
    S2 800ms fold2 ep  2/10: train_loss=0.9736 train_acc= 50.00% val_loss=0.7831 val_acc= 50.00% lr=1.00e-03
    S2 800ms fold2 ep  3/10: train_loss=0.9408 train_acc= 59.38% val_loss=0.9759 val_acc= 37.50% lr=1.00e-03
    S2 800ms fold2 ep  4/10: train_loss=0.9668 train_acc= 52.08% val_loss=1.0572 val_acc= 50.00% lr=1.00e-03
    S2 800ms fold2 ep  5/10: train_loss=1.0230 train_acc= 43.75% val_loss=1.1017 val_acc= 43.75% lr=1.00e-03
    S2 800ms fold2 ep  6/10: train_loss=0.7196 train_acc= 62.50% val_loss=1.0885 val_acc= 43.75% lr=1.00e-03
    S2 800ms fold2 ep  7/10: train_loss=0.7944 train_acc= 58.33% val_loss=1.0954 val_acc= 43.75% lr=5.00e-04
    S2 800ms fold2 ep  8/10: train_loss=0.6556 train_acc= 69.79% val_loss=1.1405 val_acc= 43.75% lr=5.00e-04
    S2 800ms fold2 ep  9/10: train_loss=0.6766 train_acc= 56.25% val_loss=1.2295 val_acc= 50.00% lr=5.00e-04
    S2 800ms fold2 ep 10/10: train_loss=0.7834 train_acc= 61.46% val_loss=1.3455 val_acc= 50.00% lr=5.00e-04
  S2 800ms fold2/5: best_val= 62.50% (ep1) test= 31.25%
    S2 800ms fold3 ep  1/10: train_loss=1.0217 train_acc= 53.12% val_loss=0.7944 val_acc= 50.00% lr=1.00e-03
    S2 800ms fold3 ep  2/10: train_loss=1.0033 train_acc= 52.08% val_loss=0.7634 val_acc= 62.50% lr=1.00e-03
    S2 800ms fold3 ep  3/10: train_loss=0.9651 train_acc= 51.04% val_loss=0.9556 val_acc= 50.00% lr=1.00e-03
    S2 800ms fold3 ep  4/10: train_loss=0.8864 train_acc= 50.00% val_loss=1.0344 val_acc= 50.00% lr=1.00e-03
    S2 800ms fold3 ep  5/10: train_loss=0.8872 train_acc= 58.33% val_loss=1.0465 val_acc= 43.75% lr=1.00e-03
    S2 800ms fold3 ep  6/10: train_loss=0.8272 train_acc= 59.38% val_loss=1.0084 val_acc= 50.00% lr=1.00e-03
    S2 800ms fold3 ep  7/10: train_loss=0.9408 train_acc= 50.00% val_loss=0.9901 val_acc= 50.00% lr=1.00e-03
    S2 800ms fold3 ep  8/10: train_loss=0.7712 train_acc= 57.29% val_loss=1.0381 val_acc= 56.25% lr=5.00e-04
    S2 800ms fold3 ep  9/10: train_loss=0.7890 train_acc= 55.21% val_loss=1.1435 val_acc= 56.25% lr=5.00e-04
    S2 800ms fold3 ep 10/10: train_loss=0.8058 train_acc= 66.67% val_loss=1.2721 val_acc= 50.00% lr=5.00e-04
  S2 800ms fold3/5: best_val= 62.50% (ep2) test= 56.25%
    S2 800ms fold4 ep  1/10: train_loss=1.1525 train_acc= 40.62% val_loss=1.2245 val_acc= 43.75% lr=1.00e-03
    S2 800ms fold4 ep  2/10: train_loss=0.9842 train_acc= 47.92% val_loss=0.9516 val_acc= 50.00% lr=1.00e-03
    S2 800ms fold4 ep  3/10: train_loss=0.8255 train_acc= 46.88% val_loss=0.8086 val_acc= 50.00% lr=1.00e-03
    S2 800ms fold4 ep  4/10: train_loss=0.7178 train_acc= 56.25% val_loss=0.8406 val_acc= 50.00% lr=1.00e-03
    S2 800ms fold4 ep  5/10: train_loss=0.6878 train_acc= 64.58% val_loss=0.9415 val_acc= 50.00% lr=1.00e-03
    S2 800ms fold4 ep  6/10: train_loss=0.7509 train_acc= 59.38% val_loss=0.9037 val_acc= 50.00% lr=1.00e-03
    S2 800ms fold4 ep  7/10: train_loss=0.6281 train_acc= 65.62% val_loss=0.8759 val_acc= 56.25% lr=1.00e-03
    S2 800ms fold4 ep  8/10: train_loss=0.6606 train_acc= 64.58% val_loss=0.8573 val_acc= 62.50% lr=1.00e-03
    S2 800ms fold4 ep  9/10: train_loss=0.6703 train_acc= 63.54% val_loss=0.8920 val_acc= 62.50% lr=5.00e-04
    S2 800ms fold4 ep 10/10: train_loss=0.7654 train_acc= 59.38% val_loss=0.9390 val_acc= 62.50% lr=5.00e-04
  S2 800ms fold4/5: best_val= 62.50% (ep8) test= 50.00%
    S2 800ms fold5 ep  1/10: train_loss=1.0872 train_acc= 52.08% val_loss=0.8662 val_acc= 56.25% lr=1.00e-03
    S2 800ms fold5 ep  2/10: train_loss=0.9134 train_acc= 45.83% val_loss=0.8342 val_acc= 56.25% lr=1.00e-03
    S2 800ms fold5 ep  3/10: train_loss=0.7883 train_acc= 58.33% val_loss=0.8688 val_acc= 56.25% lr=1.00e-03
    S2 800ms fold5 ep  4/10: train_loss=0.9531 train_acc= 55.21% val_loss=0.8702 val_acc= 68.75% lr=1.00e-03
    S2 800ms fold5 ep  5/10: train_loss=0.7439 train_acc= 60.42% val_loss=0.9000 val_acc= 75.00% lr=1.00e-03
    S2 800ms fold5 ep  6/10: train_loss=0.8789 train_acc= 52.08% val_loss=0.9491 val_acc= 68.75% lr=1.00e-03
    S2 800ms fold5 ep  7/10: train_loss=0.7750 train_acc= 62.50% val_loss=0.9962 val_acc= 56.25% lr=1.00e-03
    S2 800ms fold5 ep  8/10: train_loss=0.7653 train_acc= 64.58% val_loss=1.0662 val_acc= 56.25% lr=5.00e-04
    S2 800ms fold5 ep  9/10: train_loss=0.7484 train_acc= 56.25% val_loss=1.1116 val_acc= 56.25% lr=5.00e-04
    S2 800ms fold5 ep 10/10: train_loss=0.6371 train_acc= 64.58% val_loss=1.1734 val_acc= 50.00% lr=5.00e-04
  S2 800ms fold5/5: best_val= 75.00% (ep5) test= 56.25%
    S2 1500ms fold1 ep  1/10: train_loss=1.3695 train_acc= 44.79% val_loss=0.7358 val_acc= 62.50% lr=1.00e-03
    S2 1500ms fold1 ep  2/10: train_loss=0.7981 train_acc= 57.29% val_loss=0.9523 val_acc= 37.50% lr=1.00e-03
    S2 1500ms fold1 ep  3/10: train_loss=0.7504 train_acc= 64.58% val_loss=1.1229 val_acc= 62.50% lr=1.00e-03
    S2 1500ms fold1 ep  4/10: train_loss=0.6805 train_acc= 65.62% val_loss=1.2676 val_acc= 56.25% lr=1.00e-03
    S2 1500ms fold1 ep  5/10: train_loss=0.6640 train_acc= 67.71% val_loss=1.3384 val_acc= 56.25% lr=1.00e-03
    S2 1500ms fold1 ep  6/10: train_loss=0.6248 train_acc= 69.79% val_loss=1.2940 val_acc= 56.25% lr=1.00e-03
    S2 1500ms fold1 ep  7/10: train_loss=0.6700 train_acc= 63.54% val_loss=1.1915 val_acc= 50.00% lr=5.00e-04
    S2 1500ms fold1 ep  8/10: train_loss=0.6773 train_acc= 68.75% val_loss=1.1319 val_acc= 56.25% lr=5.00e-04
    S2 1500ms fold1 ep  9/10: train_loss=0.6631 train_acc= 66.67% val_loss=1.0825 val_acc= 62.50% lr=5.00e-04
    S2 1500ms fold1 ep 10/10: train_loss=0.6773 train_acc= 60.42% val_loss=1.0822 val_acc= 62.50% lr=5.00e-04
  S2 1500ms fold1/5: best_val= 62.50% (ep1) test= 43.75%
    S2 1500ms fold2 ep  1/10: train_loss=1.0486 train_acc= 50.00% val_loss=1.0249 val_acc= 50.00% lr=1.00e-03
    S2 1500ms fold2 ep  2/10: train_loss=0.9651 train_acc= 47.92% val_loss=0.9615 val_acc= 56.25% lr=1.00e-03
    S2 1500ms fold2 ep  3/10: train_loss=0.8678 train_acc= 58.33% val_loss=0.9554 val_acc= 62.50% lr=1.00e-03
    S2 1500ms fold2 ep  4/10: train_loss=0.8554 train_acc= 53.12% val_loss=0.9057 val_acc= 56.25% lr=1.00e-03
    S2 1500ms fold2 ep  5/10: train_loss=0.7921 train_acc= 63.54% val_loss=0.8538 val_acc= 56.25% lr=1.00e-03
    S2 1500ms fold2 ep  6/10: train_loss=0.6026 train_acc= 66.67% val_loss=0.8277 val_acc= 62.50% lr=1.00e-03
    S2 1500ms fold2 ep  7/10: train_loss=0.6241 train_acc= 63.54% val_loss=0.8374 val_acc= 62.50% lr=1.00e-03
    S2 1500ms fold2 ep  8/10: train_loss=0.5711 train_acc= 71.88% val_loss=0.8782 val_acc= 56.25% lr=1.00e-03
    S2 1500ms fold2 ep  9/10: train_loss=0.6505 train_acc= 68.75% val_loss=0.9691 val_acc= 56.25% lr=1.00e-03
    S2 1500ms fold2 ep 10/10: train_loss=0.7000 train_acc= 56.25% val_loss=1.0445 val_acc= 56.25% lr=1.00e-03
  S2 1500ms fold2/5: best_val= 62.50% (ep3) test= 62.50%
    S2 1500ms fold3 ep  1/10: train_loss=0.9334 train_acc= 51.04% val_loss=0.9311 val_acc= 37.50% lr=1.00e-03
    S2 1500ms fold3 ep  2/10: train_loss=0.8740 train_acc= 54.17% val_loss=1.0358 val_acc= 56.25% lr=1.00e-03
    S2 1500ms fold3 ep  3/10: train_loss=0.8576 train_acc= 55.21% val_loss=1.0894 val_acc= 50.00% lr=1.00e-03
    S2 1500ms fold3 ep  4/10: train_loss=0.7653 train_acc= 55.21% val_loss=1.1747 val_acc= 43.75% lr=1.00e-03
    S2 1500ms fold3 ep  5/10: train_loss=0.7259 train_acc= 63.54% val_loss=1.0832 val_acc= 50.00% lr=1.00e-03
    S2 1500ms fold3 ep  6/10: train_loss=0.8196 train_acc= 50.00% val_loss=0.9101 val_acc= 56.25% lr=1.00e-03
    S2 1500ms fold3 ep  7/10: train_loss=0.6556 train_acc= 68.75% val_loss=0.7810 val_acc= 56.25% lr=1.00e-03
    S2 1500ms fold3 ep  8/10: train_loss=0.7344 train_acc= 61.46% val_loss=0.7234 val_acc= 50.00% lr=1.00e-03
    S2 1500ms fold3 ep  9/10: train_loss=0.6663 train_acc= 65.62% val_loss=0.6983 val_acc= 56.25% lr=1.00e-03
    S2 1500ms fold3 ep 10/10: train_loss=0.7420 train_acc= 56.25% val_loss=0.6949 val_acc= 62.50% lr=1.00e-03
  S2 1500ms fold3/5: best_val= 62.50% (ep10) test= 68.75%
    S2 1500ms fold4 ep  1/10: train_loss=0.9306 train_acc= 48.96% val_loss=1.0662 val_acc= 56.25% lr=1.00e-03
    S2 1500ms fold4 ep  2/10: train_loss=0.8401 train_acc= 61.46% val_loss=1.1412 val_acc= 50.00% lr=1.00e-03
    S2 1500ms fold4 ep  3/10: train_loss=0.7851 train_acc= 56.25% val_loss=1.2404 val_acc= 50.00% lr=1.00e-03
    S2 1500ms fold4 ep  4/10: train_loss=0.6138 train_acc= 67.71% val_loss=1.2696 val_acc= 56.25% lr=1.00e-03
    S2 1500ms fold4 ep  5/10: train_loss=0.6192 train_acc= 68.75% val_loss=1.2272 val_acc= 50.00% lr=1.00e-03
    S2 1500ms fold4 ep  6/10: train_loss=0.6482 train_acc= 64.58% val_loss=1.3320 val_acc= 50.00% lr=1.00e-03
    S2 1500ms fold4 ep  7/10: train_loss=0.6914 train_acc= 64.58% val_loss=1.4397 val_acc= 62.50% lr=5.00e-04
    S2 1500ms fold4 ep  8/10: train_loss=0.5655 train_acc= 77.08% val_loss=1.4842 val_acc= 62.50% lr=5.00e-04
    S2 1500ms fold4 ep  9/10: train_loss=0.5032 train_acc= 75.00% val_loss=1.4703 val_acc= 62.50% lr=5.00e-04
    S2 1500ms fold4 ep 10/10: train_loss=0.4208 train_acc= 80.21% val_loss=1.4933 val_acc= 62.50% lr=5.00e-04
  S2 1500ms fold4/5: best_val= 62.50% (ep7) test= 68.75%
    S2 1500ms fold5 ep  1/10: train_loss=0.9363 train_acc= 60.42% val_loss=0.7638 val_acc= 43.75% lr=1.00e-03
    S2 1500ms fold5 ep  2/10: train_loss=1.1725 train_acc= 48.96% val_loss=0.8795 val_acc= 62.50% lr=1.00e-03
    S2 1500ms fold5 ep  3/10: train_loss=0.7217 train_acc= 62.50% val_loss=0.9217 val_acc= 56.25% lr=1.00e-03
    S2 1500ms fold5 ep  4/10: train_loss=0.7930 train_acc= 61.46% val_loss=0.9684 val_acc= 68.75% lr=1.00e-03
    S2 1500ms fold5 ep  5/10: train_loss=0.7259 train_acc= 67.71% val_loss=1.0067 val_acc= 62.50% lr=1.00e-03
    S2 1500ms fold5 ep  6/10: train_loss=0.7681 train_acc= 61.46% val_loss=1.0408 val_acc= 62.50% lr=1.00e-03
    S2 1500ms fold5 ep  7/10: train_loss=0.7575 train_acc= 66.67% val_loss=1.0502 val_acc= 68.75% lr=5.00e-04
    S2 1500ms fold5 ep  8/10: train_loss=0.6709 train_acc= 65.62% val_loss=1.0626 val_acc= 68.75% lr=5.00e-04
    S2 1500ms fold5 ep  9/10: train_loss=0.7216 train_acc= 68.75% val_loss=1.0874 val_acc= 68.75% lr=5.00e-04
    S2 1500ms fold5 ep 10/10: train_loss=0.6580 train_acc= 65.62% val_loss=1.0992 val_acc= 68.75% lr=5.00e-04
  S2 1500ms fold5/5: best_val= 68.75% (ep4) test= 62.50%
    S2 3000ms fold1 ep  1/10: train_loss=1.1674 train_acc= 52.08% val_loss=0.9303 val_acc= 56.25% lr=1.00e-03
    S2 3000ms fold1 ep  2/10: train_loss=1.0205 train_acc= 50.00% val_loss=1.4928 val_acc= 56.25% lr=1.00e-03
    S2 3000ms fold1 ep  3/10: train_loss=0.9873 train_acc= 51.04% val_loss=1.6898 val_acc= 56.25% lr=1.00e-03
    S2 3000ms fold1 ep  4/10: train_loss=0.8439 train_acc= 64.58% val_loss=1.6529 val_acc= 56.25% lr=1.00e-03
    S2 3000ms fold1 ep  5/10: train_loss=0.6811 train_acc= 67.71% val_loss=1.4381 val_acc= 68.75% lr=1.00e-03
    S2 3000ms fold1 ep  6/10: train_loss=0.7294 train_acc= 64.58% val_loss=1.2884 val_acc= 62.50% lr=1.00e-03
    S2 3000ms fold1 ep  7/10: train_loss=0.6537 train_acc= 72.92% val_loss=1.1551 val_acc= 56.25% lr=5.00e-04
    S2 3000ms fold1 ep  8/10: train_loss=0.6730 train_acc= 66.67% val_loss=1.1444 val_acc= 50.00% lr=5.00e-04
    S2 3000ms fold1 ep  9/10: train_loss=0.6945 train_acc= 69.79% val_loss=1.1786 val_acc= 50.00% lr=5.00e-04
    S2 3000ms fold1 ep 10/10: train_loss=0.5408 train_acc= 73.96% val_loss=1.1907 val_acc= 50.00% lr=5.00e-04
  S2 3000ms fold1/5: best_val= 68.75% (ep5) test= 50.00%
    S2 3000ms fold2 ep  1/10: train_loss=1.1375 train_acc= 51.04% val_loss=1.0826 val_acc= 50.00% lr=1.00e-03
    S2 3000ms fold2 ep  2/10: train_loss=1.3630 train_acc= 46.88% val_loss=1.1188 val_acc= 56.25% lr=1.00e-03
    S2 3000ms fold2 ep  3/10: train_loss=1.0576 train_acc= 46.88% val_loss=1.2422 val_acc= 50.00% lr=1.00e-03
    S2 3000ms fold2 ep  4/10: train_loss=1.0280 train_acc= 55.21% val_loss=1.1596 val_acc= 50.00% lr=1.00e-03
    S2 3000ms fold2 ep  5/10: train_loss=0.9339 train_acc= 52.08% val_loss=0.9713 val_acc= 50.00% lr=1.00e-03
    S2 3000ms fold2 ep  6/10: train_loss=0.7984 train_acc= 63.54% val_loss=0.8817 val_acc= 56.25% lr=1.00e-03
    S2 3000ms fold2 ep  7/10: train_loss=0.6143 train_acc= 72.92% val_loss=0.8713 val_acc= 62.50% lr=1.00e-03
    S2 3000ms fold2 ep  8/10: train_loss=0.7143 train_acc= 63.54% val_loss=0.9776 val_acc= 56.25% lr=1.00e-03
    S2 3000ms fold2 ep  9/10: train_loss=0.7284 train_acc= 68.75% val_loss=0.9645 val_acc= 50.00% lr=1.00e-03
    S2 3000ms fold2 ep 10/10: train_loss=0.6173 train_acc= 70.83% val_loss=1.0059 val_acc= 50.00% lr=1.00e-03
  S2 3000ms fold2/5: best_val= 62.50% (ep7) test= 56.25%
    S2 3000ms fold3 ep  1/10: train_loss=1.1531 train_acc= 47.92% val_loss=0.6878 val_acc= 68.75% lr=1.00e-03
    S2 3000ms fold3 ep  2/10: train_loss=0.9936 train_acc= 51.04% val_loss=0.9908 val_acc= 56.25% lr=1.00e-03
    S2 3000ms fold3 ep  3/10: train_loss=0.9350 train_acc= 52.08% val_loss=1.0160 val_acc= 56.25% lr=1.00e-03
    S2 3000ms fold3 ep  4/10: train_loss=0.8215 train_acc= 61.46% val_loss=1.0971 val_acc= 62.50% lr=1.00e-03
    S2 3000ms fold3 ep  5/10: train_loss=0.7737 train_acc= 61.46% val_loss=1.3340 val_acc= 56.25% lr=1.00e-03
    S2 3000ms fold3 ep  6/10: train_loss=0.8108 train_acc= 56.25% val_loss=1.4275 val_acc= 56.25% lr=1.00e-03
    S2 3000ms fold3 ep  7/10: train_loss=0.5517 train_acc= 69.79% val_loss=1.4295 val_acc= 62.50% lr=5.00e-04
    S2 3000ms fold3 ep  8/10: train_loss=0.5707 train_acc= 70.83% val_loss=1.5156 val_acc= 62.50% lr=5.00e-04
    S2 3000ms fold3 ep  9/10: train_loss=0.5307 train_acc= 75.00% val_loss=1.6266 val_acc= 62.50% lr=5.00e-04
    S2 3000ms fold3 ep 10/10: train_loss=0.5616 train_acc= 71.88% val_loss=1.7614 val_acc= 56.25% lr=5.00e-04
  S2 3000ms fold3/5: best_val= 68.75% (ep1) test= 62.50%
    S2 3000ms fold4 ep  1/10: train_loss=0.9862 train_acc= 45.83% val_loss=1.1009 val_acc= 31.25% lr=1.00e-03
    S2 3000ms fold4 ep  2/10: train_loss=1.0847 train_acc= 48.96% val_loss=1.1757 val_acc= 56.25% lr=1.00e-03
    S2 3000ms fold4 ep  3/10: train_loss=0.7782 train_acc= 59.38% val_loss=1.1549 val_acc= 62.50% lr=1.00e-03
    S2 3000ms fold4 ep  4/10: train_loss=1.0248 train_acc= 56.25% val_loss=1.1456 val_acc= 56.25% lr=1.00e-03
    S2 3000ms fold4 ep  5/10: train_loss=0.8661 train_acc= 60.42% val_loss=1.0905 val_acc= 62.50% lr=1.00e-03
    S2 3000ms fold4 ep  6/10: train_loss=0.5623 train_acc= 75.00% val_loss=1.0340 val_acc= 62.50% lr=1.00e-03
    S2 3000ms fold4 ep  7/10: train_loss=0.6100 train_acc= 76.04% val_loss=1.0068 val_acc= 56.25% lr=1.00e-03
    S2 3000ms fold4 ep  8/10: train_loss=0.7190 train_acc= 66.67% val_loss=1.0398 val_acc= 62.50% lr=1.00e-03
    S2 3000ms fold4 ep  9/10: train_loss=0.6396 train_acc= 72.92% val_loss=1.0027 val_acc= 56.25% lr=1.00e-03
    S2 3000ms fold4 ep 10/10: train_loss=0.4415 train_acc= 79.17% val_loss=1.0458 val_acc= 56.25% lr=1.00e-03
  S2 3000ms fold4/5: best_val= 62.50% (ep3) test= 50.00%
    S2 3000ms fold5 ep  1/10: train_loss=1.0124 train_acc= 56.25% val_loss=1.0701 val_acc= 56.25% lr=1.00e-03
    S2 3000ms fold5 ep  2/10: train_loss=0.9664 train_acc= 63.54% val_loss=1.3358 val_acc= 62.50% lr=1.00e-03
    S2 3000ms fold5 ep  3/10: train_loss=0.7919 train_acc= 62.50% val_loss=1.4634 val_acc= 62.50% lr=1.00e-03
    S2 3000ms fold5 ep  4/10: train_loss=0.8298 train_acc= 60.42% val_loss=1.3985 val_acc= 62.50% lr=1.00e-03
    S2 3000ms fold5 ep  5/10: train_loss=0.8395 train_acc= 63.54% val_loss=1.2435 val_acc= 56.25% lr=1.00e-03
    S2 3000ms fold5 ep  6/10: train_loss=0.7009 train_acc= 68.75% val_loss=1.1719 val_acc= 50.00% lr=1.00e-03
    S2 3000ms fold5 ep  7/10: train_loss=0.5804 train_acc= 66.67% val_loss=1.1095 val_acc= 56.25% lr=5.00e-04
    S2 3000ms fold5 ep  8/10: train_loss=0.5845 train_acc= 71.88% val_loss=1.1328 val_acc= 56.25% lr=5.00e-04
    S2 3000ms fold5 ep  9/10: train_loss=0.5413 train_acc= 68.75% val_loss=1.1703 val_acc= 50.00% lr=5.00e-04
    S2 3000ms fold5 ep 10/10: train_loss=0.4895 train_acc= 82.29% val_loss=1.2031 val_acc= 50.00% lr=5.00e-04
  S2 3000ms fold5/5: best_val= 62.50% (ep2) test= 43.75%
    S2 4000ms fold1 ep  1/10: train_loss=0.9041 train_acc= 56.25% val_loss=0.7835 val_acc= 43.75% lr=1.00e-03
    S2 4000ms fold1 ep  2/10: train_loss=0.7066 train_acc= 59.38% val_loss=0.8728 val_acc= 50.00% lr=1.00e-03
    S2 4000ms fold1 ep  3/10: train_loss=0.8928 train_acc= 54.17% val_loss=1.2879 val_acc= 56.25% lr=1.00e-03
    S2 4000ms fold1 ep  4/10: train_loss=0.8441 train_acc= 62.50% val_loss=1.3842 val_acc= 56.25% lr=1.00e-03
    S2 4000ms fold1 ep  5/10: train_loss=0.6772 train_acc= 68.75% val_loss=1.3340 val_acc= 62.50% lr=1.00e-03
    S2 4000ms fold1 ep  6/10: train_loss=0.7239 train_acc= 65.62% val_loss=1.1796 val_acc= 68.75% lr=1.00e-03
    S2 4000ms fold1 ep  7/10: train_loss=0.6043 train_acc= 68.75% val_loss=1.1678 val_acc= 68.75% lr=5.00e-04
    S2 4000ms fold1 ep  8/10: train_loss=0.6339 train_acc= 63.54% val_loss=1.1430 val_acc= 62.50% lr=5.00e-04
    S2 4000ms fold1 ep  9/10: train_loss=0.6078 train_acc= 66.67% val_loss=1.1868 val_acc= 62.50% lr=5.00e-04
    S2 4000ms fold1 ep 10/10: train_loss=0.5412 train_acc= 72.92% val_loss=1.2558 val_acc= 56.25% lr=5.00e-04
  S2 4000ms fold1/5: best_val= 68.75% (ep6) test= 56.25%
    S2 4000ms fold2 ep  1/10: train_loss=1.0543 train_acc= 42.71% val_loss=0.9406 val_acc= 56.25% lr=1.00e-03
    S2 4000ms fold2 ep  2/10: train_loss=0.8426 train_acc= 56.25% val_loss=1.0967 val_acc= 56.25% lr=1.00e-03
    S2 4000ms fold2 ep  3/10: train_loss=0.9904 train_acc= 54.17% val_loss=1.5095 val_acc= 56.25% lr=1.00e-03
    S2 4000ms fold2 ep  4/10: train_loss=0.8366 train_acc= 63.54% val_loss=1.8480 val_acc= 56.25% lr=1.00e-03
    S2 4000ms fold2 ep  5/10: train_loss=0.6621 train_acc= 64.58% val_loss=2.0757 val_acc= 56.25% lr=1.00e-03
    S2 4000ms fold2 ep  6/10: train_loss=0.6324 train_acc= 70.83% val_loss=2.2182 val_acc= 43.75% lr=1.00e-03
    S2 4000ms fold2 ep  7/10: train_loss=0.6294 train_acc= 67.71% val_loss=2.1008 val_acc= 37.50% lr=5.00e-04
    S2 4000ms fold2 ep  8/10: train_loss=0.6132 train_acc= 65.62% val_loss=1.9699 val_acc= 31.25% lr=5.00e-04
    S2 4000ms fold2 ep  9/10: train_loss=0.5806 train_acc= 67.71% val_loss=1.9605 val_acc= 31.25% lr=5.00e-04
    S2 4000ms fold2 ep 10/10: train_loss=0.4933 train_acc= 75.00% val_loss=1.9595 val_acc= 43.75% lr=5.00e-04
  S2 4000ms fold2/5: best_val= 56.25% (ep1) test= 50.00%
    S2 4000ms fold3 ep  1/10: train_loss=1.2850 train_acc= 45.83% val_loss=0.9694 val_acc= 37.50% lr=1.00e-03
    S2 4000ms fold3 ep  2/10: train_loss=1.0800 train_acc= 54.17% val_loss=1.1924 val_acc= 62.50% lr=1.00e-03
    S2 4000ms fold3 ep  3/10: train_loss=0.9306 train_acc= 52.08% val_loss=1.3518 val_acc= 62.50% lr=1.00e-03
    S2 4000ms fold3 ep  4/10: train_loss=0.9093 train_acc= 56.25% val_loss=1.1844 val_acc= 62.50% lr=1.00e-03
    S2 4000ms fold3 ep  5/10: train_loss=0.8666 train_acc= 57.29% val_loss=1.2064 val_acc= 50.00% lr=1.00e-03
    S2 4000ms fold3 ep  6/10: train_loss=0.8134 train_acc= 55.21% val_loss=1.2803 val_acc= 50.00% lr=1.00e-03
    S2 4000ms fold3 ep  7/10: train_loss=0.7651 train_acc= 63.54% val_loss=1.3615 val_acc= 50.00% lr=5.00e-04
    S2 4000ms fold3 ep  8/10: train_loss=0.5966 train_acc= 70.83% val_loss=1.4155 val_acc= 50.00% lr=5.00e-04
    S2 4000ms fold3 ep  9/10: train_loss=0.4944 train_acc= 71.88% val_loss=1.4951 val_acc= 50.00% lr=5.00e-04
    S2 4000ms fold3 ep 10/10: train_loss=0.5695 train_acc= 67.71% val_loss=1.6002 val_acc= 50.00% lr=5.00e-04
  S2 4000ms fold3/5: best_val= 62.50% (ep2) test= 62.50%
    S2 4000ms fold4 ep  1/10: train_loss=0.8404 train_acc= 53.12% val_loss=0.8548 val_acc= 56.25% lr=1.00e-03
    S2 4000ms fold4 ep  2/10: train_loss=0.8986 train_acc= 54.17% val_loss=1.3533 val_acc= 50.00% lr=1.00e-03
    S2 4000ms fold4 ep  3/10: train_loss=0.7374 train_acc= 60.42% val_loss=1.9580 val_acc= 62.50% lr=1.00e-03
    S2 4000ms fold4 ep  4/10: train_loss=0.6900 train_acc= 67.71% val_loss=1.9637 val_acc= 50.00% lr=1.00e-03
    S2 4000ms fold4 ep  5/10: train_loss=0.5881 train_acc= 70.83% val_loss=1.8452 val_acc= 43.75% lr=1.00e-03
    S2 4000ms fold4 ep  6/10: train_loss=0.4608 train_acc= 77.08% val_loss=1.4609 val_acc= 43.75% lr=1.00e-03
    S2 4000ms fold4 ep  7/10: train_loss=0.4915 train_acc= 78.12% val_loss=1.2008 val_acc= 43.75% lr=5.00e-04
    S2 4000ms fold4 ep  8/10: train_loss=0.4755 train_acc= 78.12% val_loss=1.1224 val_acc= 50.00% lr=5.00e-04
    S2 4000ms fold4 ep  9/10: train_loss=0.3886 train_acc= 86.46% val_loss=1.1658 val_acc= 56.25% lr=5.00e-04
    S2 4000ms fold4 ep 10/10: train_loss=0.4074 train_acc= 80.21% val_loss=1.3943 val_acc= 62.50% lr=5.00e-04
  S2 4000ms fold4/5: best_val= 62.50% (ep3) test= 62.50%
    S2 4000ms fold5 ep  1/10: train_loss=0.9025 train_acc= 58.33% val_loss=1.1286 val_acc= 43.75% lr=1.00e-03
    S2 4000ms fold5 ep  2/10: train_loss=0.9011 train_acc= 56.25% val_loss=1.6772 val_acc= 50.00% lr=1.00e-03
    S2 4000ms fold5 ep  3/10: train_loss=0.7223 train_acc= 65.62% val_loss=2.1920 val_acc= 56.25% lr=1.00e-03
    S2 4000ms fold5 ep  4/10: train_loss=0.6928 train_acc= 73.96% val_loss=2.0779 val_acc= 62.50% lr=1.00e-03
    S2 4000ms fold5 ep  5/10: train_loss=0.5752 train_acc= 71.88% val_loss=2.0129 val_acc= 62.50% lr=1.00e-03
    S2 4000ms fold5 ep  6/10: train_loss=0.6583 train_acc= 70.83% val_loss=1.9343 val_acc= 56.25% lr=1.00e-03
    S2 4000ms fold5 ep  7/10: train_loss=0.6418 train_acc= 71.88% val_loss=1.9847 val_acc= 50.00% lr=5.00e-04
    S2 4000ms fold5 ep  8/10: train_loss=0.4093 train_acc= 81.25% val_loss=2.1331 val_acc= 56.25% lr=5.00e-04
    S2 4000ms fold5 ep  9/10: train_loss=0.4419 train_acc= 78.12% val_loss=2.3218 val_acc= 56.25% lr=5.00e-04
    S2 4000ms fold5 ep 10/10: train_loss=0.4890 train_acc= 78.12% val_loss=2.4788 val_acc= 62.50% lr=5.00e-04
  S2 4000ms fold5/5: best_val= 62.50% (ep4) test= 43.75%
S 2: 800ms= 47.50%  1500ms= 61.25%  3000ms= 52.50%  4000ms= 55.00%   (15s)
    S3 800ms fold1 ep  1/10: train_loss=1.1450 train_acc= 44.79% val_loss=1.0113 val_acc= 50.00% lr=1.00e-03
    S3 800ms fold1 ep  2/10: train_loss=0.9361 train_acc= 58.33% val_loss=1.2277 val_acc= 62.50% lr=1.00e-03
    S3 800ms fold1 ep  3/10: train_loss=0.7024 train_acc= 70.83% val_loss=1.4548 val_acc= 56.25% lr=1.00e-03
    S3 800ms fold1 ep  4/10: train_loss=0.6238 train_acc= 72.92% val_loss=1.5829 val_acc= 56.25% lr=1.00e-03
    S3 800ms fold1 ep  5/10: train_loss=0.6793 train_acc= 61.46% val_loss=1.6076 val_acc= 62.50% lr=1.00e-03
    S3 800ms fold1 ep  6/10: train_loss=0.6338 train_acc= 71.88% val_loss=1.7302 val_acc= 62.50% lr=1.00e-03
    S3 800ms fold1 ep  7/10: train_loss=0.7102 train_acc= 67.71% val_loss=1.7933 val_acc= 62.50% lr=5.00e-04
    S3 800ms fold1 ep  8/10: train_loss=0.3969 train_acc= 83.33% val_loss=1.7920 val_acc= 62.50% lr=5.00e-04
    S3 800ms fold1 ep  9/10: train_loss=0.6166 train_acc= 70.83% val_loss=1.7716 val_acc= 62.50% lr=5.00e-04
    S3 800ms fold1 ep 10/10: train_loss=0.4050 train_acc= 83.33% val_loss=1.7218 val_acc= 62.50% lr=5.00e-04
  S3 800ms fold1/5: best_val= 62.50% (ep2) test= 62.50%
    S3 800ms fold2 ep  1/10: train_loss=1.2017 train_acc= 50.00% val_loss=0.7893 val_acc= 37.50% lr=1.00e-03
    S3 800ms fold2 ep  2/10: train_loss=1.0307 train_acc= 54.17% val_loss=0.8465 val_acc= 25.00% lr=1.00e-03
    S3 800ms fold2 ep  3/10: train_loss=0.8016 train_acc= 52.08% val_loss=0.8526 val_acc= 25.00% lr=1.00e-03
    S3 800ms fold2 ep  4/10: train_loss=0.9105 train_acc= 53.12% val_loss=0.8560 val_acc= 37.50% lr=1.00e-03
    S3 800ms fold2 ep  5/10: train_loss=0.6693 train_acc= 70.83% val_loss=0.9148 val_acc= 50.00% lr=1.00e-03
    S3 800ms fold2 ep  6/10: train_loss=0.7773 train_acc= 64.58% val_loss=0.9725 val_acc= 50.00% lr=1.00e-03
    S3 800ms fold2 ep  7/10: train_loss=0.7263 train_acc= 58.33% val_loss=0.9860 val_acc= 50.00% lr=5.00e-04
    S3 800ms fold2 ep  8/10: train_loss=0.5926 train_acc= 66.67% val_loss=0.9799 val_acc= 50.00% lr=5.00e-04
    S3 800ms fold2 ep  9/10: train_loss=0.6062 train_acc= 72.92% val_loss=0.9541 val_acc= 56.25% lr=5.00e-04
    S3 800ms fold2 ep 10/10: train_loss=0.6454 train_acc= 61.46% val_loss=0.8439 val_acc= 62.50% lr=5.00e-04
  S3 800ms fold2/5: best_val= 62.50% (ep10) test= 68.75%
    S3 800ms fold3 ep  1/10: train_loss=1.0673 train_acc= 59.38% val_loss=1.0590 val_acc= 43.75% lr=1.00e-03
    S3 800ms fold3 ep  2/10: train_loss=1.3504 train_acc= 51.04% val_loss=0.9929 val_acc= 43.75% lr=1.00e-03
    S3 800ms fold3 ep  3/10: train_loss=0.7337 train_acc= 63.54% val_loss=1.0127 val_acc= 62.50% lr=1.00e-03
    S3 800ms fold3 ep  4/10: train_loss=0.8877 train_acc= 61.46% val_loss=1.0858 val_acc= 62.50% lr=1.00e-03
    S3 800ms fold3 ep  5/10: train_loss=0.9300 train_acc= 51.04% val_loss=1.1321 val_acc= 62.50% lr=1.00e-03
    S3 800ms fold3 ep  6/10: train_loss=0.8714 train_acc= 63.54% val_loss=1.1513 val_acc= 62.50% lr=1.00e-03
    S3 800ms fold3 ep  7/10: train_loss=0.7864 train_acc= 57.29% val_loss=1.1431 val_acc= 62.50% lr=1.00e-03
    S3 800ms fold3 ep  8/10: train_loss=0.6141 train_acc= 71.88% val_loss=1.1282 val_acc= 62.50% lr=5.00e-04
    S3 800ms fold3 ep  9/10: train_loss=0.6486 train_acc= 68.75% val_loss=1.1155 val_acc= 62.50% lr=5.00e-04
    S3 800ms fold3 ep 10/10: train_loss=0.5258 train_acc= 80.21% val_loss=1.0935 val_acc= 62.50% lr=5.00e-04
  S3 800ms fold3/5: best_val= 62.50% (ep3) test= 43.75%
    S3 800ms fold4 ep  1/10: train_loss=1.1294 train_acc= 51.04% val_loss=0.6678 val_acc= 62.50% lr=1.00e-03
    S3 800ms fold4 ep  2/10: train_loss=1.0116 train_acc= 54.17% val_loss=0.6043 val_acc= 68.75% lr=1.00e-03
    S3 800ms fold4 ep  3/10: train_loss=0.8818 train_acc= 52.08% val_loss=0.5675 val_acc= 75.00% lr=1.00e-03
    S3 800ms fold4 ep  4/10: train_loss=0.7835 train_acc= 61.46% val_loss=0.5958 val_acc= 81.25% lr=1.00e-03
    S3 800ms fold4 ep  5/10: train_loss=0.8306 train_acc= 59.38% val_loss=0.6582 val_acc= 81.25% lr=1.00e-03
    S3 800ms fold4 ep  6/10: train_loss=0.8353 train_acc= 55.21% val_loss=0.6692 val_acc= 81.25% lr=1.00e-03
    S3 800ms fold4 ep  7/10: train_loss=0.7333 train_acc= 59.38% val_loss=0.7122 val_acc= 81.25% lr=1.00e-03
    S3 800ms fold4 ep  8/10: train_loss=0.6292 train_acc= 60.42% val_loss=0.7369 val_acc= 75.00% lr=1.00e-03
    S3 800ms fold4 ep  9/10: train_loss=0.6809 train_acc= 60.42% val_loss=0.7619 val_acc= 68.75% lr=5.00e-04
    S3 800ms fold4 ep 10/10: train_loss=0.6320 train_acc= 62.50% val_loss=0.7754 val_acc= 68.75% lr=5.00e-04
  S3 800ms fold4/5: best_val= 81.25% (ep4) test= 50.00%
    S3 800ms fold5 ep  1/10: train_loss=1.1683 train_acc= 40.62% val_loss=0.8774 val_acc= 56.25% lr=1.00e-03
    S3 800ms fold5 ep  2/10: train_loss=0.9348 train_acc= 48.96% val_loss=0.7929 val_acc= 43.75% lr=1.00e-03
    S3 800ms fold5 ep  3/10: train_loss=1.0008 train_acc= 46.88% val_loss=0.7868 val_acc= 50.00% lr=1.00e-03
    S3 800ms fold5 ep  4/10: train_loss=0.7627 train_acc= 61.46% val_loss=0.8165 val_acc= 50.00% lr=1.00e-03
    S3 800ms fold5 ep  5/10: train_loss=0.7105 train_acc= 56.25% val_loss=0.8002 val_acc= 50.00% lr=1.00e-03
    S3 800ms fold5 ep  6/10: train_loss=0.6949 train_acc= 62.50% val_loss=0.7791 val_acc= 50.00% lr=1.00e-03
    S3 800ms fold5 ep  7/10: train_loss=0.8736 train_acc= 53.12% val_loss=0.7613 val_acc= 50.00% lr=1.00e-03
    S3 800ms fold5 ep  8/10: train_loss=0.7313 train_acc= 62.50% val_loss=0.7647 val_acc= 56.25% lr=1.00e-03
    S3 800ms fold5 ep  9/10: train_loss=0.6207 train_acc= 64.58% val_loss=0.7550 val_acc= 56.25% lr=1.00e-03
    S3 800ms fold5 ep 10/10: train_loss=0.5564 train_acc= 70.83% val_loss=0.7220 val_acc= 62.50% lr=1.00e-03
  S3 800ms fold5/5: best_val= 62.50% (ep10) test= 62.50%
    S3 1500ms fold1 ep  1/10: train_loss=1.0990 train_acc= 44.79% val_loss=0.7248 val_acc= 43.75% lr=1.00e-03
    S3 1500ms fold1 ep  2/10: train_loss=0.9415 train_acc= 44.79% val_loss=0.6893 val_acc= 50.00% lr=1.00e-03
    S3 1500ms fold1 ep  3/10: train_loss=0.8862 train_acc= 45.83% val_loss=0.6918 val_acc= 50.00% lr=1.00e-03
    S3 1500ms fold1 ep  4/10: train_loss=0.9199 train_acc= 44.79% val_loss=0.7398 val_acc= 50.00% lr=1.00e-03
    S3 1500ms fold1 ep  5/10: train_loss=0.8182 train_acc= 54.17% val_loss=0.8040 val_acc= 43.75% lr=1.00e-03
    S3 1500ms fold1 ep  6/10: train_loss=0.6741 train_acc= 59.38% val_loss=0.8743 val_acc= 37.50% lr=1.00e-03
    S3 1500ms fold1 ep  7/10: train_loss=0.6759 train_acc= 62.50% val_loss=0.9123 val_acc= 37.50% lr=1.00e-03
    S3 1500ms fold1 ep  8/10: train_loss=0.6046 train_acc= 63.54% val_loss=0.9292 val_acc= 37.50% lr=5.00e-04
    S3 1500ms fold1 ep  9/10: train_loss=0.6566 train_acc= 58.33% val_loss=0.9384 val_acc= 37.50% lr=5.00e-04
    S3 1500ms fold1 ep 10/10: train_loss=0.6195 train_acc= 63.54% val_loss=0.9555 val_acc= 43.75% lr=5.00e-04
  S3 1500ms fold1/5: best_val= 50.00% (ep2) test= 56.25%
    S3 1500ms fold2 ep  1/10: train_loss=1.0977 train_acc= 54.17% val_loss=0.8905 val_acc= 62.50% lr=1.00e-03
    S3 1500ms fold2 ep  2/10: train_loss=0.8323 train_acc= 61.46% val_loss=0.7663 val_acc= 68.75% lr=1.00e-03
    S3 1500ms fold2 ep  3/10: train_loss=0.8014 train_acc= 54.17% val_loss=0.7520 val_acc= 62.50% lr=1.00e-03
    S3 1500ms fold2 ep  4/10: train_loss=0.8059 train_acc= 56.25% val_loss=0.7138 val_acc= 56.25% lr=1.00e-03
    S3 1500ms fold2 ep  5/10: train_loss=0.8234 train_acc= 60.42% val_loss=0.6485 val_acc= 62.50% lr=1.00e-03
    S3 1500ms fold2 ep  6/10: train_loss=0.8191 train_acc= 61.46% val_loss=0.6545 val_acc= 68.75% lr=1.00e-03
    S3 1500ms fold2 ep  7/10: train_loss=0.8227 train_acc= 52.08% val_loss=0.6886 val_acc= 56.25% lr=1.00e-03
    S3 1500ms fold2 ep  8/10: train_loss=0.6857 train_acc= 60.42% val_loss=0.7023 val_acc= 62.50% lr=1.00e-03
    S3 1500ms fold2 ep  9/10: train_loss=0.7293 train_acc= 56.25% val_loss=0.7635 val_acc= 68.75% lr=1.00e-03
    S3 1500ms fold2 ep 10/10: train_loss=0.6633 train_acc= 62.50% val_loss=0.8673 val_acc= 62.50% lr=1.00e-03
  S3 1500ms fold2/5: best_val= 68.75% (ep2) test= 43.75%
    S3 1500ms fold3 ep  1/10: train_loss=0.8950 train_acc= 55.21% val_loss=0.5800 val_acc= 75.00% lr=1.00e-03
    S3 1500ms fold3 ep  2/10: train_loss=1.0597 train_acc= 46.88% val_loss=0.9661 val_acc= 56.25% lr=1.00e-03
    S3 1500ms fold3 ep  3/10: train_loss=0.9391 train_acc= 59.38% val_loss=1.1083 val_acc= 50.00% lr=1.00e-03
    S3 1500ms fold3 ep  4/10: train_loss=0.7948 train_acc= 59.38% val_loss=1.1852 val_acc= 62.50% lr=1.00e-03
    S3 1500ms fold3 ep  5/10: train_loss=0.7784 train_acc= 61.46% val_loss=1.1998 val_acc= 62.50% lr=1.00e-03
    S3 1500ms fold3 ep  6/10: train_loss=0.7109 train_acc= 62.50% val_loss=1.1659 val_acc= 75.00% lr=1.00e-03
    S3 1500ms fold3 ep  7/10: train_loss=0.7844 train_acc= 61.46% val_loss=1.1779 val_acc= 62.50% lr=5.00e-04
    S3 1500ms fold3 ep  8/10: train_loss=0.6255 train_acc= 62.50% val_loss=1.1847 val_acc= 62.50% lr=5.00e-04
    S3 1500ms fold3 ep  9/10: train_loss=0.7315 train_acc= 63.54% val_loss=1.1801 val_acc= 62.50% lr=5.00e-04
    S3 1500ms fold3 ep 10/10: train_loss=0.6125 train_acc= 64.58% val_loss=1.2068 val_acc= 62.50% lr=5.00e-04
  S3 1500ms fold3/5: best_val= 75.00% (ep1) test= 37.50%
    S3 1500ms fold4 ep  1/10: train_loss=0.8359 train_acc= 59.38% val_loss=0.8618 val_acc= 37.50% lr=1.00e-03
    S3 1500ms fold4 ep  2/10: train_loss=1.0899 train_acc= 45.83% val_loss=0.9935 val_acc= 62.50% lr=1.00e-03
    S3 1500ms fold4 ep  3/10: train_loss=0.8044 train_acc= 57.29% val_loss=0.9957 val_acc= 62.50% lr=1.00e-03
    S3 1500ms fold4 ep  4/10: train_loss=0.6559 train_acc= 63.54% val_loss=0.8942 val_acc= 62.50% lr=1.00e-03
    S3 1500ms fold4 ep  5/10: train_loss=0.7317 train_acc= 58.33% val_loss=0.7868 val_acc= 62.50% lr=1.00e-03
    S3 1500ms fold4 ep  6/10: train_loss=0.6209 train_acc= 67.71% val_loss=0.7794 val_acc= 75.00% lr=1.00e-03
    S3 1500ms fold4 ep  7/10: train_loss=0.5269 train_acc= 71.88% val_loss=0.8308 val_acc= 75.00% lr=1.00e-03
    S3 1500ms fold4 ep  8/10: train_loss=0.5036 train_acc= 75.00% val_loss=0.8939 val_acc= 75.00% lr=1.00e-03
    S3 1500ms fold4 ep  9/10: train_loss=0.5857 train_acc= 67.71% val_loss=0.9032 val_acc= 81.25% lr=1.00e-03
    S3 1500ms fold4 ep 10/10: train_loss=0.3966 train_acc= 82.29% val_loss=0.9095 val_acc= 81.25% lr=1.00e-03
  S3 1500ms fold4/5: best_val= 81.25% (ep9) test= 81.25%
    S3 1500ms fold5 ep  1/10: train_loss=1.0090 train_acc= 52.08% val_loss=0.6279 val_acc= 56.25% lr=1.00e-03
    S3 1500ms fold5 ep  2/10: train_loss=1.0133 train_acc= 45.83% val_loss=0.6103 val_acc= 62.50% lr=1.00e-03
    S3 1500ms fold5 ep  3/10: train_loss=0.9575 train_acc= 45.83% val_loss=0.8289 val_acc= 56.25% lr=1.00e-03
    S3 1500ms fold5 ep  4/10: train_loss=0.7843 train_acc= 53.12% val_loss=0.8539 val_acc= 56.25% lr=1.00e-03
    S3 1500ms fold5 ep  5/10: train_loss=0.6624 train_acc= 62.50% val_loss=0.7450 val_acc= 56.25% lr=1.00e-03
    S3 1500ms fold5 ep  6/10: train_loss=0.7562 train_acc= 53.12% val_loss=0.6768 val_acc= 56.25% lr=1.00e-03
    S3 1500ms fold5 ep  7/10: train_loss=0.6902 train_acc= 54.17% val_loss=0.6451 val_acc= 56.25% lr=1.00e-03
    S3 1500ms fold5 ep  8/10: train_loss=0.7162 train_acc= 56.25% val_loss=0.6435 val_acc= 56.25% lr=5.00e-04
    S3 1500ms fold5 ep  9/10: train_loss=0.6361 train_acc= 66.67% val_loss=0.6501 val_acc= 62.50% lr=5.00e-04
    S3 1500ms fold5 ep 10/10: train_loss=0.6125 train_acc= 66.67% val_loss=0.6631 val_acc= 56.25% lr=5.00e-04
  S3 1500ms fold5/5: best_val= 62.50% (ep2) test= 43.75%
    S3 3000ms fold1 ep  1/10: train_loss=1.1428 train_acc= 51.04% val_loss=1.3618 val_acc= 43.75% lr=1.00e-03
    S3 3000ms fold1 ep  2/10: train_loss=0.8792 train_acc= 62.50% val_loss=2.6500 val_acc= 31.25% lr=1.00e-03
    S3 3000ms fold1 ep  3/10: train_loss=0.8696 train_acc= 55.21% val_loss=2.2975 val_acc= 43.75% lr=1.00e-03
    S3 3000ms fold1 ep  4/10: train_loss=0.7158 train_acc= 70.83% val_loss=1.7022 val_acc= 56.25% lr=1.00e-03
    S3 3000ms fold1 ep  5/10: train_loss=0.6187 train_acc= 70.83% val_loss=1.1773 val_acc= 50.00% lr=1.00e-03
    S3 3000ms fold1 ep  6/10: train_loss=0.7636 train_acc= 63.54% val_loss=0.9399 val_acc= 56.25% lr=1.00e-03
    S3 3000ms fold1 ep  7/10: train_loss=0.7073 train_acc= 60.42% val_loss=0.9748 val_acc= 37.50% lr=1.00e-03
    S3 3000ms fold1 ep  8/10: train_loss=0.6627 train_acc= 65.62% val_loss=1.1964 val_acc= 37.50% lr=1.00e-03
    S3 3000ms fold1 ep  9/10: train_loss=0.6753 train_acc= 64.58% val_loss=1.4374 val_acc= 43.75% lr=1.00e-03
    S3 3000ms fold1 ep 10/10: train_loss=0.5890 train_acc= 72.92% val_loss=1.6246 val_acc= 43.75% lr=1.00e-03
  S3 3000ms fold1/5: best_val= 56.25% (ep4) test= 56.25%
    S3 3000ms fold2 ep  1/10: train_loss=0.8927 train_acc= 54.17% val_loss=0.7559 val_acc= 56.25% lr=1.00e-03
    S3 3000ms fold2 ep  2/10: train_loss=0.8607 train_acc= 63.54% val_loss=0.6838 val_acc= 56.25% lr=1.00e-03
    S3 3000ms fold2 ep  3/10: train_loss=0.9000 train_acc= 56.25% val_loss=0.7275 val_acc= 75.00% lr=1.00e-03
    S3 3000ms fold2 ep  4/10: train_loss=0.8100 train_acc= 61.46% val_loss=0.8359 val_acc= 43.75% lr=1.00e-03
    S3 3000ms fold2 ep  5/10: train_loss=0.8114 train_acc= 60.42% val_loss=1.0601 val_acc= 43.75% lr=1.00e-03
    S3 3000ms fold2 ep  6/10: train_loss=0.7593 train_acc= 56.25% val_loss=1.1460 val_acc= 37.50% lr=1.00e-03
    S3 3000ms fold2 ep  7/10: train_loss=0.7881 train_acc= 52.08% val_loss=1.1422 val_acc= 37.50% lr=1.00e-03
    S3 3000ms fold2 ep  8/10: train_loss=0.6525 train_acc= 61.46% val_loss=1.0201 val_acc= 43.75% lr=5.00e-04
    S3 3000ms fold2 ep  9/10: train_loss=0.5885 train_acc= 67.71% val_loss=0.9782 val_acc= 37.50% lr=5.00e-04
    S3 3000ms fold2 ep 10/10: train_loss=0.6250 train_acc= 66.67% val_loss=0.9634 val_acc= 25.00% lr=5.00e-04
  S3 3000ms fold2/5: best_val= 75.00% (ep3) test= 56.25%
    S3 3000ms fold3 ep  1/10: train_loss=1.1158 train_acc= 51.04% val_loss=0.9249 val_acc= 37.50% lr=1.00e-03
    S3 3000ms fold3 ep  2/10: train_loss=0.9075 train_acc= 56.25% val_loss=0.9098 val_acc= 56.25% lr=1.00e-03
    S3 3000ms fold3 ep  3/10: train_loss=0.8155 train_acc= 51.04% val_loss=1.0170 val_acc= 56.25% lr=1.00e-03
    S3 3000ms fold3 ep  4/10: train_loss=0.7689 train_acc= 53.12% val_loss=1.1873 val_acc= 50.00% lr=1.00e-03
    S3 3000ms fold3 ep  5/10: train_loss=0.5871 train_acc= 71.88% val_loss=1.3876 val_acc= 56.25% lr=1.00e-03
    S3 3000ms fold3 ep  6/10: train_loss=0.6746 train_acc= 67.71% val_loss=1.5737 val_acc= 56.25% lr=1.00e-03
    S3 3000ms fold3 ep  7/10: train_loss=0.5735 train_acc= 68.75% val_loss=1.6324 val_acc= 56.25% lr=1.00e-03
    S3 3000ms fold3 ep  8/10: train_loss=0.5515 train_acc= 76.04% val_loss=1.4984 val_acc= 56.25% lr=5.00e-04
    S3 3000ms fold3 ep  9/10: train_loss=0.5151 train_acc= 70.83% val_loss=1.3765 val_acc= 62.50% lr=5.00e-04
    S3 3000ms fold3 ep 10/10: train_loss=0.5008 train_acc= 69.79% val_loss=1.3435 val_acc= 62.50% lr=5.00e-04
  S3 3000ms fold3/5: best_val= 62.50% (ep9) test= 43.75%
    S3 3000ms fold4 ep  1/10: train_loss=1.2227 train_acc= 45.83% val_loss=1.1774 val_acc= 50.00% lr=1.00e-03
    S3 3000ms fold4 ep  2/10: train_loss=1.0436 train_acc= 50.00% val_loss=0.6825 val_acc= 68.75% lr=1.00e-03
    S3 3000ms fold4 ep  3/10: train_loss=0.8757 train_acc= 48.96% val_loss=0.7428 val_acc= 68.75% lr=1.00e-03
    S3 3000ms fold4 ep  4/10: train_loss=0.9304 train_acc= 56.25% val_loss=0.7036 val_acc= 62.50% lr=1.00e-03
    S3 3000ms fold4 ep  5/10: train_loss=0.8165 train_acc= 56.25% val_loss=0.6746 val_acc= 56.25% lr=1.00e-03
    S3 3000ms fold4 ep  6/10: train_loss=0.7155 train_acc= 59.38% val_loss=0.6758 val_acc= 68.75% lr=1.00e-03
    S3 3000ms fold4 ep  7/10: train_loss=0.6217 train_acc= 67.71% val_loss=0.6895 val_acc= 68.75% lr=1.00e-03
    S3 3000ms fold4 ep  8/10: train_loss=0.7447 train_acc= 56.25% val_loss=0.6841 val_acc= 62.50% lr=1.00e-03
    S3 3000ms fold4 ep  9/10: train_loss=0.6038 train_acc= 63.54% val_loss=0.6785 val_acc= 56.25% lr=1.00e-03
    S3 3000ms fold4 ep 10/10: train_loss=0.6635 train_acc= 55.21% val_loss=0.7319 val_acc= 56.25% lr=1.00e-03
  S3 3000ms fold4/5: best_val= 68.75% (ep2) test= 25.00%
    S3 3000ms fold5 ep  1/10: train_loss=1.0071 train_acc= 41.67% val_loss=0.8086 val_acc= 37.50% lr=1.00e-03
    S3 3000ms fold5 ep  2/10: train_loss=0.8831 train_acc= 52.08% val_loss=0.7173 val_acc= 56.25% lr=1.00e-03
    S3 3000ms fold5 ep  3/10: train_loss=0.8915 train_acc= 46.88% val_loss=0.6149 val_acc= 62.50% lr=1.00e-03
    S3 3000ms fold5 ep  4/10: train_loss=0.6472 train_acc= 57.29% val_loss=0.6437 val_acc= 56.25% lr=1.00e-03
    S3 3000ms fold5 ep  5/10: train_loss=0.7160 train_acc= 63.54% val_loss=0.7208 val_acc= 50.00% lr=1.00e-03
    S3 3000ms fold5 ep  6/10: train_loss=0.6211 train_acc= 65.62% val_loss=0.8353 val_acc= 37.50% lr=1.00e-03
    S3 3000ms fold5 ep  7/10: train_loss=0.6747 train_acc= 63.54% val_loss=0.7867 val_acc= 50.00% lr=1.00e-03
    S3 3000ms fold5 ep  8/10: train_loss=0.6783 train_acc= 54.17% val_loss=0.8202 val_acc= 56.25% lr=1.00e-03
    S3 3000ms fold5 ep  9/10: train_loss=0.6193 train_acc= 61.46% val_loss=0.9710 val_acc= 56.25% lr=5.00e-04
    S3 3000ms fold5 ep 10/10: train_loss=0.6183 train_acc= 61.46% val_loss=1.1213 val_acc= 56.25% lr=5.00e-04
  S3 3000ms fold5/5: best_val= 62.50% (ep3) test= 56.25%
    S3 4000ms fold1 ep  1/10: train_loss=0.9575 train_acc= 51.04% val_loss=0.8014 val_acc= 56.25% lr=1.00e-03
    S3 4000ms fold1 ep  2/10: train_loss=0.8294 train_acc= 48.96% val_loss=1.0447 val_acc= 43.75% lr=1.00e-03
    S3 4000ms fold1 ep  3/10: train_loss=0.7456 train_acc= 62.50% val_loss=1.1645 val_acc= 56.25% lr=1.00e-03
    S3 4000ms fold1 ep  4/10: train_loss=0.7209 train_acc= 53.12% val_loss=1.0008 val_acc= 56.25% lr=1.00e-03
    S3 4000ms fold1 ep  5/10: train_loss=0.6992 train_acc= 56.25% val_loss=1.0109 val_acc= 56.25% lr=1.00e-03
    S3 4000ms fold1 ep  6/10: train_loss=0.6730 train_acc= 63.54% val_loss=1.0965 val_acc= 50.00% lr=1.00e-03
    S3 4000ms fold1 ep  7/10: train_loss=0.7024 train_acc= 58.33% val_loss=1.0682 val_acc= 50.00% lr=5.00e-04
    S3 4000ms fold1 ep  8/10: train_loss=0.6187 train_acc= 71.88% val_loss=1.0431 val_acc= 50.00% lr=5.00e-04
    S3 4000ms fold1 ep  9/10: train_loss=0.6718 train_acc= 67.71% val_loss=1.0829 val_acc= 56.25% lr=5.00e-04
    S3 4000ms fold1 ep 10/10: train_loss=0.6222 train_acc= 66.67% val_loss=1.1686 val_acc= 56.25% lr=5.00e-04
  S3 4000ms fold1/5: best_val= 56.25% (ep1) test= 50.00%
    S3 4000ms fold2 ep  1/10: train_loss=0.9289 train_acc= 55.21% val_loss=0.7428 val_acc= 37.50% lr=1.00e-03
    S3 4000ms fold2 ep  2/10: train_loss=0.9912 train_acc= 46.88% val_loss=0.7683 val_acc= 50.00% lr=1.00e-03
    S3 4000ms fold2 ep  3/10: train_loss=0.8067 train_acc= 55.21% val_loss=1.0461 val_acc= 37.50% lr=1.00e-03
    S3 4000ms fold2 ep  4/10: train_loss=1.0089 train_acc= 47.92% val_loss=1.1735 val_acc= 37.50% lr=1.00e-03
    S3 4000ms fold2 ep  5/10: train_loss=0.9038 train_acc= 48.96% val_loss=1.1382 val_acc= 37.50% lr=1.00e-03
    S3 4000ms fold2 ep  6/10: train_loss=0.7903 train_acc= 50.00% val_loss=1.0953 val_acc= 37.50% lr=1.00e-03
    S3 4000ms fold2 ep  7/10: train_loss=0.8129 train_acc= 54.17% val_loss=1.0275 val_acc= 31.25% lr=5.00e-04
    S3 4000ms fold2 ep  8/10: train_loss=0.7392 train_acc= 54.17% val_loss=0.9846 val_acc= 31.25% lr=5.00e-04
    S3 4000ms fold2 ep  9/10: train_loss=0.7113 train_acc= 62.50% val_loss=0.9256 val_acc= 37.50% lr=5.00e-04
    S3 4000ms fold2 ep 10/10: train_loss=0.6925 train_acc= 58.33% val_loss=0.8947 val_acc= 43.75% lr=5.00e-04
  S3 4000ms fold2/5: best_val= 50.00% (ep2) test= 31.25%
    S3 4000ms fold3 ep  1/10: train_loss=0.9495 train_acc= 57.29% val_loss=1.0910 val_acc= 50.00% lr=1.00e-03
    S3 4000ms fold3 ep  2/10: train_loss=0.9331 train_acc= 50.00% val_loss=1.1937 val_acc= 43.75% lr=1.00e-03
    S3 4000ms fold3 ep  3/10: train_loss=0.8589 train_acc= 53.12% val_loss=1.1384 val_acc= 56.25% lr=1.00e-03
    S3 4000ms fold3 ep  4/10: train_loss=0.6385 train_acc= 71.88% val_loss=1.2452 val_acc= 56.25% lr=1.00e-03
    S3 4000ms fold3 ep  5/10: train_loss=0.6761 train_acc= 68.75% val_loss=1.3748 val_acc= 50.00% lr=1.00e-03
    S3 4000ms fold3 ep  6/10: train_loss=0.6231 train_acc= 70.83% val_loss=1.5458 val_acc= 68.75% lr=1.00e-03
    S3 4000ms fold3 ep  7/10: train_loss=0.6087 train_acc= 70.83% val_loss=1.7324 val_acc= 62.50% lr=5.00e-04
    S3 4000ms fold3 ep  8/10: train_loss=0.5038 train_acc= 78.12% val_loss=1.8310 val_acc= 56.25% lr=5.00e-04
    S3 4000ms fold3 ep  9/10: train_loss=0.5149 train_acc= 69.79% val_loss=2.0045 val_acc= 56.25% lr=5.00e-04
    S3 4000ms fold3 ep 10/10: train_loss=0.5495 train_acc= 73.96% val_loss=2.0402 val_acc= 56.25% lr=5.00e-04
  S3 4000ms fold3/5: best_val= 68.75% (ep6) test= 50.00%
    S3 4000ms fold4 ep  1/10: train_loss=1.1428 train_acc= 43.75% val_loss=0.8335 val_acc= 43.75% lr=1.00e-03
    S3 4000ms fold4 ep  2/10: train_loss=0.8460 train_acc= 59.38% val_loss=0.9412 val_acc= 56.25% lr=1.00e-03
    S3 4000ms fold4 ep  3/10: train_loss=0.7628 train_acc= 64.58% val_loss=1.0933 val_acc= 56.25% lr=1.00e-03
    S3 4000ms fold4 ep  4/10: train_loss=0.7993 train_acc= 63.54% val_loss=1.1328 val_acc= 43.75% lr=1.00e-03
    S3 4000ms fold4 ep  5/10: train_loss=0.6836 train_acc= 59.38% val_loss=1.1110 val_acc= 43.75% lr=1.00e-03
    S3 4000ms fold4 ep  6/10: train_loss=0.7763 train_acc= 60.42% val_loss=1.0763 val_acc= 43.75% lr=1.00e-03
    S3 4000ms fold4 ep  7/10: train_loss=0.7097 train_acc= 60.42% val_loss=1.0836 val_acc= 43.75% lr=5.00e-04
    S3 4000ms fold4 ep  8/10: train_loss=0.6172 train_acc= 65.62% val_loss=1.0780 val_acc= 43.75% lr=5.00e-04
    S3 4000ms fold4 ep  9/10: train_loss=0.6851 train_acc= 64.58% val_loss=1.1014 val_acc= 43.75% lr=5.00e-04
    S3 4000ms fold4 ep 10/10: train_loss=0.5725 train_acc= 60.42% val_loss=1.1321 val_acc= 50.00% lr=5.00e-04
  S3 4000ms fold4/5: best_val= 56.25% (ep2) test= 50.00%
    S3 4000ms fold5 ep  1/10: train_loss=1.1026 train_acc= 48.96% val_loss=0.6195 val_acc= 56.25% lr=1.00e-03
    S3 4000ms fold5 ep  2/10: train_loss=0.8667 train_acc= 54.17% val_loss=0.9020 val_acc= 50.00% lr=1.00e-03
    S3 4000ms fold5 ep  3/10: train_loss=0.7594 train_acc= 67.71% val_loss=1.2384 val_acc= 43.75% lr=1.00e-03
    S3 4000ms fold5 ep  4/10: train_loss=0.7982 train_acc= 54.17% val_loss=1.2982 val_acc= 37.50% lr=1.00e-03
    S3 4000ms fold5 ep  5/10: train_loss=0.6287 train_acc= 66.67% val_loss=1.0752 val_acc= 25.00% lr=1.00e-03
    S3 4000ms fold5 ep  6/10: train_loss=0.8022 train_acc= 58.33% val_loss=0.8838 val_acc= 31.25% lr=1.00e-03
    S3 4000ms fold5 ep  7/10: train_loss=0.6875 train_acc= 64.58% val_loss=0.9067 val_acc= 37.50% lr=5.00e-04
    S3 4000ms fold5 ep  8/10: train_loss=0.5994 train_acc= 63.54% val_loss=0.9509 val_acc= 25.00% lr=5.00e-04
    S3 4000ms fold5 ep  9/10: train_loss=0.6811 train_acc= 61.46% val_loss=1.0839 val_acc= 25.00% lr=5.00e-04
    S3 4000ms fold5 ep 10/10: train_loss=0.6341 train_acc= 64.58% val_loss=1.2854 val_acc= 37.50% lr=5.00e-04
  S3 4000ms fold5/5: best_val= 56.25% (ep1) test= 68.75%
S 3: 800ms= 57.50%  1500ms= 52.50%  3000ms= 47.50%  4000ms= 50.00%   (15s)

ALL SUBJECTS COMPLETED — HOC/WFE  (57s)

====================================================================
SAVED HOC/WFE -> /work/11862/rmaahin/ls6/FineMI-enhancements/ConformerEEG/experiments/option_a/results/sanity/HOC_WFE
gpu=NVIDIA A100-PCIE-40GB | torch=2.8.0+cu128 | seed=42 | model=conformer_a | mode=sanity
====================================================================
window_ms   800    1500   3000   4000
subject                              
1          52.22  51.11  53.33  51.11
2          47.50  61.25  52.50  55.00
3          57.50  52.50  47.50  50.00

mean: {800: 52.41, 1500: 54.95, 3000: 51.11, 4000: 52.04}
sd  : {800: 5.0, 1500: 5.5, 3000: 3.15, 4000: 2.63}

Pairs saved so far in /work/11862/rmaahin/ls6/FineMI-enhancements/ConformerEEG/experiments/option_a/results/sanity: 1/28
run_pair: model=conformer_b mode=sanity pair_idx=0 (HOC_WFE)
  dataset_root=/scratch/11862/rmaahin/finemi-dataset/FineMI
  results_root=/work/11862/rmaahin/ls6/FineMI-enhancements/ConformerEEG/experiments/option_b/results/sanity
  config=/work/11862/rmaahin/ls6/FineMI-enhancements/ConformerEEG/experiments/option_b/config_sanity.json

Using device: cuda | gpu=NVIDIA A100-PCIE-40GB | torch=2.8.0+cu128
NOTE: determinism holds per-GPU-model. Record this GPU name.

PAIR: HOC/WFE  (classes 0 vs 1)  model=conformer_b  mode=sanity
Test time windows: [800, 1500, 3000, 4000] ms
Test time windows (samples): [200, 375, 750, 1000]

Found 0 subject folders
No subject folders; found 18 subject .npz files

BINARY CLASSIFICATION: Class 0 vs Class 1  (HOC/WFE)
  Class 0 (original 0): 725 trials
  Class 1 (original 1): 725 trials

Extracted time windows:
  800ms (200 samples): shape (1450, 62, 200)
  1500ms (375 samples): shape (1450, 62, 375)
  3000ms (750 samples): shape (1450, 62, 750)
  4000ms (1000 samples): shape (1450, 62, 1000)

Model configuration:
  Model: conformer_b
  Channels: 62
  Subjects: [1, 2, 3]
  Time windows: [800, 1500, 3000, 4000] ms
  Classes: 2 (Binary: Class 0 vs Class 1)
  Folds: 5
  Batch size: 32
  Epochs per subject per time window: 10
    S1 800ms fold1 ep  1/10: train_loss=0.7074 train_acc= 53.70% val_loss=0.6941 val_acc= 33.33% lr=1.00e-03
    S1 800ms fold1 ep  2/10: train_loss=0.6876 train_acc= 51.85% val_loss=0.6977 val_acc= 50.00% lr=1.00e-03
    S1 800ms fold1 ep  3/10: train_loss=0.6515 train_acc= 64.81% val_loss=0.7003 val_acc= 50.00% lr=1.00e-03
    S1 800ms fold1 ep  4/10: train_loss=0.6094 train_acc= 77.78% val_loss=0.7025 val_acc= 50.00% lr=1.00e-03
    S1 800ms fold1 ep  5/10: train_loss=0.5087 train_acc= 90.74% val_loss=0.6961 val_acc= 55.56% lr=1.00e-03
    S1 800ms fold1 ep  6/10: train_loss=0.4036 train_acc= 95.37% val_loss=0.7169 val_acc= 50.00% lr=1.00e-03
    S1 800ms fold1 ep  7/10: train_loss=0.2487 train_acc= 96.30% val_loss=0.7521 val_acc= 55.56% lr=5.00e-04
    S1 800ms fold1 ep  8/10: train_loss=0.1753 train_acc= 98.15% val_loss=0.8676 val_acc= 44.44% lr=5.00e-04
    S1 800ms fold1 ep  9/10: train_loss=0.0868 train_acc=100.00% val_loss=0.9804 val_acc= 44.44% lr=5.00e-04
    S1 800ms fold1 ep 10/10: train_loss=0.0568 train_acc=100.00% val_loss=1.1624 val_acc= 44.44% lr=5.00e-04
  S1 800ms fold1/5: best_val= 55.56% (ep5) test= 44.44%
    S1 800ms fold2 ep  1/10: train_loss=0.6789 train_acc= 52.78% val_loss=0.6912 val_acc= 50.00% lr=1.00e-03
    S1 800ms fold2 ep  2/10: train_loss=0.6276 train_acc= 70.37% val_loss=0.6888 val_acc= 50.00% lr=1.00e-03
    S1 800ms fold2 ep  3/10: train_loss=0.5599 train_acc= 79.63% val_loss=0.6771 val_acc= 66.67% lr=1.00e-03
    S1 800ms fold2 ep  4/10: train_loss=0.4348 train_acc= 87.04% val_loss=0.6856 val_acc= 55.56% lr=1.00e-03
    S1 800ms fold2 ep  5/10: train_loss=0.2665 train_acc= 95.37% val_loss=0.8233 val_acc= 44.44% lr=1.00e-03
    S1 800ms fold2 ep  6/10: train_loss=0.1355 train_acc=100.00% val_loss=1.0783 val_acc= 55.56% lr=1.00e-03
    S1 800ms fold2 ep  7/10: train_loss=0.0659 train_acc=100.00% val_loss=1.4087 val_acc= 55.56% lr=1.00e-03
    S1 800ms fold2 ep  8/10: train_loss=0.0303 train_acc=100.00% val_loss=1.7806 val_acc= 50.00% lr=1.00e-03
    S1 800ms fold2 ep  9/10: train_loss=0.0085 train_acc=100.00% val_loss=2.5229 val_acc= 50.00% lr=5.00e-04
    S1 800ms fold2 ep 10/10: train_loss=0.0063 train_acc=100.00% val_loss=2.8537 val_acc= 50.00% lr=5.00e-04
  S1 800ms fold2/5: best_val= 66.67% (ep3) test= 55.56%
    S1 800ms fold3 ep  1/10: train_loss=0.6919 train_acc= 58.33% val_loss=0.6944 val_acc= 50.00% lr=1.00e-03
    S1 800ms fold3 ep  2/10: train_loss=0.6760 train_acc= 56.48% val_loss=0.6945 val_acc= 50.00% lr=1.00e-03
    S1 800ms fold3 ep  3/10: train_loss=0.6315 train_acc= 72.22% val_loss=0.6988 val_acc= 50.00% lr=1.00e-03
    S1 800ms fold3 ep  4/10: train_loss=0.5542 train_acc= 77.78% val_loss=0.7063 val_acc= 50.00% lr=1.00e-03
    S1 800ms fold3 ep  5/10: train_loss=0.4128 train_acc= 93.52% val_loss=0.7208 val_acc= 61.11% lr=1.00e-03
    S1 800ms fold3 ep  6/10: train_loss=0.2664 train_acc= 99.07% val_loss=0.8443 val_acc= 61.11% lr=1.00e-03
    S1 800ms fold3 ep  7/10: train_loss=0.1256 train_acc=100.00% val_loss=1.2275 val_acc= 55.56% lr=5.00e-04
    S1 800ms fold3 ep  8/10: train_loss=0.0698 train_acc=100.00% val_loss=1.2068 val_acc= 61.11% lr=5.00e-04
    S1 800ms fold3 ep  9/10: train_loss=0.0404 train_acc=100.00% val_loss=1.2962 val_acc= 72.22% lr=5.00e-04
    S1 800ms fold3 ep 10/10: train_loss=0.0419 train_acc=100.00% val_loss=1.4573 val_acc= 72.22% lr=5.00e-04
  S1 800ms fold3/5: best_val= 72.22% (ep9) test= 55.56%
    S1 800ms fold4 ep  1/10: train_loss=0.6840 train_acc= 53.70% val_loss=0.6944 val_acc= 50.00% lr=1.00e-03
    S1 800ms fold4 ep  2/10: train_loss=0.6463 train_acc= 72.22% val_loss=0.6979 val_acc= 50.00% lr=1.00e-03
    S1 800ms fold4 ep  3/10: train_loss=0.5601 train_acc= 83.33% val_loss=0.7063 val_acc= 50.00% lr=1.00e-03
    S1 800ms fold4 ep  4/10: train_loss=0.4254 train_acc= 94.44% val_loss=0.7433 val_acc= 55.56% lr=1.00e-03
    S1 800ms fold4 ep  5/10: train_loss=0.2726 train_acc= 98.15% val_loss=0.8401 val_acc= 55.56% lr=1.00e-03
    S1 800ms fold4 ep  6/10: train_loss=0.1337 train_acc=100.00% val_loss=0.9918 val_acc= 55.56% lr=1.00e-03
    S1 800ms fold4 ep  7/10: train_loss=0.0578 train_acc=100.00% val_loss=1.1658 val_acc= 61.11% lr=5.00e-04
    S1 800ms fold4 ep  8/10: train_loss=0.0242 train_acc=100.00% val_loss=1.1907 val_acc= 61.11% lr=5.00e-04
    S1 800ms fold4 ep  9/10: train_loss=0.0155 train_acc=100.00% val_loss=1.1244 val_acc= 72.22% lr=5.00e-04
    S1 800ms fold4 ep 10/10: train_loss=0.0098 train_acc=100.00% val_loss=1.0317 val_acc= 72.22% lr=5.00e-04
  S1 800ms fold4/5: best_val= 72.22% (ep9) test= 44.44%
    S1 800ms fold5 ep  1/10: train_loss=0.6912 train_acc= 53.70% val_loss=0.6931 val_acc= 61.11% lr=1.00e-03
    S1 800ms fold5 ep  2/10: train_loss=0.6870 train_acc= 60.19% val_loss=0.6913 val_acc= 55.56% lr=1.00e-03
    S1 800ms fold5 ep  3/10: train_loss=0.5900 train_acc= 77.78% val_loss=0.6848 val_acc= 66.67% lr=1.00e-03
    S1 800ms fold5 ep  4/10: train_loss=0.4971 train_acc= 86.11% val_loss=0.6762 val_acc= 61.11% lr=1.00e-03
    S1 800ms fold5 ep  5/10: train_loss=0.3532 train_acc= 98.15% val_loss=0.6861 val_acc= 55.56% lr=1.00e-03
    S1 800ms fold5 ep  6/10: train_loss=0.1878 train_acc=100.00% val_loss=0.7718 val_acc= 55.56% lr=1.00e-03
    S1 800ms fold5 ep  7/10: train_loss=0.0980 train_acc=100.00% val_loss=0.9096 val_acc= 61.11% lr=1.00e-03
    S1 800ms fold5 ep  8/10: train_loss=0.0425 train_acc=100.00% val_loss=0.9445 val_acc= 66.67% lr=1.00e-03
    S1 800ms fold5 ep  9/10: train_loss=0.0119 train_acc=100.00% val_loss=1.0789 val_acc= 66.67% lr=1.00e-03
    S1 800ms fold5 ep 10/10: train_loss=0.0054 train_acc=100.00% val_loss=1.0704 val_acc= 77.78% lr=5.00e-04
  S1 800ms fold5/5: best_val= 77.78% (ep10) test= 61.11%
    S1 1500ms fold1 ep  1/10: train_loss=0.7021 train_acc= 49.07% val_loss=0.6934 val_acc= 50.00% lr=1.00e-03
    S1 1500ms fold1 ep  2/10: train_loss=0.6435 train_acc= 70.37% val_loss=0.6937 val_acc= 50.00% lr=1.00e-03
    S1 1500ms fold1 ep  3/10: train_loss=0.5944 train_acc= 75.93% val_loss=0.6858 val_acc= 55.56% lr=1.00e-03
    S1 1500ms fold1 ep  4/10: train_loss=0.4331 train_acc= 91.67% val_loss=0.6634 val_acc= 55.56% lr=1.00e-03
    S1 1500ms fold1 ep  5/10: train_loss=0.2722 train_acc= 96.30% val_loss=0.7215 val_acc= 44.44% lr=1.00e-03
    S1 1500ms fold1 ep  6/10: train_loss=0.1439 train_acc=100.00% val_loss=0.8990 val_acc= 44.44% lr=1.00e-03
    S1 1500ms fold1 ep  7/10: train_loss=0.0657 train_acc=100.00% val_loss=0.6654 val_acc= 72.22% lr=1.00e-03
    S1 1500ms fold1 ep  8/10: train_loss=0.0233 train_acc=100.00% val_loss=1.0913 val_acc= 66.67% lr=1.00e-03
    S1 1500ms fold1 ep  9/10: train_loss=0.0107 train_acc=100.00% val_loss=1.2024 val_acc= 72.22% lr=1.00e-03
    S1 1500ms fold1 ep 10/10: train_loss=0.0068 train_acc=100.00% val_loss=1.2034 val_acc= 66.67% lr=5.00e-04
  S1 1500ms fold1/5: best_val= 72.22% (ep7) test= 44.44%
    S1 1500ms fold2 ep  1/10: train_loss=0.7037 train_acc= 49.07% val_loss=0.6909 val_acc= 72.22% lr=1.00e-03
    S1 1500ms fold2 ep  2/10: train_loss=0.6428 train_acc= 65.74% val_loss=0.6907 val_acc= 61.11% lr=1.00e-03
    S1 1500ms fold2 ep  3/10: train_loss=0.6193 train_acc= 76.85% val_loss=0.6884 val_acc= 61.11% lr=1.00e-03
    S1 1500ms fold2 ep  4/10: train_loss=0.5282 train_acc= 85.19% val_loss=0.6654 val_acc= 61.11% lr=1.00e-03
    S1 1500ms fold2 ep  5/10: train_loss=0.3995 train_acc= 93.52% val_loss=0.6475 val_acc= 61.11% lr=1.00e-03
    S1 1500ms fold2 ep  6/10: train_loss=0.2514 train_acc= 97.22% val_loss=0.6611 val_acc= 61.11% lr=1.00e-03
    S1 1500ms fold2 ep  7/10: train_loss=0.1072 train_acc=100.00% val_loss=0.9748 val_acc= 55.56% lr=1.00e-03
    S1 1500ms fold2 ep  8/10: train_loss=0.0895 train_acc= 98.15% val_loss=1.2209 val_acc= 61.11% lr=1.00e-03
    S1 1500ms fold2 ep  9/10: train_loss=0.0221 train_acc=100.00% val_loss=2.1682 val_acc= 50.00% lr=1.00e-03
    S1 1500ms fold2 ep 10/10: train_loss=0.0132 train_acc=100.00% val_loss=2.6434 val_acc= 55.56% lr=1.00e-03
  S1 1500ms fold2/5: best_val= 72.22% (ep1) test= 44.44%
    S1 1500ms fold3 ep  1/10: train_loss=0.6789 train_acc= 54.63% val_loss=0.6927 val_acc= 50.00% lr=1.00e-03
    S1 1500ms fold3 ep  2/10: train_loss=0.5977 train_acc= 76.85% val_loss=0.6876 val_acc= 50.00% lr=1.00e-03
    S1 1500ms fold3 ep  3/10: train_loss=0.5131 train_acc= 86.11% val_loss=0.6621 val_acc= 72.22% lr=1.00e-03
    S1 1500ms fold3 ep  4/10: train_loss=0.3420 train_acc= 95.37% val_loss=0.6314 val_acc= 61.11% lr=1.00e-03
    S1 1500ms fold3 ep  5/10: train_loss=0.1739 train_acc=100.00% val_loss=0.5383 val_acc= 72.22% lr=1.00e-03
    S1 1500ms fold3 ep  6/10: train_loss=0.0727 train_acc= 99.07% val_loss=0.7794 val_acc= 61.11% lr=1.00e-03
    S1 1500ms fold3 ep  7/10: train_loss=0.0417 train_acc=100.00% val_loss=1.0607 val_acc= 66.67% lr=1.00e-03
    S1 1500ms fold3 ep  8/10: train_loss=0.0160 train_acc=100.00% val_loss=1.5286 val_acc= 55.56% lr=1.00e-03
    S1 1500ms fold3 ep  9/10: train_loss=0.0623 train_acc= 99.07% val_loss=2.6692 val_acc= 50.00% lr=1.00e-03
    S1 1500ms fold3 ep 10/10: train_loss=0.2603 train_acc= 95.37% val_loss=2.6733 val_acc= 61.11% lr=1.00e-03
  S1 1500ms fold3/5: best_val= 72.22% (ep3) test= 66.67%
    S1 1500ms fold4 ep  1/10: train_loss=0.6843 train_acc= 54.63% val_loss=0.6939 val_acc= 50.00% lr=1.00e-03
    S1 1500ms fold4 ep  2/10: train_loss=0.6461 train_acc= 72.22% val_loss=0.6960 val_acc= 50.00% lr=1.00e-03
    S1 1500ms fold4 ep  3/10: train_loss=0.5353 train_acc= 84.26% val_loss=0.6989 val_acc= 50.00% lr=1.00e-03
    S1 1500ms fold4 ep  4/10: train_loss=0.4346 train_acc= 88.89% val_loss=0.6830 val_acc= 55.56% lr=1.00e-03
    S1 1500ms fold4 ep  5/10: train_loss=0.2632 train_acc= 98.15% val_loss=0.6413 val_acc= 66.67% lr=1.00e-03
    S1 1500ms fold4 ep  6/10: train_loss=0.1317 train_acc= 99.07% val_loss=0.8393 val_acc= 61.11% lr=1.00e-03
    S1 1500ms fold4 ep  7/10: train_loss=0.0399 train_acc=100.00% val_loss=1.3164 val_acc= 50.00% lr=1.00e-03
    S1 1500ms fold4 ep  8/10: train_loss=0.0180 train_acc=100.00% val_loss=1.6180 val_acc= 55.56% lr=1.00e-03
    S1 1500ms fold4 ep  9/10: train_loss=0.0108 train_acc=100.00% val_loss=1.7294 val_acc= 66.67% lr=1.00e-03
    S1 1500ms fold4 ep 10/10: train_loss=0.0050 train_acc=100.00% val_loss=2.2366 val_acc= 61.11% lr=1.00e-03
  S1 1500ms fold4/5: best_val= 66.67% (ep5) test= 55.56%
    S1 1500ms fold5 ep  1/10: train_loss=0.6922 train_acc= 50.93% val_loss=0.6928 val_acc= 50.00% lr=1.00e-03
    S1 1500ms fold5 ep  2/10: train_loss=0.6549 train_acc= 64.81% val_loss=0.6950 val_acc= 50.00% lr=1.00e-03
    S1 1500ms fold5 ep  3/10: train_loss=0.6192 train_acc= 76.85% val_loss=0.7040 val_acc= 50.00% lr=1.00e-03
    S1 1500ms fold5 ep  4/10: train_loss=0.5090 train_acc= 87.96% val_loss=0.6935 val_acc= 55.56% lr=1.00e-03
    S1 1500ms fold5 ep  5/10: train_loss=0.3520 train_acc=100.00% val_loss=0.8139 val_acc= 55.56% lr=1.00e-03
    S1 1500ms fold5 ep  6/10: train_loss=0.2506 train_acc= 99.07% val_loss=1.3302 val_acc= 55.56% lr=1.00e-03
    S1 1500ms fold5 ep  7/10: train_loss=0.0843 train_acc=100.00% val_loss=1.7330 val_acc= 50.00% lr=5.00e-04
    S1 1500ms fold5 ep  8/10: train_loss=0.0471 train_acc=100.00% val_loss=1.7877 val_acc= 50.00% lr=5.00e-04
    S1 1500ms fold5 ep  9/10: train_loss=0.0232 train_acc=100.00% val_loss=1.9793 val_acc= 55.56% lr=5.00e-04
    S1 1500ms fold5 ep 10/10: train_loss=0.0166 train_acc=100.00% val_loss=2.1981 val_acc= 55.56% lr=5.00e-04
  S1 1500ms fold5/5: best_val= 55.56% (ep4) test= 66.67%
    S1 3000ms fold1 ep  1/10: train_loss=0.6797 train_acc= 60.19% val_loss=0.6989 val_acc= 50.00% lr=1.00e-03
    S1 3000ms fold1 ep  2/10: train_loss=0.5951 train_acc= 75.93% val_loss=0.7148 val_acc= 50.00% lr=1.00e-03
    S1 3000ms fold1 ep  3/10: train_loss=0.4958 train_acc= 85.19% val_loss=0.7827 val_acc= 50.00% lr=1.00e-03
    S1 3000ms fold1 ep  4/10: train_loss=0.4121 train_acc= 88.89% val_loss=0.8151 val_acc= 55.56% lr=1.00e-03
    S1 3000ms fold1 ep  5/10: train_loss=0.2641 train_acc= 96.30% val_loss=0.6600 val_acc= 66.67% lr=1.00e-03
    S1 3000ms fold1 ep  6/10: train_loss=0.2521 train_acc= 94.44% val_loss=1.6867 val_acc= 55.56% lr=1.00e-03
    S1 3000ms fold1 ep  7/10: train_loss=0.3057 train_acc= 93.52% val_loss=1.8961 val_acc= 61.11% lr=1.00e-03
    S1 3000ms fold1 ep  8/10: train_loss=0.4866 train_acc= 81.48% val_loss=1.1240 val_acc= 50.00% lr=1.00e-03
    S1 3000ms fold1 ep  9/10: train_loss=0.1893 train_acc= 92.59% val_loss=1.2970 val_acc= 66.67% lr=1.00e-03
    S1 3000ms fold1 ep 10/10: train_loss=0.3558 train_acc= 93.52% val_loss=1.6026 val_acc= 66.67% lr=1.00e-03
  S1 3000ms fold1/5: best_val= 66.67% (ep5) test= 50.00%
    S1 3000ms fold2 ep  1/10: train_loss=0.7030 train_acc= 45.37% val_loss=0.6915 val_acc= 50.00% lr=1.00e-03
    S1 3000ms fold2 ep  2/10: train_loss=0.6598 train_acc= 61.11% val_loss=0.6931 val_acc= 50.00% lr=1.00e-03
    S1 3000ms fold2 ep  3/10: train_loss=0.6028 train_acc= 72.22% val_loss=0.6969 val_acc= 50.00% lr=1.00e-03
    S1 3000ms fold2 ep  4/10: train_loss=0.5350 train_acc= 83.33% val_loss=0.7079 val_acc= 50.00% lr=1.00e-03
    S1 3000ms fold2 ep  5/10: train_loss=0.4053 train_acc= 90.74% val_loss=0.6819 val_acc= 55.56% lr=1.00e-03
    S1 3000ms fold2 ep  6/10: train_loss=0.2325 train_acc= 95.37% val_loss=0.7292 val_acc= 61.11% lr=1.00e-03
    S1 3000ms fold2 ep  7/10: train_loss=0.1209 train_acc=100.00% val_loss=1.1671 val_acc= 55.56% lr=1.00e-03
    S1 3000ms fold2 ep  8/10: train_loss=0.0597 train_acc=100.00% val_loss=1.3014 val_acc= 66.67% lr=1.00e-03
    S1 3000ms fold2 ep  9/10: train_loss=0.0308 train_acc=100.00% val_loss=1.8418 val_acc= 50.00% lr=1.00e-03
    S1 3000ms fold2 ep 10/10: train_loss=0.1285 train_acc= 97.22% val_loss=2.8231 val_acc= 50.00% lr=1.00e-03
  S1 3000ms fold2/5: best_val= 66.67% (ep8) test= 72.22%
    S1 3000ms fold3 ep  1/10: train_loss=0.6988 train_acc= 54.63% val_loss=0.6932 val_acc= 50.00% lr=1.00e-03
    S1 3000ms fold3 ep  2/10: train_loss=0.6630 train_acc= 62.04% val_loss=0.6942 val_acc= 50.00% lr=1.00e-03
    S1 3000ms fold3 ep  3/10: train_loss=0.5767 train_acc= 71.30% val_loss=0.7043 val_acc= 50.00% lr=1.00e-03
    S1 3000ms fold3 ep  4/10: train_loss=0.4734 train_acc= 87.96% val_loss=0.6821 val_acc= 55.56% lr=1.00e-03
    S1 3000ms fold3 ep  5/10: train_loss=0.3487 train_acc= 96.30% val_loss=0.6613 val_acc= 72.22% lr=1.00e-03
    S1 3000ms fold3 ep  6/10: train_loss=0.1914 train_acc= 98.15% val_loss=0.8747 val_acc= 66.67% lr=1.00e-03
    S1 3000ms fold3 ep  7/10: train_loss=0.1115 train_acc= 98.15% val_loss=0.8919 val_acc= 61.11% lr=1.00e-03
    S1 3000ms fold3 ep  8/10: train_loss=0.2640 train_acc= 91.67% val_loss=2.2265 val_acc= 50.00% lr=1.00e-03
    S1 3000ms fold3 ep  9/10: train_loss=0.3467 train_acc= 90.74% val_loss=2.4523 val_acc= 50.00% lr=1.00e-03
    S1 3000ms fold3 ep 10/10: train_loss=0.1801 train_acc= 92.59% val_loss=0.9769 val_acc= 66.67% lr=1.00e-03
  S1 3000ms fold3/5: best_val= 72.22% (ep5) test= 66.67%
    S1 3000ms fold4 ep  1/10: train_loss=0.6878 train_acc= 52.78% val_loss=0.6942 val_acc= 50.00% lr=1.00e-03
    S1 3000ms fold4 ep  2/10: train_loss=0.6644 train_acc= 62.96% val_loss=0.6932 val_acc= 50.00% lr=1.00e-03
    S1 3000ms fold4 ep  3/10: train_loss=0.6239 train_acc= 69.44% val_loss=0.6952 val_acc= 50.00% lr=1.00e-03
    S1 3000ms fold4 ep  4/10: train_loss=0.5455 train_acc= 83.33% val_loss=0.6722 val_acc= 72.22% lr=1.00e-03
    S1 3000ms fold4 ep  5/10: train_loss=0.4820 train_acc= 90.74% val_loss=0.7167 val_acc= 55.56% lr=1.00e-03
    S1 3000ms fold4 ep  6/10: train_loss=0.2475 train_acc= 98.15% val_loss=0.8442 val_acc= 55.56% lr=1.00e-03
    S1 3000ms fold4 ep  7/10: train_loss=0.1751 train_acc= 98.15% val_loss=1.3801 val_acc= 44.44% lr=1.00e-03
    S1 3000ms fold4 ep  8/10: train_loss=0.1187 train_acc= 96.30% val_loss=1.5565 val_acc= 44.44% lr=1.00e-03
    S1 3000ms fold4 ep  9/10: train_loss=0.1380 train_acc= 97.22% val_loss=2.3927 val_acc= 50.00% lr=1.00e-03
    S1 3000ms fold4 ep 10/10: train_loss=0.1103 train_acc= 95.37% val_loss=2.4909 val_acc= 55.56% lr=5.00e-04
  S1 3000ms fold4/5: best_val= 72.22% (ep4) test= 66.67%
    S1 3000ms fold5 ep  1/10: train_loss=0.6940 train_acc= 50.93% val_loss=0.6943 val_acc= 50.00% lr=1.00e-03
    S1 3000ms fold5 ep  2/10: train_loss=0.6356 train_acc= 69.44% val_loss=0.6959 val_acc= 50.00% lr=1.00e-03
    S1 3000ms fold5 ep  3/10: train_loss=0.5618 train_acc= 77.78% val_loss=0.7026 val_acc= 50.00% lr=1.00e-03
    S1 3000ms fold5 ep  4/10: train_loss=0.4037 train_acc= 95.37% val_loss=0.7283 val_acc= 50.00% lr=1.00e-03
    S1 3000ms fold5 ep  5/10: train_loss=0.2662 train_acc= 98.15% val_loss=0.8660 val_acc= 50.00% lr=1.00e-03
    S1 3000ms fold5 ep  6/10: train_loss=0.1309 train_acc= 99.07% val_loss=1.0661 val_acc= 61.11% lr=1.00e-03
    S1 3000ms fold5 ep  7/10: train_loss=0.0731 train_acc= 99.07% val_loss=1.7978 val_acc= 55.56% lr=5.00e-04
    S1 3000ms fold5 ep  8/10: train_loss=0.1424 train_acc= 95.37% val_loss=1.5144 val_acc= 55.56% lr=5.00e-04
    S1 3000ms fold5 ep  9/10: train_loss=0.0318 train_acc= 99.07% val_loss=1.0855 val_acc= 72.22% lr=5.00e-04
    S1 3000ms fold5 ep 10/10: train_loss=0.1548 train_acc= 95.37% val_loss=1.7361 val_acc= 66.67% lr=5.00e-04
  S1 3000ms fold5/5: best_val= 72.22% (ep9) test= 50.00%
    S1 4000ms fold1 ep  1/10: train_loss=0.7142 train_acc= 51.85% val_loss=0.6931 val_acc= 50.00% lr=1.00e-03
    S1 4000ms fold1 ep  2/10: train_loss=0.6242 train_acc= 71.30% val_loss=0.6996 val_acc= 50.00% lr=1.00e-03
    S1 4000ms fold1 ep  3/10: train_loss=0.5231 train_acc= 85.19% val_loss=0.7203 val_acc= 50.00% lr=1.00e-03
    S1 4000ms fold1 ep  4/10: train_loss=0.4193 train_acc= 85.19% val_loss=0.6971 val_acc= 55.56% lr=1.00e-03
    S1 4000ms fold1 ep  5/10: train_loss=0.3028 train_acc= 96.30% val_loss=0.6407 val_acc= 61.11% lr=1.00e-03
    S1 4000ms fold1 ep  6/10: train_loss=0.1646 train_acc= 97.22% val_loss=1.0862 val_acc= 50.00% lr=1.00e-03
    S1 4000ms fold1 ep  7/10: train_loss=0.0937 train_acc= 99.07% val_loss=0.9406 val_acc= 61.11% lr=1.00e-03
    S1 4000ms fold1 ep  8/10: train_loss=0.1320 train_acc= 96.30% val_loss=1.1286 val_acc= 61.11% lr=1.00e-03
    S1 4000ms fold1 ep  9/10: train_loss=0.3014 train_acc= 87.96% val_loss=2.6481 val_acc= 55.56% lr=1.00e-03
    S1 4000ms fold1 ep 10/10: train_loss=0.5323 train_acc= 78.70% val_loss=2.6939 val_acc= 66.67% lr=1.00e-03
  S1 4000ms fold1/5: best_val= 66.67% (ep10) test= 55.56%
    S1 4000ms fold2 ep  1/10: train_loss=0.6841 train_acc= 50.93% val_loss=0.6943 val_acc= 50.00% lr=1.00e-03
    S1 4000ms fold2 ep  2/10: train_loss=0.6201 train_acc= 73.15% val_loss=0.6975 val_acc= 50.00% lr=1.00e-03
    S1 4000ms fold2 ep  3/10: train_loss=0.5698 train_acc= 84.26% val_loss=0.7203 val_acc= 50.00% lr=1.00e-03
    S1 4000ms fold2 ep  4/10: train_loss=0.3765 train_acc= 88.89% val_loss=0.6699 val_acc= 66.67% lr=1.00e-03
    S1 4000ms fold2 ep  5/10: train_loss=0.2390 train_acc= 96.30% val_loss=0.6993 val_acc= 66.67% lr=1.00e-03
    S1 4000ms fold2 ep  6/10: train_loss=0.1007 train_acc=100.00% val_loss=1.0933 val_acc= 55.56% lr=1.00e-03
    S1 4000ms fold2 ep  7/10: train_loss=0.0400 train_acc=100.00% val_loss=1.5081 val_acc= 55.56% lr=1.00e-03
    S1 4000ms fold2 ep  8/10: train_loss=0.0228 train_acc=100.00% val_loss=0.8084 val_acc= 77.78% lr=1.00e-03
    S1 4000ms fold2 ep  9/10: train_loss=0.2327 train_acc= 96.30% val_loss=1.6526 val_acc= 72.22% lr=1.00e-03
    S1 4000ms fold2 ep 10/10: train_loss=0.2089 train_acc= 93.52% val_loss=2.5457 val_acc= 44.44% lr=5.00e-04
  S1 4000ms fold2/5: best_val= 77.78% (ep8) test= 66.67%
    S1 4000ms fold3 ep  1/10: train_loss=0.6884 train_acc= 54.63% val_loss=0.6945 val_acc= 50.00% lr=1.00e-03
    S1 4000ms fold3 ep  2/10: train_loss=0.6245 train_acc= 67.59% val_loss=0.6988 val_acc= 50.00% lr=1.00e-03
    S1 4000ms fold3 ep  3/10: train_loss=0.5458 train_acc= 75.93% val_loss=0.7441 val_acc= 50.00% lr=1.00e-03
    S1 4000ms fold3 ep  4/10: train_loss=0.4436 train_acc= 84.26% val_loss=0.8781 val_acc= 50.00% lr=1.00e-03
    S1 4000ms fold3 ep  5/10: train_loss=0.3217 train_acc= 90.74% val_loss=0.6035 val_acc= 72.22% lr=1.00e-03
    S1 4000ms fold3 ep  6/10: train_loss=0.1835 train_acc= 97.22% val_loss=0.9531 val_acc= 66.67% lr=1.00e-03
    S1 4000ms fold3 ep  7/10: train_loss=0.1686 train_acc= 94.44% val_loss=0.9690 val_acc= 61.11% lr=1.00e-03
    S1 4000ms fold3 ep  8/10: train_loss=0.0803 train_acc= 98.15% val_loss=1.6467 val_acc= 61.11% lr=1.00e-03
    S1 4000ms fold3 ep  9/10: train_loss=0.0871 train_acc= 98.15% val_loss=1.8335 val_acc= 72.22% lr=1.00e-03
    S1 4000ms fold3 ep 10/10: train_loss=0.1619 train_acc= 97.22% val_loss=1.3301 val_acc= 61.11% lr=1.00e-03
  S1 4000ms fold3/5: best_val= 72.22% (ep5) test= 72.22%
    S1 4000ms fold4 ep  1/10: train_loss=0.7066 train_acc= 48.15% val_loss=0.6936 val_acc= 50.00% lr=1.00e-03
    S1 4000ms fold4 ep  2/10: train_loss=0.6280 train_acc= 70.37% val_loss=0.6982 val_acc= 50.00% lr=1.00e-03
    S1 4000ms fold4 ep  3/10: train_loss=0.5544 train_acc= 76.85% val_loss=0.7112 val_acc= 50.00% lr=1.00e-03
    S1 4000ms fold4 ep  4/10: train_loss=0.4509 train_acc= 84.26% val_loss=0.7607 val_acc= 50.00% lr=1.00e-03
    S1 4000ms fold4 ep  5/10: train_loss=0.3033 train_acc= 93.52% val_loss=0.8864 val_acc= 50.00% lr=1.00e-03
    S1 4000ms fold4 ep  6/10: train_loss=0.1672 train_acc= 99.07% val_loss=1.0639 val_acc= 50.00% lr=1.00e-03
    S1 4000ms fold4 ep  7/10: train_loss=0.1017 train_acc= 99.07% val_loss=1.3827 val_acc= 50.00% lr=5.00e-04
    S1 4000ms fold4 ep  8/10: train_loss=0.0871 train_acc= 97.22% val_loss=1.1821 val_acc= 55.56% lr=5.00e-04
    S1 4000ms fold4 ep  9/10: train_loss=0.0274 train_acc=100.00% val_loss=1.2039 val_acc= 66.67% lr=5.00e-04
    S1 4000ms fold4 ep 10/10: train_loss=0.0251 train_acc=100.00% val_loss=1.7058 val_acc= 55.56% lr=5.00e-04
  S1 4000ms fold4/5: best_val= 66.67% (ep9) test= 61.11%
    S1 4000ms fold5 ep  1/10: train_loss=0.6911 train_acc= 50.93% val_loss=0.6928 val_acc= 50.00% lr=1.00e-03
    S1 4000ms fold5 ep  2/10: train_loss=0.6600 train_acc= 63.89% val_loss=0.6936 val_acc= 50.00% lr=1.00e-03
    S1 4000ms fold5 ep  3/10: train_loss=0.5790 train_acc= 77.78% val_loss=0.6928 val_acc= 55.56% lr=1.00e-03
    S1 4000ms fold5 ep  4/10: train_loss=0.4241 train_acc= 94.44% val_loss=0.6599 val_acc= 66.67% lr=1.00e-03
    S1 4000ms fold5 ep  5/10: train_loss=0.2763 train_acc= 99.07% val_loss=0.6777 val_acc= 66.67% lr=1.00e-03
    S1 4000ms fold5 ep  6/10: train_loss=0.1583 train_acc=100.00% val_loss=0.8669 val_acc= 61.11% lr=1.00e-03
    S1 4000ms fold5 ep  7/10: train_loss=0.0680 train_acc= 99.07% val_loss=1.2598 val_acc= 61.11% lr=1.00e-03
    S1 4000ms fold5 ep  8/10: train_loss=0.0265 train_acc=100.00% val_loss=1.3544 val_acc= 61.11% lr=1.00e-03
    S1 4000ms fold5 ep  9/10: train_loss=0.0999 train_acc= 97.22% val_loss=1.6634 val_acc= 72.22% lr=1.00e-03
    S1 4000ms fold5 ep 10/10: train_loss=0.0219 train_acc=100.00% val_loss=2.7725 val_acc= 55.56% lr=5.00e-04
  S1 4000ms fold5/5: best_val= 72.22% (ep9) test= 44.44%
S 1: 800ms= 52.22%  1500ms= 55.56%  3000ms= 61.11%  4000ms= 60.00%   (21s)
    S2 800ms fold1 ep  1/10: train_loss=0.6879 train_acc= 52.08% val_loss=0.6913 val_acc= 62.50% lr=1.00e-03
    S2 800ms fold1 ep  2/10: train_loss=0.6455 train_acc= 70.83% val_loss=0.6920 val_acc= 50.00% lr=1.00e-03
    S2 800ms fold1 ep  3/10: train_loss=0.6182 train_acc= 69.79% val_loss=0.6923 val_acc= 43.75% lr=1.00e-03
    S2 800ms fold1 ep  4/10: train_loss=0.5535 train_acc= 84.38% val_loss=0.6899 val_acc= 50.00% lr=1.00e-03
    S2 800ms fold1 ep  5/10: train_loss=0.4342 train_acc= 95.83% val_loss=0.7023 val_acc= 43.75% lr=1.00e-03
    S2 800ms fold1 ep  6/10: train_loss=0.2920 train_acc=100.00% val_loss=0.7584 val_acc= 50.00% lr=1.00e-03
    S2 800ms fold1 ep  7/10: train_loss=0.1839 train_acc= 98.96% val_loss=0.8655 val_acc= 56.25% lr=1.00e-03
    S2 800ms fold1 ep  8/10: train_loss=0.0931 train_acc=100.00% val_loss=1.0660 val_acc= 56.25% lr=1.00e-03
    S2 800ms fold1 ep  9/10: train_loss=0.0414 train_acc=100.00% val_loss=1.3674 val_acc= 56.25% lr=1.00e-03
    S2 800ms fold1 ep 10/10: train_loss=0.0164 train_acc=100.00% val_loss=1.6927 val_acc= 56.25% lr=5.00e-04
  S2 800ms fold1/5: best_val= 62.50% (ep1) test= 56.25%
    S2 800ms fold2 ep  1/10: train_loss=0.7022 train_acc= 51.04% val_loss=0.6894 val_acc= 62.50% lr=1.00e-03
    S2 800ms fold2 ep  2/10: train_loss=0.6596 train_acc= 57.29% val_loss=0.6883 val_acc= 56.25% lr=1.00e-03
    S2 800ms fold2 ep  3/10: train_loss=0.6022 train_acc= 71.88% val_loss=0.6877 val_acc= 62.50% lr=1.00e-03
    S2 800ms fold2 ep  4/10: train_loss=0.5197 train_acc= 84.38% val_loss=0.6800 val_acc= 68.75% lr=1.00e-03
    S2 800ms fold2 ep  5/10: train_loss=0.3992 train_acc= 94.79% val_loss=0.6865 val_acc= 56.25% lr=1.00e-03
    S2 800ms fold2 ep  6/10: train_loss=0.2893 train_acc= 96.88% val_loss=0.7058 val_acc= 50.00% lr=1.00e-03
    S2 800ms fold2 ep  7/10: train_loss=0.1593 train_acc=100.00% val_loss=0.6940 val_acc= 75.00% lr=1.00e-03
    S2 800ms fold2 ep  8/10: train_loss=0.0898 train_acc=100.00% val_loss=0.7372 val_acc= 75.00% lr=1.00e-03
    S2 800ms fold2 ep  9/10: train_loss=0.0571 train_acc=100.00% val_loss=0.9286 val_acc= 68.75% lr=1.00e-03
    S2 800ms fold2 ep 10/10: train_loss=0.0293 train_acc=100.00% val_loss=1.1536 val_acc= 68.75% lr=5.00e-04
  S2 800ms fold2/5: best_val= 75.00% (ep7) test= 81.25%
    S2 800ms fold3 ep  1/10: train_loss=0.7059 train_acc= 51.04% val_loss=0.6936 val_acc= 50.00% lr=1.00e-03
    S2 800ms fold3 ep  2/10: train_loss=0.6438 train_acc= 65.62% val_loss=0.6942 val_acc= 50.00% lr=1.00e-03
    S2 800ms fold3 ep  3/10: train_loss=0.5980 train_acc= 76.04% val_loss=0.6954 val_acc= 43.75% lr=1.00e-03
    S2 800ms fold3 ep  4/10: train_loss=0.4646 train_acc= 95.83% val_loss=0.7011 val_acc= 50.00% lr=1.00e-03
    S2 800ms fold3 ep  5/10: train_loss=0.3699 train_acc= 95.83% val_loss=0.7154 val_acc= 50.00% lr=1.00e-03
    S2 800ms fold3 ep  6/10: train_loss=0.2264 train_acc=100.00% val_loss=0.7764 val_acc= 50.00% lr=1.00e-03
    S2 800ms fold3 ep  7/10: train_loss=0.1696 train_acc=100.00% val_loss=0.9246 val_acc= 43.75% lr=5.00e-04
    S2 800ms fold3 ep  8/10: train_loss=0.1023 train_acc=100.00% val_loss=1.0037 val_acc= 56.25% lr=5.00e-04
    S2 800ms fold3 ep  9/10: train_loss=0.0738 train_acc=100.00% val_loss=1.0916 val_acc= 56.25% lr=5.00e-04
    S2 800ms fold3 ep 10/10: train_loss=0.0554 train_acc=100.00% val_loss=1.2707 val_acc= 50.00% lr=5.00e-04
  S2 800ms fold3/5: best_val= 56.25% (ep8) test= 31.25%
    S2 800ms fold4 ep  1/10: train_loss=0.6758 train_acc= 55.21% val_loss=0.6926 val_acc= 56.25% lr=1.00e-03
    S2 800ms fold4 ep  2/10: train_loss=0.6681 train_acc= 59.38% val_loss=0.6896 val_acc= 50.00% lr=1.00e-03
    S2 800ms fold4 ep  3/10: train_loss=0.5953 train_acc= 73.96% val_loss=0.6881 val_acc= 50.00% lr=1.00e-03
    S2 800ms fold4 ep  4/10: train_loss=0.4998 train_acc= 86.46% val_loss=0.6832 val_acc= 50.00% lr=1.00e-03
    S2 800ms fold4 ep  5/10: train_loss=0.3426 train_acc= 97.92% val_loss=0.7153 val_acc= 43.75% lr=1.00e-03
    S2 800ms fold4 ep  6/10: train_loss=0.2036 train_acc=100.00% val_loss=0.8497 val_acc= 43.75% lr=1.00e-03
    S2 800ms fold4 ep  7/10: train_loss=0.1221 train_acc=100.00% val_loss=1.0792 val_acc= 43.75% lr=1.00e-03
    S2 800ms fold4 ep  8/10: train_loss=0.0604 train_acc=100.00% val_loss=1.4132 val_acc= 43.75% lr=1.00e-03
    S2 800ms fold4 ep  9/10: train_loss=0.0191 train_acc=100.00% val_loss=1.7866 val_acc= 43.75% lr=1.00e-03
    S2 800ms fold4 ep 10/10: train_loss=0.0119 train_acc=100.00% val_loss=2.0978 val_acc= 50.00% lr=5.00e-04
  S2 800ms fold4/5: best_val= 56.25% (ep1) test= 43.75%
    S2 800ms fold5 ep  1/10: train_loss=0.6829 train_acc= 55.21% val_loss=0.6934 val_acc= 50.00% lr=1.00e-03
    S2 800ms fold5 ep  2/10: train_loss=0.6408 train_acc= 65.62% val_loss=0.6970 val_acc= 50.00% lr=1.00e-03
    S2 800ms fold5 ep  3/10: train_loss=0.5080 train_acc= 90.62% val_loss=0.7007 val_acc= 31.25% lr=1.00e-03
    S2 800ms fold5 ep  4/10: train_loss=0.3884 train_acc= 96.88% val_loss=0.7042 val_acc= 37.50% lr=1.00e-03
    S2 800ms fold5 ep  5/10: train_loss=0.2731 train_acc= 98.96% val_loss=0.7104 val_acc= 50.00% lr=1.00e-03
    S2 800ms fold5 ep  6/10: train_loss=0.1614 train_acc=100.00% val_loss=0.7532 val_acc= 50.00% lr=1.00e-03
    S2 800ms fold5 ep  7/10: train_loss=0.0998 train_acc=100.00% val_loss=0.8787 val_acc= 50.00% lr=5.00e-04
    S2 800ms fold5 ep  8/10: train_loss=0.0590 train_acc=100.00% val_loss=1.0198 val_acc= 50.00% lr=5.00e-04
    S2 800ms fold5 ep  9/10: train_loss=0.0386 train_acc=100.00% val_loss=1.1944 val_acc= 50.00% lr=5.00e-04
    S2 800ms fold5 ep 10/10: train_loss=0.0342 train_acc=100.00% val_loss=1.3993 val_acc= 50.00% lr=5.00e-04
  S2 800ms fold5/5: best_val= 50.00% (ep1) test= 50.00%
    S2 1500ms fold1 ep  1/10: train_loss=0.6921 train_acc= 56.25% val_loss=0.6943 val_acc= 50.00% lr=1.00e-03
    S2 1500ms fold1 ep  2/10: train_loss=0.6330 train_acc= 67.71% val_loss=0.6966 val_acc= 50.00% lr=1.00e-03
    S2 1500ms fold1 ep  3/10: train_loss=0.5102 train_acc= 88.54% val_loss=0.7086 val_acc= 50.00% lr=1.00e-03
    S2 1500ms fold1 ep  4/10: train_loss=0.4047 train_acc= 93.75% val_loss=0.7355 val_acc= 50.00% lr=1.00e-03
    S2 1500ms fold1 ep  5/10: train_loss=0.2481 train_acc= 98.96% val_loss=0.7598 val_acc= 56.25% lr=1.00e-03
    S2 1500ms fold1 ep  6/10: train_loss=0.1407 train_acc=100.00% val_loss=0.8006 val_acc= 50.00% lr=1.00e-03
    S2 1500ms fold1 ep  7/10: train_loss=0.0710 train_acc=100.00% val_loss=0.8951 val_acc= 56.25% lr=5.00e-04
    S2 1500ms fold1 ep  8/10: train_loss=0.0521 train_acc=100.00% val_loss=0.9690 val_acc= 68.75% lr=5.00e-04
    S2 1500ms fold1 ep  9/10: train_loss=0.0236 train_acc=100.00% val_loss=1.1142 val_acc= 62.50% lr=5.00e-04
    S2 1500ms fold1 ep 10/10: train_loss=0.0246 train_acc=100.00% val_loss=1.3043 val_acc= 62.50% lr=5.00e-04
  S2 1500ms fold1/5: best_val= 68.75% (ep8) test= 68.75%
    S2 1500ms fold2 ep  1/10: train_loss=0.7085 train_acc= 48.96% val_loss=0.6937 val_acc= 50.00% lr=1.00e-03
    S2 1500ms fold2 ep  2/10: train_loss=0.6471 train_acc= 67.71% val_loss=0.6922 val_acc= 50.00% lr=1.00e-03
    S2 1500ms fold2 ep  3/10: train_loss=0.6071 train_acc= 67.71% val_loss=0.6906 val_acc= 50.00% lr=1.00e-03
    S2 1500ms fold2 ep  4/10: train_loss=0.5254 train_acc= 86.46% val_loss=0.6860 val_acc= 50.00% lr=1.00e-03
    S2 1500ms fold2 ep  5/10: train_loss=0.3835 train_acc= 95.83% val_loss=0.6671 val_acc= 62.50% lr=1.00e-03
    S2 1500ms fold2 ep  6/10: train_loss=0.2807 train_acc= 96.88% val_loss=0.6397 val_acc= 62.50% lr=1.00e-03
    S2 1500ms fold2 ep  7/10: train_loss=0.1726 train_acc=100.00% val_loss=0.6392 val_acc= 68.75% lr=1.00e-03
    S2 1500ms fold2 ep  8/10: train_loss=0.0782 train_acc=100.00% val_loss=0.6919 val_acc= 68.75% lr=1.00e-03
    S2 1500ms fold2 ep  9/10: train_loss=0.0397 train_acc=100.00% val_loss=0.8104 val_acc= 68.75% lr=1.00e-03
    S2 1500ms fold2 ep 10/10: train_loss=0.0154 train_acc=100.00% val_loss=1.0145 val_acc= 68.75% lr=1.00e-03
  S2 1500ms fold2/5: best_val= 68.75% (ep7) test= 43.75%
    S2 1500ms fold3 ep  1/10: train_loss=0.6855 train_acc= 54.17% val_loss=0.6967 val_acc= 50.00% lr=1.00e-03
    S2 1500ms fold3 ep  2/10: train_loss=0.6432 train_acc= 67.71% val_loss=0.6992 val_acc= 50.00% lr=1.00e-03
    S2 1500ms fold3 ep  3/10: train_loss=0.5687 train_acc= 82.29% val_loss=0.7074 val_acc= 50.00% lr=1.00e-03
    S2 1500ms fold3 ep  4/10: train_loss=0.4459 train_acc= 92.71% val_loss=0.7295 val_acc= 50.00% lr=1.00e-03
    S2 1500ms fold3 ep  5/10: train_loss=0.3114 train_acc= 98.96% val_loss=0.7914 val_acc= 50.00% lr=1.00e-03
    S2 1500ms fold3 ep  6/10: train_loss=0.1782 train_acc= 98.96% val_loss=1.0436 val_acc= 50.00% lr=1.00e-03
    S2 1500ms fold3 ep  7/10: train_loss=0.0938 train_acc=100.00% val_loss=1.4005 val_acc= 50.00% lr=5.00e-04
    S2 1500ms fold3 ep  8/10: train_loss=0.0505 train_acc=100.00% val_loss=1.5303 val_acc= 50.00% lr=5.00e-04
    S2 1500ms fold3 ep  9/10: train_loss=0.0395 train_acc=100.00% val_loss=1.5914 val_acc= 50.00% lr=5.00e-04
    S2 1500ms fold3 ep 10/10: train_loss=0.0322 train_acc=100.00% val_loss=1.6376 val_acc= 56.25% lr=5.00e-04
  S2 1500ms fold3/5: best_val= 56.25% (ep10) test= 37.50%
    S2 1500ms fold4 ep  1/10: train_loss=0.7206 train_acc= 45.83% val_loss=0.6938 val_acc= 37.50% lr=1.00e-03
    S2 1500ms fold4 ep  2/10: train_loss=0.6454 train_acc= 61.46% val_loss=0.6947 val_acc= 50.00% lr=1.00e-03
    S2 1500ms fold4 ep  3/10: train_loss=0.5900 train_acc= 78.12% val_loss=0.6939 val_acc= 43.75% lr=1.00e-03
    S2 1500ms fold4 ep  4/10: train_loss=0.5112 train_acc= 90.62% val_loss=0.6904 val_acc= 50.00% lr=1.00e-03
    S2 1500ms fold4 ep  5/10: train_loss=0.4075 train_acc= 95.83% val_loss=0.6761 val_acc= 56.25% lr=1.00e-03
    S2 1500ms fold4 ep  6/10: train_loss=0.2319 train_acc=100.00% val_loss=0.7076 val_acc= 56.25% lr=1.00e-03
    S2 1500ms fold4 ep  7/10: train_loss=0.1247 train_acc=100.00% val_loss=0.8970 val_acc= 62.50% lr=1.00e-03
    S2 1500ms fold4 ep  8/10: train_loss=0.0542 train_acc=100.00% val_loss=1.1896 val_acc= 56.25% lr=1.00e-03
    S2 1500ms fold4 ep  9/10: train_loss=0.0275 train_acc=100.00% val_loss=1.5295 val_acc= 50.00% lr=1.00e-03
    S2 1500ms fold4 ep 10/10: train_loss=0.0185 train_acc=100.00% val_loss=1.7414 val_acc= 56.25% lr=1.00e-03
  S2 1500ms fold4/5: best_val= 62.50% (ep7) test= 43.75%
    S2 1500ms fold5 ep  1/10: train_loss=0.7079 train_acc= 41.67% val_loss=0.6930 val_acc= 50.00% lr=1.00e-03
    S2 1500ms fold5 ep  2/10: train_loss=0.6825 train_acc= 54.17% val_loss=0.6933 val_acc= 50.00% lr=1.00e-03
    S2 1500ms fold5 ep  3/10: train_loss=0.6371 train_acc= 67.71% val_loss=0.6930 val_acc= 56.25% lr=1.00e-03
    S2 1500ms fold5 ep  4/10: train_loss=0.5157 train_acc= 91.67% val_loss=0.6924 val_acc= 50.00% lr=1.00e-03
    S2 1500ms fold5 ep  5/10: train_loss=0.4219 train_acc= 95.83% val_loss=0.6995 val_acc= 50.00% lr=1.00e-03
    S2 1500ms fold5 ep  6/10: train_loss=0.2828 train_acc= 98.96% val_loss=0.7581 val_acc= 43.75% lr=1.00e-03
    S2 1500ms fold5 ep  7/10: train_loss=0.1676 train_acc=100.00% val_loss=0.9196 val_acc= 43.75% lr=1.00e-03
    S2 1500ms fold5 ep  8/10: train_loss=0.0933 train_acc=100.00% val_loss=1.1982 val_acc= 43.75% lr=1.00e-03
    S2 1500ms fold5 ep  9/10: train_loss=0.0466 train_acc=100.00% val_loss=1.5825 val_acc= 43.75% lr=1.00e-03
    S2 1500ms fold5 ep 10/10: train_loss=0.0229 train_acc=100.00% val_loss=2.0227 val_acc= 50.00% lr=5.00e-04
  S2 1500ms fold5/5: best_val= 56.25% (ep3) test= 43.75%
    S2 3000ms fold1 ep  1/10: train_loss=0.7286 train_acc= 46.88% val_loss=0.6943 val_acc= 50.00% lr=1.00e-03
    S2 3000ms fold1 ep  2/10: train_loss=0.6604 train_acc= 62.50% val_loss=0.6937 val_acc= 50.00% lr=1.00e-03
    S2 3000ms fold1 ep  3/10: train_loss=0.6510 train_acc= 62.50% val_loss=0.6919 val_acc= 50.00% lr=1.00e-03
    S2 3000ms fold1 ep  4/10: train_loss=0.6054 train_acc= 69.79% val_loss=0.6904 val_acc= 56.25% lr=1.00e-03
    S2 3000ms fold1 ep  5/10: train_loss=0.4700 train_acc= 92.71% val_loss=0.6882 val_acc= 50.00% lr=1.00e-03
    S2 3000ms fold1 ep  6/10: train_loss=0.3287 train_acc=100.00% val_loss=0.7349 val_acc= 50.00% lr=1.00e-03
    S2 3000ms fold1 ep  7/10: train_loss=0.2213 train_acc=100.00% val_loss=0.8151 val_acc= 50.00% lr=1.00e-03
    S2 3000ms fold1 ep  8/10: train_loss=0.1269 train_acc=100.00% val_loss=0.9202 val_acc= 43.75% lr=1.00e-03
    S2 3000ms fold1 ep  9/10: train_loss=0.0600 train_acc=100.00% val_loss=1.1790 val_acc= 50.00% lr=1.00e-03
    S2 3000ms fold1 ep 10/10: train_loss=0.0356 train_acc=100.00% val_loss=1.4803 val_acc= 62.50% lr=1.00e-03
  S2 3000ms fold1/5: best_val= 62.50% (ep10) test= 43.75%
    S2 3000ms fold2 ep  1/10: train_loss=0.7114 train_acc= 54.17% val_loss=0.6921 val_acc= 56.25% lr=1.00e-03
    S2 3000ms fold2 ep  2/10: train_loss=0.6599 train_acc= 63.54% val_loss=0.6940 val_acc= 50.00% lr=1.00e-03
    S2 3000ms fold2 ep  3/10: train_loss=0.5801 train_acc= 81.25% val_loss=0.6936 val_acc= 50.00% lr=1.00e-03
    S2 3000ms fold2 ep  4/10: train_loss=0.4931 train_acc= 90.62% val_loss=0.6794 val_acc= 68.75% lr=1.00e-03
    S2 3000ms fold2 ep  5/10: train_loss=0.3643 train_acc= 96.88% val_loss=0.6896 val_acc= 56.25% lr=1.00e-03
    S2 3000ms fold2 ep  6/10: train_loss=0.2464 train_acc= 98.96% val_loss=0.6609 val_acc= 56.25% lr=1.00e-03
    S2 3000ms fold2 ep  7/10: train_loss=0.1136 train_acc=100.00% val_loss=0.7153 val_acc= 62.50% lr=1.00e-03
    S2 3000ms fold2 ep  8/10: train_loss=0.0538 train_acc=100.00% val_loss=0.8288 val_acc= 62.50% lr=1.00e-03
    S2 3000ms fold2 ep  9/10: train_loss=0.0320 train_acc=100.00% val_loss=0.9603 val_acc= 56.25% lr=1.00e-03
    S2 3000ms fold2 ep 10/10: train_loss=0.0128 train_acc=100.00% val_loss=1.2734 val_acc= 50.00% lr=1.00e-03
  S2 3000ms fold2/5: best_val= 68.75% (ep4) test= 43.75%
    S2 3000ms fold3 ep  1/10: train_loss=0.7029 train_acc= 47.92% val_loss=0.6941 val_acc= 50.00% lr=1.00e-03
    S2 3000ms fold3 ep  2/10: train_loss=0.6569 train_acc= 68.75% val_loss=0.6949 val_acc= 50.00% lr=1.00e-03
    S2 3000ms fold3 ep  3/10: train_loss=0.6311 train_acc= 67.71% val_loss=0.6973 val_acc= 50.00% lr=1.00e-03
    S2 3000ms fold3 ep  4/10: train_loss=0.5530 train_acc= 82.29% val_loss=0.7010 val_acc= 50.00% lr=1.00e-03
    S2 3000ms fold3 ep  5/10: train_loss=0.4325 train_acc= 98.96% val_loss=0.7200 val_acc= 50.00% lr=1.00e-03
    S2 3000ms fold3 ep  6/10: train_loss=0.2673 train_acc=100.00% val_loss=0.7810 val_acc= 43.75% lr=1.00e-03
    S2 3000ms fold3 ep  7/10: train_loss=0.1572 train_acc=100.00% val_loss=0.9647 val_acc= 43.75% lr=5.00e-04
    S2 3000ms fold3 ep  8/10: train_loss=0.0754 train_acc=100.00% val_loss=1.1420 val_acc= 43.75% lr=5.00e-04
    S2 3000ms fold3 ep  9/10: train_loss=0.0636 train_acc=100.00% val_loss=1.3567 val_acc= 43.75% lr=5.00e-04
    S2 3000ms fold3 ep 10/10: train_loss=0.0391 train_acc=100.00% val_loss=1.5828 val_acc= 43.75% lr=5.00e-04
  S2 3000ms fold3/5: best_val= 50.00% (ep1) test= 50.00%
    S2 3000ms fold4 ep  1/10: train_loss=0.6996 train_acc= 52.08% val_loss=0.6928 val_acc= 50.00% lr=1.00e-03
    S2 3000ms fold4 ep  2/10: train_loss=0.7187 train_acc= 43.75% val_loss=0.6942 val_acc= 50.00% lr=1.00e-03
    S2 3000ms fold4 ep  3/10: train_loss=0.6676 train_acc= 65.62% val_loss=0.6952 val_acc= 50.00% lr=1.00e-03
    S2 3000ms fold4 ep  4/10: train_loss=0.6112 train_acc= 76.04% val_loss=0.7006 val_acc= 50.00% lr=1.00e-03
    S2 3000ms fold4 ep  5/10: train_loss=0.5220 train_acc= 89.58% val_loss=0.7101 val_acc= 50.00% lr=1.00e-03
    S2 3000ms fold4 ep  6/10: train_loss=0.4051 train_acc= 95.83% val_loss=0.6702 val_acc= 68.75% lr=1.00e-03
    S2 3000ms fold4 ep  7/10: train_loss=0.2633 train_acc= 98.96% val_loss=0.6532 val_acc= 50.00% lr=1.00e-03
    S2 3000ms fold4 ep  8/10: train_loss=0.1749 train_acc=100.00% val_loss=0.8397 val_acc= 68.75% lr=1.00e-03
    S2 3000ms fold4 ep  9/10: train_loss=0.1065 train_acc=100.00% val_loss=1.2162 val_acc= 56.25% lr=1.00e-03
    S2 3000ms fold4 ep 10/10: train_loss=0.0454 train_acc=100.00% val_loss=1.7259 val_acc= 50.00% lr=1.00e-03
  S2 3000ms fold4/5: best_val= 68.75% (ep6) test= 62.50%
    S2 3000ms fold5 ep  1/10: train_loss=0.6889 train_acc= 58.33% val_loss=0.6933 val_acc= 50.00% lr=1.00e-03
    S2 3000ms fold5 ep  2/10: train_loss=0.6699 train_acc= 58.33% val_loss=0.6925 val_acc= 50.00% lr=1.00e-03
    S2 3000ms fold5 ep  3/10: train_loss=0.6473 train_acc= 67.71% val_loss=0.6947 val_acc= 50.00% lr=1.00e-03
    S2 3000ms fold5 ep  4/10: train_loss=0.5811 train_acc= 84.38% val_loss=0.6964 val_acc= 50.00% lr=1.00e-03
    S2 3000ms fold5 ep  5/10: train_loss=0.4879 train_acc= 86.46% val_loss=0.6808 val_acc= 56.25% lr=1.00e-03
    S2 3000ms fold5 ep  6/10: train_loss=0.3323 train_acc= 98.96% val_loss=0.7253 val_acc= 43.75% lr=1.00e-03
    S2 3000ms fold5 ep  7/10: train_loss=0.2353 train_acc= 98.96% val_loss=0.8067 val_acc= 43.75% lr=1.00e-03
    S2 3000ms fold5 ep  8/10: train_loss=0.1314 train_acc=100.00% val_loss=0.7977 val_acc= 62.50% lr=1.00e-03
    S2 3000ms fold5 ep  9/10: train_loss=0.0807 train_acc=100.00% val_loss=0.8860 val_acc= 62.50% lr=1.00e-03
    S2 3000ms fold5 ep 10/10: train_loss=0.0445 train_acc=100.00% val_loss=1.0632 val_acc= 68.75% lr=1.00e-03
  S2 3000ms fold5/5: best_val= 68.75% (ep10) test= 37.50%
    S2 4000ms fold1 ep  1/10: train_loss=0.7333 train_acc= 46.88% val_loss=0.6918 val_acc= 62.50% lr=1.00e-03
    S2 4000ms fold1 ep  2/10: train_loss=0.6992 train_acc= 50.00% val_loss=0.6943 val_acc= 50.00% lr=1.00e-03
    S2 4000ms fold1 ep  3/10: train_loss=0.6531 train_acc= 64.58% val_loss=0.6953 val_acc= 50.00% lr=1.00e-03
    S2 4000ms fold1 ep  4/10: train_loss=0.6136 train_acc= 80.21% val_loss=0.6979 val_acc= 50.00% lr=1.00e-03
    S2 4000ms fold1 ep  5/10: train_loss=0.5501 train_acc= 88.54% val_loss=0.7037 val_acc= 43.75% lr=1.00e-03
    S2 4000ms fold1 ep  6/10: train_loss=0.4555 train_acc= 98.96% val_loss=0.7040 val_acc= 50.00% lr=1.00e-03
    S2 4000ms fold1 ep  7/10: train_loss=0.3292 train_acc=100.00% val_loss=0.7034 val_acc= 62.50% lr=5.00e-04
    S2 4000ms fold1 ep  8/10: train_loss=0.2355 train_acc=100.00% val_loss=0.8167 val_acc= 50.00% lr=5.00e-04
    S2 4000ms fold1 ep  9/10: train_loss=0.1736 train_acc=100.00% val_loss=0.9262 val_acc= 50.00% lr=5.00e-04
    S2 4000ms fold1 ep 10/10: train_loss=0.1468 train_acc=100.00% val_loss=0.9585 val_acc= 56.25% lr=5.00e-04
  S2 4000ms fold1/5: best_val= 62.50% (ep1) test= 31.25%
    S2 4000ms fold2 ep  1/10: train_loss=0.7020 train_acc= 44.79% val_loss=0.6922 val_acc= 50.00% lr=1.00e-03
    S2 4000ms fold2 ep  2/10: train_loss=0.6758 train_acc= 54.17% val_loss=0.6928 val_acc= 50.00% lr=1.00e-03
    S2 4000ms fold2 ep  3/10: train_loss=0.6292 train_acc= 78.12% val_loss=0.6929 val_acc= 56.25% lr=1.00e-03
    S2 4000ms fold2 ep  4/10: train_loss=0.5311 train_acc= 86.46% val_loss=0.6932 val_acc= 50.00% lr=1.00e-03
    S2 4000ms fold2 ep  5/10: train_loss=0.3857 train_acc= 96.88% val_loss=0.7047 val_acc= 50.00% lr=1.00e-03
    S2 4000ms fold2 ep  6/10: train_loss=0.2335 train_acc=100.00% val_loss=0.6544 val_acc= 62.50% lr=1.00e-03
    S2 4000ms fold2 ep  7/10: train_loss=0.1237 train_acc=100.00% val_loss=0.8310 val_acc= 43.75% lr=1.00e-03
    S2 4000ms fold2 ep  8/10: train_loss=0.0716 train_acc=100.00% val_loss=1.1179 val_acc= 43.75% lr=1.00e-03
    S2 4000ms fold2 ep  9/10: train_loss=0.0329 train_acc=100.00% val_loss=1.5572 val_acc= 43.75% lr=1.00e-03
    S2 4000ms fold2 ep 10/10: train_loss=0.0162 train_acc=100.00% val_loss=1.8963 val_acc= 43.75% lr=1.00e-03
  S2 4000ms fold2/5: best_val= 62.50% (ep6) test= 56.25%
    S2 4000ms fold3 ep  1/10: train_loss=0.6967 train_acc= 55.21% val_loss=0.6922 val_acc= 50.00% lr=1.00e-03
    S2 4000ms fold3 ep  2/10: train_loss=0.6566 train_acc= 66.67% val_loss=0.6929 val_acc= 50.00% lr=1.00e-03
    S2 4000ms fold3 ep  3/10: train_loss=0.6400 train_acc= 67.71% val_loss=0.6939 val_acc= 50.00% lr=1.00e-03
    S2 4000ms fold3 ep  4/10: train_loss=0.5607 train_acc= 83.33% val_loss=0.7033 val_acc= 50.00% lr=1.00e-03
    S2 4000ms fold3 ep  5/10: train_loss=0.4598 train_acc= 92.71% val_loss=0.7236 val_acc= 37.50% lr=1.00e-03
    S2 4000ms fold3 ep  6/10: train_loss=0.3143 train_acc= 94.79% val_loss=0.7993 val_acc= 31.25% lr=1.00e-03
    S2 4000ms fold3 ep  7/10: train_loss=0.1880 train_acc=100.00% val_loss=1.0943 val_acc= 37.50% lr=5.00e-04
    S2 4000ms fold3 ep  8/10: train_loss=0.1245 train_acc=100.00% val_loss=1.3585 val_acc= 25.00% lr=5.00e-04
    S2 4000ms fold3 ep  9/10: train_loss=0.0994 train_acc=100.00% val_loss=1.6807 val_acc= 25.00% lr=5.00e-04
    S2 4000ms fold3 ep 10/10: train_loss=0.0572 train_acc=100.00% val_loss=2.0141 val_acc= 25.00% lr=5.00e-04
  S2 4000ms fold3/5: best_val= 50.00% (ep1) test= 50.00%
    S2 4000ms fold4 ep  1/10: train_loss=0.6962 train_acc= 50.00% val_loss=0.6929 val_acc= 50.00% lr=1.00e-03
    S2 4000ms fold4 ep  2/10: train_loss=0.6625 train_acc= 61.46% val_loss=0.6933 val_acc= 50.00% lr=1.00e-03
    S2 4000ms fold4 ep  3/10: train_loss=0.6322 train_acc= 68.75% val_loss=0.6947 val_acc= 50.00% lr=1.00e-03
    S2 4000ms fold4 ep  4/10: train_loss=0.5768 train_acc= 82.29% val_loss=0.6979 val_acc= 50.00% lr=1.00e-03
    S2 4000ms fold4 ep  5/10: train_loss=0.4381 train_acc= 94.79% val_loss=0.6901 val_acc= 50.00% lr=1.00e-03
    S2 4000ms fold4 ep  6/10: train_loss=0.3405 train_acc= 97.92% val_loss=0.6743 val_acc= 62.50% lr=1.00e-03
    S2 4000ms fold4 ep  7/10: train_loss=0.1800 train_acc=100.00% val_loss=0.7240 val_acc= 62.50% lr=1.00e-03
    S2 4000ms fold4 ep  8/10: train_loss=0.0960 train_acc=100.00% val_loss=0.9197 val_acc= 62.50% lr=1.00e-03
    S2 4000ms fold4 ep  9/10: train_loss=0.0535 train_acc=100.00% val_loss=1.2425 val_acc= 56.25% lr=1.00e-03
    S2 4000ms fold4 ep 10/10: train_loss=0.0212 train_acc=100.00% val_loss=1.5889 val_acc= 62.50% lr=1.00e-03
  S2 4000ms fold4/5: best_val= 62.50% (ep6) test= 56.25%
    S2 4000ms fold5 ep  1/10: train_loss=0.7063 train_acc= 42.71% val_loss=0.6941 val_acc= 50.00% lr=1.00e-03
    S2 4000ms fold5 ep  2/10: train_loss=0.6624 train_acc= 60.42% val_loss=0.6963 val_acc= 50.00% lr=1.00e-03
    S2 4000ms fold5 ep  3/10: train_loss=0.6151 train_acc= 71.88% val_loss=0.6979 val_acc= 50.00% lr=1.00e-03
    S2 4000ms fold5 ep  4/10: train_loss=0.4960 train_acc= 89.58% val_loss=0.6959 val_acc= 37.50% lr=1.00e-03
    S2 4000ms fold5 ep  5/10: train_loss=0.3533 train_acc=100.00% val_loss=0.7470 val_acc= 43.75% lr=1.00e-03
    S2 4000ms fold5 ep  6/10: train_loss=0.2038 train_acc=100.00% val_loss=0.9223 val_acc= 31.25% lr=1.00e-03
    S2 4000ms fold5 ep  7/10: train_loss=0.0970 train_acc=100.00% val_loss=1.1775 val_acc= 37.50% lr=5.00e-04
    S2 4000ms fold5 ep  8/10: train_loss=0.0562 train_acc=100.00% val_loss=1.3742 val_acc= 37.50% lr=5.00e-04
    S2 4000ms fold5 ep  9/10: train_loss=0.0344 train_acc=100.00% val_loss=1.6035 val_acc= 37.50% lr=5.00e-04
    S2 4000ms fold5 ep 10/10: train_loss=0.0348 train_acc=100.00% val_loss=1.8031 val_acc= 37.50% lr=5.00e-04
  S2 4000ms fold5/5: best_val= 50.00% (ep1) test= 50.00%
S 2: 800ms= 52.50%  1500ms= 47.50%  3000ms= 47.50%  4000ms= 48.75%   (11s)
    S3 800ms fold1 ep  1/10: train_loss=0.6900 train_acc= 54.17% val_loss=0.6911 val_acc= 50.00% lr=1.00e-03
    S3 800ms fold1 ep  2/10: train_loss=0.6281 train_acc= 71.88% val_loss=0.6872 val_acc= 75.00% lr=1.00e-03
    S3 800ms fold1 ep  3/10: train_loss=0.5670 train_acc= 88.54% val_loss=0.6790 val_acc= 68.75% lr=1.00e-03
    S3 800ms fold1 ep  4/10: train_loss=0.4225 train_acc= 96.88% val_loss=0.6557 val_acc= 81.25% lr=1.00e-03
    S3 800ms fold1 ep  5/10: train_loss=0.3017 train_acc=100.00% val_loss=0.6163 val_acc= 75.00% lr=1.00e-03
    S3 800ms fold1 ep  6/10: train_loss=0.1534 train_acc=100.00% val_loss=0.5989 val_acc= 75.00% lr=1.00e-03
    S3 800ms fold1 ep  7/10: train_loss=0.0883 train_acc=100.00% val_loss=0.6526 val_acc= 75.00% lr=1.00e-03
    S3 800ms fold1 ep  8/10: train_loss=0.0278 train_acc=100.00% val_loss=0.8032 val_acc= 75.00% lr=1.00e-03
    S3 800ms fold1 ep  9/10: train_loss=0.0156 train_acc=100.00% val_loss=1.0179 val_acc= 75.00% lr=1.00e-03
    S3 800ms fold1 ep 10/10: train_loss=0.0052 train_acc=100.00% val_loss=1.2728 val_acc= 75.00% lr=1.00e-03
  S3 800ms fold1/5: best_val= 81.25% (ep4) test= 56.25%
    S3 800ms fold2 ep  1/10: train_loss=0.6960 train_acc= 55.21% val_loss=0.6919 val_acc= 62.50% lr=1.00e-03
    S3 800ms fold2 ep  2/10: train_loss=0.6370 train_acc= 66.67% val_loss=0.6893 val_acc= 50.00% lr=1.00e-03
    S3 800ms fold2 ep  3/10: train_loss=0.5213 train_acc= 88.54% val_loss=0.6881 val_acc= 50.00% lr=1.00e-03
    S3 800ms fold2 ep  4/10: train_loss=0.3886 train_acc= 96.88% val_loss=0.6798 val_acc= 56.25% lr=1.00e-03
    S3 800ms fold2 ep  5/10: train_loss=0.2415 train_acc=100.00% val_loss=0.6593 val_acc= 68.75% lr=1.00e-03
    S3 800ms fold2 ep  6/10: train_loss=0.1318 train_acc=100.00% val_loss=0.6488 val_acc= 75.00% lr=1.00e-03
    S3 800ms fold2 ep  7/10: train_loss=0.1051 train_acc=100.00% val_loss=0.7761 val_acc= 75.00% lr=1.00e-03
    S3 800ms fold2 ep  8/10: train_loss=0.0334 train_acc=100.00% val_loss=0.9728 val_acc= 68.75% lr=1.00e-03
    S3 800ms fold2 ep  9/10: train_loss=0.0135 train_acc=100.00% val_loss=1.1790 val_acc= 68.75% lr=1.00e-03
    S3 800ms fold2 ep 10/10: train_loss=0.0083 train_acc=100.00% val_loss=1.3640 val_acc= 75.00% lr=1.00e-03
  S3 800ms fold2/5: best_val= 75.00% (ep6) test= 81.25%
    S3 800ms fold3 ep  1/10: train_loss=0.6988 train_acc= 50.00% val_loss=0.6952 val_acc= 43.75% lr=1.00e-03
    S3 800ms fold3 ep  2/10: train_loss=0.6734 train_acc= 60.42% val_loss=0.6941 val_acc= 50.00% lr=1.00e-03
    S3 800ms fold3 ep  3/10: train_loss=0.6319 train_acc= 72.92% val_loss=0.6901 val_acc= 56.25% lr=1.00e-03
    S3 800ms fold3 ep  4/10: train_loss=0.5844 train_acc= 78.12% val_loss=0.6746 val_acc= 68.75% lr=1.00e-03
    S3 800ms fold3 ep  5/10: train_loss=0.4824 train_acc= 90.62% val_loss=0.6408 val_acc= 75.00% lr=1.00e-03
    S3 800ms fold3 ep  6/10: train_loss=0.3467 train_acc= 97.92% val_loss=0.6056 val_acc= 75.00% lr=1.00e-03
    S3 800ms fold3 ep  7/10: train_loss=0.2126 train_acc=100.00% val_loss=0.5698 val_acc= 68.75% lr=1.00e-03
    S3 800ms fold3 ep  8/10: train_loss=0.1147 train_acc=100.00% val_loss=0.6525 val_acc= 68.75% lr=1.00e-03
    S3 800ms fold3 ep  9/10: train_loss=0.0725 train_acc=100.00% val_loss=0.7060 val_acc= 75.00% lr=1.00e-03
    S3 800ms fold3 ep 10/10: train_loss=0.0303 train_acc=100.00% val_loss=0.8275 val_acc= 75.00% lr=1.00e-03
  S3 800ms fold3/5: best_val= 75.00% (ep5) test= 68.75%
    S3 800ms fold4 ep  1/10: train_loss=0.7005 train_acc= 51.04% val_loss=0.6924 val_acc= 50.00% lr=1.00e-03
    S3 800ms fold4 ep  2/10: train_loss=0.6505 train_acc= 63.54% val_loss=0.6891 val_acc= 56.25% lr=1.00e-03
    S3 800ms fold4 ep  3/10: train_loss=0.5834 train_acc= 81.25% val_loss=0.6837 val_acc= 68.75% lr=1.00e-03
    S3 800ms fold4 ep  4/10: train_loss=0.5188 train_acc= 87.50% val_loss=0.6701 val_acc= 62.50% lr=1.00e-03
    S3 800ms fold4 ep  5/10: train_loss=0.3988 train_acc= 95.83% val_loss=0.6422 val_acc= 75.00% lr=1.00e-03
    S3 800ms fold4 ep  6/10: train_loss=0.2300 train_acc=100.00% val_loss=0.6236 val_acc= 62.50% lr=1.00e-03
    S3 800ms fold4 ep  7/10: train_loss=0.1374 train_acc=100.00% val_loss=0.5932 val_acc= 62.50% lr=1.00e-03
    S3 800ms fold4 ep  8/10: train_loss=0.0669 train_acc=100.00% val_loss=0.5154 val_acc= 75.00% lr=1.00e-03
    S3 800ms fold4 ep  9/10: train_loss=0.0365 train_acc=100.00% val_loss=0.4920 val_acc= 81.25% lr=1.00e-03
    S3 800ms fold4 ep 10/10: train_loss=0.0200 train_acc=100.00% val_loss=0.5913 val_acc= 81.25% lr=1.00e-03
  S3 800ms fold4/5: best_val= 81.25% (ep9) test= 68.75%
    S3 800ms fold5 ep  1/10: train_loss=0.6917 train_acc= 52.08% val_loss=0.6925 val_acc= 62.50% lr=1.00e-03
    S3 800ms fold5 ep  2/10: train_loss=0.6439 train_acc= 64.58% val_loss=0.6874 val_acc= 68.75% lr=1.00e-03
    S3 800ms fold5 ep  3/10: train_loss=0.5603 train_acc= 87.50% val_loss=0.6641 val_acc= 75.00% lr=1.00e-03
    S3 800ms fold5 ep  4/10: train_loss=0.4043 train_acc= 95.83% val_loss=0.6646 val_acc= 56.25% lr=1.00e-03
    S3 800ms fold5 ep  5/10: train_loss=0.2645 train_acc=100.00% val_loss=0.6654 val_acc= 56.25% lr=1.00e-03
    S3 800ms fold5 ep  6/10: train_loss=0.1487 train_acc=100.00% val_loss=0.6942 val_acc= 56.25% lr=1.00e-03
    S3 800ms fold5 ep  7/10: train_loss=0.0676 train_acc=100.00% val_loss=0.7540 val_acc= 62.50% lr=1.00e-03
    S3 800ms fold5 ep  8/10: train_loss=0.0380 train_acc=100.00% val_loss=0.8036 val_acc= 62.50% lr=1.00e-03
    S3 800ms fold5 ep  9/10: train_loss=0.0181 train_acc=100.00% val_loss=0.7534 val_acc= 75.00% lr=5.00e-04
    S3 800ms fold5 ep 10/10: train_loss=0.0097 train_acc=100.00% val_loss=0.7111 val_acc= 81.25% lr=5.00e-04
  S3 800ms fold5/5: best_val= 81.25% (ep10) test= 75.00%
    S3 1500ms fold1 ep  1/10: train_loss=0.7070 train_acc= 44.79% val_loss=0.6946 val_acc= 31.25% lr=1.00e-03
    S3 1500ms fold1 ep  2/10: train_loss=0.6906 train_acc= 54.17% val_loss=0.6947 val_acc= 50.00% lr=1.00e-03
    S3 1500ms fold1 ep  3/10: train_loss=0.6644 train_acc= 70.83% val_loss=0.6932 val_acc= 50.00% lr=1.00e-03
    S3 1500ms fold1 ep  4/10: train_loss=0.6390 train_acc= 68.75% val_loss=0.6886 val_acc= 50.00% lr=1.00e-03
    S3 1500ms fold1 ep  5/10: train_loss=0.5902 train_acc= 81.25% val_loss=0.6818 val_acc= 50.00% lr=1.00e-03
    S3 1500ms fold1 ep  6/10: train_loss=0.4992 train_acc= 93.75% val_loss=0.6876 val_acc= 56.25% lr=1.00e-03
    S3 1500ms fold1 ep  7/10: train_loss=0.3555 train_acc=100.00% val_loss=0.7666 val_acc= 50.00% lr=1.00e-03
    S3 1500ms fold1 ep  8/10: train_loss=0.2189 train_acc=100.00% val_loss=0.9518 val_acc= 50.00% lr=1.00e-03
    S3 1500ms fold1 ep  9/10: train_loss=0.1540 train_acc=100.00% val_loss=0.9443 val_acc= 56.25% lr=1.00e-03
    S3 1500ms fold1 ep 10/10: train_loss=0.0637 train_acc= 98.96% val_loss=1.2859 val_acc= 56.25% lr=1.00e-03
  S3 1500ms fold1/5: best_val= 56.25% (ep6) test= 62.50%
    S3 1500ms fold2 ep  1/10: train_loss=0.7151 train_acc= 51.04% val_loss=0.6924 val_acc= 50.00% lr=1.00e-03
    S3 1500ms fold2 ep  2/10: train_loss=0.6831 train_acc= 54.17% val_loss=0.6915 val_acc= 50.00% lr=1.00e-03
    S3 1500ms fold2 ep  3/10: train_loss=0.6509 train_acc= 69.79% val_loss=0.6913 val_acc= 50.00% lr=1.00e-03
    S3 1500ms fold2 ep  4/10: train_loss=0.6146 train_acc= 78.12% val_loss=0.6910 val_acc= 50.00% lr=1.00e-03
    S3 1500ms fold2 ep  5/10: train_loss=0.5229 train_acc= 91.67% val_loss=0.6840 val_acc= 43.75% lr=1.00e-03
    S3 1500ms fold2 ep  6/10: train_loss=0.4324 train_acc= 95.83% val_loss=0.6689 val_acc= 50.00% lr=1.00e-03
    S3 1500ms fold2 ep  7/10: train_loss=0.3137 train_acc=100.00% val_loss=0.6506 val_acc= 56.25% lr=1.00e-03
    S3 1500ms fold2 ep  8/10: train_loss=0.1954 train_acc=100.00% val_loss=0.5678 val_acc= 75.00% lr=1.00e-03
    S3 1500ms fold2 ep  9/10: train_loss=0.0857 train_acc=100.00% val_loss=0.5970 val_acc= 75.00% lr=1.00e-03
    S3 1500ms fold2 ep 10/10: train_loss=0.0521 train_acc=100.00% val_loss=0.6973 val_acc= 75.00% lr=1.00e-03
  S3 1500ms fold2/5: best_val= 75.00% (ep8) test= 62.50%
    S3 1500ms fold3 ep  1/10: train_loss=0.7108 train_acc= 41.67% val_loss=0.6932 val_acc= 50.00% lr=1.00e-03
    S3 1500ms fold3 ep  2/10: train_loss=0.6857 train_acc= 56.25% val_loss=0.6933 val_acc= 50.00% lr=1.00e-03
    S3 1500ms fold3 ep  3/10: train_loss=0.6669 train_acc= 60.42% val_loss=0.6913 val_acc= 50.00% lr=1.00e-03
    S3 1500ms fold3 ep  4/10: train_loss=0.6303 train_acc= 68.75% val_loss=0.6862 val_acc= 50.00% lr=1.00e-03
    S3 1500ms fold3 ep  5/10: train_loss=0.5842 train_acc= 82.29% val_loss=0.6799 val_acc= 56.25% lr=1.00e-03
    S3 1500ms fold3 ep  6/10: train_loss=0.4672 train_acc= 91.67% val_loss=0.6667 val_acc= 56.25% lr=1.00e-03
    S3 1500ms fold3 ep  7/10: train_loss=0.3210 train_acc= 95.83% val_loss=0.5917 val_acc= 62.50% lr=1.00e-03
    S3 1500ms fold3 ep  8/10: train_loss=0.1926 train_acc=100.00% val_loss=0.7554 val_acc= 62.50% lr=1.00e-03
    S3 1500ms fold3 ep  9/10: train_loss=0.0806 train_acc=100.00% val_loss=0.8999 val_acc= 68.75% lr=1.00e-03
    S3 1500ms fold3 ep 10/10: train_loss=0.0452 train_acc=100.00% val_loss=0.7174 val_acc= 68.75% lr=1.00e-03
  S3 1500ms fold3/5: best_val= 68.75% (ep9) test= 68.75%
    S3 1500ms fold4 ep  1/10: train_loss=0.6610 train_acc= 64.58% val_loss=0.6916 val_acc= 56.25% lr=1.00e-03
    S3 1500ms fold4 ep  2/10: train_loss=0.6904 train_acc= 59.38% val_loss=0.6902 val_acc= 56.25% lr=1.00e-03
    S3 1500ms fold4 ep  3/10: train_loss=0.6523 train_acc= 66.67% val_loss=0.6905 val_acc= 50.00% lr=1.00e-03
    S3 1500ms fold4 ep  4/10: train_loss=0.5772 train_acc= 81.25% val_loss=0.6943 val_acc= 43.75% lr=1.00e-03
    S3 1500ms fold4 ep  5/10: train_loss=0.5038 train_acc= 88.54% val_loss=0.6991 val_acc= 43.75% lr=1.00e-03
    S3 1500ms fold4 ep  6/10: train_loss=0.3675 train_acc= 94.79% val_loss=0.6959 val_acc= 68.75% lr=1.00e-03
    S3 1500ms fold4 ep  7/10: train_loss=0.2149 train_acc=100.00% val_loss=0.7183 val_acc= 50.00% lr=1.00e-03
    S3 1500ms fold4 ep  8/10: train_loss=0.1343 train_acc=100.00% val_loss=0.8328 val_acc= 56.25% lr=5.00e-04
    S3 1500ms fold4 ep  9/10: train_loss=0.0891 train_acc=100.00% val_loss=0.9647 val_acc= 56.25% lr=5.00e-04
    S3 1500ms fold4 ep 10/10: train_loss=0.0726 train_acc= 98.96% val_loss=1.1357 val_acc= 62.50% lr=5.00e-04
  S3 1500ms fold4/5: best_val= 68.75% (ep6) test= 56.25%
    S3 1500ms fold5 ep  1/10: train_loss=0.7198 train_acc= 46.88% val_loss=0.6918 val_acc= 56.25% lr=1.00e-03
    S3 1500ms fold5 ep  2/10: train_loss=0.6660 train_acc= 63.54% val_loss=0.6922 val_acc= 56.25% lr=1.00e-03
    S3 1500ms fold5 ep  3/10: train_loss=0.6494 train_acc= 63.54% val_loss=0.6931 val_acc= 56.25% lr=1.00e-03
    S3 1500ms fold5 ep  4/10: train_loss=0.5857 train_acc= 77.08% val_loss=0.6910 val_acc= 56.25% lr=1.00e-03
    S3 1500ms fold5 ep  5/10: train_loss=0.4884 train_acc= 90.62% val_loss=0.6905 val_acc= 50.00% lr=1.00e-03
    S3 1500ms fold5 ep  6/10: train_loss=0.3445 train_acc= 97.92% val_loss=0.7207 val_acc= 50.00% lr=1.00e-03
    S3 1500ms fold5 ep  7/10: train_loss=0.1957 train_acc= 97.92% val_loss=0.7366 val_acc= 56.25% lr=1.00e-03
    S3 1500ms fold5 ep  8/10: train_loss=0.1067 train_acc=100.00% val_loss=0.5018 val_acc= 81.25% lr=1.00e-03
    S3 1500ms fold5 ep  9/10: train_loss=0.0560 train_acc=100.00% val_loss=0.6182 val_acc= 68.75% lr=1.00e-03
    S3 1500ms fold5 ep 10/10: train_loss=0.0257 train_acc=100.00% val_loss=0.8272 val_acc= 68.75% lr=1.00e-03
  S3 1500ms fold5/5: best_val= 81.25% (ep8) test= 56.25%
    S3 3000ms fold1 ep  1/10: train_loss=0.7015 train_acc= 47.92% val_loss=0.6926 val_acc= 50.00% lr=1.00e-03
    S3 3000ms fold1 ep  2/10: train_loss=0.6921 train_acc= 52.08% val_loss=0.6923 val_acc= 50.00% lr=1.00e-03
    S3 3000ms fold1 ep  3/10: train_loss=0.6701 train_acc= 58.33% val_loss=0.6944 val_acc= 43.75% lr=1.00e-03
    S3 3000ms fold1 ep  4/10: train_loss=0.6400 train_acc= 66.67% val_loss=0.6952 val_acc= 56.25% lr=1.00e-03
    S3 3000ms fold1 ep  5/10: train_loss=0.5776 train_acc= 82.29% val_loss=0.7022 val_acc= 50.00% lr=1.00e-03
    S3 3000ms fold1 ep  6/10: train_loss=0.4920 train_acc= 88.54% val_loss=0.7100 val_acc= 43.75% lr=1.00e-03
    S3 3000ms fold1 ep  7/10: train_loss=0.3797 train_acc= 95.83% val_loss=0.7235 val_acc= 50.00% lr=1.00e-03
    S3 3000ms fold1 ep  8/10: train_loss=0.2383 train_acc= 98.96% val_loss=0.7808 val_acc= 37.50% lr=5.00e-04
    S3 3000ms fold1 ep  9/10: train_loss=0.1589 train_acc=100.00% val_loss=0.8697 val_acc= 43.75% lr=5.00e-04
    S3 3000ms fold1 ep 10/10: train_loss=0.0910 train_acc=100.00% val_loss=1.5085 val_acc= 43.75% lr=5.00e-04
  S3 3000ms fold1/5: best_val= 56.25% (ep4) test= 50.00%
    S3 3000ms fold2 ep  1/10: train_loss=0.7028 train_acc= 48.96% val_loss=0.6930 val_acc= 50.00% lr=1.00e-03
    S3 3000ms fold2 ep  2/10: train_loss=0.6788 train_acc= 60.42% val_loss=0.6929 val_acc= 50.00% lr=1.00e-03
    S3 3000ms fold2 ep  3/10: train_loss=0.6541 train_acc= 62.50% val_loss=0.6970 val_acc= 50.00% lr=1.00e-03
    S3 3000ms fold2 ep  4/10: train_loss=0.6201 train_acc= 69.79% val_loss=0.7028 val_acc= 50.00% lr=1.00e-03
    S3 3000ms fold2 ep  5/10: train_loss=0.5660 train_acc= 77.08% val_loss=0.7057 val_acc= 56.25% lr=1.00e-03
    S3 3000ms fold2 ep  6/10: train_loss=0.4757 train_acc= 86.46% val_loss=0.7327 val_acc= 50.00% lr=1.00e-03
    S3 3000ms fold2 ep  7/10: train_loss=0.3521 train_acc= 96.88% val_loss=0.6616 val_acc= 56.25% lr=1.00e-03
    S3 3000ms fold2 ep  8/10: train_loss=0.2390 train_acc= 98.96% val_loss=0.8871 val_acc= 50.00% lr=1.00e-03
    S3 3000ms fold2 ep  9/10: train_loss=0.1480 train_acc=100.00% val_loss=1.0600 val_acc= 50.00% lr=1.00e-03
    S3 3000ms fold2 ep 10/10: train_loss=0.0664 train_acc=100.00% val_loss=0.9989 val_acc= 62.50% lr=1.00e-03
  S3 3000ms fold2/5: best_val= 62.50% (ep10) test= 56.25%
    S3 3000ms fold3 ep  1/10: train_loss=0.6881 train_acc= 56.25% val_loss=0.6942 val_acc= 50.00% lr=1.00e-03
    S3 3000ms fold3 ep  2/10: train_loss=0.6768 train_acc= 60.42% val_loss=0.6944 val_acc= 50.00% lr=1.00e-03
    S3 3000ms fold3 ep  3/10: train_loss=0.5942 train_acc= 79.17% val_loss=0.6960 val_acc= 50.00% lr=1.00e-03
    S3 3000ms fold3 ep  4/10: train_loss=0.4987 train_acc= 87.50% val_loss=0.6945 val_acc= 50.00% lr=1.00e-03
    S3 3000ms fold3 ep  5/10: train_loss=0.3985 train_acc= 94.79% val_loss=0.6705 val_acc= 56.25% lr=1.00e-03
    S3 3000ms fold3 ep  6/10: train_loss=0.2381 train_acc=100.00% val_loss=0.8531 val_acc= 50.00% lr=1.00e-03
    S3 3000ms fold3 ep  7/10: train_loss=0.1558 train_acc=100.00% val_loss=0.8763 val_acc= 43.75% lr=1.00e-03
    S3 3000ms fold3 ep  8/10: train_loss=0.0715 train_acc=100.00% val_loss=1.1682 val_acc= 50.00% lr=1.00e-03
    S3 3000ms fold3 ep  9/10: train_loss=0.0446 train_acc=100.00% val_loss=1.0297 val_acc= 56.25% lr=1.00e-03
    S3 3000ms fold3 ep 10/10: train_loss=0.0671 train_acc= 97.92% val_loss=2.3233 val_acc= 50.00% lr=1.00e-03
  S3 3000ms fold3/5: best_val= 56.25% (ep5) test= 56.25%
    S3 3000ms fold4 ep  1/10: train_loss=0.7236 train_acc= 47.92% val_loss=0.6917 val_acc= 56.25% lr=1.00e-03
    S3 3000ms fold4 ep  2/10: train_loss=0.6747 train_acc= 64.58% val_loss=0.6907 val_acc= 50.00% lr=1.00e-03
    S3 3000ms fold4 ep  3/10: train_loss=0.6561 train_acc= 62.50% val_loss=0.6894 val_acc= 62.50% lr=1.00e-03
    S3 3000ms fold4 ep  4/10: train_loss=0.5917 train_acc= 81.25% val_loss=0.6812 val_acc= 62.50% lr=1.00e-03
    S3 3000ms fold4 ep  5/10: train_loss=0.4944 train_acc= 93.75% val_loss=0.6569 val_acc= 68.75% lr=1.00e-03
    S3 3000ms fold4 ep  6/10: train_loss=0.3998 train_acc= 94.79% val_loss=0.6331 val_acc= 56.25% lr=1.00e-03
    S3 3000ms fold4 ep  7/10: train_loss=0.2757 train_acc= 97.92% val_loss=0.7925 val_acc= 50.00% lr=1.00e-03
    S3 3000ms fold4 ep  8/10: train_loss=0.1514 train_acc= 98.96% val_loss=0.6280 val_acc= 68.75% lr=1.00e-03
    S3 3000ms fold4 ep  9/10: train_loss=0.0877 train_acc=100.00% val_loss=0.9618 val_acc= 62.50% lr=1.00e-03
    S3 3000ms fold4 ep 10/10: train_loss=0.0435 train_acc=100.00% val_loss=1.3717 val_acc= 68.75% lr=1.00e-03
  S3 3000ms fold4/5: best_val= 68.75% (ep5) test= 37.50%
    S3 3000ms fold5 ep  1/10: train_loss=0.6911 train_acc= 45.83% val_loss=0.6937 val_acc= 50.00% lr=1.00e-03
    S3 3000ms fold5 ep  2/10: train_loss=0.6817 train_acc= 59.38% val_loss=0.6943 val_acc= 50.00% lr=1.00e-03
    S3 3000ms fold5 ep  3/10: train_loss=0.6389 train_acc= 62.50% val_loss=0.6979 val_acc= 50.00% lr=1.00e-03
    S3 3000ms fold5 ep  4/10: train_loss=0.6095 train_acc= 69.79% val_loss=0.7410 val_acc= 37.50% lr=1.00e-03
    S3 3000ms fold5 ep  5/10: train_loss=0.5662 train_acc= 73.96% val_loss=0.7520 val_acc= 31.25% lr=1.00e-03
    S3 3000ms fold5 ep  6/10: train_loss=0.4129 train_acc= 92.71% val_loss=0.7787 val_acc= 43.75% lr=1.00e-03
    S3 3000ms fold5 ep  7/10: train_loss=0.2881 train_acc= 97.92% val_loss=0.8225 val_acc= 50.00% lr=5.00e-04
    S3 3000ms fold5 ep  8/10: train_loss=0.2301 train_acc= 95.83% val_loss=1.0315 val_acc= 31.25% lr=5.00e-04
    S3 3000ms fold5 ep  9/10: train_loss=0.1875 train_acc= 94.79% val_loss=1.2750 val_acc= 37.50% lr=5.00e-04
    S3 3000ms fold5 ep 10/10: train_loss=0.1064 train_acc=100.00% val_loss=1.1173 val_acc= 56.25% lr=5.00e-04
  S3 3000ms fold5/5: best_val= 56.25% (ep10) test= 50.00%
    S3 4000ms fold1 ep  1/10: train_loss=0.7254 train_acc= 45.83% val_loss=0.6944 val_acc= 50.00% lr=1.00e-03
    S3 4000ms fold1 ep  2/10: train_loss=0.6988 train_acc= 52.08% val_loss=0.6954 val_acc= 50.00% lr=1.00e-03
    S3 4000ms fold1 ep  3/10: train_loss=0.6542 train_acc= 64.58% val_loss=0.6965 val_acc= 50.00% lr=1.00e-03
    S3 4000ms fold1 ep  4/10: train_loss=0.6768 train_acc= 59.38% val_loss=0.6966 val_acc= 50.00% lr=1.00e-03
    S3 4000ms fold1 ep  5/10: train_loss=0.6650 train_acc= 58.33% val_loss=0.6905 val_acc= 50.00% lr=1.00e-03
    S3 4000ms fold1 ep  6/10: train_loss=0.6205 train_acc= 73.96% val_loss=0.6846 val_acc= 56.25% lr=1.00e-03
    S3 4000ms fold1 ep  7/10: train_loss=0.5652 train_acc= 76.04% val_loss=0.6773 val_acc= 62.50% lr=1.00e-03
    S3 4000ms fold1 ep  8/10: train_loss=0.4578 train_acc= 86.46% val_loss=0.7313 val_acc= 56.25% lr=1.00e-03
    S3 4000ms fold1 ep  9/10: train_loss=0.3821 train_acc= 92.71% val_loss=0.7668 val_acc= 50.00% lr=1.00e-03
    S3 4000ms fold1 ep 10/10: train_loss=0.2390 train_acc= 97.92% val_loss=1.0431 val_acc= 50.00% lr=1.00e-03
  S3 4000ms fold1/5: best_val= 62.50% (ep7) test= 43.75%
    S3 4000ms fold2 ep  1/10: train_loss=0.7117 train_acc= 39.58% val_loss=0.6921 val_acc= 56.25% lr=1.00e-03
    S3 4000ms fold2 ep  2/10: train_loss=0.6901 train_acc= 51.04% val_loss=0.6938 val_acc= 43.75% lr=1.00e-03
    S3 4000ms fold2 ep  3/10: train_loss=0.6754 train_acc= 59.38% val_loss=0.6956 val_acc= 50.00% lr=1.00e-03
    S3 4000ms fold2 ep  4/10: train_loss=0.6548 train_acc= 65.62% val_loss=0.6980 val_acc= 37.50% lr=1.00e-03
    S3 4000ms fold2 ep  5/10: train_loss=0.6316 train_acc= 73.96% val_loss=0.7088 val_acc= 37.50% lr=1.00e-03
    S3 4000ms fold2 ep  6/10: train_loss=0.5598 train_acc= 80.21% val_loss=0.7268 val_acc= 43.75% lr=1.00e-03
    S3 4000ms fold2 ep  7/10: train_loss=0.4782 train_acc= 85.42% val_loss=0.7709 val_acc= 50.00% lr=5.00e-04
    S3 4000ms fold2 ep  8/10: train_loss=0.4041 train_acc= 97.92% val_loss=0.7546 val_acc= 50.00% lr=5.00e-04
    S3 4000ms fold2 ep  9/10: train_loss=0.3237 train_acc= 96.88% val_loss=0.8023 val_acc= 50.00% lr=5.00e-04
    S3 4000ms fold2 ep 10/10: train_loss=0.2363 train_acc= 98.96% val_loss=0.9859 val_acc= 50.00% lr=5.00e-04
  S3 4000ms fold2/5: best_val= 56.25% (ep1) test= 56.25%
    S3 4000ms fold3 ep  1/10: train_loss=0.7056 train_acc= 55.21% val_loss=0.6937 val_acc= 50.00% lr=1.00e-03
    S3 4000ms fold3 ep  2/10: train_loss=0.6494 train_acc= 67.71% val_loss=0.6956 val_acc= 50.00% lr=1.00e-03
    S3 4000ms fold3 ep  3/10: train_loss=0.6344 train_acc= 68.75% val_loss=0.6992 val_acc= 43.75% lr=1.00e-03
    S3 4000ms fold3 ep  4/10: train_loss=0.6244 train_acc= 65.62% val_loss=0.6978 val_acc= 56.25% lr=1.00e-03
    S3 4000ms fold3 ep  5/10: train_loss=0.5543 train_acc= 81.25% val_loss=0.6991 val_acc= 43.75% lr=1.00e-03
    S3 4000ms fold3 ep  6/10: train_loss=0.4366 train_acc= 90.62% val_loss=0.6863 val_acc= 50.00% lr=1.00e-03
    S3 4000ms fold3 ep  7/10: train_loss=0.3064 train_acc= 98.96% val_loss=0.6484 val_acc= 68.75% lr=1.00e-03
    S3 4000ms fold3 ep  8/10: train_loss=0.1901 train_acc= 98.96% val_loss=0.7162 val_acc= 50.00% lr=1.00e-03
    S3 4000ms fold3 ep  9/10: train_loss=0.1176 train_acc=100.00% val_loss=0.8399 val_acc= 68.75% lr=1.00e-03
    S3 4000ms fold3 ep 10/10: train_loss=0.0604 train_acc=100.00% val_loss=1.1044 val_acc= 68.75% lr=1.00e-03
  S3 4000ms fold3/5: best_val= 68.75% (ep7) test= 50.00%
    S3 4000ms fold4 ep  1/10: train_loss=0.7121 train_acc= 46.88% val_loss=0.6924 val_acc= 50.00% lr=1.00e-03
    S3 4000ms fold4 ep  2/10: train_loss=0.6691 train_acc= 63.54% val_loss=0.6931 val_acc= 50.00% lr=1.00e-03
    S3 4000ms fold4 ep  3/10: train_loss=0.6463 train_acc= 66.67% val_loss=0.6920 val_acc= 37.50% lr=1.00e-03
    S3 4000ms fold4 ep  4/10: train_loss=0.6196 train_acc= 70.83% val_loss=0.6864 val_acc= 68.75% lr=1.00e-03
    S3 4000ms fold4 ep  5/10: train_loss=0.5226 train_acc= 85.42% val_loss=0.6889 val_acc= 37.50% lr=1.00e-03
    S3 4000ms fold4 ep  6/10: train_loss=0.3632 train_acc= 95.83% val_loss=0.7019 val_acc= 50.00% lr=1.00e-03
    S3 4000ms fold4 ep  7/10: train_loss=0.3069 train_acc= 93.75% val_loss=0.8982 val_acc= 43.75% lr=1.00e-03
    S3 4000ms fold4 ep  8/10: train_loss=0.1727 train_acc= 97.92% val_loss=0.7737 val_acc= 62.50% lr=1.00e-03
    S3 4000ms fold4 ep  9/10: train_loss=0.1091 train_acc=100.00% val_loss=1.2196 val_acc= 56.25% lr=1.00e-03
    S3 4000ms fold4 ep 10/10: train_loss=0.0505 train_acc=100.00% val_loss=1.6831 val_acc= 50.00% lr=5.00e-04
  S3 4000ms fold4/5: best_val= 68.75% (ep4) test= 31.25%
    S3 4000ms fold5 ep  1/10: train_loss=0.7062 train_acc= 47.92% val_loss=0.6916 val_acc= 50.00% lr=1.00e-03
    S3 4000ms fold5 ep  2/10: train_loss=0.6395 train_acc= 66.67% val_loss=0.6903 val_acc= 50.00% lr=1.00e-03
    S3 4000ms fold5 ep  3/10: train_loss=0.6416 train_acc= 64.58% val_loss=0.6959 val_acc= 50.00% lr=1.00e-03
    S3 4000ms fold5 ep  4/10: train_loss=0.5966 train_acc= 68.75% val_loss=0.7411 val_acc= 43.75% lr=1.00e-03
    S3 4000ms fold5 ep  5/10: train_loss=0.5534 train_acc= 75.00% val_loss=0.7998 val_acc= 18.75% lr=1.00e-03
    S3 4000ms fold5 ep  6/10: train_loss=0.4035 train_acc= 87.50% val_loss=0.7640 val_acc= 43.75% lr=1.00e-03
    S3 4000ms fold5 ep  7/10: train_loss=0.3383 train_acc= 93.75% val_loss=0.8415 val_acc= 31.25% lr=1.00e-03
    S3 4000ms fold5 ep  8/10: train_loss=0.2459 train_acc= 95.83% val_loss=0.9280 val_acc= 43.75% lr=5.00e-04
    S3 4000ms fold5 ep  9/10: train_loss=0.1302 train_acc=100.00% val_loss=1.0710 val_acc= 43.75% lr=5.00e-04
    S3 4000ms fold5 ep 10/10: train_loss=0.0938 train_acc=100.00% val_loss=1.1536 val_acc= 50.00% lr=5.00e-04
  S3 4000ms fold5/5: best_val= 50.00% (ep1) test= 50.00%
S 3: 800ms= 70.00%  1500ms= 61.25%  3000ms= 50.00%  4000ms= 46.25%   (11s)

ALL SUBJECTS COMPLETED — HOC/WFE  (43s)

====================================================================
SAVED HOC/WFE -> /work/11862/rmaahin/ls6/FineMI-enhancements/ConformerEEG/experiments/option_b/results/sanity/HOC_WFE
gpu=NVIDIA A100-PCIE-40GB | torch=2.8.0+cu128 | seed=42 | model=conformer_b | mode=sanity
====================================================================
window_ms   800    1500   3000   4000
subject                              
1          52.22  55.56  61.11  60.00
2          52.50  47.50  47.50  48.75
3          70.00  61.25  50.00  46.25

mean: {800: 58.24, 1500: 54.77, 3000: 52.87, 4000: 51.67}
sd  : {800: 10.18, 1500: 6.91, 3000: 7.25, 4000: 7.32}

Pairs saved so far in /work/11862/rmaahin/ls6/FineMI-enhancements/ConformerEEG/experiments/option_b/results/sanity: 1/28
