pair,mode,subject,acc,kappa,f1,sens,spec,pred1,p_chance,n,proximity,joints
EFE/SAA,raw,1,41.11111111111111,-0.1777777777777778,0.40928792569659445,46.666666666666664,35.55555555555556,55.55555555555556,0.9637252339037691,90,adjacent,elbow-shoulder
EFE/SAA,raw,2,71.25,0.42500000000000004,0.7120951337818808,75.0,67.5,53.75,9.155828206487555e-05,80,adjacent,elbow-shoulder
EFE/SAA,raw,3,71.25,0.42500000000000004,0.7124550711048601,70.0,72.5,48.75,9.155828206487555e-05,80,adjacent,elbow-shoulder
EFE/SAA,raw,4,62.5,0.25,0.6240601503759399,57.49999999999999,67.5,45.0,0.016496309213238095,80,adjacent,elbow-shoulder
EFE/SAA,raw,5,46.25,-0.07499999999999996,0.46241600250039067,45.0,47.5,48.75,0.7829788723272606,80,adjacent,elbow-shoulder
EFE/SAA,raw,6,40.0,-0.19999999999999996,0.4,40.0,40.0,50.0,0.9716677868274395,80,adjacent,elbow-shoulder
EFE/SAA,raw,7,62.5,0.25,0.625,62.5,62.5,50.0,0.016496309213238095,80,adjacent,elbow-shoulder
EFE/SAA,raw,8,38.75,-0.22499999999999998,0.37964867858838425,50.0,27.500000000000004,61.25000000000001,0.9835036907867619,80,adjacent,elbow-shoulder
EFE/SAA,raw,9,67.5,0.3500000000000001,0.6717171717171717,57.49999999999999,77.5,40.0,0.001162270644044352,80,adjacent,elbow-shoulder
EFE/SAA,raw,10,58.75,0.17500000000000004,0.5858823529411765,65.0,52.5,56.25,0.07281772720149135,80,adjacent,elbow-shoulder
EFE/SAA,raw,11,47.5,-0.050000000000000044,0.4736842105263158,52.5,42.5,55.00000000000001,0.7117846869058034,80,adjacent,elbow-shoulder
EFE/SAA,raw,12,53.75,0.07499999999999996,0.5356862745098039,60.0,47.5,56.25,0.28821531309419657,80,adjacent,elbow-shoulder
EFE/SAA,raw,13,46.25,-0.07499999999999996,0.46039215686274515,52.5,40.0,56.25,0.7829788723272606,80,adjacent,elbow-shoulder
EFE/SAA,raw,14,58.75,0.17500000000000004,0.5874355368026254,60.0,57.49999999999999,51.24999999999999,0.07281772720149135,80,adjacent,elbow-shoulder
EFE/SAA,raw,15,47.5,-0.050000000000000044,0.475,47.5,47.5,50.0,0.7117846869058034,80,adjacent,elbow-shoulder
EFE/SAA,raw,16,43.75,-0.125,0.43529411764705883,50.0,37.5,56.25,0.8907409802606481,80,adjacent,elbow-shoulder
EFE/SAA,raw,17,43.75,-0.125,0.43741209563994377,42.5,45.0,48.75,0.8907409802606481,80,adjacent,elbow-shoulder
EFE/SAA,raw,18,85.0,0.7,0.85,85.0,85.0,50.0,6.008243175410135e-11,80,adjacent,elbow-shoulder
EFE/SFE,raw,1,48.888888888888886,-0.022222222222222254,0.48481831757093086,57.77777777777777,40.0,58.88888888888889,0.6239833992007024,90,adjacent,elbow-shoulder
EFE/SFE,raw,2,51.24999999999999,0.02499999999999991,0.5124238162212846,52.5,50.0,51.24999999999999,0.4555360606130464,80,adjacent,elbow-shoulder
EFE/SFE,raw,3,80.0,0.6000000000000001,0.7998749218261414,77.5,82.5,47.5,2.9356652072980998e-08,80,adjacent,elbow-shoulder
EFE/SFE,raw,4,51.24999999999999,0.02499999999999991,0.5124238162212846,52.5,50.0,51.24999999999999,0.4555360606130464,80,adjacent,elbow-shoulder
EFE/SFE,raw,5,50.617283950617285,0.012195121951219523,0.5060975609756098,51.21951219512195,50.0,50.617283950617285,0.4999999999999996,81,adjacent,elbow-shoulder
EFE/SFE,raw,6,52.5,0.050000000000000044,0.5202020202020202,42.5,62.5,40.0,0.3687771544921613,80,adjacent,elbow-shoulder
EFE/SFE,raw,7,58.75,0.17500000000000004,0.5874355368026254,60.0,57.49999999999999,51.24999999999999,0.07281772720149135,80,adjacent,elbow-shoulder
EFE/SFE,raw,8,46.25,-0.07499999999999996,0.46241600250039067,47.5,45.0,51.24999999999999,0.7829788723272606,80,adjacent,elbow-shoulder
EFE/SFE,raw,9,61.25000000000001,0.2250000000000001,0.6119543107494915,57.49999999999999,65.0,46.25,0.028332213172560572,80,adjacent,elbow-shoulder
EFE/SFE,raw,10,48.75,-0.025000000000000022,0.48354589828373484,40.0,57.49999999999999,41.25,0.6312228455078387,80,adjacent,elbow-shoulder
EFE/SFE,raw,11,50.0,0.0,0.4996873045653534,52.5,47.5,52.5,0.5444639393869536,80,adjacent,elbow-shoulder
EFE/SFE,raw,12,42.5,-0.15000000000000002,0.4235588972431078,37.5,47.5,45.0,0.9271822727985086,80,adjacent,elbow-shoulder
EFE/SFE,raw,13,61.25000000000001,0.2250000000000001,0.6019900497512438,77.5,45.0,66.25,0.028332213172560572,80,adjacent,elbow-shoulder
EFE/SFE,raw,14,52.5,0.050000000000000044,0.5247029393370857,50.0,55.00000000000001,47.5,0.3687771544921613,80,adjacent,elbow-shoulder
EFE/SFE,raw,15,42.5,-0.15000000000000002,0.4191919191919192,32.5,52.5,40.0,0.9271822727985086,80,adjacent,elbow-shoulder
EFE/SFE,raw,16,56.25,0.125,0.5607843137254902,50.0,62.5,43.75,0.15715328993196853,80,adjacent,elbow-shoulder
EFE/SFE,raw,17,41.25,-0.17500000000000004,0.41019607843137257,47.5,35.0,56.25,0.9535440588897269,80,adjacent,elbow-shoulder
EFE/SFE,raw,18,76.25,0.5249999999999999,0.7621655452980755,72.5,80.0,46.25,1.3659349614411326e-06,80,adjacent,elbow-shoulder
EFE/SPS,raw,1,53.333333333333336,0.06666666666666665,0.5324096981692232,57.77777777777777,48.888888888888886,54.44444444444444,0.29920585911675956,90,adjacent,elbow-shoulder
EFE/SPS,raw,2,62.5,0.25,0.6240601503759399,67.5,57.49999999999999,55.00000000000001,0.016496309213238095,80,adjacent,elbow-shoulder
EFE/SPS,raw,3,58.75,0.17500000000000004,0.5874355368026254,57.49999999999999,60.0,48.75,0.07281772720149135,80,adjacent,elbow-shoulder
EFE/SPS,raw,4,66.25,0.32499999999999996,0.6624472573839661,67.5,65.0,51.24999999999999,0.0024340770747797117,80,adjacent,elbow-shoulder
EFE/SPS,raw,5,47.5,-0.050000000000000044,0.47203016970458833,40.0,55.00000000000001,42.5,0.7117846869058034,80,adjacent,elbow-shoulder
EFE/SPS,raw,6,48.75,-0.025000000000000022,0.48549019607843136,42.5,55.00000000000001,43.75,0.6312228455078387,80,adjacent,elbow-shoulder
EFE/SPS,raw,7,66.25,0.32499999999999996,0.6620247222656861,62.5,70.0,46.25,0.0024340770747797117,80,adjacent,elbow-shoulder
EFE/SPS,raw,8,62.5,0.25,0.6190476190476191,75.0,50.0,62.5,0.016496309213238095,80,adjacent,elbow-shoulder
EFE/SPS,raw,9,68.75,0.375,0.6870599280237835,65.0,72.5,46.25,0.0005263674286766723,80,adjacent,elbow-shoulder
EFE/SPS,raw,10,62.5,0.25,0.6247654784240151,60.0,65.0,47.5,0.016496309213238095,80,adjacent,elbow-shoulder
EFE/SPS,raw,11,61.25000000000001,0.2250000000000001,0.6095103133364824,70.0,52.5,58.75,0.028332213172560572,80,adjacent,elbow-shoulder
EFE/SPS,raw,12,58.75,0.17500000000000004,0.5874355368026254,60.0,57.49999999999999,51.24999999999999,0.07281772720149135,80,adjacent,elbow-shoulder
EFE/SPS,raw,13,56.25,0.125,0.550633927138501,72.5,40.0,66.25,0.15715328993196853,80,adjacent,elbow-shoulder
EFE/SPS,raw,14,43.75,-0.125,0.43741209563994377,45.0,42.5,51.24999999999999,0.8907409802606481,80,adjacent,elbow-shoulder
EFE/SPS,raw,15,47.5,-0.050000000000000044,0.47203016970458833,40.0,55.00000000000001,42.5,0.7117846869058034,80,adjacent,elbow-shoulder
EFE/SPS,raw,16,55.00000000000001,0.10000000000000009,0.55,55.00000000000001,55.00000000000001,50.0,0.21702112767273937,80,adjacent,elbow-shoulder
EFE/SPS,raw,17,50.0,0.0,0.497171590194846,57.49999999999999,42.5,57.49999999999999,0.5444639393869536,80,adjacent,elbow-shoulder
EFE/SPS,raw,18,66.25,0.32499999999999996,0.6620247222656861,70.0,62.5,53.75,0.0024340770747797117,80,adjacent,elbow-shoulder
EPS/EFE,raw,1,64.44444444444444,0.288888888888889,0.6437407224146462,68.88888888888889,60.0,54.44444444444444,0.004022964066612547,90,same,elbow-elbow
EPS/EFE,raw,2,42.5,-0.15000000000000002,0.425,42.5,42.5,50.0,0.9271822727985086,80,same,elbow-elbow
EPS/EFE,raw,3,48.75,-0.025000000000000022,0.48549019607843136,55.00000000000001,42.5,56.25,0.6312228455078387,80,same,elbow-elbow
EPS/EFE,raw,4,50.0,0.0,0.4996873045653534,47.5,52.5,47.5,0.5444639393869536,80,same,elbow-elbow
EPS/EFE,raw,5,50.0,0.0,0.497171590194846,42.5,57.49999999999999,42.5,0.5444639393869536,80,same,elbow-elbow
EPS/EFE,raw,6,56.25,0.125,0.5618838992332968,52.5,60.0,46.25,0.15715328993196853,80,same,elbow-elbow
EPS/EFE,raw,7,63.74999999999999,0.2749999999999999,0.6360784313725489,57.49999999999999,70.0,43.75,0.00915804875845816,80,same,elbow-elbow
EPS/EFE,raw,8,51.24999999999999,0.02499999999999991,0.5118134877171022,55.00000000000001,47.5,53.75,0.4555360606130464,80,same,elbow-elbow
EPS/EFE,raw,9,63.74999999999999,0.2749999999999999,0.634703196347032,55.00000000000001,72.5,41.25,0.00915804875845816,80,same,elbow-elbow
EPS/EFE,raw,10,43.75,-0.125,0.43741209563994377,45.0,42.5,51.24999999999999,0.8907409802606481,80,same,elbow-elbow
EPS/EFE,raw,11,62.5,0.25,0.6240601503759399,57.49999999999999,67.5,45.0,0.016496309213238095,80,same,elbow-elbow
EPS/EFE,raw,12,50.0,0.0,0.4987468671679198,55.00000000000001,45.0,55.00000000000001,0.5444639393869536,80,same,elbow-elbow
EPS/EFE,raw,13,46.25,-0.07499999999999996,0.45561006488368416,35.0,57.49999999999999,38.75,0.7829788723272606,80,same,elbow-elbow
EPS/EFE,raw,14,57.49999999999999,0.1499999999999999,0.5725958516656191,65.0,50.0,57.49999999999999,0.10925901973935187,80,same,elbow-elbow
EPS/EFE,raw,15,57.49999999999999,0.1499999999999999,0.5747342088805503,60.0,55.00000000000001,52.5,0.10925901973935187,80,same,elbow-elbow
EPS/EFE,raw,16,67.5,0.3500000000000001,0.6747967479674797,65.0,70.0,47.5,0.001162270644044352,80,same,elbow-elbow
EPS/EFE,raw,17,58.75,0.17500000000000004,0.5874355368026254,57.49999999999999,60.0,48.75,0.07281772720149135,80,same,elbow-elbow
EPS/EFE,raw,18,43.75,-0.125,0.43529411764705883,50.0,37.5,56.25,0.8907409802606481,80,same,elbow-elbow
EPS/SAA,raw,1,58.88888888888889,0.1777777777777778,0.5863867842504037,51.11111111111111,66.66666666666666,42.22222222222222,0.05667217702171029,90,adjacent,elbow-shoulder
EPS/SAA,raw,2,66.25,0.32499999999999996,0.6624472573839661,67.5,65.0,51.24999999999999,0.0024340770747797117,80,adjacent,elbow-shoulder
EPS/SAA,raw,3,81.25,0.625,0.8122359568142701,85.0,77.5,53.75,7.05733420490698e-09,80,adjacent,elbow-shoulder
EPS/SAA,raw,4,71.25,0.42500000000000004,0.7124550711048601,70.0,72.5,48.75,9.155828206487555e-05,80,adjacent,elbow-shoulder
EPS/SAA,raw,5,46.25,-0.07499999999999996,0.4617430762009075,50.0,42.5,53.75,0.7829788723272606,80,adjacent,elbow-shoulder
EPS/SAA,raw,6,66.25,0.32499999999999996,0.6581737616711505,55.00000000000001,77.5,38.75,0.0024340770747797117,80,adjacent,elbow-shoulder
EPS/SAA,raw,7,78.75,0.575,0.7866666666666666,72.5,85.0,43.75,1.1330702522337731e-07,80,adjacent,elbow-shoulder
EPS/SAA,raw,8,40.0,-0.19999999999999996,0.3904761904761905,52.5,27.500000000000004,62.5,0.9716677868274395,80,adjacent,elbow-shoulder
EPS/SAA,raw,9,61.25000000000001,0.2250000000000001,0.6119543107494915,57.49999999999999,65.0,46.25,0.028332213172560572,80,adjacent,elbow-shoulder
EPS/SAA,raw,10,45.0,-0.09999999999999998,0.44965603502188867,42.5,47.5,47.5,0.8428467100680315,80,adjacent,elbow-shoulder
EPS/SAA,raw,11,62.5,0.25,0.625,62.5,62.5,50.0,0.016496309213238095,80,adjacent,elbow-shoulder
EPS/SAA,raw,12,58.75,0.17500000000000004,0.5869191049913942,55.00000000000001,62.5,46.25,0.07281772720149135,80,adjacent,elbow-shoulder
EPS/SAA,raw,13,55.00000000000001,0.10000000000000009,0.549718574108818,52.5,57.49999999999999,47.5,0.21702112767273937,80,adjacent,elbow-shoulder
EPS/SAA,raw,14,50.0,0.0,0.5,50.0,50.0,50.0,0.5444639393869536,80,adjacent,elbow-shoulder
EPS/SAA,raw,15,43.75,-0.125,0.43529411764705883,37.5,50.0,43.75,0.8907409802606481,80,adjacent,elbow-shoulder
EPS/SAA,raw,16,63.74999999999999,0.2749999999999999,0.6360784313725489,70.0,57.49999999999999,56.25,0.00915804875845816,80,adjacent,elbow-shoulder
EPS/SAA,raw,17,58.75,0.17500000000000004,0.5858823529411765,65.0,52.5,56.25,0.07281772720149135,80,adjacent,elbow-shoulder
EPS/SAA,raw,18,80.0,0.6000000000000001,0.8,80.0,80.0,50.0,2.9356652072980998e-08,80,adjacent,elbow-shoulder
EPS/SFE,raw,1,48.888888888888886,-0.022222222222222254,0.4888888888888889,48.888888888888886,48.888888888888886,50.0,0.6239833992007024,90,adjacent,elbow-shoulder
EPS/SFE,raw,2,61.25000000000001,0.2250000000000001,0.6095103133364824,70.0,52.5,58.75,0.028332213172560572,80,adjacent,elbow-shoulder
EPS/SFE,raw,3,73.75,0.4750000000000001,0.7374589779653071,72.5,75.0,48.75,1.2645551282335301e-05,80,adjacent,elbow-shoulder
EPS/SFE,raw,4,68.75,0.375,0.6874511642444132,70.0,67.5,51.24999999999999,0.0005263674286766723,80,adjacent,elbow-shoulder
EPS/SFE,raw,5,48.148148148148145,-0.037195121951219615,0.4814024390243902,48.78048780487805,47.5,50.617283950617285,0.6715037662068212,81,adjacent,elbow-shoulder
EPS/SFE,raw,6,67.5,0.3500000000000001,0.6747967479674797,65.0,70.0,47.5,0.001162270644044352,80,adjacent,elbow-shoulder
EPS/SFE,raw,7,71.25,0.42500000000000004,0.7124550711048601,70.0,72.5,48.75,9.155828206487555e-05,80,adjacent,elbow-shoulder
EPS/SFE,raw,8,53.75,0.07499999999999996,0.5339316643048339,62.5,45.0,58.75,0.28821531309419657,80,adjacent,elbow-shoulder
EPS/SFE,raw,9,46.25,-0.07499999999999996,0.45835301527318534,37.5,55.00000000000001,41.25,0.7829788723272606,80,adjacent,elbow-shoulder
EPS/SFE,raw,10,57.49999999999999,0.1499999999999999,0.575,57.49999999999999,57.49999999999999,50.0,0.10925901973935187,80,adjacent,elbow-shoulder
EPS/SFE,raw,11,52.5,0.050000000000000044,0.525,52.5,52.5,50.0,0.3687771544921613,80,adjacent,elbow-shoulder
EPS/SFE,raw,12,47.5,-0.050000000000000044,0.4736842105263158,42.5,52.5,45.0,0.7117846869058034,80,adjacent,elbow-shoulder
EPS/SFE,raw,13,62.5,0.25,0.6190476190476191,75.0,50.0,62.5,0.016496309213238095,80,adjacent,elbow-shoulder
EPS/SFE,raw,14,56.25,0.125,0.5618838992332968,60.0,52.5,53.75,0.15715328993196853,80,adjacent,elbow-shoulder
EPS/SFE,raw,15,45.0,-0.09999999999999998,0.44688874921433064,37.5,52.5,42.5,0.8428467100680315,80,adjacent,elbow-shoulder
EPS/SFE,raw,16,60.0,0.19999999999999996,0.5989974937343359,55.00000000000001,65.0,45.0,0.04645594111027311,80,adjacent,elbow-shoulder
EPS/SFE,raw,17,52.5,0.050000000000000044,0.5238095238095238,57.49999999999999,47.5,55.00000000000001,0.3687771544921613,80,adjacent,elbow-shoulder
EPS/SFE,raw,18,72.5,0.44999999999999996,0.7243107769423559,67.5,77.5,45.0,3.505286989959981e-05,80,adjacent,elbow-shoulder
EPS/SPS,raw,1,48.888888888888886,-0.022222222222222254,0.48863636363636365,51.11111111111111,46.666666666666664,52.22222222222223,0.6239833992007024,90,adjacent,elbow-shoulder
EPS/SPS,raw,2,53.75,0.07499999999999996,0.5339316643048339,45.0,62.5,41.25,0.28821531309419657,80,adjacent,elbow-shoulder
EPS/SPS,raw,3,63.74999999999999,0.2749999999999999,0.6369895165075887,67.5,60.0,53.75,0.00915804875845816,80,adjacent,elbow-shoulder
EPS/SPS,raw,4,65.0,0.30000000000000004,0.6491228070175439,70.0,60.0,55.00000000000001,0.004841424961528786,80,adjacent,elbow-shoulder
EPS/SPS,raw,5,57.49999999999999,0.1499999999999999,0.575,57.49999999999999,57.49999999999999,50.0,0.10925901973935187,80,adjacent,elbow-shoulder
EPS/SPS,raw,6,50.0,0.0,0.497171590194846,42.5,57.49999999999999,42.5,0.5444639393869536,80,adjacent,elbow-shoulder
EPS/SPS,raw,7,72.5,0.44999999999999996,0.7248280175109443,70.0,75.0,47.5,3.505286989959981e-05,80,adjacent,elbow-shoulder
EPS/SPS,raw,8,62.5,0.25,0.625,62.5,62.5,50.0,0.016496309213238095,80,adjacent,elbow-shoulder
EPS/SPS,raw,9,65.0,0.30000000000000004,0.6491228070175439,60.0,70.0,45.0,0.004841424961528786,80,adjacent,elbow-shoulder
EPS/SPS,raw,10,65.0,0.30000000000000004,0.6491228070175439,70.0,60.0,55.00000000000001,0.004841424961528786,80,adjacent,elbow-shoulder
EPS/SPS,raw,11,47.5,-0.050000000000000044,0.474671669793621,50.0,45.0,52.5,0.7117846869058034,80,adjacent,elbow-shoulder
EPS/SPS,raw,12,56.25,0.125,0.5607843137254902,62.5,50.0,56.25,0.15715328993196853,80,adjacent,elbow-shoulder
EPS/SPS,raw,13,66.25,0.32499999999999996,0.6620247222656861,70.0,62.5,53.75,0.0024340770747797117,80,adjacent,elbow-shoulder
EPS/SPS,raw,14,56.25,0.125,0.5618838992332968,60.0,52.5,53.75,0.15715328993196853,80,adjacent,elbow-shoulder
EPS/SPS,raw,15,52.5,0.050000000000000044,0.5223130106851037,60.0,45.0,57.49999999999999,0.3687771544921613,80,adjacent,elbow-shoulder
EPS/SPS,raw,16,53.75,0.07499999999999996,0.5339316643048339,62.5,45.0,58.75,0.28821531309419657,80,adjacent,elbow-shoulder
EPS/SPS,raw,17,43.75,-0.125,0.43741209563994377,45.0,42.5,51.24999999999999,0.8907409802606481,80,adjacent,elbow-shoulder
EPS/SPS,raw,18,63.74999999999999,0.2749999999999999,0.6369895165075887,60.0,67.5,46.25,0.00915804875845816,80,adjacent,elbow-shoulder
HOC/EFE,raw,1,71.11111111111111,0.4222222222222223,0.7109683794466404,73.33333333333333,68.88888888888889,52.22222222222223,3.828536465524171e-05,90,adjacent,hand-elbow
HOC/EFE,raw,2,56.25,0.125,0.5618838992332968,60.0,52.5,53.75,0.15715328993196853,80,adjacent,hand-elbow
HOC/EFE,raw,3,52.5,0.050000000000000044,0.525,52.5,52.5,50.0,0.3687771544921613,80,adjacent,hand-elbow
HOC/EFE,raw,4,76.25,0.5249999999999999,0.762462884825754,75.0,77.5,48.75,1.3659349614411326e-06,80,adjacent,hand-elbow
HOC/EFE,raw,5,52.5,0.050000000000000044,0.5223130106851037,60.0,45.0,57.49999999999999,0.3687771544921613,80,adjacent,hand-elbow
HOC/EFE,raw,6,56.25,0.125,0.5568919132774173,45.0,67.5,38.75,0.15715328993196853,80,adjacent,hand-elbow
HOC/EFE,raw,7,76.25,0.5249999999999999,0.7615686274509804,82.5,70.0,56.25,1.3659349614411326e-06,80,adjacent,hand-elbow
HOC/EFE,raw,8,56.25,0.125,0.5607843137254902,50.0,62.5,43.75,0.15715328993196853,80,adjacent,hand-elbow
HOC/EFE,raw,9,58.75,0.17500000000000004,0.5869191049913942,55.00000000000001,62.5,46.25,0.07281772720149135,80,adjacent,hand-elbow
HOC/EFE,raw,10,68.75,0.375,0.6874511642444132,70.0,67.5,51.24999999999999,0.0005263674286766723,80,adjacent,hand-elbow
HOC/EFE,raw,11,57.49999999999999,0.1499999999999999,0.5747342088805503,60.0,55.00000000000001,52.5,0.10925901973935187,80,adjacent,hand-elbow
HOC/EFE,raw,12,52.5,0.050000000000000044,0.525,52.5,52.5,50.0,0.3687771544921613,80,adjacent,hand-elbow
HOC/EFE,raw,13,52.5,0.050000000000000044,0.5238095238095238,47.5,57.49999999999999,45.0,0.3687771544921613,80,adjacent,hand-elbow
HOC/EFE,raw,14,55.00000000000001,0.10000000000000009,0.5428571428571428,67.5,42.5,62.5,0.21702112767273937,80,adjacent,hand-elbow
HOC/EFE,raw,15,53.75,0.07499999999999996,0.5339316643048339,62.5,45.0,58.75,0.28821531309419657,80,adjacent,hand-elbow
HOC/EFE,raw,16,55.00000000000001,0.10000000000000009,0.5428571428571428,42.5,67.5,37.5,0.21702112767273937,80,adjacent,hand-elbow
HOC/EFE,raw,17,68.75,0.375,0.6874511642444132,67.5,70.0,48.75,0.0005263674286766723,80,adjacent,hand-elbow
HOC/EFE,raw,18,58.75,0.17500000000000004,0.5724696356275304,40.0,77.5,31.25,0.07281772720149135,80,adjacent,hand-elbow
HOC/EPS,raw,1,55.55555555555556,0.11111111111111116,0.5553359683794465,53.333333333333336,57.77777777777777,47.77777777777778,0.1714165597103941,90,adjacent,hand-elbow
HOC/EPS,raw,2,47.5,-0.050000000000000044,0.47203016970458833,55.00000000000001,40.0,57.49999999999999,0.7117846869058034,80,adjacent,hand-elbow
HOC/EPS,raw,3,62.5,0.25,0.6228786926461345,70.0,55.00000000000001,57.49999999999999,0.016496309213238095,80,adjacent,hand-elbow
HOC/EPS,raw,4,77.5,0.55,0.775,77.5,77.5,50.0,4.0713333124976437e-07,80,adjacent,hand-elbow
HOC/EPS,raw,5,48.75,-0.025000000000000022,0.48549019607843136,55.00000000000001,42.5,56.25,0.6312228455078387,80,adjacent,hand-elbow
HOC/EPS,raw,6,55.00000000000001,0.10000000000000009,0.5474544311753614,62.5,47.5,57.49999999999999,0.21702112767273937,80,adjacent,hand-elbow
HOC/EPS,raw,7,71.25,0.42500000000000004,0.7102818453786806,80.0,62.5,58.75,9.155828206487555e-05,80,adjacent,hand-elbow
HOC/EPS,raw,8,47.5,-0.050000000000000044,0.4736842105263158,52.5,42.5,55.00000000000001,0.7117846869058034,80,adjacent,hand-elbow
HOC/EPS,raw,9,46.25,-0.07499999999999996,0.44291497975708505,65.0,27.500000000000004,68.75,0.7829788723272606,80,adjacent,hand-elbow
HOC/EPS,raw,10,65.0,0.30000000000000004,0.6491228070175439,70.0,60.0,55.00000000000001,0.004841424961528786,80,adjacent,hand-elbow
HOC/EPS,raw,11,52.5,0.050000000000000044,0.5247029393370857,50.0,55.00000000000001,47.5,0.3687771544921613,80,adjacent,hand-elbow
HOC/EPS,raw,12,55.00000000000001,0.10000000000000009,0.549718574108818,52.5,57.49999999999999,47.5,0.21702112767273937,80,adjacent,hand-elbow
HOC/EPS,raw,13,46.25,-0.07499999999999996,0.452142060837713,60.0,32.5,63.74999999999999,0.7829788723272606,80,adjacent,hand-elbow
HOC/EPS,raw,14,51.24999999999999,0.02499999999999991,0.5124238162212846,52.5,50.0,51.24999999999999,0.4555360606130464,80,adjacent,hand-elbow
HOC/EPS,raw,15,62.5,0.25,0.6247654784240151,65.0,60.0,52.5,0.016496309213238095,80,adjacent,hand-elbow
HOC/EPS,raw,16,68.75,0.375,0.685088962368131,60.0,77.5,41.25,0.0005263674286766723,80,adjacent,hand-elbow
HOC/EPS,raw,17,57.49999999999999,0.1499999999999999,0.575,57.49999999999999,57.49999999999999,50.0,0.10925901973935187,80,adjacent,hand-elbow
HOC/EPS,raw,18,57.49999999999999,0.1499999999999999,0.5572916666666667,37.5,77.5,30.0,0.10925901973935187,80,adjacent,hand-elbow
HOC/SAA,raw,1,68.88888888888889,0.37777777777777777,0.6887351778656126,66.66666666666666,71.11111111111111,47.77777777777778,0.0002189610983170669,90,distant,hand-shoulder
HOC/SAA,raw,2,62.5,0.25,0.6247654784240151,65.0,60.0,52.5,0.016496309213238095,80,distant,hand-shoulder
HOC/SAA,raw,3,83.75,0.675,0.8372711625723674,80.0,87.5,46.25,3.207570587475561e-10,80,distant,hand-shoulder
HOC/SAA,raw,4,83.75,0.675,0.8368627450980393,77.5,90.0,43.75,3.207570587475561e-10,80,distant,hand-shoulder
HOC/SAA,raw,5,62.5,0.25,0.6247654784240151,60.0,65.0,47.5,0.016496309213238095,80,distant,hand-shoulder
HOC/SAA,raw,6,55.00000000000001,0.10000000000000009,0.5396419437340154,40.0,70.0,35.0,0.21702112767273937,80,distant,hand-shoulder
HOC/SAA,raw,7,73.75,0.4750000000000001,0.7371303395399781,70.0,77.5,46.25,1.2645551282335301e-05,80,distant,hand-shoulder
HOC/SAA,raw,8,61.25000000000001,0.2250000000000001,0.6124394436630723,62.5,60.0,51.24999999999999,0.028332213172560572,80,distant,hand-shoulder
HOC/SAA,raw,9,67.5,0.3500000000000001,0.6747967479674797,65.0,70.0,47.5,0.001162270644044352,80,distant,hand-shoulder
HOC/SAA,raw,10,67.5,0.3500000000000001,0.6741854636591479,72.5,62.5,55.00000000000001,0.001162270644044352,80,distant,hand-shoulder
HOC/SAA,raw,11,55.00000000000001,0.10000000000000009,0.5454545454545454,65.0,45.0,60.0,0.21702112767273937,80,distant,hand-shoulder
HOC/SAA,raw,12,63.74999999999999,0.2749999999999999,0.6369895165075887,60.0,67.5,46.25,0.00915804875845816,80,distant,hand-shoulder
HOC/SAA,raw,13,53.75,0.07499999999999996,0.5356862745098039,47.5,60.0,43.75,0.28821531309419657,80,distant,hand-shoulder
HOC/SAA,raw,14,50.0,0.0,0.497171590194846,57.49999999999999,42.5,57.49999999999999,0.5444639393869536,80,distant,hand-shoulder
HOC/SAA,raw,15,61.25000000000001,0.2250000000000001,0.6109803921568627,55.00000000000001,67.5,43.75,0.028332213172560572,80,distant,hand-shoulder
HOC/SAA,raw,16,55.00000000000001,0.10000000000000009,0.55,55.00000000000001,55.00000000000001,50.0,0.21702112767273937,80,distant,hand-shoulder
HOC/SAA,raw,17,75.0,0.5,0.746031746031746,62.5,87.5,37.5,4.290279933524806e-06,80,distant,hand-shoulder
HOC/SAA,raw,18,87.5,0.75,0.8749218261413383,85.0,90.0,47.5,1.5806452613247474e-12,80,distant,hand-shoulder
HOC/SFE,raw,1,60.0,0.19999999999999996,0.599208312716477,55.55555555555556,64.44444444444444,45.55555555555556,0.036274766096230884,90,distant,hand-shoulder
HOC/SFE,raw,2,67.5,0.3500000000000001,0.6717171717171717,77.5,57.49999999999999,60.0,0.001162270644044352,80,distant,hand-shoulder
HOC/SFE,raw,3,81.25,0.625,0.8122359568142701,77.5,85.0,46.25,7.05733420490698e-09,80,distant,hand-shoulder
HOC/SFE,raw,4,88.75,0.7749999999999999,0.8874824191279886,90.0,87.5,51.24999999999999,2.1869890911195873e-13,80,distant,hand-shoulder
HOC/SFE,raw,5,61.72839506172839,0.23375038144644478,0.6163483575248281,65.85365853658537,57.49999999999999,54.32098765432099,0.02241426119289932,81,distant,hand-shoulder
HOC/SFE,raw,6,63.74999999999999,0.2749999999999999,0.6276681110576152,47.5,80.0,33.75,0.00915804875845816,80,distant,hand-shoulder
HOC/SFE,raw,7,65.0,0.30000000000000004,0.6464646464646464,75.0,55.00000000000001,60.0,0.004841424961528786,80,distant,hand-shoulder
HOC/SFE,raw,8,46.25,-0.07499999999999996,0.4617430762009075,42.5,50.0,46.25,0.7829788723272606,80,distant,hand-shoulder
HOC/SFE,raw,9,61.25000000000001,0.2250000000000001,0.6119543107494915,57.49999999999999,65.0,46.25,0.028332213172560572,80,distant,hand-shoulder
HOC/SFE,raw,10,70.0,0.3999999999999999,0.7,70.0,70.0,50.0,0.0002257586359574054,80,distant,hand-shoulder
HOC/SFE,raw,11,58.75,0.17500000000000004,0.5874355368026254,57.49999999999999,60.0,48.75,0.07281772720149135,80,distant,hand-shoulder
HOC/SFE,raw,12,48.75,-0.025000000000000022,0.4874199093608376,47.5,50.0,48.75,0.6312228455078387,80,distant,hand-shoulder
HOC/SFE,raw,13,53.75,0.07499999999999996,0.531571451178984,65.0,42.5,61.25000000000001,0.28821531309419657,80,distant,hand-shoulder
HOC/SFE,raw,14,61.25000000000001,0.2250000000000001,0.6124394436630723,60.0,62.5,48.75,0.028332213172560572,80,distant,hand-shoulder
HOC/SFE,raw,15,56.25,0.125,0.5540691192865106,42.5,70.0,36.25,0.15715328993196853,80,distant,hand-shoulder
HOC/SFE,raw,16,50.0,0.0,0.497171590194846,42.5,57.49999999999999,42.5,0.5444639393869536,80,distant,hand-shoulder
HOC/SFE,raw,17,75.0,0.5,0.7474747474747474,65.0,85.0,40.0,4.290279933524806e-06,80,distant,hand-shoulder
HOC/SFE,raw,18,76.25,0.5249999999999999,0.7579232361841057,62.5,90.0,36.25,1.3659349614411326e-06,80,distant,hand-shoulder
HOC/SPS,raw,1,71.11111111111111,0.4222222222222223,0.7109683794466404,73.33333333333333,68.88888888888889,52.22222222222223,3.828536465524171e-05,90,distant,hand-shoulder
HOC/SPS,raw,2,61.25000000000001,0.2250000000000001,0.6124394436630723,60.0,62.5,48.75,0.028332213172560572,80,distant,hand-shoulder
HOC/SPS,raw,3,71.25,0.42500000000000004,0.7113725490196079,65.0,77.5,43.75,9.155828206487555e-05,80,distant,hand-shoulder
HOC/SPS,raw,4,88.75,0.7749999999999999,0.8874824191279886,87.5,90.0,48.75,2.1869890911195873e-13,80,distant,hand-shoulder
HOC/SPS,raw,5,61.25000000000001,0.2250000000000001,0.6119543107494915,57.49999999999999,65.0,46.25,0.028332213172560572,80,distant,hand-shoulder
HOC/SPS,raw,6,55.00000000000001,0.10000000000000009,0.5396419437340154,40.0,70.0,35.0,0.21702112767273937,80,distant,hand-shoulder
HOC/SPS,raw,7,62.5,0.25,0.6228786926461345,70.0,55.00000000000001,57.49999999999999,0.016496309213238095,80,distant,hand-shoulder
HOC/SPS,raw,8,62.5,0.25,0.6240601503759399,67.5,57.49999999999999,55.00000000000001,0.016496309213238095,80,distant,hand-shoulder
HOC/SPS,raw,9,52.5,0.050000000000000044,0.5247029393370857,55.00000000000001,50.0,52.5,0.3687771544921613,80,distant,hand-shoulder
HOC/SPS,raw,10,80.0,0.6000000000000001,0.8,80.0,80.0,50.0,2.9356652072980998e-08,80,distant,hand-shoulder
HOC/SPS,raw,11,60.0,0.19999999999999996,0.5977372721558768,67.5,52.5,57.49999999999999,0.04645594111027311,80,distant,hand-shoulder
HOC/SPS,raw,12,62.5,0.25,0.6228786926461345,70.0,55.00000000000001,57.49999999999999,0.016496309213238095,80,distant,hand-shoulder
HOC/SPS,raw,13,48.75,-0.025000000000000022,0.48354589828373484,57.49999999999999,40.0,58.75,0.6312228455078387,80,distant,hand-shoulder
HOC/SPS,raw,14,61.25000000000001,0.2250000000000001,0.6124394436630723,62.5,60.0,51.24999999999999,0.028332213172560572,80,distant,hand-shoulder
HOC/SPS,raw,15,46.25,-0.07499999999999996,0.46241600250039067,47.5,45.0,51.24999999999999,0.7829788723272606,80,distant,hand-shoulder
HOC/SPS,raw,16,60.0,0.19999999999999996,0.5977372721558768,52.5,67.5,42.5,0.04645594111027311,80,distant,hand-shoulder
HOC/SPS,raw,17,77.5,0.55,0.7727272727272727,67.5,87.5,40.0,4.0713333124976437e-07,80,distant,hand-shoulder
HOC/SPS,raw,18,73.75,0.4750000000000001,0.7364705882352941,67.5,80.0,43.75,1.2645551282335301e-05,80,distant,hand-shoulder
HOC/WAA,raw,1,54.44444444444444,0.0888888888888888,0.5430340557275541,60.0,48.888888888888886,55.55555555555556,0.23039623635948556,90,adjacent,hand-wrist
HOC/WAA,raw,2,62.5,0.25,0.6212121212121212,72.5,52.5,60.0,0.016496309213238095,80,adjacent,hand-wrist
HOC/WAA,raw,3,57.49999999999999,0.1499999999999999,0.5747342088805503,60.0,55.00000000000001,52.5,0.10925901973935187,80,adjacent,hand-wrist
HOC/WAA,raw,4,56.25,0.125,0.5607843137254902,50.0,62.5,43.75,0.15715328993196853,80,adjacent,hand-wrist
HOC/WAA,raw,5,53.75,0.07499999999999996,0.5368486934751995,50.0,57.49999999999999,46.25,0.28821531309419657,80,adjacent,hand-wrist
HOC/WAA,raw,6,63.74999999999999,0.2749999999999999,0.6242914979757086,45.0,82.5,31.25,0.00915804875845816,80,adjacent,hand-wrist
HOC/WAA,raw,7,61.25000000000001,0.2250000000000001,0.6095103133364824,70.0,52.5,58.75,0.028332213172560572,80,adjacent,hand-wrist
HOC/WAA,raw,8,51.24999999999999,0.02499999999999991,0.5105882352941176,57.49999999999999,45.0,56.25,0.4555360606130464,80,adjacent,hand-wrist
HOC/WAA,raw,9,55.00000000000001,0.10000000000000009,0.549718574108818,57.49999999999999,52.5,52.5,0.21702112767273937,80,adjacent,hand-wrist
HOC/WAA,raw,10,62.5,0.25,0.6228786926461345,70.0,55.00000000000001,57.49999999999999,0.016496309213238095,80,adjacent,hand-wrist
HOC/WAA,raw,11,60.0,0.19999999999999996,0.5997498436522827,57.49999999999999,62.5,47.5,0.04645594111027311,80,adjacent,hand-wrist
HOC/WAA,raw,12,56.25,0.125,0.5624316299421784,55.00000000000001,57.49999999999999,48.75,0.15715328993196853,80,adjacent,hand-wrist
HOC/WAA,raw,13,57.49999999999999,0.1499999999999999,0.5747342088805503,60.0,55.00000000000001,52.5,0.10925901973935187,80,adjacent,hand-wrist
HOC/WAA,raw,14,60.0,0.19999999999999996,0.5997498436522827,57.49999999999999,62.5,47.5,0.04645594111027311,80,adjacent,hand-wrist
HOC/WAA,raw,15,56.25,0.125,0.5607843137254902,50.0,62.5,43.75,0.15715328993196853,80,adjacent,hand-wrist
HOC/WAA,raw,16,67.5,0.3500000000000001,0.6717171717171717,57.49999999999999,77.5,40.0,0.001162270644044352,80,adjacent,hand-wrist
HOC/WAA,raw,17,58.75,0.17500000000000004,0.5869191049913942,62.5,55.00000000000001,53.75,0.07281772720149135,80,adjacent,hand-wrist
HOC/WAA,raw,18,62.5,0.25,0.625,62.5,62.5,50.0,0.016496309213238095,80,adjacent,hand-wrist
HOC/WFE,raw,1,67.77777777777779,0.3555555555555556,0.676780185758514,73.33333333333333,62.22222222222222,55.55555555555556,0.0004863803539756835,90,adjacent,hand-wrist
HOC/WFE,raw,2,57.49999999999999,0.1499999999999999,0.575,57.49999999999999,57.49999999999999,50.0,0.10925901973935187,80,adjacent,hand-wrist
HOC/WFE,raw,3,40.0,-0.19999999999999996,0.399624765478424,42.5,37.5,52.5,0.9716677868274395,80,adjacent,hand-wrist
HOC/WFE,raw,4,62.5,0.25,0.6228786926461345,70.0,55.00000000000001,57.49999999999999,0.016496309213238095,80,adjacent,hand-wrist
HOC/WFE,raw,5,55.00000000000001,0.10000000000000009,0.5488721804511278,60.0,50.0,55.00000000000001,0.21702112767273937,80,adjacent,hand-wrist
HOC/WFE,raw,6,55.00000000000001,0.10000000000000009,0.5454545454545454,45.0,65.0,40.0,0.21702112767273937,80,adjacent,hand-wrist
HOC/WFE,raw,7,56.25,0.125,0.5568919132774173,67.5,45.0,61.25000000000001,0.15715328993196853,80,adjacent,hand-wrist
HOC/WFE,raw,8,63.74999999999999,0.2749999999999999,0.6369895165075887,67.5,60.0,53.75,0.00915804875845816,80,adjacent,hand-wrist
HOC/WFE,raw,9,55.00000000000001,0.10000000000000009,0.549718574108818,52.5,57.49999999999999,47.5,0.21702112767273937,80,adjacent,hand-wrist
HOC/WFE,raw,10,43.75,-0.125,0.43741209563994377,45.0,42.5,51.24999999999999,0.8907409802606481,80,adjacent,hand-wrist
HOC/WFE,raw,11,60.0,0.19999999999999996,0.5997498436522827,62.5,57.49999999999999,52.5,0.04645594111027311,80,adjacent,hand-wrist
HOC/WFE,raw,12,51.24999999999999,0.02499999999999991,0.5105882352941176,45.0,57.49999999999999,43.75,0.4555360606130464,80,adjacent,hand-wrist
HOC/WFE,raw,13,55.00000000000001,0.10000000000000009,0.549718574108818,57.49999999999999,52.5,52.5,0.21702112767273937,80,adjacent,hand-wrist
HOC/WFE,raw,14,52.5,0.050000000000000044,0.5238095238095238,57.49999999999999,47.5,55.00000000000001,0.3687771544921613,80,adjacent,hand-wrist
HOC/WFE,raw,15,61.25000000000001,0.2250000000000001,0.6119543107494915,65.0,57.49999999999999,53.75,0.028332213172560572,80,adjacent,hand-wrist
HOC/WFE,raw,16,56.25,0.125,0.5568919132774173,45.0,67.5,38.75,0.15715328993196853,80,adjacent,hand-wrist
HOC/WFE,raw,17,52.5,0.050000000000000044,0.5238095238095238,47.5,57.49999999999999,45.0,0.3687771544921613,80,adjacent,hand-wrist
HOC/WFE,raw,18,57.49999999999999,0.1499999999999999,0.5707070707070707,47.5,67.5,40.0,0.10925901973935187,80,adjacent,hand-wrist
SAA/SFE,raw,1,43.333333333333336,-0.1333333333333333,0.4332633658476355,42.22222222222222,44.44444444444444,48.888888888888886,0.9148788024769632,90,same,shoulder-shoulder
SAA/SFE,raw,2,53.75,0.07499999999999996,0.5368486934751995,57.49999999999999,50.0,53.75,0.28821531309419657,80,same,shoulder-shoulder
SAA/SFE,raw,3,62.5,0.25,0.6247654784240151,65.0,60.0,52.5,0.016496309213238095,80,same,shoulder-shoulder
SAA/SFE,raw,4,55.00000000000001,0.10000000000000009,0.5488721804511278,60.0,50.0,55.00000000000001,0.21702112767273937,80,same,shoulder-shoulder
SAA/SFE,raw,5,41.9753086419753,-0.16031697653154525,0.41975308641975306,41.46341463414634,42.5,49.382716049382715,0.9403631658441178,81,same,shoulder-shoulder
SAA/SFE,raw,6,65.0,0.30000000000000004,0.6491228070175439,70.0,60.0,55.00000000000001,0.004841424961528786,80,same,shoulder-shoulder
SAA/SFE,raw,7,50.0,0.0,0.497171590194846,42.5,57.49999999999999,42.5,0.5444639393869536,80,same,shoulder-shoulder
SAA/SFE,raw,8,56.25,0.125,0.5624316299421784,57.49999999999999,55.00000000000001,51.24999999999999,0.15715328993196853,80,same,shoulder-shoulder
SAA/SFE,raw,9,47.5,-0.050000000000000044,0.4666666666666667,35.0,60.0,37.5,0.7117846869058034,80,same,shoulder-shoulder
SAA/SFE,raw,10,53.75,0.07499999999999996,0.5368486934751995,57.49999999999999,50.0,53.75,0.28821531309419657,80,same,shoulder-shoulder
SAA/SFE,raw,11,52.5,0.050000000000000044,0.5247029393370857,55.00000000000001,50.0,52.5,0.3687771544921613,80,same,shoulder-shoulder
SAA/SFE,raw,12,42.5,-0.15000000000000002,0.425,42.5,42.5,50.0,0.9271822727985086,80,same,shoulder-shoulder
SAA/SFE,raw,13,51.24999999999999,0.02499999999999991,0.5087387812942843,60.0,42.5,58.75,0.4555360606130464,80,same,shoulder-shoulder
SAA/SFE,raw,14,55.00000000000001,0.10000000000000009,0.5488721804511278,60.0,50.0,55.00000000000001,0.21702112767273937,80,same,shoulder-shoulder
SAA/SFE,raw,15,50.0,0.0,0.497171590194846,57.49999999999999,42.5,57.49999999999999,0.5444639393869536,80,same,shoulder-shoulder
SAA/SFE,raw,16,61.25000000000001,0.2250000000000001,0.6109803921568627,55.00000000000001,67.5,43.75,0.028332213172560572,80,same,shoulder-shoulder
SAA/SFE,raw,17,48.75,-0.025000000000000022,0.4874199093608376,50.0,47.5,51.24999999999999,0.6312228455078387,80,same,shoulder-shoulder
SAA/SFE,raw,18,77.5,0.55,0.7737272155876807,70.0,85.0,42.5,4.0713333124976437e-07,80,same,shoulder-shoulder
SPS/SAA,raw,1,50.0,0.0,0.4969568997640045,42.22222222222222,57.77777777777777,42.22222222222222,0.5419355614943548,90,same,shoulder-shoulder
SPS/SAA,raw,2,48.75,-0.025000000000000022,0.47762382544991244,62.5,35.0,63.74999999999999,0.6312228455078387,80,same,shoulder-shoulder
SPS/SAA,raw,3,80.0,0.6000000000000001,0.7998749218261414,82.5,77.5,52.5,2.9356652072980998e-08,80,same,shoulder-shoulder
SPS/SAA,raw,4,75.0,0.5,0.7474747474747474,65.0,85.0,40.0,4.290279933524806e-06,80,same,shoulder-shoulder
SPS/SAA,raw,5,45.0,-0.09999999999999998,0.44965603502188867,42.5,47.5,47.5,0.8428467100680315,80,same,shoulder-shoulder
SPS/SAA,raw,6,50.0,0.0,0.4996873045653534,47.5,52.5,47.5,0.5444639393869536,80,same,shoulder-shoulder
SPS/SAA,raw,7,72.5,0.44999999999999996,0.725,72.5,72.5,50.0,3.505286989959981e-05,80,same,shoulder-shoulder
SPS/SAA,raw,8,43.75,-0.125,0.43529411764705883,50.0,37.5,56.25,0.8907409802606481,80,same,shoulder-shoulder
SPS/SAA,raw,9,41.25,-0.17500000000000004,0.4124081887794968,40.0,42.5,48.75,0.9535440588897269,80,same,shoulder-shoulder
SPS/SAA,raw,10,55.00000000000001,0.10000000000000009,0.55,55.00000000000001,55.00000000000001,50.0,0.21702112767273937,80,same,shoulder-shoulder
SPS/SAA,raw,11,51.24999999999999,0.02499999999999991,0.5124238162212846,52.5,50.0,51.24999999999999,0.4555360606130464,80,same,shoulder-shoulder
SPS/SAA,raw,12,62.5,0.25,0.6247654784240151,65.0,60.0,52.5,0.016496309213238095,80,same,shoulder-shoulder
SPS/SAA,raw,13,58.75,0.17500000000000004,0.5874355368026254,57.49999999999999,60.0,48.75,0.07281772720149135,80,same,shoulder-shoulder
SPS/SAA,raw,14,55.00000000000001,0.10000000000000009,0.5488721804511278,60.0,50.0,55.00000000000001,0.21702112767273937,80,same,shoulder-shoulder
SPS/SAA,raw,15,53.75,0.07499999999999996,0.5356862745098039,47.5,60.0,43.75,0.28821531309419657,80,same,shoulder-shoulder
SPS/SAA,raw,16,52.5,0.050000000000000044,0.525,52.5,52.5,50.0,0.3687771544921613,80,same,shoulder-shoulder
SPS/SAA,raw,17,48.75,-0.025000000000000022,0.48549019607843136,42.5,55.00000000000001,43.75,0.6312228455078387,80,same,shoulder-shoulder
SPS/SAA,raw,18,60.0,0.19999999999999996,0.6,60.0,60.0,50.0,0.04645594111027311,80,same,shoulder-shoulder
SPS/SFE,raw,1,48.888888888888886,-0.022222222222222254,0.4866071428571429,42.22222222222222,55.55555555555556,43.333333333333336,0.6239833992007024,90,same,shoulder-shoulder
SPS/SFE,raw,2,52.5,0.050000000000000044,0.5174603174603174,65.0,40.0,62.5,0.3687771544921613,80,same,shoulder-shoulder
SPS/SFE,raw,3,72.5,0.44999999999999996,0.7206349206349206,85.0,60.0,62.5,3.505286989959981e-05,80,same,shoulder-shoulder
SPS/SFE,raw,4,62.5,0.25,0.6228786926461345,55.00000000000001,70.0,42.5,0.016496309213238095,80,same,shoulder-shoulder
SPS/SFE,raw,5,50.617283950617285,0.009174311926605512,0.49689440993788814,63.41463414634146,37.5,62.96296296296296,0.4999999999999996,81,same,shoulder-shoulder
SPS/SFE,raw,6,65.0,0.30000000000000004,0.6480201131363922,57.49999999999999,72.5,42.5,0.004841424961528786,80,same,shoulder-shoulder
SPS/SFE,raw,7,58.75,0.17500000000000004,0.5874355368026254,57.49999999999999,60.0,48.75,0.07281772720149135,80,same,shoulder-shoulder
SPS/SFE,raw,8,37.5,-0.25,0.37460913070669166,40.0,35.0,52.5,0.9908419512415418,80,same,shoulder-shoulder
SPS/SFE,raw,9,47.5,-0.050000000000000044,0.474671669793621,45.0,50.0,47.5,0.7117846869058034,80,same,shoulder-shoulder
SPS/SFE,raw,10,52.5,0.050000000000000044,0.5174603174603174,40.0,65.0,37.5,0.3687771544921613,80,same,shoulder-shoulder
SPS/SFE,raw,11,47.5,-0.050000000000000044,0.4736842105263158,42.5,52.5,45.0,0.7117846869058034,80,same,shoulder-shoulder
SPS/SFE,raw,12,60.0,0.19999999999999996,0.5989974937343359,55.00000000000001,65.0,45.0,0.04645594111027311,80,same,shoulder-shoulder
SPS/SFE,raw,13,61.25000000000001,0.2250000000000001,0.6095103133364824,70.0,52.5,58.75,0.028332213172560572,80,same,shoulder-shoulder
SPS/SFE,raw,14,46.25,-0.07499999999999996,0.4617430762009075,50.0,42.5,53.75,0.7829788723272606,80,same,shoulder-shoulder
SPS/SFE,raw,15,50.0,0.0,0.4996873045653534,52.5,47.5,52.5,0.5444639393869536,80,same,shoulder-shoulder
SPS/SFE,raw,16,56.25,0.125,0.5624316299421784,55.00000000000001,57.49999999999999,48.75,0.15715328993196853,80,same,shoulder-shoulder
SPS/SFE,raw,17,56.25,0.125,0.5607843137254902,50.0,62.5,43.75,0.15715328993196853,80,same,shoulder-shoulder
SPS/SFE,raw,18,75.0,0.5,0.7493734335839599,70.0,80.0,45.0,4.290279933524806e-06,80,same,shoulder-shoulder
WAA/EFE,raw,1,68.88888888888889,0.37777777777777777,0.6887351778656126,71.11111111111111,66.66666666666666,52.22222222222223,0.0002189610983170669,90,adjacent,wrist-elbow
WAA/EFE,raw,2,55.00000000000001,0.10000000000000009,0.549718574108818,52.5,57.49999999999999,47.5,0.21702112767273937,80,adjacent,wrist-elbow
WAA/EFE,raw,3,53.75,0.07499999999999996,0.5356862745098039,60.0,47.5,56.25,0.28821531309419657,80,adjacent,wrist-elbow
WAA/EFE,raw,4,75.0,0.5,0.7498436522826767,72.5,77.5,47.5,4.290279933524806e-06,80,adjacent,wrist-elbow
WAA/EFE,raw,5,47.5,-0.050000000000000044,0.4666666666666667,60.0,35.0,62.5,0.7117846869058034,80,adjacent,wrist-elbow
WAA/EFE,raw,6,50.0,0.0,0.5,50.0,50.0,50.0,0.5444639393869536,80,adjacent,wrist-elbow
WAA/EFE,raw,7,57.49999999999999,0.1499999999999999,0.5739348370927319,52.5,62.5,45.0,0.10925901973935187,80,adjacent,wrist-elbow
WAA/EFE,raw,8,66.25,0.32499999999999996,0.6611764705882353,72.5,60.0,56.25,0.0024340770747797117,80,adjacent,wrist-elbow
WAA/EFE,raw,9,62.5,0.25,0.6247654784240151,60.0,65.0,47.5,0.016496309213238095,80,adjacent,wrist-elbow
WAA/EFE,raw,10,52.5,0.050000000000000044,0.5238095238095238,57.49999999999999,47.5,55.00000000000001,0.3687771544921613,80,adjacent,wrist-elbow
WAA/EFE,raw,11,48.75,-0.025000000000000022,0.48549019607843136,55.00000000000001,42.5,56.25,0.6312228455078387,80,adjacent,wrist-elbow
WAA/EFE,raw,12,43.75,-0.125,0.43529411764705883,37.5,50.0,43.75,0.8907409802606481,80,adjacent,wrist-elbow
WAA/EFE,raw,13,53.75,0.07499999999999996,0.5356862745098039,60.0,47.5,56.25,0.28821531309419657,80,adjacent,wrist-elbow
WAA/EFE,raw,14,66.25,0.32499999999999996,0.6620247222656861,62.5,70.0,46.25,0.0024340770747797117,80,adjacent,wrist-elbow
WAA/EFE,raw,15,50.0,0.0,0.497171590194846,57.49999999999999,42.5,57.49999999999999,0.5444639393869536,80,adjacent,wrist-elbow
WAA/EFE,raw,16,57.49999999999999,0.1499999999999999,0.575,57.49999999999999,57.49999999999999,50.0,0.10925901973935187,80,adjacent,wrist-elbow
WAA/EFE,raw,17,66.25,0.32499999999999996,0.6624472573839661,67.5,65.0,51.24999999999999,0.0024340770747797117,80,adjacent,wrist-elbow
WAA/EFE,raw,18,67.5,0.3500000000000001,0.6747967479674797,65.0,70.0,47.5,0.001162270644044352,80,adjacent,wrist-elbow
WAA/EPS,raw,1,53.333333333333336,0.06666666666666665,0.5324096981692232,48.888888888888886,57.77777777777777,45.55555555555556,0.29920585911675956,90,adjacent,wrist-elbow
WAA/EPS,raw,2,53.75,0.07499999999999996,0.5374277230817315,52.5,55.00000000000001,48.75,0.28821531309419657,80,adjacent,wrist-elbow
WAA/EPS,raw,3,56.25,0.125,0.5624316299421784,55.00000000000001,57.49999999999999,48.75,0.15715328993196853,80,adjacent,wrist-elbow
WAA/EPS,raw,4,72.5,0.44999999999999996,0.7234443746071653,65.0,80.0,42.5,3.505286989959981e-05,80,adjacent,wrist-elbow
WAA/EPS,raw,5,46.25,-0.07499999999999996,0.452142060837713,60.0,32.5,63.74999999999999,0.7829788723272606,80,adjacent,wrist-elbow
WAA/EPS,raw,6,55.00000000000001,0.10000000000000009,0.5454545454545454,45.0,65.0,40.0,0.21702112767273937,80,adjacent,wrist-elbow
WAA/EPS,raw,7,67.5,0.3500000000000001,0.6731615336266499,75.0,60.0,57.49999999999999,0.001162270644044352,80,adjacent,wrist-elbow
WAA/EPS,raw,8,60.0,0.19999999999999996,0.5977372721558768,67.5,52.5,57.49999999999999,0.04645594111027311,80,adjacent,wrist-elbow
WAA/EPS,raw,9,38.75,-0.22499999999999998,0.38740428191904985,40.0,37.5,51.24999999999999,0.9835036907867619,80,adjacent,wrist-elbow
WAA/EPS,raw,10,47.5,-0.050000000000000044,0.47203016970458833,55.00000000000001,40.0,57.49999999999999,0.7117846869058034,80,adjacent,wrist-elbow
WAA/EPS,raw,11,65.0,0.30000000000000004,0.6480201131363922,72.5,57.49999999999999,57.49999999999999,0.004841424961528786,80,adjacent,wrist-elbow
WAA/EPS,raw,12,48.75,-0.025000000000000022,0.48549019607843136,55.00000000000001,42.5,56.25,0.6312228455078387,80,adjacent,wrist-elbow
WAA/EPS,raw,13,46.25,-0.07499999999999996,0.46039215686274515,52.5,40.0,56.25,0.7829788723272606,80,adjacent,wrist-elbow
WAA/EPS,raw,14,46.25,-0.07499999999999996,0.4617430762009075,50.0,42.5,53.75,0.7829788723272606,80,adjacent,wrist-elbow
WAA/EPS,raw,15,53.75,0.07499999999999996,0.5356862745098039,60.0,47.5,56.25,0.28821531309419657,80,adjacent,wrist-elbow
WAA/EPS,raw,16,48.75,-0.025000000000000022,0.48677828195900485,52.5,45.0,53.75,0.6312228455078387,80,adjacent,wrist-elbow
WAA/EPS,raw,17,50.0,0.0,0.4949494949494949,60.0,40.0,60.0,0.5444639393869536,80,adjacent,wrist-elbow
WAA/EPS,raw,18,61.25000000000001,0.2250000000000001,0.6095103133364824,52.5,70.0,41.25,0.028332213172560572,80,adjacent,wrist-elbow
WAA/SAA,raw,1,64.44444444444444,0.288888888888889,0.6437407224146462,60.0,68.88888888888889,45.55555555555556,0.004022964066612547,90,distant,wrist-shoulder
WAA/SAA,raw,2,57.49999999999999,0.1499999999999999,0.5747342088805503,55.00000000000001,60.0,47.5,0.10925901973935187,80,distant,wrist-shoulder
WAA/SAA,raw,3,86.25,0.7250000000000001,0.8624785122675418,85.0,87.5,48.75,1.0247576593587948e-11,80,distant,wrist-shoulder
WAA/SAA,raw,4,87.5,0.75,0.8742928975487115,80.0,95.0,42.5,1.5806452613247474e-12,80,distant,wrist-shoulder
WAA/SAA,raw,5,38.75,-0.22499999999999998,0.38663745892661555,42.5,35.0,53.75,0.9835036907867619,80,distant,wrist-shoulder
WAA/SAA,raw,6,70.0,0.3999999999999999,0.6992481203007519,65.0,75.0,45.0,0.0002257586359574054,80,distant,wrist-shoulder
WAA/SAA,raw,7,75.0,0.5,0.7485857950974231,67.5,82.5,42.5,4.290279933524806e-06,80,distant,wrist-shoulder
WAA/SAA,raw,8,41.25,-0.17500000000000004,0.4124081887794968,42.5,40.0,51.24999999999999,0.9535440588897269,80,distant,wrist-shoulder
WAA/SAA,raw,9,58.75,0.17500000000000004,0.5869191049913942,55.00000000000001,62.5,46.25,0.07281772720149135,80,distant,wrist-shoulder
WAA/SAA,raw,10,52.5,0.050000000000000044,0.5174603174603174,40.0,65.0,37.5,0.3687771544921613,80,distant,wrist-shoulder
WAA/SAA,raw,11,57.49999999999999,0.1499999999999999,0.5739348370927319,62.5,52.5,55.00000000000001,0.10925901973935187,80,distant,wrist-shoulder
WAA/SAA,raw,12,56.25,0.125,0.5624316299421784,55.00000000000001,57.49999999999999,48.75,0.15715328993196853,80,distant,wrist-shoulder
WAA/SAA,raw,13,46.25,-0.07499999999999996,0.4617430762009075,42.5,50.0,46.25,0.7829788723272606,80,distant,wrist-shoulder
WAA/SAA,raw,14,62.5,0.25,0.6240601503759399,57.49999999999999,67.5,45.0,0.016496309213238095,80,distant,wrist-shoulder
WAA/SAA,raw,15,42.5,-0.15000000000000002,0.42464040025015637,40.0,45.0,47.5,0.9271822727985086,80,distant,wrist-shoulder
WAA/SAA,raw,16,57.49999999999999,0.1499999999999999,0.5682539682539682,70.0,45.0,62.5,0.10925901973935187,80,distant,wrist-shoulder
WAA/SAA,raw,17,63.74999999999999,0.2749999999999999,0.6369895165075887,67.5,60.0,53.75,0.00915804875845816,80,distant,wrist-shoulder
WAA/SAA,raw,18,78.75,0.575,0.7866666666666666,72.5,85.0,43.75,1.1330702522337731e-07,80,distant,wrist-shoulder
WAA/SFE,raw,1,58.88888888888889,0.1777777777777778,0.5888381281639709,57.77777777777777,60.0,48.888888888888886,0.05667217702171029,90,distant,wrist-shoulder
WAA/SFE,raw,2,51.24999999999999,0.02499999999999991,0.5105882352941176,57.49999999999999,45.0,56.25,0.4555360606130464,80,distant,wrist-shoulder
WAA/SFE,raw,3,81.25,0.625,0.8124706985466479,82.5,80.0,51.24999999999999,7.05733420490698e-09,80,distant,wrist-shoulder
WAA/SFE,raw,4,80.0,0.6000000000000001,0.7994987468671679,75.0,85.0,45.0,2.9356652072980998e-08,80,distant,wrist-shoulder
WAA/SFE,raw,5,48.148148148148145,-0.039095907147220485,0.4775798525798526,56.09756097560976,40.0,58.0246913580247,0.6715037662068212,81,distant,wrist-shoulder
WAA/SFE,raw,6,66.25,0.32499999999999996,0.6620247222656861,62.5,70.0,46.25,0.0024340770747797117,80,distant,wrist-shoulder
WAA/SFE,raw,7,63.74999999999999,0.2749999999999999,0.634703196347032,55.00000000000001,72.5,41.25,0.00915804875845816,80,distant,wrist-shoulder
WAA/SFE,raw,8,58.75,0.17500000000000004,0.5874355368026254,57.49999999999999,60.0,48.75,0.07281772720149135,80,distant,wrist-shoulder
WAA/SFE,raw,9,55.00000000000001,0.10000000000000009,0.5488721804511278,50.0,60.0,45.0,0.21702112767273937,80,distant,wrist-shoulder
WAA/SFE,raw,10,58.75,0.17500000000000004,0.5874355368026254,57.49999999999999,60.0,48.75,0.07281772720149135,80,distant,wrist-shoulder
WAA/SFE,raw,11,68.75,0.375,0.6870599280237835,65.0,72.5,46.25,0.0005263674286766723,80,distant,wrist-shoulder
WAA/SFE,raw,12,46.25,-0.07499999999999996,0.4617430762009075,50.0,42.5,53.75,0.7829788723272606,80,distant,wrist-shoulder
WAA/SFE,raw,13,66.25,0.32499999999999996,0.6611764705882353,72.5,60.0,56.25,0.0024340770747797117,80,distant,wrist-shoulder
WAA/SFE,raw,14,66.25,0.32499999999999996,0.6620247222656861,62.5,70.0,46.25,0.0024340770747797117,80,distant,wrist-shoulder
WAA/SFE,raw,15,46.25,-0.07499999999999996,0.46241600250039067,45.0,47.5,48.75,0.7829788723272606,80,distant,wrist-shoulder
WAA/SFE,raw,16,48.75,-0.025000000000000022,0.48549019607843136,42.5,55.00000000000001,43.75,0.6312228455078387,80,distant,wrist-shoulder
WAA/SFE,raw,17,71.25,0.42500000000000004,0.7120951337818808,75.0,67.5,53.75,9.155828206487555e-05,80,distant,wrist-shoulder
WAA/SFE,raw,18,75.0,0.5,0.7498436522826767,77.5,72.5,52.5,4.290279933524806e-06,80,distant,wrist-shoulder
WAA/SPS,raw,1,64.44444444444444,0.288888888888889,0.6442687747035574,66.66666666666666,62.22222222222222,52.22222222222223,0.004022964066612547,90,distant,wrist-shoulder
WAA/SPS,raw,2,58.75,0.17500000000000004,0.5843174303259329,50.0,67.5,41.25,0.07281772720149135,80,distant,wrist-shoulder
WAA/SPS,raw,3,58.75,0.17500000000000004,0.5874355368026254,60.0,57.49999999999999,51.24999999999999,0.07281772720149135,80,distant,wrist-shoulder
WAA/SPS,raw,4,88.75,0.7749999999999999,0.8874824191279886,90.0,87.5,51.24999999999999,2.1869890911195873e-13,80,distant,wrist-shoulder
WAA/SPS,raw,5,63.74999999999999,0.2749999999999999,0.6360784313725489,57.49999999999999,70.0,43.75,0.00915804875845816,80,distant,wrist-shoulder
WAA/SPS,raw,6,48.75,-0.025000000000000022,0.4809305269821174,37.5,60.0,38.75,0.6312228455078387,80,distant,wrist-shoulder
WAA/SPS,raw,7,63.74999999999999,0.2749999999999999,0.6305144131231089,50.0,77.5,36.25,0.00915804875845816,80,distant,wrist-shoulder
WAA/SPS,raw,8,58.75,0.17500000000000004,0.5869191049913942,55.00000000000001,62.5,46.25,0.07281772720149135,80,distant,wrist-shoulder
WAA/SPS,raw,9,58.75,0.17500000000000004,0.5874355368026254,57.49999999999999,60.0,48.75,0.07281772720149135,80,distant,wrist-shoulder
WAA/SPS,raw,10,68.75,0.375,0.6874511642444132,70.0,67.5,51.24999999999999,0.0005263674286766723,80,distant,wrist-shoulder
WAA/SPS,raw,11,50.0,0.0,0.4987468671679198,55.00000000000001,45.0,55.00000000000001,0.5444639393869536,80,distant,wrist-shoulder
WAA/SPS,raw,12,63.74999999999999,0.2749999999999999,0.634703196347032,72.5,55.00000000000001,58.75,0.00915804875845816,80,distant,wrist-shoulder
WAA/SPS,raw,13,63.74999999999999,0.2749999999999999,0.6360784313725489,70.0,57.49999999999999,56.25,0.00915804875845816,80,distant,wrist-shoulder
WAA/SPS,raw,14,66.25,0.32499999999999996,0.6620247222656861,62.5,70.0,46.25,0.0024340770747797117,80,distant,wrist-shoulder
WAA/SPS,raw,15,48.75,-0.025000000000000022,0.4874199093608376,50.0,47.5,51.24999999999999,0.6312228455078387,80,distant,wrist-shoulder
WAA/SPS,raw,16,62.5,0.25,0.6240601503759399,67.5,57.49999999999999,55.00000000000001,0.016496309213238095,80,distant,wrist-shoulder
WAA/SPS,raw,17,61.25000000000001,0.2250000000000001,0.6124394436630723,60.0,62.5,48.75,0.028332213172560572,80,distant,wrist-shoulder
WAA/SPS,raw,18,60.0,0.19999999999999996,0.5989974937343359,55.00000000000001,65.0,45.0,0.04645594111027311,80,distant,wrist-shoulder
WFE/EFE,raw,1,52.22222222222223,0.04444444444444451,0.5207430340557275,46.666666666666664,57.77777777777777,44.44444444444444,0.37601660079929755,90,adjacent,wrist-elbow
WFE/EFE,raw,2,55.00000000000001,0.10000000000000009,0.5488721804511278,60.0,50.0,55.00000000000001,0.21702112767273937,80,adjacent,wrist-elbow
WFE/EFE,raw,3,61.25000000000001,0.2250000000000001,0.6124394436630723,62.5,60.0,51.24999999999999,0.028332213172560572,80,adjacent,wrist-elbow
WFE/EFE,raw,4,58.75,0.17500000000000004,0.5858823529411765,52.5,65.0,43.75,0.07281772720149135,80,adjacent,wrist-elbow
WFE/EFE,raw,5,50.0,0.0,0.5,50.0,50.0,50.0,0.5444639393869536,80,adjacent,wrist-elbow
WFE/EFE,raw,6,58.75,0.17500000000000004,0.5858823529411765,52.5,65.0,43.75,0.07281772720149135,80,adjacent,wrist-elbow
WFE/EFE,raw,7,66.25,0.32499999999999996,0.6624472573839661,67.5,65.0,51.24999999999999,0.0024340770747797117,80,adjacent,wrist-elbow
WFE/EFE,raw,8,52.5,0.050000000000000044,0.5238095238095238,57.49999999999999,47.5,55.00000000000001,0.3687771544921613,80,adjacent,wrist-elbow
WFE/EFE,raw,9,57.49999999999999,0.1499999999999999,0.5747342088805503,60.0,55.00000000000001,52.5,0.10925901973935187,80,adjacent,wrist-elbow
WFE/EFE,raw,10,68.75,0.375,0.6874511642444132,67.5,70.0,48.75,0.0005263674286766723,80,adjacent,wrist-elbow
WFE/EFE,raw,11,53.75,0.07499999999999996,0.5374277230817315,55.00000000000001,52.5,51.24999999999999,0.28821531309419657,80,adjacent,wrist-elbow
WFE/EFE,raw,12,52.5,0.050000000000000044,0.5247029393370857,55.00000000000001,50.0,52.5,0.3687771544921613,80,adjacent,wrist-elbow
WFE/EFE,raw,13,45.0,-0.09999999999999998,0.4373401534526854,60.0,30.0,65.0,0.8428467100680315,80,adjacent,wrist-elbow
WFE/EFE,raw,14,58.75,0.17500000000000004,0.5843174303259329,67.5,50.0,58.75,0.07281772720149135,80,adjacent,wrist-elbow
WFE/EFE,raw,15,47.5,-0.050000000000000044,0.4696969696969697,57.49999999999999,37.5,60.0,0.7117846869058034,80,adjacent,wrist-elbow
WFE/EFE,raw,16,66.25,0.32499999999999996,0.6581737616711505,55.00000000000001,77.5,38.75,0.0024340770747797117,80,adjacent,wrist-elbow
WFE/EFE,raw,17,42.5,-0.15000000000000002,0.42464040025015637,45.0,40.0,52.5,0.9271822727985086,80,adjacent,wrist-elbow
WFE/EFE,raw,18,51.24999999999999,0.02499999999999991,0.5124238162212846,52.5,50.0,51.24999999999999,0.4555360606130464,80,adjacent,wrist-elbow
WFE/EPS,raw,1,50.0,0.0,0.4994438264738599,53.333333333333336,46.666666666666664,53.333333333333336,0.5419355614943548,90,adjacent,wrist-elbow
WFE/EPS,raw,2,53.75,0.07499999999999996,0.5374277230817315,52.5,55.00000000000001,48.75,0.28821531309419657,80,adjacent,wrist-elbow
WFE/EPS,raw,3,62.5,0.25,0.6240601503759399,57.49999999999999,67.5,45.0,0.016496309213238095,80,adjacent,wrist-elbow
WFE/EPS,raw,4,62.5,0.25,0.6228786926461345,55.00000000000001,70.0,42.5,0.016496309213238095,80,adjacent,wrist-elbow
WFE/EPS,raw,5,42.5,-0.15000000000000002,0.425,42.5,42.5,50.0,0.9271822727985086,80,adjacent,wrist-elbow
WFE/EPS,raw,6,55.00000000000001,0.10000000000000009,0.5474544311753614,47.5,62.5,42.5,0.21702112767273937,80,adjacent,wrist-elbow
WFE/EPS,raw,7,60.0,0.19999999999999996,0.5989974937343359,65.0,55.00000000000001,55.00000000000001,0.04645594111027311,80,adjacent,wrist-elbow
WFE/EPS,raw,8,45.0,-0.09999999999999998,0.44688874921433064,52.5,37.5,57.49999999999999,0.8428467100680315,80,adjacent,wrist-elbow
WFE/EPS,raw,9,53.75,0.07499999999999996,0.5374277230817315,52.5,55.00000000000001,48.75,0.28821531309419657,80,adjacent,wrist-elbow
WFE/EPS,raw,10,60.0,0.19999999999999996,0.5997498436522827,62.5,57.49999999999999,52.5,0.04645594111027311,80,adjacent,wrist-elbow
WFE/EPS,raw,11,43.75,-0.125,0.43529411764705883,50.0,37.5,56.25,0.8907409802606481,80,adjacent,wrist-elbow
WFE/EPS,raw,12,63.74999999999999,0.2749999999999999,0.6374433505235193,65.0,62.5,51.24999999999999,0.00915804875845816,80,adjacent,wrist-elbow
WFE/EPS,raw,13,50.0,0.0,0.4920634920634921,62.5,37.5,62.5,0.5444639393869536,80,adjacent,wrist-elbow
WFE/EPS,raw,14,51.24999999999999,0.02499999999999991,0.5087387812942843,42.5,60.0,41.25,0.4555360606130464,80,adjacent,wrist-elbow
WFE/EPS,raw,15,50.0,0.0,0.48849104859335035,65.0,35.0,65.0,0.5444639393869536,80,adjacent,wrist-elbow
WFE/EPS,raw,16,61.25000000000001,0.2250000000000001,0.5983805668016194,42.5,80.0,31.25,0.028332213172560572,80,adjacent,wrist-elbow
WFE/EPS,raw,17,45.0,-0.09999999999999998,0.44965603502188867,47.5,42.5,52.5,0.8428467100680315,80,adjacent,wrist-elbow
WFE/EPS,raw,18,58.75,0.17500000000000004,0.5858823529411765,52.5,65.0,43.75,0.07281772720149135,80,adjacent,wrist-elbow
WFE/SAA,raw,1,64.44444444444444,0.288888888888889,0.6437407224146462,60.0,68.88888888888889,45.55555555555556,0.004022964066612547,90,distant,wrist-shoulder
WFE/SAA,raw,2,50.0,0.0,0.5,50.0,50.0,50.0,0.5444639393869536,80,distant,wrist-shoulder
WFE/SAA,raw,3,77.5,0.55,0.7744360902255639,72.5,82.5,45.0,4.0713333124976437e-07,80,distant,wrist-shoulder
WFE/SAA,raw,4,82.5,0.6499999999999999,0.8248905565978737,80.0,85.0,47.5,1.5682713450733752e-09,80,distant,wrist-shoulder
WFE/SAA,raw,5,46.25,-0.07499999999999996,0.4617430762009075,42.5,50.0,46.25,0.7829788723272606,80,distant,wrist-shoulder
WFE/SAA,raw,6,66.25,0.32499999999999996,0.6624472573839661,65.0,67.5,48.75,0.0024340770747797117,80,distant,wrist-shoulder
WFE/SAA,raw,7,60.0,0.19999999999999996,0.5989974937343359,55.00000000000001,65.0,45.0,0.04645594111027311,80,distant,wrist-shoulder
WFE/SAA,raw,8,52.5,0.050000000000000044,0.5238095238095238,57.49999999999999,47.5,55.00000000000001,0.3687771544921613,80,distant,wrist-shoulder
WFE/SAA,raw,9,55.00000000000001,0.10000000000000009,0.5488721804511278,50.0,60.0,45.0,0.21702112767273937,80,distant,wrist-shoulder
WFE/SAA,raw,10,58.75,0.17500000000000004,0.5858823529411765,65.0,52.5,56.25,0.07281772720149135,80,distant,wrist-shoulder
WFE/SAA,raw,11,61.25000000000001,0.2250000000000001,0.6119543107494915,65.0,57.49999999999999,53.75,0.028332213172560572,80,distant,wrist-shoulder
WFE/SAA,raw,12,70.0,0.3999999999999999,0.6992481203007519,65.0,75.0,45.0,0.0002257586359574054,80,distant,wrist-shoulder
WFE/SAA,raw,13,50.0,0.0,0.4996873045653534,47.5,52.5,47.5,0.5444639393869536,80,distant,wrist-shoulder
WFE/SAA,raw,14,53.75,0.07499999999999996,0.5339316643048339,45.0,62.5,41.25,0.28821531309419657,80,distant,wrist-shoulder
WFE/SAA,raw,15,48.75,-0.025000000000000022,0.48549019607843136,42.5,55.00000000000001,43.75,0.6312228455078387,80,distant,wrist-shoulder
WFE/SAA,raw,16,60.0,0.19999999999999996,0.5997498436522827,62.5,57.49999999999999,52.5,0.04645594111027311,80,distant,wrist-shoulder
WFE/SAA,raw,17,52.5,0.050000000000000044,0.5223130106851037,45.0,60.0,42.5,0.3687771544921613,80,distant,wrist-shoulder
WFE/SAA,raw,18,80.0,0.6000000000000001,0.7994987468671679,85.0,75.0,55.00000000000001,2.9356652072980998e-08,80,distant,wrist-shoulder
WFE/SFE,raw,1,58.88888888888889,0.1777777777777778,0.5884315906562847,55.55555555555556,62.22222222222222,46.666666666666664,0.05667217702171029,90,distant,wrist-shoulder
WFE/SFE,raw,2,58.75,0.17500000000000004,0.5869191049913942,62.5,55.00000000000001,53.75,0.07281772720149135,80,distant,wrist-shoulder
WFE/SFE,raw,3,76.25,0.5249999999999999,0.7621655452980755,72.5,80.0,46.25,1.3659349614411326e-06,80,distant,wrist-shoulder
WFE/SFE,raw,4,75.0,0.5,0.7498436522826767,72.5,77.5,47.5,4.290279933524806e-06,80,distant,wrist-shoulder
WFE/SFE,raw,5,59.25925925925925,0.1853093569033831,0.5925925925925926,58.536585365853654,60.0,49.382716049382715,0.0596368341558822,81,distant,wrist-shoulder
WFE/SFE,raw,6,63.74999999999999,0.2749999999999999,0.6328532995727172,52.5,75.0,38.75,0.00915804875845816,80,distant,wrist-shoulder
WFE/SFE,raw,7,52.5,0.050000000000000044,0.525,52.5,52.5,50.0,0.3687771544921613,80,distant,wrist-shoulder
WFE/SFE,raw,8,65.0,0.30000000000000004,0.6497811131957474,62.5,67.5,47.5,0.004841424961528786,80,distant,wrist-shoulder
WFE/SFE,raw,9,63.74999999999999,0.2749999999999999,0.6369895165075887,67.5,60.0,53.75,0.00915804875845816,80,distant,wrist-shoulder
WFE/SFE,raw,10,56.25,0.125,0.5624316299421784,57.49999999999999,55.00000000000001,51.24999999999999,0.15715328993196853,80,distant,wrist-shoulder
WFE/SFE,raw,11,53.75,0.07499999999999996,0.5374277230817315,55.00000000000001,52.5,51.24999999999999,0.28821531309419657,80,distant,wrist-shoulder
WFE/SFE,raw,12,62.5,0.25,0.625,62.5,62.5,50.0,0.016496309213238095,80,distant,wrist-shoulder
WFE/SFE,raw,13,61.25000000000001,0.2250000000000001,0.6124394436630723,62.5,60.0,51.24999999999999,0.028332213172560572,80,distant,wrist-shoulder
WFE/SFE,raw,14,53.75,0.07499999999999996,0.5339316643048339,62.5,45.0,58.75,0.28821531309419657,80,distant,wrist-shoulder
WFE/SFE,raw,15,46.25,-0.07499999999999996,0.46241600250039067,45.0,47.5,48.75,0.7829788723272606,80,distant,wrist-shoulder
WFE/SFE,raw,16,56.25,0.125,0.5591245473153834,47.5,65.0,41.25,0.15715328993196853,80,distant,wrist-shoulder
WFE/SFE,raw,17,47.5,-0.050000000000000044,0.475,47.5,47.5,50.0,0.7117846869058034,80,distant,wrist-shoulder
WFE/SFE,raw,18,78.75,0.575,0.7866666666666666,72.5,85.0,43.75,1.1330702522337731e-07,80,distant,wrist-shoulder
WFE/SPS,raw,1,63.33333333333333,0.2666666666666666,0.6329254727474972,66.66666666666666,60.0,53.333333333333336,0.007433376472813117,90,distant,wrist-shoulder
WFE/SPS,raw,2,46.25,-0.07499999999999996,0.46039215686274515,40.0,52.5,43.75,0.7829788723272606,80,distant,wrist-shoulder
WFE/SPS,raw,3,73.75,0.4750000000000001,0.7371303395399781,70.0,77.5,46.25,1.2645551282335301e-05,80,distant,wrist-shoulder
WFE/SPS,raw,4,78.75,0.575,0.7866666666666666,85.0,72.5,56.25,1.1330702522337731e-07,80,distant,wrist-shoulder
WFE/SPS,raw,5,53.75,0.07499999999999996,0.5368486934751995,50.0,57.49999999999999,46.25,0.28821531309419657,80,distant,wrist-shoulder
WFE/SPS,raw,6,55.00000000000001,0.10000000000000009,0.5488721804511278,50.0,60.0,45.0,0.21702112767273937,80,distant,wrist-shoulder
WFE/SPS,raw,7,71.25,0.42500000000000004,0.7124550711048601,70.0,72.5,48.75,9.155828206487555e-05,80,distant,wrist-shoulder
WFE/SPS,raw,8,60.0,0.19999999999999996,0.6,60.0,60.0,50.0,0.04645594111027311,80,distant,wrist-shoulder
WFE/SPS,raw,9,52.5,0.050000000000000044,0.5238095238095238,57.49999999999999,47.5,55.00000000000001,0.3687771544921613,80,distant,wrist-shoulder
WFE/SPS,raw,10,70.0,0.3999999999999999,0.6992481203007519,75.0,65.0,55.00000000000001,0.0002257586359574054,80,distant,wrist-shoulder
WFE/SPS,raw,11,56.25,0.125,0.5618838992332968,52.5,60.0,46.25,0.15715328993196853,80,distant,wrist-shoulder
WFE/SPS,raw,12,70.0,0.3999999999999999,0.7,70.0,70.0,50.0,0.0002257586359574054,80,distant,wrist-shoulder
WFE/SPS,raw,13,56.25,0.125,0.5624316299421784,57.49999999999999,55.00000000000001,51.24999999999999,0.15715328993196853,80,distant,wrist-shoulder
WFE/SPS,raw,14,61.25000000000001,0.2250000000000001,0.6119543107494915,57.49999999999999,65.0,46.25,0.028332213172560572,80,distant,wrist-shoulder
WFE/SPS,raw,15,46.25,-0.07499999999999996,0.46039215686274515,52.5,40.0,56.25,0.7829788723272606,80,distant,wrist-shoulder
WFE/SPS,raw,16,66.25,0.32499999999999996,0.6598960793575814,57.49999999999999,75.0,41.25,0.0024340770747797117,80,distant,wrist-shoulder
WFE/SPS,raw,17,58.75,0.17500000000000004,0.5858823529411765,65.0,52.5,56.25,0.07281772720149135,80,distant,wrist-shoulder
WFE/SPS,raw,18,67.5,0.3500000000000001,0.6747967479674797,65.0,70.0,47.5,0.001162270644044352,80,distant,wrist-shoulder
WFE/WAA,raw,1,61.111111111111114,0.22222222222222232,0.6110630942091617,60.0,62.22222222222222,48.888888888888886,0.02229876231395796,90,same,wrist-wrist
WFE/WAA,raw,2,61.25000000000001,0.2250000000000001,0.6124394436630723,62.5,60.0,51.24999999999999,0.028332213172560572,80,same,wrist-wrist
WFE/WAA,raw,3,66.25,0.32499999999999996,0.6624472573839661,65.0,67.5,48.75,0.0024340770747797117,80,same,wrist-wrist
WFE/WAA,raw,4,62.5,0.25,0.6247654784240151,60.0,65.0,47.5,0.016496309213238095,80,same,wrist-wrist
WFE/WAA,raw,5,67.5,0.3500000000000001,0.6741854636591479,62.5,72.5,45.0,0.001162270644044352,80,same,wrist-wrist
WFE/WAA,raw,6,61.25000000000001,0.2250000000000001,0.6119543107494915,65.0,57.49999999999999,53.75,0.028332213172560572,80,same,wrist-wrist
WFE/WAA,raw,7,65.0,0.30000000000000004,0.6491228070175439,70.0,60.0,55.00000000000001,0.004841424961528786,80,same,wrist-wrist
WFE/WAA,raw,8,61.25000000000001,0.2250000000000001,0.6109803921568627,67.5,55.00000000000001,56.25,0.028332213172560572,80,same,wrist-wrist
WFE/WAA,raw,9,52.5,0.050000000000000044,0.525,52.5,52.5,50.0,0.3687771544921613,80,same,wrist-wrist
WFE/WAA,raw,10,48.75,-0.025000000000000022,0.48677828195900485,52.5,45.0,53.75,0.6312228455078387,80,same,wrist-wrist
WFE/WAA,raw,11,67.5,0.3500000000000001,0.675,67.5,67.5,50.0,0.001162270644044352,80,same,wrist-wrist
WFE/WAA,raw,12,52.5,0.050000000000000044,0.525,52.5,52.5,50.0,0.3687771544921613,80,same,wrist-wrist
WFE/WAA,raw,13,50.0,0.0,0.4842037395228885,67.5,32.5,67.5,0.5444639393869536,80,same,wrist-wrist
WFE/WAA,raw,14,61.25000000000001,0.2250000000000001,0.6124394436630723,60.0,62.5,48.75,0.028332213172560572,80,same,wrist-wrist
WFE/WAA,raw,15,51.24999999999999,0.02499999999999991,0.5124238162212846,50.0,52.5,48.75,0.4555360606130464,80,same,wrist-wrist
WFE/WAA,raw,16,58.75,0.17500000000000004,0.57955088389871,45.0,72.5,36.25,0.07281772720149135,80,same,wrist-wrist
WFE/WAA,raw,17,57.49999999999999,0.1499999999999999,0.5725958516656191,65.0,50.0,57.49999999999999,0.10925901973935187,80,same,wrist-wrist
WFE/WAA,raw,18,67.5,0.3500000000000001,0.6747967479674797,70.0,65.0,52.5,0.001162270644044352,80,same,wrist-wrist
EFE/SAA,fbc,1,43.333333333333336,-0.1333333333333333,0.42473994234866524,55.55555555555556,31.11111111111111,62.22222222222222,0.9148788024769632,90,adjacent,elbow-shoulder
EFE/SAA,fbc,2,60.0,0.19999999999999996,0.6,60.0,60.0,50.0,0.04645594111027311,80,adjacent,elbow-shoulder
EFE/SAA,fbc,3,70.0,0.3999999999999999,0.6992481203007519,65.0,75.0,45.0,0.0002257586359574054,80,adjacent,elbow-shoulder
EFE/SAA,fbc,4,63.74999999999999,0.2749999999999999,0.6374433505235193,65.0,62.5,51.24999999999999,0.00915804875845816,80,adjacent,elbow-shoulder
EFE/SAA,fbc,5,36.25,-0.275,0.35021500238891545,22.5,50.0,36.25,0.9951585750384712,80,adjacent,elbow-shoulder
EFE/SAA,fbc,6,56.25,0.125,0.5624316299421784,55.00000000000001,57.49999999999999,48.75,0.15715328993196853,80,adjacent,elbow-shoulder
EFE/SAA,fbc,7,60.0,0.19999999999999996,0.5977372721558768,67.5,52.5,57.49999999999999,0.04645594111027311,80,adjacent,elbow-shoulder
EFE/SAA,fbc,8,48.75,-0.025000000000000022,0.47762382544991244,62.5,35.0,63.74999999999999,0.6312228455078387,80,adjacent,elbow-shoulder
EFE/SAA,fbc,9,68.75,0.375,0.6790242336703579,52.5,85.0,33.75,0.0005263674286766723,80,adjacent,elbow-shoulder
EFE/SAA,fbc,10,52.5,0.050000000000000044,0.525,52.5,52.5,50.0,0.3687771544921613,80,adjacent,elbow-shoulder
EFE/SAA,fbc,11,60.0,0.19999999999999996,0.5977372721558768,67.5,52.5,57.49999999999999,0.04645594111027311,80,adjacent,elbow-shoulder
EFE/SAA,fbc,12,46.25,-0.07499999999999996,0.4617430762009075,42.5,50.0,46.25,0.7829788723272606,80,adjacent,elbow-shoulder
EFE/SAA,fbc,13,43.75,-0.125,0.43529411764705883,50.0,37.5,56.25,0.8907409802606481,80,adjacent,elbow-shoulder
EFE/SAA,fbc,14,61.25000000000001,0.2250000000000001,0.6095103133364824,52.5,70.0,41.25,0.028332213172560572,80,adjacent,elbow-shoulder
EFE/SAA,fbc,15,46.25,-0.07499999999999996,0.4617430762009075,42.5,50.0,46.25,0.7829788723272606,80,adjacent,elbow-shoulder
EFE/SAA,fbc,16,47.5,-0.050000000000000044,0.47203016970458833,55.00000000000001,40.0,57.49999999999999,0.7117846869058034,80,adjacent,elbow-shoulder
EFE/SAA,fbc,17,52.5,0.050000000000000044,0.5238095238095238,57.49999999999999,47.5,55.00000000000001,0.3687771544921613,80,adjacent,elbow-shoulder
EFE/SAA,fbc,18,72.5,0.44999999999999996,0.7248280175109443,70.0,75.0,47.5,3.505286989959981e-05,80,adjacent,elbow-shoulder
EFE/SFE,fbc,1,45.55555555555556,-0.0888888888888889,0.4554883318928263,46.666666666666664,44.44444444444444,51.11111111111111,0.828583440289606,90,adjacent,elbow-shoulder
EFE/SFE,fbc,2,53.75,0.07499999999999996,0.5374277230817315,52.5,55.00000000000001,48.75,0.28821531309419657,80,adjacent,elbow-shoulder
EFE/SFE,fbc,3,75.0,0.5,0.7498436522826767,72.5,77.5,47.5,4.290279933524806e-06,80,adjacent,elbow-shoulder
EFE/SFE,fbc,4,63.74999999999999,0.2749999999999999,0.6374433505235193,62.5,65.0,48.75,0.00915804875845816,80,adjacent,elbow-shoulder
EFE/SFE,fbc,5,65.4320987654321,0.3093788063337394,0.6538461538461539,60.97560975609756,70.0,45.67901234567901,0.003637751018154246,81,adjacent,elbow-shoulder
EFE/SFE,fbc,6,50.0,0.0,0.4949494949494949,40.0,60.0,40.0,0.5444639393869536,80,adjacent,elbow-shoulder
EFE/SFE,fbc,7,51.24999999999999,0.02499999999999991,0.5087387812942843,42.5,60.0,41.25,0.4555360606130464,80,adjacent,elbow-shoulder
EFE/SFE,fbc,8,52.5,0.050000000000000044,0.5174603174603174,65.0,40.0,62.5,0.3687771544921613,80,adjacent,elbow-shoulder
EFE/SFE,fbc,9,62.5,0.25,0.609375,42.5,82.5,30.0,0.016496309213238095,80,adjacent,elbow-shoulder
EFE/SFE,fbc,10,57.49999999999999,0.1499999999999999,0.5739348370927319,52.5,62.5,45.0,0.10925901973935187,80,adjacent,elbow-shoulder
EFE/SFE,fbc,11,53.75,0.07499999999999996,0.5374277230817315,52.5,55.00000000000001,48.75,0.28821531309419657,80,adjacent,elbow-shoulder
EFE/SFE,fbc,12,43.75,-0.125,0.43529411764705883,37.5,50.0,43.75,0.8907409802606481,80,adjacent,elbow-shoulder
EFE/SFE,fbc,13,58.75,0.17500000000000004,0.5869191049913942,55.00000000000001,62.5,46.25,0.07281772720149135,80,adjacent,elbow-shoulder
EFE/SFE,fbc,14,53.75,0.07499999999999996,0.5374277230817315,55.00000000000001,52.5,51.24999999999999,0.28821531309419657,80,adjacent,elbow-shoulder
EFE/SFE,fbc,15,43.75,-0.125,0.43741209563994377,45.0,42.5,51.24999999999999,0.8907409802606481,80,adjacent,elbow-shoulder
EFE/SFE,fbc,16,55.00000000000001,0.10000000000000009,0.5488721804511278,50.0,60.0,45.0,0.21702112767273937,80,adjacent,elbow-shoulder
EFE/SFE,fbc,17,42.5,-0.15000000000000002,0.41587301587301584,55.00000000000001,30.0,62.5,0.9271822727985086,80,adjacent,elbow-shoulder
EFE/SFE,fbc,18,68.75,0.375,0.6874511642444132,70.0,67.5,51.24999999999999,0.0005263674286766723,80,adjacent,elbow-shoulder
EFE/SPS,fbc,1,42.22222222222222,-0.15555555555555556,0.4117647058823529,55.55555555555556,28.888888888888886,63.33333333333333,0.9433278229782898,90,adjacent,elbow-shoulder
EFE/SPS,fbc,2,48.75,-0.025000000000000022,0.4874199093608376,47.5,50.0,48.75,0.6312228455078387,80,adjacent,elbow-shoulder
EFE/SPS,fbc,3,60.0,0.19999999999999996,0.5989974937343359,55.00000000000001,65.0,45.0,0.04645594111027311,80,adjacent,elbow-shoulder
EFE/SPS,fbc,4,61.25000000000001,0.2250000000000001,0.6124394436630723,62.5,60.0,51.24999999999999,0.028332213172560572,80,adjacent,elbow-shoulder
EFE/SPS,fbc,5,42.5,-0.15000000000000002,0.4191919191919192,52.5,32.5,60.0,0.9271822727985086,80,adjacent,elbow-shoulder
EFE/SPS,fbc,6,56.25,0.125,0.5607843137254902,50.0,62.5,43.75,0.15715328993196853,80,adjacent,elbow-shoulder
EFE/SPS,fbc,7,52.5,0.050000000000000044,0.525,52.5,52.5,50.0,0.3687771544921613,80,adjacent,elbow-shoulder
EFE/SPS,fbc,8,56.25,0.125,0.5607843137254902,62.5,50.0,56.25,0.15715328993196853,80,adjacent,elbow-shoulder
EFE/SPS,fbc,9,71.25,0.42500000000000004,0.7120951337818808,67.5,75.0,46.25,9.155828206487555e-05,80,adjacent,elbow-shoulder
EFE/SPS,fbc,10,65.0,0.30000000000000004,0.6497811131957474,67.5,62.5,52.5,0.004841424961528786,80,adjacent,elbow-shoulder
EFE/SPS,fbc,11,61.25000000000001,0.2250000000000001,0.6119543107494915,65.0,57.49999999999999,53.75,0.028332213172560572,80,adjacent,elbow-shoulder
EFE/SPS,fbc,12,52.5,0.050000000000000044,0.525,52.5,52.5,50.0,0.3687771544921613,80,adjacent,elbow-shoulder
EFE/SPS,fbc,13,65.0,0.30000000000000004,0.6497811131957474,67.5,62.5,52.5,0.004841424961528786,80,adjacent,elbow-shoulder
EFE/SPS,fbc,14,53.75,0.07499999999999996,0.5339316643048339,45.0,62.5,41.25,0.28821531309419657,80,adjacent,elbow-shoulder
EFE/SPS,fbc,15,57.49999999999999,0.1499999999999999,0.575,57.49999999999999,57.49999999999999,50.0,0.10925901973935187,80,adjacent,elbow-shoulder
EFE/SPS,fbc,16,50.0,0.0,0.4996873045653534,52.5,47.5,52.5,0.5444639393869536,80,adjacent,elbow-shoulder
EFE/SPS,fbc,17,52.5,0.050000000000000044,0.525,52.5,52.5,50.0,0.3687771544921613,80,adjacent,elbow-shoulder
EFE/SPS,fbc,18,66.25,0.32499999999999996,0.6624472573839661,67.5,65.0,51.24999999999999,0.0024340770747797117,80,adjacent,elbow-shoulder
EPS/EFE,fbc,1,65.55555555555556,0.3111111111111111,0.6551724137931034,62.22222222222222,68.88888888888889,46.666666666666664,0.0020825570079122217,90,same,elbow-elbow
EPS/EFE,fbc,2,53.75,0.07499999999999996,0.5339316643048339,62.5,45.0,58.75,0.28821531309419657,80,same,elbow-elbow
EPS/EFE,fbc,3,52.5,0.050000000000000044,0.5223130106851037,60.0,45.0,57.49999999999999,0.3687771544921613,80,same,elbow-elbow
EPS/EFE,fbc,4,61.25000000000001,0.2250000000000001,0.6119543107494915,65.0,57.49999999999999,53.75,0.028332213172560572,80,same,elbow-elbow
EPS/EFE,fbc,5,42.5,-0.15000000000000002,0.425,42.5,42.5,50.0,0.9271822727985086,80,same,elbow-elbow
EPS/EFE,fbc,6,52.5,0.050000000000000044,0.5247029393370857,50.0,55.00000000000001,47.5,0.3687771544921613,80,same,elbow-elbow
EPS/EFE,fbc,7,58.75,0.17500000000000004,0.5858823529411765,52.5,65.0,43.75,0.07281772720149135,80,same,elbow-elbow
EPS/EFE,fbc,8,51.24999999999999,0.02499999999999991,0.49473684210526314,70.0,32.5,68.75,0.4555360606130464,80,same,elbow-elbow
EPS/EFE,fbc,9,63.74999999999999,0.2749999999999999,0.6305144131231089,50.0,77.5,36.25,0.00915804875845816,80,same,elbow-elbow
EPS/EFE,fbc,10,55.00000000000001,0.10000000000000009,0.5474544311753614,47.5,62.5,42.5,0.21702112767273937,80,same,elbow-elbow
EPS/EFE,fbc,11,48.75,-0.025000000000000022,0.4809305269821174,37.5,60.0,38.75,0.6312228455078387,80,same,elbow-elbow
EPS/EFE,fbc,12,46.25,-0.07499999999999996,0.4617430762009075,42.5,50.0,46.25,0.7829788723272606,80,same,elbow-elbow
EPS/EFE,fbc,13,65.0,0.30000000000000004,0.6480201131363922,57.49999999999999,72.5,42.5,0.004841424961528786,80,same,elbow-elbow
EPS/EFE,fbc,14,51.24999999999999,0.02499999999999991,0.5124238162212846,50.0,52.5,48.75,0.4555360606130464,80,same,elbow-elbow
EPS/EFE,fbc,15,48.75,-0.025000000000000022,0.48549019607843136,55.00000000000001,42.5,56.25,0.6312228455078387,80,same,elbow-elbow
EPS/EFE,fbc,16,65.0,0.30000000000000004,0.6419437340153453,50.0,80.0,35.0,0.004841424961528786,80,same,elbow-elbow
EPS/EFE,fbc,17,50.0,0.0,0.4920634920634921,62.5,37.5,62.5,0.5444639393869536,80,same,elbow-elbow
EPS/EFE,fbc,18,56.25,0.125,0.5607843137254902,62.5,50.0,56.25,0.15715328993196853,80,same,elbow-elbow
EPS/SAA,fbc,1,60.0,0.19999999999999996,0.6,60.0,60.0,50.0,0.036274766096230884,90,adjacent,elbow-shoulder
EPS/SAA,fbc,2,53.75,0.07499999999999996,0.5368486934751995,57.49999999999999,50.0,53.75,0.28821531309419657,80,adjacent,elbow-shoulder
EPS/SAA,fbc,3,86.25,0.7250000000000001,0.8624785122675418,85.0,87.5,48.75,1.0247576593587948e-11,80,adjacent,elbow-shoulder
EPS/SAA,fbc,4,68.75,0.375,0.6874511642444132,67.5,70.0,48.75,0.0005263674286766723,80,adjacent,elbow-shoulder
EPS/SAA,fbc,5,50.0,0.0,0.48849104859335035,35.0,65.0,35.0,0.5444639393869536,80,adjacent,elbow-shoulder
EPS/SAA,fbc,6,62.5,0.25,0.6212121212121212,72.5,52.5,60.0,0.016496309213238095,80,adjacent,elbow-shoulder
EPS/SAA,fbc,7,80.0,0.6000000000000001,0.7998749218261414,77.5,82.5,47.5,2.9356652072980998e-08,80,adjacent,elbow-shoulder
EPS/SAA,fbc,8,45.0,-0.09999999999999998,0.4373401534526854,60.0,30.0,65.0,0.8428467100680315,80,adjacent,elbow-shoulder
EPS/SAA,fbc,9,61.25000000000001,0.2250000000000001,0.6050326485109094,47.5,75.0,36.25,0.028332213172560572,80,adjacent,elbow-shoulder
EPS/SAA,fbc,10,53.75,0.07499999999999996,0.5339316643048339,62.5,45.0,58.75,0.28821531309419657,80,adjacent,elbow-shoulder
EPS/SAA,fbc,11,47.5,-0.050000000000000044,0.475,47.5,47.5,50.0,0.7117846869058034,80,adjacent,elbow-shoulder
EPS/SAA,fbc,12,56.25,0.125,0.5540691192865106,42.5,70.0,36.25,0.15715328993196853,80,adjacent,elbow-shoulder
EPS/SAA,fbc,13,66.25,0.32499999999999996,0.6620247222656861,62.5,70.0,46.25,0.0024340770747797117,80,adjacent,elbow-shoulder
EPS/SAA,fbc,14,65.0,0.30000000000000004,0.6480201131363922,57.49999999999999,72.5,42.5,0.004841424961528786,80,adjacent,elbow-shoulder
EPS/SAA,fbc,15,47.5,-0.050000000000000044,0.474671669793621,50.0,45.0,52.5,0.7117846869058034,80,adjacent,elbow-shoulder
EPS/SAA,fbc,16,62.5,0.25,0.6228786926461345,55.00000000000001,70.0,42.5,0.016496309213238095,80,adjacent,elbow-shoulder
EPS/SAA,fbc,17,58.75,0.17500000000000004,0.57955088389871,72.5,45.0,63.74999999999999,0.07281772720149135,80,adjacent,elbow-shoulder
EPS/SAA,fbc,18,73.75,0.4750000000000001,0.7374589779653071,75.0,72.5,51.24999999999999,1.2645551282335301e-05,80,adjacent,elbow-shoulder
EPS/SFE,fbc,1,50.0,0.0,0.4999382639832078,48.888888888888886,51.11111111111111,48.888888888888886,0.5419355614943548,90,adjacent,elbow-shoulder
EPS/SFE,fbc,2,53.75,0.07499999999999996,0.5339316643048339,62.5,45.0,58.75,0.28821531309419657,80,adjacent,elbow-shoulder
EPS/SFE,fbc,3,72.5,0.44999999999999996,0.725,72.5,72.5,50.0,3.505286989959981e-05,80,adjacent,elbow-shoulder
EPS/SFE,fbc,4,71.25,0.42500000000000004,0.7102818453786806,80.0,62.5,58.75,9.155828206487555e-05,80,adjacent,elbow-shoulder
EPS/SFE,fbc,5,60.49382716049383,0.20927394752898112,0.6043956043956045,63.41463414634146,57.49999999999999,53.086419753086425,0.03739407714141682,81,adjacent,elbow-shoulder
EPS/SFE,fbc,6,65.0,0.30000000000000004,0.6491228070175439,60.0,70.0,45.0,0.004841424961528786,80,adjacent,elbow-shoulder
EPS/SFE,fbc,7,63.74999999999999,0.2749999999999999,0.6328532995727172,52.5,75.0,38.75,0.00915804875845816,80,adjacent,elbow-shoulder
EPS/SFE,fbc,8,52.5,0.050000000000000044,0.5202020202020202,62.5,42.5,60.0,0.3687771544921613,80,adjacent,elbow-shoulder
EPS/SFE,fbc,9,52.5,0.050000000000000044,0.4933333333333333,27.500000000000004,77.5,25.0,0.3687771544921613,80,adjacent,elbow-shoulder
EPS/SFE,fbc,10,62.5,0.25,0.6240601503759399,57.49999999999999,67.5,45.0,0.016496309213238095,80,adjacent,elbow-shoulder
EPS/SFE,fbc,11,52.5,0.050000000000000044,0.5202020202020202,42.5,62.5,40.0,0.3687771544921613,80,adjacent,elbow-shoulder
EPS/SFE,fbc,12,41.25,-0.17500000000000004,0.4124081887794968,40.0,42.5,48.75,0.9535440588897269,80,adjacent,elbow-shoulder
EPS/SFE,fbc,13,61.25000000000001,0.2250000000000001,0.6119543107494915,65.0,57.49999999999999,53.75,0.028332213172560572,80,adjacent,elbow-shoulder
EPS/SFE,fbc,14,47.5,-0.050000000000000044,0.4696969696969697,57.49999999999999,37.5,60.0,0.7117846869058034,80,adjacent,elbow-shoulder
EPS/SFE,fbc,15,38.75,-0.22499999999999998,0.38740428191904985,40.0,37.5,51.24999999999999,0.9835036907867619,80,adjacent,elbow-shoulder
EPS/SFE,fbc,16,63.74999999999999,0.2749999999999999,0.6374433505235193,65.0,62.5,51.24999999999999,0.00915804875845816,80,adjacent,elbow-shoulder
EPS/SFE,fbc,17,58.75,0.17500000000000004,0.5843174303259329,67.5,50.0,58.75,0.07281772720149135,80,adjacent,elbow-shoulder
EPS/SFE,fbc,18,75.0,0.5,0.7498436522826767,77.5,72.5,52.5,4.290279933524806e-06,80,adjacent,elbow-shoulder
EPS/SPS,fbc,1,57.77777777777777,0.15555555555555545,0.5769421078673924,62.22222222222222,53.333333333333336,54.44444444444444,0.08512119752303683,90,adjacent,elbow-shoulder
EPS/SPS,fbc,2,46.25,-0.07499999999999996,0.46039215686274515,40.0,52.5,43.75,0.7829788723272606,80,adjacent,elbow-shoulder
EPS/SPS,fbc,3,73.75,0.4750000000000001,0.7371303395399781,70.0,77.5,46.25,1.2645551282335301e-05,80,adjacent,elbow-shoulder
EPS/SPS,fbc,4,57.49999999999999,0.1499999999999999,0.5725958516656191,65.0,50.0,57.49999999999999,0.10925901973935187,80,adjacent,elbow-shoulder
EPS/SPS,fbc,5,55.00000000000001,0.10000000000000009,0.55,55.00000000000001,55.00000000000001,50.0,0.21702112767273937,80,adjacent,elbow-shoulder
EPS/SPS,fbc,6,57.49999999999999,0.1499999999999999,0.575,57.49999999999999,57.49999999999999,50.0,0.10925901973935187,80,adjacent,elbow-shoulder
EPS/SPS,fbc,7,76.25,0.5249999999999999,0.7621655452980755,72.5,80.0,46.25,1.3659349614411326e-06,80,adjacent,elbow-shoulder
EPS/SPS,fbc,8,56.25,0.125,0.5607843137254902,62.5,50.0,56.25,0.15715328993196853,80,adjacent,elbow-shoulder
EPS/SPS,fbc,9,65.0,0.30000000000000004,0.6491228070175439,60.0,70.0,45.0,0.004841424961528786,80,adjacent,elbow-shoulder
EPS/SPS,fbc,10,67.5,0.3500000000000001,0.6741854636591479,62.5,72.5,45.0,0.001162270644044352,80,adjacent,elbow-shoulder
EPS/SPS,fbc,11,58.75,0.17500000000000004,0.57955088389871,45.0,72.5,36.25,0.07281772720149135,80,adjacent,elbow-shoulder
EPS/SPS,fbc,12,55.00000000000001,0.10000000000000009,0.5454545454545454,65.0,45.0,60.0,0.21702112767273937,80,adjacent,elbow-shoulder
EPS/SPS,fbc,13,66.25,0.32499999999999996,0.6624472573839661,67.5,65.0,51.24999999999999,0.0024340770747797117,80,adjacent,elbow-shoulder
EPS/SPS,fbc,14,40.0,-0.19999999999999996,0.39849624060150374,35.0,45.0,45.0,0.9716677868274395,80,adjacent,elbow-shoulder
EPS/SPS,fbc,15,52.5,0.050000000000000044,0.525,52.5,52.5,50.0,0.3687771544921613,80,adjacent,elbow-shoulder
EPS/SPS,fbc,16,53.75,0.07499999999999996,0.5374277230817315,52.5,55.00000000000001,48.75,0.28821531309419657,80,adjacent,elbow-shoulder
EPS/SPS,fbc,17,57.49999999999999,0.1499999999999999,0.5747342088805503,60.0,55.00000000000001,52.5,0.10925901973935187,80,adjacent,elbow-shoulder
EPS/SPS,fbc,18,63.74999999999999,0.2749999999999999,0.6369895165075887,67.5,60.0,53.75,0.00915804875845816,80,adjacent,elbow-shoulder
HOC/EFE,fbc,1,71.11111111111111,0.4222222222222223,0.7105393369619001,75.55555555555556,66.66666666666666,54.44444444444444,3.828536465524171e-05,90,adjacent,hand-elbow
HOC/EFE,fbc,2,50.0,0.0,0.497171590194846,57.49999999999999,42.5,57.49999999999999,0.5444639393869536,80,adjacent,hand-elbow
HOC/EFE,fbc,3,55.00000000000001,0.10000000000000009,0.55,55.00000000000001,55.00000000000001,50.0,0.21702112767273937,80,adjacent,hand-elbow
HOC/EFE,fbc,4,71.25,0.42500000000000004,0.7124550711048601,72.5,70.0,51.24999999999999,9.155828206487555e-05,80,adjacent,hand-elbow
HOC/EFE,fbc,5,47.5,-0.050000000000000044,0.474671669793621,50.0,45.0,52.5,0.7117846869058034,80,adjacent,hand-elbow
HOC/EFE,fbc,6,51.24999999999999,0.02499999999999991,0.5124238162212846,52.5,50.0,51.24999999999999,0.4555360606130464,80,adjacent,hand-elbow
HOC/EFE,fbc,7,67.5,0.3500000000000001,0.6675191815856778,82.5,52.5,65.0,0.001162270644044352,80,adjacent,hand-elbow
HOC/EFE,fbc,8,41.25,-0.17500000000000004,0.40496914068681755,52.5,30.0,61.25000000000001,0.9535440588897269,80,adjacent,hand-elbow
HOC/EFE,fbc,9,65.0,0.30000000000000004,0.638942617666022,47.5,82.5,32.5,0.004841424961528786,80,adjacent,hand-elbow
HOC/EFE,fbc,10,65.0,0.30000000000000004,0.65,65.0,65.0,50.0,0.004841424961528786,80,adjacent,hand-elbow
HOC/EFE,fbc,11,47.5,-0.050000000000000044,0.474671669793621,45.0,50.0,47.5,0.7117846869058034,80,adjacent,hand-elbow
HOC/EFE,fbc,12,50.0,0.0,0.4996873045653534,52.5,47.5,52.5,0.5444639393869536,80,adjacent,hand-elbow
HOC/EFE,fbc,13,61.25000000000001,0.2250000000000001,0.6119543107494915,65.0,57.49999999999999,53.75,0.028332213172560572,80,adjacent,hand-elbow
HOC/EFE,fbc,14,56.25,0.125,0.5624316299421784,55.00000000000001,57.49999999999999,48.75,0.15715328993196853,80,adjacent,hand-elbow
HOC/EFE,fbc,15,56.25,0.125,0.5624316299421784,55.00000000000001,57.49999999999999,48.75,0.15715328993196853,80,adjacent,hand-elbow
HOC/EFE,fbc,16,50.0,0.0,0.48849104859335035,35.0,65.0,35.0,0.5444639393869536,80,adjacent,hand-elbow
HOC/EFE,fbc,17,61.25000000000001,0.2250000000000001,0.6095103133364824,70.0,52.5,58.75,0.028332213172560572,80,adjacent,hand-elbow
HOC/EFE,fbc,18,68.75,0.375,0.6862745098039216,62.5,75.0,43.75,0.0005263674286766723,80,adjacent,hand-elbow
HOC/EPS,fbc,1,53.333333333333336,0.06666666666666665,0.53125,60.0,46.666666666666664,56.666666666666664,0.29920585911675956,90,adjacent,hand-elbow
HOC/EPS,fbc,2,47.5,-0.050000000000000044,0.474671669793621,50.0,45.0,52.5,0.7117846869058034,80,adjacent,hand-elbow
HOC/EPS,fbc,3,56.25,0.125,0.5624316299421784,55.00000000000001,57.49999999999999,48.75,0.15715328993196853,80,adjacent,hand-elbow
HOC/EPS,fbc,4,66.25,0.32499999999999996,0.6533461723639865,82.5,50.0,66.25,0.0024340770747797117,80,adjacent,hand-elbow
HOC/EPS,fbc,5,53.75,0.07499999999999996,0.5368486934751995,50.0,57.49999999999999,46.25,0.28821531309419657,80,adjacent,hand-elbow
HOC/EPS,fbc,6,47.5,-0.050000000000000044,0.474671669793621,50.0,45.0,52.5,0.7117846869058034,80,adjacent,hand-elbow
HOC/EPS,fbc,7,66.25,0.32499999999999996,0.6559961777353083,80.0,52.5,63.74999999999999,0.0024340770747797117,80,adjacent,hand-elbow
HOC/EPS,fbc,8,52.5,0.050000000000000044,0.5174603174603174,65.0,40.0,62.5,0.3687771544921613,80,adjacent,hand-elbow
HOC/EPS,fbc,9,60.0,0.19999999999999996,0.6,60.0,60.0,50.0,0.04645594111027311,80,adjacent,hand-elbow
HOC/EPS,fbc,10,67.5,0.3500000000000001,0.6731615336266499,75.0,60.0,57.49999999999999,0.001162270644044352,80,adjacent,hand-elbow
HOC/EPS,fbc,11,53.75,0.07499999999999996,0.5368486934751995,57.49999999999999,50.0,53.75,0.28821531309419657,80,adjacent,hand-elbow
HOC/EPS,fbc,12,45.0,-0.09999999999999998,0.44965603502188867,42.5,47.5,47.5,0.8428467100680315,80,adjacent,hand-elbow
HOC/EPS,fbc,13,41.25,-0.17500000000000004,0.4124081887794968,40.0,42.5,48.75,0.9535440588897269,80,adjacent,hand-elbow
HOC/EPS,fbc,14,52.5,0.050000000000000044,0.525,52.5,52.5,50.0,0.3687771544921613,80,adjacent,hand-elbow
HOC/EPS,fbc,15,53.75,0.07499999999999996,0.5374277230817315,52.5,55.00000000000001,48.75,0.28821531309419657,80,adjacent,hand-elbow
HOC/EPS,fbc,16,72.5,0.44999999999999996,0.7234443746071653,65.0,80.0,42.5,3.505286989959981e-05,80,adjacent,hand-elbow
HOC/EPS,fbc,17,50.0,0.0,0.4996873045653534,52.5,47.5,52.5,0.5444639393869536,80,adjacent,hand-elbow
HOC/EPS,fbc,18,50.0,0.0,0.4791666666666667,30.0,70.0,30.0,0.5444639393869536,80,adjacent,hand-elbow
HOC/SAA,fbc,1,68.88888888888889,0.37777777777777777,0.6882731321128155,64.44444444444444,73.33333333333333,45.55555555555556,0.0002189610983170669,90,distant,hand-shoulder
HOC/SAA,fbc,2,51.24999999999999,0.02499999999999991,0.5105882352941176,57.49999999999999,45.0,56.25,0.4555360606130464,80,distant,hand-shoulder
HOC/SAA,fbc,3,93.75,0.875,0.9374119856047567,90.0,97.5,46.25,2.1264329525358845e-17,80,distant,hand-shoulder
HOC/SAA,fbc,4,82.5,0.6499999999999999,0.8248905565978737,85.0,80.0,52.5,1.5682713450733752e-09,80,distant,hand-shoulder
HOC/SAA,fbc,5,51.24999999999999,0.02499999999999991,0.5105882352941176,45.0,57.49999999999999,43.75,0.4555360606130464,80,distant,hand-shoulder
HOC/SAA,fbc,6,56.25,0.125,0.5568919132774173,45.0,67.5,38.75,0.15715328993196853,80,distant,hand-shoulder
HOC/SAA,fbc,7,55.00000000000001,0.10000000000000009,0.5488721804511278,60.0,50.0,55.00000000000001,0.21702112767273937,80,distant,hand-shoulder
HOC/SAA,fbc,8,41.25,-0.17500000000000004,0.3910931174089069,60.0,22.5,68.75,0.9535440588897269,80,distant,hand-shoulder
HOC/SAA,fbc,9,60.0,0.19999999999999996,0.5936507936507937,47.5,72.5,37.5,0.04645594111027311,80,distant,hand-shoulder
HOC/SAA,fbc,10,70.0,0.3999999999999999,0.6992481203007519,75.0,65.0,55.00000000000001,0.0002257586359574054,80,distant,hand-shoulder
HOC/SAA,fbc,11,46.25,-0.07499999999999996,0.46241600250039067,47.5,45.0,51.24999999999999,0.7829788723272606,80,distant,hand-shoulder
HOC/SAA,fbc,12,67.5,0.3500000000000001,0.6717171717171717,77.5,57.49999999999999,60.0,0.001162270644044352,80,distant,hand-shoulder
HOC/SAA,fbc,13,61.25000000000001,0.2250000000000001,0.6075328374742839,50.0,72.5,38.75,0.028332213172560572,80,distant,hand-shoulder
HOC/SAA,fbc,14,50.0,0.0,0.4996873045653534,47.5,52.5,47.5,0.5444639393869536,80,distant,hand-shoulder
HOC/SAA,fbc,15,56.25,0.125,0.5607843137254902,62.5,50.0,56.25,0.15715328993196853,80,distant,hand-shoulder
HOC/SAA,fbc,16,55.00000000000001,0.10000000000000009,0.5474544311753614,47.5,62.5,42.5,0.21702112767273937,80,distant,hand-shoulder
HOC/SAA,fbc,17,66.25,0.32499999999999996,0.6620247222656861,70.0,62.5,53.75,0.0024340770747797117,80,distant,hand-shoulder
HOC/SAA,fbc,18,85.0,0.7,0.85,85.0,85.0,50.0,6.008243175410135e-11,80,distant,hand-shoulder
HOC/SFE,fbc,1,70.0,0.3999999999999999,0.6999629583899247,71.11111111111111,68.88888888888889,51.11111111111111,9.387789808964946e-05,90,distant,hand-shoulder
HOC/SFE,fbc,2,50.0,0.0,0.497171590194846,57.49999999999999,42.5,57.49999999999999,0.5444639393869536,80,distant,hand-shoulder
HOC/SFE,fbc,3,81.25,0.625,0.8122359568142701,77.5,85.0,46.25,7.05733420490698e-09,80,distant,hand-shoulder
HOC/SFE,fbc,4,82.5,0.6499999999999999,0.8245614035087719,87.5,77.5,55.00000000000001,1.5682713450733752e-09,80,distant,hand-shoulder
HOC/SFE,fbc,5,60.49382716049383,0.20879120879120888,0.6034271725826194,65.85365853658537,55.00000000000001,55.55555555555556,0.03739407714141682,81,distant,hand-shoulder
HOC/SFE,fbc,6,60.0,0.19999999999999996,0.5997498436522827,57.49999999999999,62.5,47.5,0.04645594111027311,80,distant,hand-shoulder
HOC/SFE,fbc,7,61.25000000000001,0.2250000000000001,0.6119543107494915,65.0,57.49999999999999,53.75,0.028332213172560572,80,distant,hand-shoulder
HOC/SFE,fbc,8,56.25,0.125,0.5465587044534412,75.0,37.5,68.75,0.15715328993196853,80,distant,hand-shoulder
HOC/SFE,fbc,9,58.75,0.17500000000000004,0.5858823529411765,52.5,65.0,43.75,0.07281772720149135,80,distant,hand-shoulder
HOC/SFE,fbc,10,66.25,0.32499999999999996,0.6611764705882353,60.0,72.5,43.75,0.0024340770747797117,80,distant,hand-shoulder
HOC/SFE,fbc,11,57.49999999999999,0.1499999999999999,0.5747342088805503,60.0,55.00000000000001,52.5,0.10925901973935187,80,distant,hand-shoulder
HOC/SFE,fbc,12,42.5,-0.15000000000000002,0.42174732872407295,35.0,50.0,42.5,0.9271822727985086,80,distant,hand-shoulder
HOC/SFE,fbc,13,65.0,0.30000000000000004,0.6480201131363922,72.5,57.49999999999999,57.49999999999999,0.004841424961528786,80,distant,hand-shoulder
HOC/SFE,fbc,14,46.25,-0.07499999999999996,0.46241600250039067,45.0,47.5,48.75,0.7829788723272606,80,distant,hand-shoulder
HOC/SFE,fbc,15,48.75,-0.025000000000000022,0.4874199093608376,47.5,50.0,48.75,0.6312228455078387,80,distant,hand-shoulder
HOC/SFE,fbc,16,56.25,0.125,0.5591245473153834,47.5,65.0,41.25,0.15715328993196853,80,distant,hand-shoulder
HOC/SFE,fbc,17,72.5,0.44999999999999996,0.7248280175109443,75.0,70.0,52.5,3.505286989959981e-05,80,distant,hand-shoulder
HOC/SFE,fbc,18,83.75,0.675,0.8374746054070948,82.5,85.0,48.75,3.207570587475561e-10,80,distant,hand-shoulder
HOC/SPS,fbc,1,74.44444444444444,0.48888888888888893,0.7444128904803062,75.55555555555556,73.33333333333333,51.11111111111111,1.8975245890839e-06,90,distant,hand-shoulder
HOC/SPS,fbc,2,52.5,0.050000000000000044,0.5202020202020202,62.5,42.5,60.0,0.3687771544921613,80,distant,hand-shoulder
HOC/SPS,fbc,3,78.75,0.575,0.784776072163317,67.5,90.0,38.75,1.1330702522337731e-07,80,distant,hand-shoulder
HOC/SPS,fbc,4,82.5,0.6499999999999999,0.8240100565681961,90.0,75.0,57.49999999999999,1.5682713450733752e-09,80,distant,hand-shoulder
HOC/SPS,fbc,5,63.74999999999999,0.2749999999999999,0.6374433505235193,62.5,65.0,48.75,0.00915804875845816,80,distant,hand-shoulder
HOC/SPS,fbc,6,63.74999999999999,0.2749999999999999,0.6360784313725489,57.49999999999999,70.0,43.75,0.00915804875845816,80,distant,hand-shoulder
HOC/SPS,fbc,7,66.25,0.32499999999999996,0.6611764705882353,72.5,60.0,56.25,0.0024340770747797117,80,distant,hand-shoulder
HOC/SPS,fbc,8,51.24999999999999,0.02499999999999991,0.5118134877171022,55.00000000000001,47.5,53.75,0.4555360606130464,80,distant,hand-shoulder
HOC/SPS,fbc,9,61.25000000000001,0.2250000000000001,0.6095103133364824,52.5,70.0,41.25,0.028332213172560572,80,distant,hand-shoulder
HOC/SPS,fbc,10,81.25,0.625,0.8124706985466479,82.5,80.0,51.24999999999999,7.05733420490698e-09,80,distant,hand-shoulder
HOC/SPS,fbc,11,60.0,0.19999999999999996,0.5997498436522827,57.49999999999999,62.5,47.5,0.04645594111027311,80,distant,hand-shoulder
HOC/SPS,fbc,12,57.49999999999999,0.1499999999999999,0.5725958516656191,65.0,50.0,57.49999999999999,0.10925901973935187,80,distant,hand-shoulder
HOC/SPS,fbc,13,61.25000000000001,0.2250000000000001,0.6119543107494915,57.49999999999999,65.0,46.25,0.028332213172560572,80,distant,hand-shoulder
HOC/SPS,fbc,14,45.0,-0.09999999999999998,0.44965603502188867,42.5,47.5,47.5,0.8428467100680315,80,distant,hand-shoulder
HOC/SPS,fbc,15,56.25,0.125,0.5568919132774173,67.5,45.0,61.25000000000001,0.15715328993196853,80,distant,hand-shoulder
HOC/SPS,fbc,16,63.74999999999999,0.2749999999999999,0.6374433505235193,62.5,65.0,48.75,0.00915804875845816,80,distant,hand-shoulder
HOC/SPS,fbc,17,78.75,0.575,0.7874667916862009,77.5,80.0,48.75,1.1330702522337731e-07,80,distant,hand-shoulder
HOC/SPS,fbc,18,80.0,0.6000000000000001,0.7988686360779385,72.5,87.5,42.5,2.9356652072980998e-08,80,distant,hand-shoulder
HOC/WAA,fbc,1,51.11111111111111,0.022222222222222143,0.5108695652173914,48.888888888888886,53.333333333333336,47.77777777777778,0.4580644385056452,90,adjacent,hand-wrist
HOC/WAA,fbc,2,47.5,-0.050000000000000044,0.474671669793621,50.0,45.0,52.5,0.7117846869058034,80,adjacent,hand-wrist
HOC/WAA,fbc,3,48.75,-0.025000000000000022,0.48354589828373484,40.0,57.49999999999999,41.25,0.6312228455078387,80,adjacent,hand-wrist
HOC/WAA,fbc,4,55.00000000000001,0.10000000000000009,0.5488721804511278,60.0,50.0,55.00000000000001,0.21702112767273937,80,adjacent,hand-wrist
HOC/WAA,fbc,5,53.75,0.07499999999999996,0.5374277230817315,52.5,55.00000000000001,48.75,0.28821531309419657,80,adjacent,hand-wrist
HOC/WAA,fbc,6,62.5,0.25,0.6228786926461345,55.00000000000001,70.0,42.5,0.016496309213238095,80,adjacent,hand-wrist
HOC/WAA,fbc,7,58.75,0.17500000000000004,0.57955088389871,72.5,45.0,63.74999999999999,0.07281772720149135,80,adjacent,hand-wrist
HOC/WAA,fbc,8,55.00000000000001,0.10000000000000009,0.5488721804511278,60.0,50.0,55.00000000000001,0.21702112767273937,80,adjacent,hand-wrist
HOC/WAA,fbc,9,53.75,0.07499999999999996,0.5339316643048339,45.0,62.5,41.25,0.28821531309419657,80,adjacent,hand-wrist
HOC/WAA,fbc,10,66.25,0.32499999999999996,0.6624472573839661,65.0,67.5,48.75,0.0024340770747797117,80,adjacent,hand-wrist
HOC/WAA,fbc,11,53.75,0.07499999999999996,0.5368486934751995,50.0,57.49999999999999,46.25,0.28821531309419657,80,adjacent,hand-wrist
HOC/WAA,fbc,12,55.00000000000001,0.10000000000000009,0.549718574108818,57.49999999999999,52.5,52.5,0.21702112767273937,80,adjacent,hand-wrist
HOC/WAA,fbc,13,56.25,0.125,0.5618838992332968,60.0,52.5,53.75,0.15715328993196853,80,adjacent,hand-wrist
HOC/WAA,fbc,14,56.25,0.125,0.5624316299421784,55.00000000000001,57.49999999999999,48.75,0.15715328993196853,80,adjacent,hand-wrist
HOC/WAA,fbc,15,63.74999999999999,0.2749999999999999,0.6374433505235193,65.0,62.5,51.24999999999999,0.00915804875845816,80,adjacent,hand-wrist
HOC/WAA,fbc,16,71.25,0.42500000000000004,0.7088146858680171,60.0,82.5,38.75,9.155828206487555e-05,80,adjacent,hand-wrist
HOC/WAA,fbc,17,51.24999999999999,0.02499999999999991,0.5087387812942843,60.0,42.5,58.75,0.4555360606130464,80,adjacent,hand-wrist
HOC/WAA,fbc,18,67.5,0.3500000000000001,0.6717171717171717,57.49999999999999,77.5,40.0,0.001162270644044352,80,adjacent,hand-wrist
HOC/WFE,fbc,1,64.44444444444444,0.288888888888889,0.6444444444444445,64.44444444444444,64.44444444444444,50.0,0.004022964066612547,90,adjacent,hand-wrist
HOC/WFE,fbc,2,48.75,-0.025000000000000022,0.47762382544991244,62.5,35.0,63.74999999999999,0.6312228455078387,80,adjacent,hand-wrist
HOC/WFE,fbc,3,45.0,-0.09999999999999998,0.44862155388471175,40.0,50.0,45.0,0.8428467100680315,80,adjacent,hand-wrist
HOC/WFE,fbc,4,57.49999999999999,0.1499999999999999,0.5725958516656191,65.0,50.0,57.49999999999999,0.10925901973935187,80,adjacent,hand-wrist
HOC/WFE,fbc,5,50.0,0.0,0.4996873045653534,52.5,47.5,52.5,0.5444639393869536,80,adjacent,hand-wrist
HOC/WFE,fbc,6,57.49999999999999,0.1499999999999999,0.5725958516656191,50.0,65.0,42.5,0.10925901973935187,80,adjacent,hand-wrist
HOC/WFE,fbc,7,60.0,0.19999999999999996,0.5907928388746804,75.0,45.0,65.0,0.04645594111027311,80,adjacent,hand-wrist
HOC/WFE,fbc,8,52.5,0.050000000000000044,0.5238095238095238,57.49999999999999,47.5,55.00000000000001,0.3687771544921613,80,adjacent,hand-wrist
HOC/WFE,fbc,9,57.49999999999999,0.1499999999999999,0.5707070707070707,47.5,67.5,40.0,0.10925901973935187,80,adjacent,hand-wrist
HOC/WFE,fbc,10,43.75,-0.125,0.43529411764705883,37.5,50.0,43.75,0.8907409802606481,80,adjacent,hand-wrist
HOC/WFE,fbc,11,53.75,0.07499999999999996,0.5368486934751995,50.0,57.49999999999999,46.25,0.28821531309419657,80,adjacent,hand-wrist
HOC/WFE,fbc,12,53.75,0.07499999999999996,0.5339316643048339,62.5,45.0,58.75,0.28821531309419657,80,adjacent,hand-wrist
HOC/WFE,fbc,13,51.24999999999999,0.02499999999999991,0.5062509890805508,40.0,62.5,38.75,0.4555360606130464,80,adjacent,hand-wrist
HOC/WFE,fbc,14,55.00000000000001,0.10000000000000009,0.549718574108818,57.49999999999999,52.5,52.5,0.21702112767273937,80,adjacent,hand-wrist
HOC/WFE,fbc,15,60.0,0.19999999999999996,0.5989974937343359,65.0,55.00000000000001,55.00000000000001,0.04645594111027311,80,adjacent,hand-wrist
HOC/WFE,fbc,16,47.5,-0.050000000000000044,0.4696969696969697,37.5,57.49999999999999,40.0,0.7117846869058034,80,adjacent,hand-wrist
HOC/WFE,fbc,17,45.0,-0.09999999999999998,0.4444444444444444,35.0,55.00000000000001,40.0,0.8428467100680315,80,adjacent,hand-wrist
HOC/WFE,fbc,18,60.0,0.19999999999999996,0.5989974937343359,55.00000000000001,65.0,45.0,0.04645594111027311,80,adjacent,hand-wrist
SAA/SFE,fbc,1,52.22222222222223,0.04444444444444451,0.5193143708856043,60.0,44.44444444444444,57.77777777777777,0.37601660079929755,90,same,shoulder-shoulder
SAA/SFE,fbc,2,45.0,-0.09999999999999998,0.44862155388471175,40.0,50.0,45.0,0.8428467100680315,80,same,shoulder-shoulder
SAA/SFE,fbc,3,57.49999999999999,0.1499999999999999,0.5739348370927319,52.5,62.5,45.0,0.10925901973935187,80,same,shoulder-shoulder
SAA/SFE,fbc,4,48.75,-0.025000000000000022,0.48549019607843136,55.00000000000001,42.5,56.25,0.6312228455078387,80,same,shoulder-shoulder
SAA/SFE,fbc,5,44.44444444444444,-0.11501988375650041,0.4319775596072931,58.536585365853654,30.0,64.19753086419753,0.8667938451643399,81,same,shoulder-shoulder
SAA/SFE,fbc,6,57.49999999999999,0.1499999999999999,0.5682539682539682,70.0,45.0,62.5,0.10925901973935187,80,same,shoulder-shoulder
SAA/SFE,fbc,7,51.24999999999999,0.02499999999999991,0.5087387812942843,42.5,60.0,41.25,0.4555360606130464,80,same,shoulder-shoulder
SAA/SFE,fbc,8,57.49999999999999,0.1499999999999999,0.5682539682539682,70.0,45.0,62.5,0.10925901973935187,80,same,shoulder-shoulder
SAA/SFE,fbc,9,43.75,-0.125,0.4266602962255136,30.0,57.49999999999999,36.25,0.8907409802606481,80,same,shoulder-shoulder
SAA/SFE,fbc,10,43.75,-0.125,0.43529411764705883,50.0,37.5,56.25,0.8907409802606481,80,same,shoulder-shoulder
SAA/SFE,fbc,11,47.5,-0.050000000000000044,0.4736842105263158,52.5,42.5,55.00000000000001,0.7117846869058034,80,same,shoulder-shoulder
SAA/SFE,fbc,12,46.25,-0.07499999999999996,0.46241600250039067,45.0,47.5,48.75,0.7829788723272606,80,same,shoulder-shoulder
SAA/SFE,fbc,13,57.49999999999999,0.1499999999999999,0.5725958516656191,65.0,50.0,57.49999999999999,0.10925901973935187,80,same,shoulder-shoulder
SAA/SFE,fbc,14,46.25,-0.07499999999999996,0.46039215686274515,52.5,40.0,56.25,0.7829788723272606,80,same,shoulder-shoulder
SAA/SFE,fbc,15,41.25,-0.17500000000000004,0.4124081887794968,42.5,40.0,51.24999999999999,0.9535440588897269,80,same,shoulder-shoulder
SAA/SFE,fbc,16,48.75,-0.025000000000000022,0.48677828195900485,45.0,52.5,46.25,0.6312228455078387,80,same,shoulder-shoulder
SAA/SFE,fbc,17,52.5,0.050000000000000044,0.525,52.5,52.5,50.0,0.3687771544921613,80,same,shoulder-shoulder
SAA/SFE,fbc,18,70.0,0.3999999999999999,0.6952380952380952,57.49999999999999,82.5,37.5,0.0002257586359574054,80,same,shoulder-shoulder
SPS/SAA,fbc,1,46.666666666666664,-0.06666666666666665,0.46561108362196935,42.22222222222222,51.11111111111111,45.55555555555556,0.7696037636405144,90,same,shoulder-shoulder
SPS/SAA,fbc,2,42.5,-0.15000000000000002,0.42464040025015637,45.0,40.0,52.5,0.9271822727985086,80,same,shoulder-shoulder
SPS/SAA,fbc,3,78.75,0.575,0.7866666666666666,85.0,72.5,56.25,1.1330702522337731e-07,80,same,shoulder-shoulder
SPS/SAA,fbc,4,81.25,0.625,0.8117647058823529,75.0,87.5,43.75,7.05733420490698e-09,80,same,shoulder-shoulder
SPS/SAA,fbc,5,42.5,-0.15000000000000002,0.42464040025015637,40.0,45.0,47.5,0.9271822727985086,80,same,shoulder-shoulder
SPS/SAA,fbc,6,47.5,-0.050000000000000044,0.47203016970458833,55.00000000000001,40.0,57.49999999999999,0.7117846869058034,80,same,shoulder-shoulder
SPS/SAA,fbc,7,66.25,0.32499999999999996,0.6620247222656861,70.0,62.5,53.75,0.0024340770747797117,80,same,shoulder-shoulder
SPS/SAA,fbc,8,55.00000000000001,0.10000000000000009,0.52,80.0,30.0,75.0,0.21702112767273937,80,same,shoulder-shoulder
SPS/SAA,fbc,9,47.5,-0.050000000000000044,0.4696969696969697,37.5,57.49999999999999,40.0,0.7117846869058034,80,same,shoulder-shoulder
SPS/SAA,fbc,10,60.0,0.19999999999999996,0.5977372721558768,67.5,52.5,57.49999999999999,0.04645594111027311,80,same,shoulder-shoulder
SPS/SAA,fbc,11,45.0,-0.09999999999999998,0.44862155388471175,50.0,40.0,55.00000000000001,0.8428467100680315,80,same,shoulder-shoulder
SPS/SAA,fbc,12,53.75,0.07499999999999996,0.5339316643048339,45.0,62.5,41.25,0.28821531309419657,80,same,shoulder-shoulder
SPS/SAA,fbc,13,68.75,0.375,0.6874511642444132,67.5,70.0,48.75,0.0005263674286766723,80,same,shoulder-shoulder
SPS/SAA,fbc,14,58.75,0.17500000000000004,0.5869191049913942,55.00000000000001,62.5,46.25,0.07281772720149135,80,same,shoulder-shoulder
SPS/SAA,fbc,15,50.0,0.0,0.497171590194846,57.49999999999999,42.5,57.49999999999999,0.5444639393869536,80,same,shoulder-shoulder
SPS/SAA,fbc,16,56.25,0.125,0.5568919132774173,45.0,67.5,38.75,0.15715328993196853,80,same,shoulder-shoulder
SPS/SAA,fbc,17,46.25,-0.07499999999999996,0.46039215686274515,52.5,40.0,56.25,0.7829788723272606,80,same,shoulder-shoulder
SPS/SAA,fbc,18,61.25000000000001,0.2250000000000001,0.6095103133364824,52.5,70.0,41.25,0.028332213172560572,80,same,shoulder-shoulder
SPS/SFE,fbc,1,48.888888888888886,-0.022222222222222254,0.4866071428571429,42.22222222222222,55.55555555555556,43.333333333333336,0.6239833992007024,90,same,shoulder-shoulder
SPS/SFE,fbc,2,43.75,-0.125,0.4222436206066442,60.0,27.500000000000004,66.25,0.8907409802606481,80,same,shoulder-shoulder
SPS/SFE,fbc,3,67.5,0.3500000000000001,0.675,67.5,67.5,50.0,0.001162270644044352,80,same,shoulder-shoulder
SPS/SFE,fbc,4,65.0,0.30000000000000004,0.6497811131957474,62.5,67.5,47.5,0.004841424961528786,80,same,shoulder-shoulder
SPS/SFE,fbc,5,54.32098765432099,0.08488549618320601,0.5406896551724139,60.97560975609756,47.5,56.79012345679012,0.2526182203834679,81,same,shoulder-shoulder
SPS/SFE,fbc,6,62.5,0.25,0.625,62.5,62.5,50.0,0.016496309213238095,80,same,shoulder-shoulder
SPS/SFE,fbc,7,57.49999999999999,0.1499999999999999,0.575,57.49999999999999,57.49999999999999,50.0,0.10925901973935187,80,same,shoulder-shoulder
SPS/SFE,fbc,8,48.75,-0.025000000000000022,0.48549019607843136,55.00000000000001,42.5,56.25,0.6312228455078387,80,same,shoulder-shoulder
SPS/SFE,fbc,9,45.0,-0.09999999999999998,0.44688874921433064,37.5,52.5,42.5,0.8428467100680315,80,same,shoulder-shoulder
SPS/SFE,fbc,10,55.00000000000001,0.10000000000000009,0.549718574108818,57.49999999999999,52.5,52.5,0.21702112767273937,80,same,shoulder-shoulder
SPS/SFE,fbc,11,52.5,0.050000000000000044,0.5223130106851037,45.0,60.0,42.5,0.3687771544921613,80,same,shoulder-shoulder
SPS/SFE,fbc,12,57.49999999999999,0.1499999999999999,0.5707070707070707,47.5,67.5,40.0,0.10925901973935187,80,same,shoulder-shoulder
SPS/SFE,fbc,13,62.5,0.25,0.6212121212121212,72.5,52.5,60.0,0.016496309213238095,80,same,shoulder-shoulder
SPS/SFE,fbc,14,43.75,-0.125,0.43741209563994377,42.5,45.0,48.75,0.8907409802606481,80,same,shoulder-shoulder
SPS/SFE,fbc,15,55.00000000000001,0.10000000000000009,0.549718574108818,52.5,57.49999999999999,47.5,0.21702112767273937,80,same,shoulder-shoulder
SPS/SFE,fbc,16,51.24999999999999,0.02499999999999991,0.4992778045257583,35.0,67.5,33.75,0.4555360606130464,80,same,shoulder-shoulder
SPS/SFE,fbc,17,51.24999999999999,0.02499999999999991,0.5062509890805508,62.5,40.0,61.25000000000001,0.4555360606130464,80,same,shoulder-shoulder
SPS/SFE,fbc,18,70.0,0.3999999999999999,0.7,70.0,70.0,50.0,0.0002257586359574054,80,same,shoulder-shoulder
WAA/EFE,fbc,1,68.88888888888889,0.37777777777777777,0.686411149825784,77.77777777777779,60.0,58.88888888888889,0.0002189610983170669,90,adjacent,wrist-elbow
WAA/EFE,fbc,2,55.00000000000001,0.10000000000000009,0.55,55.00000000000001,55.00000000000001,50.0,0.21702112767273937,80,adjacent,wrist-elbow
WAA/EFE,fbc,3,48.75,-0.025000000000000022,0.4874199093608376,50.0,47.5,51.24999999999999,0.6312228455078387,80,adjacent,wrist-elbow
WAA/EFE,fbc,4,61.25000000000001,0.2250000000000001,0.6095103133364824,52.5,70.0,41.25,0.028332213172560572,80,adjacent,wrist-elbow
WAA/EFE,fbc,5,52.5,0.050000000000000044,0.5247029393370857,55.00000000000001,50.0,52.5,0.3687771544921613,80,adjacent,wrist-elbow
WAA/EFE,fbc,6,52.5,0.050000000000000044,0.5238095238095238,47.5,57.49999999999999,45.0,0.3687771544921613,80,adjacent,wrist-elbow
WAA/EFE,fbc,7,62.5,0.25,0.6190476190476191,75.0,50.0,62.5,0.016496309213238095,80,adjacent,wrist-elbow
WAA/EFE,fbc,8,51.24999999999999,0.02499999999999991,0.5031055900621118,65.0,37.5,63.74999999999999,0.4555360606130464,80,adjacent,wrist-elbow
WAA/EFE,fbc,9,60.0,0.19999999999999996,0.595959595959596,50.0,70.0,40.0,0.04645594111027311,80,adjacent,wrist-elbow
WAA/EFE,fbc,10,45.0,-0.09999999999999998,0.44965603502188867,47.5,42.5,52.5,0.8428467100680315,80,adjacent,wrist-elbow
WAA/EFE,fbc,11,47.5,-0.050000000000000044,0.474671669793621,50.0,45.0,52.5,0.7117846869058034,80,adjacent,wrist-elbow
WAA/EFE,fbc,12,45.0,-0.09999999999999998,0.45,45.0,45.0,50.0,0.8428467100680315,80,adjacent,wrist-elbow
WAA/EFE,fbc,13,47.5,-0.050000000000000044,0.4696969696969697,37.5,57.49999999999999,40.0,0.7117846869058034,80,adjacent,wrist-elbow
WAA/EFE,fbc,14,68.75,0.375,0.6874511642444132,70.0,67.5,51.24999999999999,0.0005263674286766723,80,adjacent,wrist-elbow
WAA/EFE,fbc,15,63.74999999999999,0.2749999999999999,0.6328532995727172,75.0,52.5,61.25000000000001,0.00915804875845816,80,adjacent,wrist-elbow
WAA/EFE,fbc,16,56.25,0.125,0.5568919132774173,45.0,67.5,38.75,0.15715328993196853,80,adjacent,wrist-elbow
WAA/EFE,fbc,17,61.25000000000001,0.2250000000000001,0.6019900497512438,77.5,45.0,66.25,0.028332213172560572,80,adjacent,wrist-elbow
WAA/EFE,fbc,18,60.0,0.19999999999999996,0.5989974937343359,65.0,55.00000000000001,55.00000000000001,0.04645594111027311,80,adjacent,wrist-elbow
WAA/EPS,fbc,1,54.44444444444444,0.0888888888888888,0.5439377085650723,57.77777777777777,51.11111111111111,53.333333333333336,0.23039623635948556,90,adjacent,wrist-elbow
WAA/EPS,fbc,2,48.75,-0.025000000000000022,0.48549019607843136,42.5,55.00000000000001,43.75,0.6312228455078387,80,adjacent,wrist-elbow
WAA/EPS,fbc,3,41.25,-0.17500000000000004,0.4124081887794968,40.0,42.5,48.75,0.9535440588897269,80,adjacent,wrist-elbow
WAA/EPS,fbc,4,68.75,0.375,0.6834942237695838,80.0,57.49999999999999,61.25000000000001,0.0005263674286766723,80,adjacent,wrist-elbow
WAA/EPS,fbc,5,48.75,-0.025000000000000022,0.4874199093608376,50.0,47.5,51.24999999999999,0.6312228455078387,80,adjacent,wrist-elbow
WAA/EPS,fbc,6,48.75,-0.025000000000000022,0.48677828195900485,45.0,52.5,46.25,0.6312228455078387,80,adjacent,wrist-elbow
WAA/EPS,fbc,7,58.75,0.17500000000000004,0.5843174303259329,67.5,50.0,58.75,0.07281772720149135,80,adjacent,wrist-elbow
WAA/EPS,fbc,8,53.75,0.07499999999999996,0.5285873546743112,67.5,40.0,63.74999999999999,0.28821531309419657,80,adjacent,wrist-elbow
WAA/EPS,fbc,9,43.75,-0.125,0.43529411764705883,50.0,37.5,56.25,0.8907409802606481,80,adjacent,wrist-elbow
WAA/EPS,fbc,10,40.0,-0.19999999999999996,0.39849624060150374,45.0,35.0,55.00000000000001,0.9716677868274395,80,adjacent,wrist-elbow
WAA/EPS,fbc,11,57.49999999999999,0.1499999999999999,0.5682539682539682,70.0,45.0,62.5,0.10925901973935187,80,adjacent,wrist-elbow
WAA/EPS,fbc,12,46.25,-0.07499999999999996,0.4617430762009075,50.0,42.5,53.75,0.7829788723272606,80,adjacent,wrist-elbow
WAA/EPS,fbc,13,48.75,-0.025000000000000022,0.48549019607843136,55.00000000000001,42.5,56.25,0.6312228455078387,80,adjacent,wrist-elbow
WAA/EPS,fbc,14,55.00000000000001,0.10000000000000009,0.549718574108818,52.5,57.49999999999999,47.5,0.21702112767273937,80,adjacent,wrist-elbow
WAA/EPS,fbc,15,47.5,-0.050000000000000044,0.474671669793621,50.0,45.0,52.5,0.7117846869058034,80,adjacent,wrist-elbow
WAA/EPS,fbc,16,51.24999999999999,0.02499999999999991,0.5087387812942843,42.5,60.0,41.25,0.4555360606130464,80,adjacent,wrist-elbow
WAA/EPS,fbc,17,47.5,-0.050000000000000044,0.4696969696969697,57.49999999999999,37.5,60.0,0.7117846869058034,80,adjacent,wrist-elbow
WAA/EPS,fbc,18,47.5,-0.050000000000000044,0.4696969696969697,37.5,57.49999999999999,40.0,0.7117846869058034,80,adjacent,wrist-elbow
WAA/SAA,fbc,1,58.88888888888889,0.1777777777777778,0.5884315906562847,55.55555555555556,62.22222222222222,46.666666666666664,0.05667217702171029,90,distant,wrist-shoulder
WAA/SAA,fbc,2,46.25,-0.07499999999999996,0.46039215686274515,40.0,52.5,43.75,0.7829788723272606,80,distant,wrist-shoulder
WAA/SAA,fbc,3,86.25,0.7250000000000001,0.8623063683304647,82.5,90.0,46.25,1.0247576593587948e-11,80,distant,wrist-shoulder
WAA/SAA,fbc,4,88.75,0.7749999999999999,0.8870588235294118,82.5,95.0,43.75,2.1869890911195873e-13,80,distant,wrist-shoulder
WAA/SAA,fbc,5,56.25,0.125,0.5618838992332968,52.5,60.0,46.25,0.15715328993196853,80,distant,wrist-shoulder
WAA/SAA,fbc,6,62.5,0.25,0.6247654784240151,60.0,65.0,47.5,0.016496309213238095,80,distant,wrist-shoulder
WAA/SAA,fbc,7,70.0,0.3999999999999999,0.6992481203007519,75.0,65.0,55.00000000000001,0.0002257586359574054,80,distant,wrist-shoulder
WAA/SAA,fbc,8,47.5,-0.050000000000000044,0.47203016970458833,55.00000000000001,40.0,57.49999999999999,0.7117846869058034,80,distant,wrist-shoulder
WAA/SAA,fbc,9,63.74999999999999,0.2749999999999999,0.6360784313725489,57.49999999999999,70.0,43.75,0.00915804875845816,80,distant,wrist-shoulder
WAA/SAA,fbc,10,50.0,0.0,0.4996873045653534,52.5,47.5,52.5,0.5444639393869536,80,distant,wrist-shoulder
WAA/SAA,fbc,11,55.00000000000001,0.10000000000000009,0.55,55.00000000000001,55.00000000000001,50.0,0.21702112767273937,80,distant,wrist-shoulder
WAA/SAA,fbc,12,52.5,0.050000000000000044,0.5202020202020202,62.5,42.5,60.0,0.3687771544921613,80,distant,wrist-shoulder
WAA/SAA,fbc,13,61.25000000000001,0.2250000000000001,0.6119543107494915,57.49999999999999,65.0,46.25,0.028332213172560572,80,distant,wrist-shoulder
WAA/SAA,fbc,14,60.0,0.19999999999999996,0.5997498436522827,57.49999999999999,62.5,47.5,0.04645594111027311,80,distant,wrist-shoulder
WAA/SAA,fbc,15,43.75,-0.125,0.43670787044281023,47.5,40.0,53.75,0.8907409802606481,80,distant,wrist-shoulder
WAA/SAA,fbc,16,57.49999999999999,0.1499999999999999,0.5747342088805503,60.0,55.00000000000001,52.5,0.10925901973935187,80,distant,wrist-shoulder
WAA/SAA,fbc,17,63.74999999999999,0.2749999999999999,0.634703196347032,72.5,55.00000000000001,58.75,0.00915804875845816,80,distant,wrist-shoulder
WAA/SAA,fbc,18,75.0,0.5,0.7498436522826767,72.5,77.5,47.5,4.290279933524806e-06,80,distant,wrist-shoulder
WAA/SFE,fbc,1,51.11111111111111,0.022222222222222143,0.5072175211548033,60.0,42.22222222222222,58.88888888888889,0.4580644385056452,90,distant,wrist-shoulder
WAA/SFE,fbc,2,38.75,-0.22499999999999998,0.3850980392156863,45.0,32.5,56.25,0.9835036907867619,80,distant,wrist-shoulder
WAA/SFE,fbc,3,71.25,0.42500000000000004,0.7120951337818808,75.0,67.5,53.75,9.155828206487555e-05,80,distant,wrist-shoulder
WAA/SFE,fbc,4,81.25,0.625,0.8122359568142701,85.0,77.5,53.75,7.05733420490698e-09,80,distant,wrist-shoulder
WAA/SFE,fbc,5,64.19753086419753,0.2831858407079645,0.6411000763941941,68.29268292682927,60.0,54.32098765432099,0.006999736859993468,81,distant,wrist-shoulder
WAA/SFE,fbc,6,57.49999999999999,0.1499999999999999,0.5725958516656191,65.0,50.0,57.49999999999999,0.10925901973935187,80,distant,wrist-shoulder
WAA/SFE,fbc,7,56.25,0.125,0.5624316299421784,57.49999999999999,55.00000000000001,51.24999999999999,0.15715328993196853,80,distant,wrist-shoulder
WAA/SFE,fbc,8,51.24999999999999,0.02499999999999991,0.4992778045257583,67.5,35.0,66.25,0.4555360606130464,80,distant,wrist-shoulder
WAA/SFE,fbc,9,53.75,0.07499999999999996,0.5356862745098039,47.5,60.0,43.75,0.28821531309419657,80,distant,wrist-shoulder
WAA/SFE,fbc,10,68.75,0.375,0.6862745098039216,75.0,62.5,56.25,0.0005263674286766723,80,distant,wrist-shoulder
WAA/SFE,fbc,11,60.0,0.19999999999999996,0.5977372721558768,67.5,52.5,57.49999999999999,0.04645594111027311,80,distant,wrist-shoulder
WAA/SFE,fbc,12,46.25,-0.07499999999999996,0.46241600250039067,45.0,47.5,48.75,0.7829788723272606,80,distant,wrist-shoulder
WAA/SFE,fbc,13,60.0,0.19999999999999996,0.5977372721558768,52.5,67.5,42.5,0.04645594111027311,80,distant,wrist-shoulder
WAA/SFE,fbc,14,60.0,0.19999999999999996,0.5989974937343359,55.00000000000001,65.0,45.0,0.04645594111027311,80,distant,wrist-shoulder
WAA/SFE,fbc,15,58.75,0.17500000000000004,0.5874355368026254,57.49999999999999,60.0,48.75,0.07281772720149135,80,distant,wrist-shoulder
WAA/SFE,fbc,16,60.0,0.19999999999999996,0.5997498436522827,57.49999999999999,62.5,47.5,0.04645594111027311,80,distant,wrist-shoulder
WAA/SFE,fbc,17,66.25,0.32499999999999996,0.6581737616711505,77.5,55.00000000000001,61.25000000000001,0.0024340770747797117,80,distant,wrist-shoulder
WAA/SFE,fbc,18,76.25,0.5249999999999999,0.7621655452980755,80.0,72.5,53.75,1.3659349614411326e-06,80,distant,wrist-shoulder
WAA/SPS,fbc,1,53.333333333333336,0.06666666666666665,0.5333333333333333,53.333333333333336,53.333333333333336,50.0,0.29920585911675956,90,distant,wrist-shoulder
WAA/SPS,fbc,2,47.5,-0.050000000000000044,0.4584139264990329,30.0,65.0,32.5,0.7117846869058034,80,distant,wrist-shoulder
WAA/SPS,fbc,3,71.25,0.42500000000000004,0.7124550711048601,70.0,72.5,48.75,9.155828206487555e-05,80,distant,wrist-shoulder
WAA/SPS,fbc,4,81.25,0.625,0.8122359568142701,77.5,85.0,46.25,7.05733420490698e-09,80,distant,wrist-shoulder
WAA/SPS,fbc,5,70.0,0.3999999999999999,0.699812382739212,67.5,72.5,47.5,0.0002257586359574054,80,distant,wrist-shoulder
WAA/SPS,fbc,6,60.0,0.19999999999999996,0.5997498436522827,62.5,57.49999999999999,52.5,0.04645594111027311,80,distant,wrist-shoulder
WAA/SPS,fbc,7,48.75,-0.025000000000000022,0.48677828195900485,52.5,45.0,53.75,0.6312228455078387,80,distant,wrist-shoulder
WAA/SPS,fbc,8,51.24999999999999,0.02499999999999991,0.5105882352941176,57.49999999999999,45.0,56.25,0.4555360606130464,80,distant,wrist-shoulder
WAA/SPS,fbc,9,57.49999999999999,0.1499999999999999,0.5747342088805503,55.00000000000001,60.0,47.5,0.10925901973935187,80,distant,wrist-shoulder
WAA/SPS,fbc,10,67.5,0.3500000000000001,0.6741854636591479,72.5,62.5,55.00000000000001,0.001162270644044352,80,distant,wrist-shoulder
WAA/SPS,fbc,11,51.24999999999999,0.02499999999999991,0.49473684210526314,70.0,32.5,68.75,0.4555360606130464,80,distant,wrist-shoulder
WAA/SPS,fbc,12,66.25,0.32499999999999996,0.6611764705882353,72.5,60.0,56.25,0.0024340770747797117,80,distant,wrist-shoulder
WAA/SPS,fbc,13,55.00000000000001,0.10000000000000009,0.5454545454545454,65.0,45.0,60.0,0.21702112767273937,80,distant,wrist-shoulder
WAA/SPS,fbc,14,56.25,0.125,0.5624316299421784,57.49999999999999,55.00000000000001,51.24999999999999,0.15715328993196853,80,distant,wrist-shoulder
WAA/SPS,fbc,15,52.5,0.050000000000000044,0.5238095238095238,57.49999999999999,47.5,55.00000000000001,0.3687771544921613,80,distant,wrist-shoulder
WAA/SPS,fbc,16,58.75,0.17500000000000004,0.5869191049913942,62.5,55.00000000000001,53.75,0.07281772720149135,80,distant,wrist-shoulder
WAA/SPS,fbc,17,65.0,0.30000000000000004,0.6491228070175439,70.0,60.0,55.00000000000001,0.004841424961528786,80,distant,wrist-shoulder
WAA/SPS,fbc,18,65.0,0.30000000000000004,0.6480201131363922,57.49999999999999,72.5,42.5,0.004841424961528786,80,distant,wrist-shoulder
WFE/EFE,fbc,1,52.22222222222223,0.04444444444444451,0.5207430340557275,46.666666666666664,57.77777777777777,44.44444444444444,0.37601660079929755,90,adjacent,wrist-elbow
WFE/EFE,fbc,2,55.00000000000001,0.10000000000000009,0.5454545454545454,65.0,45.0,60.0,0.21702112767273937,80,adjacent,wrist-elbow
WFE/EFE,fbc,3,47.5,-0.050000000000000044,0.4666666666666667,60.0,35.0,62.5,0.7117846869058034,80,adjacent,wrist-elbow
WFE/EFE,fbc,4,60.0,0.19999999999999996,0.5989974937343359,55.00000000000001,65.0,45.0,0.04645594111027311,80,adjacent,wrist-elbow
WFE/EFE,fbc,5,50.0,0.0,0.497171590194846,42.5,57.49999999999999,42.5,0.5444639393869536,80,adjacent,wrist-elbow
WFE/EFE,fbc,6,56.25,0.125,0.5624316299421784,55.00000000000001,57.49999999999999,48.75,0.15715328993196853,80,adjacent,wrist-elbow
WFE/EFE,fbc,7,57.49999999999999,0.1499999999999999,0.5739348370927319,52.5,62.5,45.0,0.10925901973935187,80,adjacent,wrist-elbow
WFE/EFE,fbc,8,51.24999999999999,0.02499999999999991,0.5062509890805508,62.5,40.0,61.25000000000001,0.4555360606130464,80,adjacent,wrist-elbow
WFE/EFE,fbc,9,65.0,0.30000000000000004,0.6497811131957474,62.5,67.5,47.5,0.004841424961528786,80,adjacent,wrist-elbow
WFE/EFE,fbc,10,61.25000000000001,0.2250000000000001,0.6124394436630723,60.0,62.5,48.75,0.028332213172560572,80,adjacent,wrist-elbow
WFE/EFE,fbc,11,46.25,-0.07499999999999996,0.46241600250039067,45.0,47.5,48.75,0.7829788723272606,80,adjacent,wrist-elbow
WFE/EFE,fbc,12,48.75,-0.025000000000000022,0.48549019607843136,55.00000000000001,42.5,56.25,0.6312228455078387,80,adjacent,wrist-elbow
WFE/EFE,fbc,13,40.0,-0.19999999999999996,0.39660590823381525,47.5,32.5,57.49999999999999,0.9716677868274395,80,adjacent,wrist-elbow
WFE/EFE,fbc,14,60.0,0.19999999999999996,0.5977372721558768,67.5,52.5,57.49999999999999,0.04645594111027311,80,adjacent,wrist-elbow
WFE/EFE,fbc,15,50.0,0.0,0.4920634920634921,62.5,37.5,62.5,0.5444639393869536,80,adjacent,wrist-elbow
WFE/EFE,fbc,16,56.25,0.125,0.5540691192865106,42.5,70.0,36.25,0.15715328993196853,80,adjacent,wrist-elbow
WFE/EFE,fbc,17,50.0,0.0,0.497171590194846,57.49999999999999,42.5,57.49999999999999,0.5444639393869536,80,adjacent,wrist-elbow
WFE/EFE,fbc,18,45.0,-0.09999999999999998,0.44126984126984126,57.49999999999999,32.5,62.5,0.8428467100680315,80,adjacent,wrist-elbow
WFE/EPS,fbc,1,52.22222222222223,0.04444444444444451,0.5216907675194661,48.888888888888886,55.55555555555556,46.666666666666664,0.37601660079929755,90,adjacent,wrist-elbow
WFE/EPS,fbc,2,42.5,-0.15000000000000002,0.4235588972431078,37.5,47.5,45.0,0.9271822727985086,80,adjacent,wrist-elbow
WFE/EPS,fbc,3,53.75,0.07499999999999996,0.531571451178984,65.0,42.5,61.25000000000001,0.28821531309419657,80,adjacent,wrist-elbow
WFE/EPS,fbc,4,52.5,0.050000000000000044,0.5247029393370857,55.00000000000001,50.0,52.5,0.3687771544921613,80,adjacent,wrist-elbow
WFE/EPS,fbc,5,60.0,0.19999999999999996,0.5997498436522827,57.49999999999999,62.5,47.5,0.04645594111027311,80,adjacent,wrist-elbow
WFE/EPS,fbc,6,53.75,0.07499999999999996,0.5374277230817315,55.00000000000001,52.5,51.24999999999999,0.28821531309419657,80,adjacent,wrist-elbow
WFE/EPS,fbc,7,61.25000000000001,0.2250000000000001,0.6019900497512438,77.5,45.0,66.25,0.028332213172560572,80,adjacent,wrist-elbow
WFE/EPS,fbc,8,51.24999999999999,0.02499999999999991,0.4992778045257583,67.5,35.0,66.25,0.4555360606130464,80,adjacent,wrist-elbow
WFE/EPS,fbc,9,58.75,0.17500000000000004,0.5874355368026254,57.49999999999999,60.0,48.75,0.07281772720149135,80,adjacent,wrist-elbow
WFE/EPS,fbc,10,52.5,0.050000000000000044,0.525,52.5,52.5,50.0,0.3687771544921613,80,adjacent,wrist-elbow
WFE/EPS,fbc,11,48.75,-0.025000000000000022,0.4874199093608376,47.5,50.0,48.75,0.6312228455078387,80,adjacent,wrist-elbow
WFE/EPS,fbc,12,51.24999999999999,0.02499999999999991,0.5105882352941176,45.0,57.49999999999999,43.75,0.4555360606130464,80,adjacent,wrist-elbow
WFE/EPS,fbc,13,56.25,0.125,0.5540691192865106,70.0,42.5,63.74999999999999,0.15715328993196853,80,adjacent,wrist-elbow
WFE/EPS,fbc,14,50.0,0.0,0.48849104859335035,65.0,35.0,65.0,0.5444639393869536,80,adjacent,wrist-elbow
WFE/EPS,fbc,15,55.00000000000001,0.10000000000000009,0.5454545454545454,65.0,45.0,60.0,0.21702112767273937,80,adjacent,wrist-elbow
WFE/EPS,fbc,16,57.49999999999999,0.1499999999999999,0.5725958516656191,50.0,65.0,42.5,0.10925901973935187,80,adjacent,wrist-elbow
WFE/EPS,fbc,17,47.5,-0.050000000000000044,0.4736842105263158,52.5,42.5,55.00000000000001,0.7117846869058034,80,adjacent,wrist-elbow
WFE/EPS,fbc,18,53.75,0.07499999999999996,0.5206477732793522,35.0,72.5,31.25,0.28821531309419657,80,adjacent,wrist-elbow
WFE/SAA,fbc,1,66.66666666666666,0.33333333333333326,0.6625,55.55555555555556,77.77777777777779,38.88888888888889,0.0010301328404815372,90,distant,wrist-shoulder
WFE/SAA,fbc,2,47.5,-0.050000000000000044,0.475,47.5,47.5,50.0,0.7117846869058034,80,distant,wrist-shoulder
WFE/SAA,fbc,3,81.25,0.625,0.8122359568142701,77.5,85.0,46.25,7.05733420490698e-09,80,distant,wrist-shoulder
WFE/SAA,fbc,4,75.0,0.5,0.75,75.0,75.0,50.0,4.290279933524806e-06,80,distant,wrist-shoulder
WFE/SAA,fbc,5,53.75,0.07499999999999996,0.5285873546743112,40.0,67.5,36.25,0.28821531309419657,80,distant,wrist-shoulder
WFE/SAA,fbc,6,52.5,0.050000000000000044,0.5247029393370857,55.00000000000001,50.0,52.5,0.3687771544921613,80,distant,wrist-shoulder
WFE/SAA,fbc,7,63.74999999999999,0.2749999999999999,0.6369895165075887,67.5,60.0,53.75,0.00915804875845816,80,distant,wrist-shoulder
WFE/SAA,fbc,8,55.00000000000001,0.10000000000000009,0.5454545454545454,65.0,45.0,60.0,0.21702112767273937,80,distant,wrist-shoulder
WFE/SAA,fbc,9,51.24999999999999,0.02499999999999991,0.5087387812942843,42.5,60.0,41.25,0.4555360606130464,80,distant,wrist-shoulder
WFE/SAA,fbc,10,60.0,0.19999999999999996,0.5989974937343359,65.0,55.00000000000001,55.00000000000001,0.04645594111027311,80,distant,wrist-shoulder
WFE/SAA,fbc,11,57.49999999999999,0.1499999999999999,0.575,57.49999999999999,57.49999999999999,50.0,0.10925901973935187,80,distant,wrist-shoulder
WFE/SAA,fbc,12,63.74999999999999,0.2749999999999999,0.6374433505235193,62.5,65.0,48.75,0.00915804875845816,80,distant,wrist-shoulder
WFE/SAA,fbc,13,51.24999999999999,0.02499999999999991,0.5124238162212846,52.5,50.0,51.24999999999999,0.4555360606130464,80,distant,wrist-shoulder
WFE/SAA,fbc,14,48.75,-0.025000000000000022,0.48677828195900485,45.0,52.5,46.25,0.6312228455078387,80,distant,wrist-shoulder
WFE/SAA,fbc,15,52.5,0.050000000000000044,0.5202020202020202,62.5,42.5,60.0,0.3687771544921613,80,distant,wrist-shoulder
WFE/SAA,fbc,16,53.75,0.07499999999999996,0.5374277230817315,55.00000000000001,52.5,51.24999999999999,0.28821531309419657,80,distant,wrist-shoulder
WFE/SAA,fbc,17,52.5,0.050000000000000044,0.5247029393370857,55.00000000000001,50.0,52.5,0.3687771544921613,80,distant,wrist-shoulder
WFE/SAA,fbc,18,66.25,0.32499999999999996,0.6611764705882353,72.5,60.0,56.25,0.0024340770747797117,80,distant,wrist-shoulder
WFE/SFE,fbc,1,51.11111111111111,0.022222222222222143,0.5108695652173914,48.888888888888886,53.333333333333336,47.77777777777778,0.4580644385056452,90,distant,wrist-shoulder
WFE/SFE,fbc,2,51.24999999999999,0.02499999999999991,0.5118134877171022,47.5,55.00000000000001,46.25,0.4555360606130464,80,distant,wrist-shoulder
WFE/SFE,fbc,3,68.75,0.375,0.6870599280237835,65.0,72.5,46.25,0.0005263674286766723,80,distant,wrist-shoulder
WFE/SFE,fbc,4,73.75,0.4750000000000001,0.7374589779653071,75.0,72.5,51.24999999999999,1.2645551282335301e-05,80,distant,wrist-shoulder
WFE/SFE,fbc,5,64.19753086419753,0.28405973788479116,0.6419753086419753,63.41463414634146,65.0,49.382716049382715,0.006999736859993468,81,distant,wrist-shoulder
WFE/SFE,fbc,6,63.74999999999999,0.2749999999999999,0.6374433505235193,65.0,62.5,51.24999999999999,0.00915804875845816,80,distant,wrist-shoulder
WFE/SFE,fbc,7,60.0,0.19999999999999996,0.6,60.0,60.0,50.0,0.04645594111027311,80,distant,wrist-shoulder
WFE/SFE,fbc,8,52.5,0.050000000000000044,0.5099935525467441,70.0,35.0,67.5,0.3687771544921613,80,distant,wrist-shoulder
WFE/SFE,fbc,9,55.00000000000001,0.10000000000000009,0.5428571428571428,42.5,67.5,37.5,0.21702112767273937,80,distant,wrist-shoulder
WFE/SFE,fbc,10,56.25,0.125,0.5624316299421784,55.00000000000001,57.49999999999999,48.75,0.15715328993196853,80,distant,wrist-shoulder
WFE/SFE,fbc,11,55.00000000000001,0.10000000000000009,0.5488721804511278,60.0,50.0,55.00000000000001,0.21702112767273937,80,distant,wrist-shoulder
WFE/SFE,fbc,12,52.5,0.050000000000000044,0.5247029393370857,50.0,55.00000000000001,47.5,0.3687771544921613,80,distant,wrist-shoulder
WFE/SFE,fbc,13,63.74999999999999,0.2749999999999999,0.6374433505235193,62.5,65.0,48.75,0.00915804875845816,80,distant,wrist-shoulder
WFE/SFE,fbc,14,48.75,-0.025000000000000022,0.4874199093608376,50.0,47.5,51.24999999999999,0.6312228455078387,80,distant,wrist-shoulder
WFE/SFE,fbc,15,51.24999999999999,0.02499999999999991,0.5118134877171022,55.00000000000001,47.5,53.75,0.4555360606130464,80,distant,wrist-shoulder
WFE/SFE,fbc,16,55.00000000000001,0.10000000000000009,0.5454545454545454,45.0,65.0,40.0,0.21702112767273937,80,distant,wrist-shoulder
WFE/SFE,fbc,17,48.75,-0.025000000000000022,0.47762382544991244,62.5,35.0,63.74999999999999,0.6312228455078387,80,distant,wrist-shoulder
WFE/SFE,fbc,18,75.0,0.5,0.7498436522826767,72.5,77.5,47.5,4.290279933524806e-06,80,distant,wrist-shoulder
WFE/SPS,fbc,1,58.88888888888889,0.1777777777777778,0.5888381281639709,57.77777777777777,60.0,48.888888888888886,0.05667217702171029,90,distant,wrist-shoulder
WFE/SPS,fbc,2,50.0,0.0,0.4949494949494949,40.0,60.0,40.0,0.5444639393869536,80,distant,wrist-shoulder
WFE/SPS,fbc,3,70.0,0.3999999999999999,0.6983029541169076,62.5,77.5,42.5,0.0002257586359574054,80,distant,wrist-shoulder
WFE/SPS,fbc,4,73.75,0.4750000000000001,0.7364705882352941,80.0,67.5,56.25,1.2645551282335301e-05,80,distant,wrist-shoulder
WFE/SPS,fbc,5,62.5,0.25,0.6212121212121212,52.5,72.5,40.0,0.016496309213238095,80,distant,wrist-shoulder
WFE/SPS,fbc,6,53.75,0.07499999999999996,0.5368486934751995,50.0,57.49999999999999,46.25,0.28821531309419657,80,distant,wrist-shoulder
WFE/SPS,fbc,7,72.5,0.44999999999999996,0.7243107769423559,77.5,67.5,55.00000000000001,3.505286989959981e-05,80,distant,wrist-shoulder
WFE/SPS,fbc,8,50.0,0.0,0.4996873045653534,52.5,47.5,52.5,0.5444639393869536,80,distant,wrist-shoulder
WFE/SPS,fbc,9,56.25,0.125,0.5607843137254902,50.0,62.5,43.75,0.15715328993196853,80,distant,wrist-shoulder
WFE/SPS,fbc,10,58.75,0.17500000000000004,0.5858823529411765,52.5,65.0,43.75,0.07281772720149135,80,distant,wrist-shoulder
WFE/SPS,fbc,11,61.25000000000001,0.2250000000000001,0.6124394436630723,62.5,60.0,51.24999999999999,0.028332213172560572,80,distant,wrist-shoulder
WFE/SPS,fbc,12,71.25,0.42500000000000004,0.7124550711048601,72.5,70.0,51.24999999999999,9.155828206487555e-05,80,distant,wrist-shoulder
WFE/SPS,fbc,13,66.25,0.32499999999999996,0.6624472573839661,67.5,65.0,51.24999999999999,0.0024340770747797117,80,distant,wrist-shoulder
WFE/SPS,fbc,14,52.5,0.050000000000000044,0.5238095238095238,57.49999999999999,47.5,55.00000000000001,0.3687771544921613,80,distant,wrist-shoulder
WFE/SPS,fbc,15,47.5,-0.050000000000000044,0.4666666666666667,60.0,35.0,62.5,0.7117846869058034,80,distant,wrist-shoulder
WFE/SPS,fbc,16,46.25,-0.07499999999999996,0.4617430762009075,50.0,42.5,53.75,0.7829788723272606,80,distant,wrist-shoulder
WFE/SPS,fbc,17,61.25000000000001,0.2250000000000001,0.6119543107494915,57.49999999999999,65.0,46.25,0.028332213172560572,80,distant,wrist-shoulder
WFE/SPS,fbc,18,66.25,0.32499999999999996,0.6611764705882353,60.0,72.5,43.75,0.0024340770747797117,80,distant,wrist-shoulder
WFE/WAA,fbc,1,54.44444444444444,0.0888888888888888,0.5439377085650723,51.11111111111111,57.77777777777777,46.666666666666664,0.23039623635948556,90,same,wrist-wrist
WFE/WAA,fbc,2,55.00000000000001,0.10000000000000009,0.5488721804511278,60.0,50.0,55.00000000000001,0.21702112767273937,80,same,wrist-wrist
WFE/WAA,fbc,3,56.25,0.125,0.5624316299421784,55.00000000000001,57.49999999999999,48.75,0.15715328993196853,80,same,wrist-wrist
WFE/WAA,fbc,4,51.24999999999999,0.02499999999999991,0.5124238162212846,50.0,52.5,48.75,0.4555360606130464,80,same,wrist-wrist
WFE/WAA,fbc,5,58.75,0.17500000000000004,0.5858823529411765,52.5,65.0,43.75,0.07281772720149135,80,same,wrist-wrist
WFE/WAA,fbc,6,62.5,0.25,0.6240601503759399,57.49999999999999,67.5,45.0,0.016496309213238095,80,same,wrist-wrist
WFE/WAA,fbc,7,58.75,0.17500000000000004,0.5858823529411765,65.0,52.5,56.25,0.07281772720149135,80,same,wrist-wrist
WFE/WAA,fbc,8,56.25,0.125,0.5607843137254902,62.5,50.0,56.25,0.15715328993196853,80,same,wrist-wrist
WFE/WAA,fbc,9,58.75,0.17500000000000004,0.5843174303259329,50.0,67.5,41.25,0.07281772720149135,80,same,wrist-wrist
WFE/WAA,fbc,10,58.75,0.17500000000000004,0.5869191049913942,55.00000000000001,62.5,46.25,0.07281772720149135,80,same,wrist-wrist
WFE/WAA,fbc,11,60.0,0.19999999999999996,0.5989974937343359,65.0,55.00000000000001,55.00000000000001,0.04645594111027311,80,same,wrist-wrist
WFE/WAA,fbc,12,60.0,0.19999999999999996,0.5997498436522827,57.49999999999999,62.5,47.5,0.04645594111027311,80,same,wrist-wrist
WFE/WAA,fbc,13,57.49999999999999,0.1499999999999999,0.5707070707070707,67.5,47.5,60.0,0.10925901973935187,80,same,wrist-wrist
WFE/WAA,fbc,14,55.00000000000001,0.10000000000000009,0.549718574108818,57.49999999999999,52.5,52.5,0.21702112767273937,80,same,wrist-wrist
WFE/WAA,fbc,15,51.24999999999999,0.02499999999999991,0.4992778045257583,67.5,35.0,66.25,0.4555360606130464,80,same,wrist-wrist
WFE/WAA,fbc,16,57.49999999999999,0.1499999999999999,0.5652173913043479,42.5,72.5,35.0,0.10925901973935187,80,same,wrist-wrist
WFE/WAA,fbc,17,60.0,0.19999999999999996,0.5989974937343359,65.0,55.00000000000001,55.00000000000001,0.04645594111027311,80,same,wrist-wrist
WFE/WAA,fbc,18,70.0,0.3999999999999999,0.6992481203007519,65.0,75.0,45.0,0.0002257586359574054,80,same,wrist-wrist
EFE/SAA,cwt,1,53.333333333333336,0.06666666666666665,0.5275,64.44444444444444,42.22222222222222,61.111111111111114,0.29920585911675956,90,adjacent,elbow-shoulder
EFE/SAA,cwt,2,55.00000000000001,0.10000000000000009,0.549718574108818,57.49999999999999,52.5,52.5,0.21702112767273937,80,adjacent,elbow-shoulder
EFE/SAA,cwt,3,70.0,0.3999999999999999,0.699812382739212,72.5,67.5,52.5,0.0002257586359574054,80,adjacent,elbow-shoulder
EFE/SAA,cwt,4,65.0,0.30000000000000004,0.6497811131957474,62.5,67.5,47.5,0.004841424961528786,80,adjacent,elbow-shoulder
EFE/SAA,cwt,5,46.25,-0.07499999999999996,0.46039215686274515,40.0,52.5,43.75,0.7829788723272606,80,adjacent,elbow-shoulder
EFE/SAA,cwt,6,52.5,0.050000000000000044,0.5238095238095238,57.49999999999999,47.5,55.00000000000001,0.3687771544921613,80,adjacent,elbow-shoulder
EFE/SAA,cwt,7,66.25,0.32499999999999996,0.6611764705882353,60.0,72.5,43.75,0.0024340770747797117,80,adjacent,elbow-shoulder
EFE/SAA,cwt,8,45.0,-0.09999999999999998,0.4373401534526854,60.0,30.0,65.0,0.8428467100680315,80,adjacent,elbow-shoulder
EFE/SAA,cwt,9,63.74999999999999,0.2749999999999999,0.6369895165075887,60.0,67.5,46.25,0.00915804875845816,80,adjacent,elbow-shoulder
EFE/SAA,cwt,10,61.25000000000001,0.2250000000000001,0.6075328374742839,50.0,72.5,38.75,0.028332213172560572,80,adjacent,elbow-shoulder
EFE/SAA,cwt,11,62.5,0.25,0.6240601503759399,57.49999999999999,67.5,45.0,0.016496309213238095,80,adjacent,elbow-shoulder
EFE/SAA,cwt,12,50.0,0.0,0.4987468671679198,55.00000000000001,45.0,55.00000000000001,0.5444639393869536,80,adjacent,elbow-shoulder
EFE/SAA,cwt,13,53.75,0.07499999999999996,0.5356862745098039,60.0,47.5,56.25,0.28821531309419657,80,adjacent,elbow-shoulder
EFE/SAA,cwt,14,57.49999999999999,0.1499999999999999,0.5747342088805503,55.00000000000001,60.0,47.5,0.10925901973935187,80,adjacent,elbow-shoulder
EFE/SAA,cwt,15,52.5,0.050000000000000044,0.525,52.5,52.5,50.0,0.3687771544921613,80,adjacent,elbow-shoulder
EFE/SAA,cwt,16,53.75,0.07499999999999996,0.5374277230817315,52.5,55.00000000000001,48.75,0.28821531309419657,80,adjacent,elbow-shoulder
EFE/SAA,cwt,17,46.25,-0.07499999999999996,0.45835301527318534,55.00000000000001,37.5,58.75,0.7829788723272606,80,adjacent,elbow-shoulder
EFE/SAA,cwt,18,71.25,0.42500000000000004,0.7113725490196079,77.5,65.0,56.25,9.155828206487555e-05,80,adjacent,elbow-shoulder
EFE/SFE,cwt,1,55.55555555555556,0.11111111111111116,0.5553359683794465,57.77777777777777,53.333333333333336,52.22222222222223,0.1714165597103941,90,adjacent,elbow-shoulder
EFE/SFE,cwt,2,53.75,0.07499999999999996,0.5368486934751995,50.0,57.49999999999999,46.25,0.28821531309419657,80,adjacent,elbow-shoulder
EFE/SFE,cwt,3,70.0,0.3999999999999999,0.699812382739212,67.5,72.5,47.5,0.0002257586359574054,80,adjacent,elbow-shoulder
EFE/SFE,cwt,4,50.0,0.0,0.4996873045653534,52.5,47.5,52.5,0.5444639393869536,80,adjacent,elbow-shoulder
EFE/SFE,cwt,5,59.25925925925925,0.18729096989966548,0.5885793443127597,48.78048780487805,70.0,39.50617283950617,0.0596368341558822,81,adjacent,elbow-shoulder
EFE/SFE,cwt,6,60.0,0.19999999999999996,0.5997498436522827,62.5,57.49999999999999,52.5,0.04645594111027311,80,adjacent,elbow-shoulder
EFE/SFE,cwt,7,51.24999999999999,0.02499999999999991,0.5087387812942843,42.5,60.0,41.25,0.4555360606130464,80,adjacent,elbow-shoulder
EFE/SFE,cwt,8,43.75,-0.125,0.43670787044281023,47.5,40.0,53.75,0.8907409802606481,80,adjacent,elbow-shoulder
EFE/SFE,cwt,9,57.49999999999999,0.1499999999999999,0.5739348370927319,52.5,62.5,45.0,0.10925901973935187,80,adjacent,elbow-shoulder
EFE/SFE,cwt,10,68.75,0.375,0.685088962368131,60.0,77.5,41.25,0.0005263674286766723,80,adjacent,elbow-shoulder
EFE/SFE,cwt,11,53.75,0.07499999999999996,0.5339316643048339,45.0,62.5,41.25,0.28821531309419657,80,adjacent,elbow-shoulder
EFE/SFE,cwt,12,46.25,-0.07499999999999996,0.4617430762009075,50.0,42.5,53.75,0.7829788723272606,80,adjacent,elbow-shoulder
EFE/SFE,cwt,13,65.0,0.30000000000000004,0.6497811131957474,62.5,67.5,47.5,0.004841424961528786,80,adjacent,elbow-shoulder
EFE/SFE,cwt,14,56.25,0.125,0.5540691192865106,42.5,70.0,36.25,0.15715328993196853,80,adjacent,elbow-shoulder
EFE/SFE,cwt,15,47.5,-0.050000000000000044,0.4736842105263158,52.5,42.5,55.00000000000001,0.7117846869058034,80,adjacent,elbow-shoulder
EFE/SFE,cwt,16,63.74999999999999,0.2749999999999999,0.6369895165075887,67.5,60.0,53.75,0.00915804875845816,80,adjacent,elbow-shoulder
EFE/SFE,cwt,17,50.0,0.0,0.4987468671679198,55.00000000000001,45.0,55.00000000000001,0.5444639393869536,80,adjacent,elbow-shoulder
EFE/SFE,cwt,18,72.5,0.44999999999999996,0.7248280175109443,75.0,70.0,52.5,3.505286989959981e-05,80,adjacent,elbow-shoulder
EFE/SPS,cwt,1,45.55555555555556,-0.0888888888888889,0.4500561167227834,55.55555555555556,35.55555555555556,60.0,0.828583440289606,90,adjacent,elbow-shoulder
EFE/SPS,cwt,2,50.0,0.0,0.4996873045653534,47.5,52.5,47.5,0.5444639393869536,80,adjacent,elbow-shoulder
EFE/SPS,cwt,3,67.5,0.3500000000000001,0.6747967479674797,65.0,70.0,47.5,0.001162270644044352,80,adjacent,elbow-shoulder
EFE/SPS,cwt,4,50.0,0.0,0.5,50.0,50.0,50.0,0.5444639393869536,80,adjacent,elbow-shoulder
EFE/SPS,cwt,5,52.5,0.050000000000000044,0.5174603174603174,40.0,65.0,37.5,0.3687771544921613,80,adjacent,elbow-shoulder
EFE/SPS,cwt,6,65.0,0.30000000000000004,0.6491228070175439,70.0,60.0,55.00000000000001,0.004841424961528786,80,adjacent,elbow-shoulder
EFE/SPS,cwt,7,62.5,0.25,0.6240601503759399,57.49999999999999,67.5,45.0,0.016496309213238095,80,adjacent,elbow-shoulder
EFE/SPS,cwt,8,57.49999999999999,0.1499999999999999,0.5725958516656191,65.0,50.0,57.49999999999999,0.10925901973935187,80,adjacent,elbow-shoulder
EFE/SPS,cwt,9,70.0,0.3999999999999999,0.699812382739212,67.5,72.5,47.5,0.0002257586359574054,80,adjacent,elbow-shoulder
EFE/SPS,cwt,10,68.75,0.375,0.685088962368131,60.0,77.5,41.25,0.0005263674286766723,80,adjacent,elbow-shoulder
EFE/SPS,cwt,11,58.75,0.17500000000000004,0.5869191049913942,62.5,55.00000000000001,53.75,0.07281772720149135,80,adjacent,elbow-shoulder
EFE/SPS,cwt,12,65.0,0.30000000000000004,0.6497811131957474,62.5,67.5,47.5,0.004841424961528786,80,adjacent,elbow-shoulder
EFE/SPS,cwt,13,58.75,0.17500000000000004,0.5869191049913942,62.5,55.00000000000001,53.75,0.07281772720149135,80,adjacent,elbow-shoulder
EFE/SPS,cwt,14,42.5,-0.15000000000000002,0.42174732872407295,35.0,50.0,42.5,0.9271822727985086,80,adjacent,elbow-shoulder
EFE/SPS,cwt,15,55.00000000000001,0.10000000000000009,0.53125,75.0,35.0,70.0,0.21702112767273937,80,adjacent,elbow-shoulder
EFE/SPS,cwt,16,60.0,0.19999999999999996,0.5989974937343359,55.00000000000001,65.0,45.0,0.04645594111027311,80,adjacent,elbow-shoulder
EFE/SPS,cwt,17,55.00000000000001,0.10000000000000009,0.5474544311753614,62.5,47.5,57.49999999999999,0.21702112767273937,80,adjacent,elbow-shoulder
EFE/SPS,cwt,18,66.25,0.32499999999999996,0.6620247222656861,62.5,70.0,46.25,0.0024340770747797117,80,adjacent,elbow-shoulder
EPS/EFE,cwt,1,63.33333333333333,0.2666666666666666,0.6321981424148607,68.88888888888889,57.77777777777777,55.55555555555556,0.007433376472813117,90,same,elbow-elbow
EPS/EFE,cwt,2,56.25,0.125,0.5624316299421784,57.49999999999999,55.00000000000001,51.24999999999999,0.15715328993196853,80,same,elbow-elbow
EPS/EFE,cwt,3,51.24999999999999,0.02499999999999991,0.5124238162212846,52.5,50.0,51.24999999999999,0.4555360606130464,80,same,elbow-elbow
EPS/EFE,cwt,4,71.25,0.42500000000000004,0.7124550711048601,70.0,72.5,48.75,9.155828206487555e-05,80,same,elbow-elbow
EPS/EFE,cwt,5,60.0,0.19999999999999996,0.6,60.0,60.0,50.0,0.04645594111027311,80,same,elbow-elbow
EPS/EFE,cwt,6,60.0,0.19999999999999996,0.5977372721558768,67.5,52.5,57.49999999999999,0.04645594111027311,80,same,elbow-elbow
EPS/EFE,cwt,7,45.0,-0.09999999999999998,0.44688874921433064,37.5,52.5,42.5,0.8428467100680315,80,same,elbow-elbow
EPS/EFE,cwt,8,46.25,-0.07499999999999996,0.4617430762009075,50.0,42.5,53.75,0.7829788723272606,80,same,elbow-elbow
EPS/EFE,cwt,9,53.75,0.07499999999999996,0.5339316643048339,45.0,62.5,41.25,0.28821531309419657,80,same,elbow-elbow
EPS/EFE,cwt,10,47.5,-0.050000000000000044,0.475,47.5,47.5,50.0,0.7117846869058034,80,same,elbow-elbow
EPS/EFE,cwt,11,61.25000000000001,0.2250000000000001,0.6119543107494915,65.0,57.49999999999999,53.75,0.028332213172560572,80,same,elbow-elbow
EPS/EFE,cwt,12,45.0,-0.09999999999999998,0.44965603502188867,47.5,42.5,52.5,0.8428467100680315,80,same,elbow-elbow
EPS/EFE,cwt,13,57.49999999999999,0.1499999999999999,0.5747342088805503,60.0,55.00000000000001,52.5,0.10925901973935187,80,same,elbow-elbow
EPS/EFE,cwt,14,50.0,0.0,0.5,50.0,50.0,50.0,0.5444639393869536,80,same,elbow-elbow
EPS/EFE,cwt,15,52.5,0.050000000000000044,0.5223130106851037,60.0,45.0,57.49999999999999,0.3687771544921613,80,same,elbow-elbow
EPS/EFE,cwt,16,62.5,0.25,0.6240601503759399,57.49999999999999,67.5,45.0,0.016496309213238095,80,same,elbow-elbow
EPS/EFE,cwt,17,56.25,0.125,0.5607843137254902,50.0,62.5,43.75,0.15715328993196853,80,same,elbow-elbow
EPS/EFE,cwt,18,53.75,0.07499999999999996,0.531571451178984,65.0,42.5,61.25000000000001,0.28821531309419657,80,same,elbow-elbow
EPS/SAA,cwt,1,64.44444444444444,0.288888888888889,0.6437407224146462,60.0,68.88888888888889,45.55555555555556,0.004022964066612547,90,adjacent,elbow-shoulder
EPS/SAA,cwt,2,56.25,0.125,0.5618838992332968,60.0,52.5,53.75,0.15715328993196853,80,adjacent,elbow-shoulder
EPS/SAA,cwt,3,85.0,0.7,0.849906191369606,87.5,82.5,52.5,6.008243175410135e-11,80,adjacent,elbow-shoulder
EPS/SAA,cwt,4,76.25,0.5249999999999999,0.7615686274509804,70.0,82.5,43.75,1.3659349614411326e-06,80,adjacent,elbow-shoulder
EPS/SAA,cwt,5,48.75,-0.025000000000000022,0.48677828195900485,52.5,45.0,53.75,0.6312228455078387,80,adjacent,elbow-shoulder
EPS/SAA,cwt,6,61.25000000000001,0.2250000000000001,0.6119543107494915,65.0,57.49999999999999,53.75,0.028332213172560572,80,adjacent,elbow-shoulder
EPS/SAA,cwt,7,65.0,0.30000000000000004,0.6497811131957474,67.5,62.5,52.5,0.004841424961528786,80,adjacent,elbow-shoulder
EPS/SAA,cwt,8,38.75,-0.22499999999999998,0.3756967670011149,52.5,25.0,63.74999999999999,0.9835036907867619,80,adjacent,elbow-shoulder
EPS/SAA,cwt,9,62.5,0.25,0.6247654784240151,60.0,65.0,47.5,0.016496309213238095,80,adjacent,elbow-shoulder
EPS/SAA,cwt,10,52.5,0.050000000000000044,0.525,52.5,52.5,50.0,0.3687771544921613,80,adjacent,elbow-shoulder
EPS/SAA,cwt,11,51.24999999999999,0.02499999999999991,0.5118134877171022,47.5,55.00000000000001,46.25,0.4555360606130464,80,adjacent,elbow-shoulder
EPS/SAA,cwt,12,41.25,-0.17500000000000004,0.4124081887794968,40.0,42.5,48.75,0.9535440588897269,80,adjacent,elbow-shoulder
EPS/SAA,cwt,13,65.0,0.30000000000000004,0.6491228070175439,70.0,60.0,55.00000000000001,0.004841424961528786,80,adjacent,elbow-shoulder
EPS/SAA,cwt,14,56.25,0.125,0.5607843137254902,62.5,50.0,56.25,0.15715328993196853,80,adjacent,elbow-shoulder
EPS/SAA,cwt,15,52.5,0.050000000000000044,0.525,52.5,52.5,50.0,0.3687771544921613,80,adjacent,elbow-shoulder
EPS/SAA,cwt,16,67.5,0.3500000000000001,0.6741854636591479,62.5,72.5,45.0,0.001162270644044352,80,adjacent,elbow-shoulder
EPS/SAA,cwt,17,57.49999999999999,0.1499999999999999,0.5747342088805503,60.0,55.00000000000001,52.5,0.10925901973935187,80,adjacent,elbow-shoulder
EPS/SAA,cwt,18,81.25,0.625,0.8122359568142701,85.0,77.5,53.75,7.05733420490698e-09,80,adjacent,elbow-shoulder
EPS/SFE,cwt,1,57.77777777777777,0.15555555555555545,0.5769421078673924,62.22222222222222,53.333333333333336,54.44444444444444,0.08512119752303683,90,adjacent,elbow-shoulder
EPS/SFE,cwt,2,56.25,0.125,0.5618838992332968,60.0,52.5,53.75,0.15715328993196853,80,adjacent,elbow-shoulder
EPS/SFE,cwt,3,76.25,0.5249999999999999,0.762462884825754,77.5,75.0,51.24999999999999,1.3659349614411326e-06,80,adjacent,elbow-shoulder
EPS/SFE,cwt,4,72.5,0.44999999999999996,0.7243107769423559,67.5,77.5,45.0,3.505286989959981e-05,80,adjacent,elbow-shoulder
EPS/SFE,cwt,5,59.25925925925925,0.1848124428179323,0.5923440597834375,60.97560975609756,57.49999999999999,51.85185185185185,0.0596368341558822,81,adjacent,elbow-shoulder
EPS/SFE,cwt,6,60.0,0.19999999999999996,0.5997498436522827,57.49999999999999,62.5,47.5,0.04645594111027311,80,adjacent,elbow-shoulder
EPS/SFE,cwt,7,61.25000000000001,0.2250000000000001,0.6124394436630723,60.0,62.5,48.75,0.028332213172560572,80,adjacent,elbow-shoulder
EPS/SFE,cwt,8,45.0,-0.09999999999999998,0.4444444444444444,55.00000000000001,35.0,60.0,0.8428467100680315,80,adjacent,elbow-shoulder
EPS/SFE,cwt,9,58.75,0.17500000000000004,0.5874355368026254,60.0,57.49999999999999,51.24999999999999,0.07281772720149135,80,adjacent,elbow-shoulder
EPS/SFE,cwt,10,65.0,0.30000000000000004,0.6497811131957474,62.5,67.5,47.5,0.004841424961528786,80,adjacent,elbow-shoulder
EPS/SFE,cwt,11,61.25000000000001,0.2250000000000001,0.6109803921568627,67.5,55.00000000000001,56.25,0.028332213172560572,80,adjacent,elbow-shoulder
EPS/SFE,cwt,12,53.75,0.07499999999999996,0.5374277230817315,55.00000000000001,52.5,51.24999999999999,0.28821531309419657,80,adjacent,elbow-shoulder
EPS/SFE,cwt,13,68.75,0.375,0.6862745098039216,75.0,62.5,56.25,0.0005263674286766723,80,adjacent,elbow-shoulder
EPS/SFE,cwt,14,57.49999999999999,0.1499999999999999,0.5707070707070707,47.5,67.5,40.0,0.10925901973935187,80,adjacent,elbow-shoulder
EPS/SFE,cwt,15,55.00000000000001,0.10000000000000009,0.549718574108818,57.49999999999999,52.5,52.5,0.21702112767273937,80,adjacent,elbow-shoulder
EPS/SFE,cwt,16,58.75,0.17500000000000004,0.5858823529411765,52.5,65.0,43.75,0.07281772720149135,80,adjacent,elbow-shoulder
EPS/SFE,cwt,17,63.74999999999999,0.2749999999999999,0.6374433505235193,65.0,62.5,51.24999999999999,0.00915804875845816,80,adjacent,elbow-shoulder
EPS/SFE,cwt,18,72.5,0.44999999999999996,0.725,72.5,72.5,50.0,3.505286989959981e-05,80,adjacent,elbow-shoulder
EPS/SPS,cwt,1,57.77777777777777,0.15555555555555545,0.5769421078673924,62.22222222222222,53.333333333333336,54.44444444444444,0.08512119752303683,90,adjacent,elbow-shoulder
EPS/SPS,cwt,2,41.25,-0.17500000000000004,0.4124081887794968,40.0,42.5,48.75,0.9535440588897269,80,adjacent,elbow-shoulder
EPS/SPS,cwt,3,73.75,0.4750000000000001,0.7371303395399781,70.0,77.5,46.25,1.2645551282335301e-05,80,adjacent,elbow-shoulder
EPS/SPS,cwt,4,65.0,0.30000000000000004,0.6480201131363922,57.49999999999999,72.5,42.5,0.004841424961528786,80,adjacent,elbow-shoulder
EPS/SPS,cwt,5,52.5,0.050000000000000044,0.525,52.5,52.5,50.0,0.3687771544921613,80,adjacent,elbow-shoulder
EPS/SPS,cwt,6,63.74999999999999,0.2749999999999999,0.6374433505235193,62.5,65.0,48.75,0.00915804875845816,80,adjacent,elbow-shoulder
EPS/SPS,cwt,7,67.5,0.3500000000000001,0.6741854636591479,62.5,72.5,45.0,0.001162270644044352,80,adjacent,elbow-shoulder
EPS/SPS,cwt,8,51.24999999999999,0.02499999999999991,0.5062509890805508,62.5,40.0,61.25000000000001,0.4555360606130464,80,adjacent,elbow-shoulder
EPS/SPS,cwt,9,83.75,0.675,0.8372711625723674,80.0,87.5,46.25,3.207570587475561e-10,80,adjacent,elbow-shoulder
EPS/SPS,cwt,10,65.0,0.30000000000000004,0.6464646464646464,55.00000000000001,75.0,40.0,0.004841424961528786,80,adjacent,elbow-shoulder
EPS/SPS,cwt,11,56.25,0.125,0.5607843137254902,62.5,50.0,56.25,0.15715328993196853,80,adjacent,elbow-shoulder
EPS/SPS,cwt,12,55.00000000000001,0.10000000000000009,0.5488721804511278,60.0,50.0,55.00000000000001,0.21702112767273937,80,adjacent,elbow-shoulder
EPS/SPS,cwt,13,57.49999999999999,0.1499999999999999,0.5739348370927319,52.5,62.5,45.0,0.10925901973935187,80,adjacent,elbow-shoulder
EPS/SPS,cwt,14,50.0,0.0,0.4996873045653534,47.5,52.5,47.5,0.5444639393869536,80,adjacent,elbow-shoulder
EPS/SPS,cwt,15,56.25,0.125,0.5618838992332968,52.5,60.0,46.25,0.15715328993196853,80,adjacent,elbow-shoulder
EPS/SPS,cwt,16,60.0,0.19999999999999996,0.5997498436522827,62.5,57.49999999999999,52.5,0.04645594111027311,80,adjacent,elbow-shoulder
EPS/SPS,cwt,17,51.24999999999999,0.02499999999999991,0.5118134877171022,55.00000000000001,47.5,53.75,0.4555360606130464,80,adjacent,elbow-shoulder
EPS/SPS,cwt,18,61.25000000000001,0.2250000000000001,0.6119543107494915,65.0,57.49999999999999,53.75,0.028332213172560572,80,adjacent,elbow-shoulder
HOC/EFE,cwt,1,72.22222222222221,0.4444444444444444,0.7213622291021672,77.77777777777779,66.66666666666666,55.55555555555556,1.4832264612600933e-05,90,adjacent,hand-elbow
HOC/EFE,cwt,2,53.75,0.07499999999999996,0.5368486934751995,57.49999999999999,50.0,53.75,0.28821531309419657,80,adjacent,hand-elbow
HOC/EFE,cwt,3,56.25,0.125,0.5624316299421784,55.00000000000001,57.49999999999999,48.75,0.15715328993196853,80,adjacent,hand-elbow
HOC/EFE,cwt,4,76.25,0.5249999999999999,0.7621655452980755,72.5,80.0,46.25,1.3659349614411326e-06,80,adjacent,hand-elbow
HOC/EFE,cwt,5,60.0,0.19999999999999996,0.5977372721558768,67.5,52.5,57.49999999999999,0.04645594111027311,80,adjacent,hand-elbow
HOC/EFE,cwt,6,53.75,0.07499999999999996,0.5339316643048339,45.0,62.5,41.25,0.28821531309419657,80,adjacent,hand-elbow
HOC/EFE,cwt,7,66.25,0.32499999999999996,0.6624472573839661,65.0,67.5,48.75,0.0024340770747797117,80,adjacent,hand-elbow
HOC/EFE,cwt,8,53.75,0.07499999999999996,0.5368486934751995,50.0,57.49999999999999,46.25,0.28821531309419657,80,adjacent,hand-elbow
HOC/EFE,cwt,9,62.5,0.25,0.6212121212121212,52.5,72.5,40.0,0.016496309213238095,80,adjacent,hand-elbow
HOC/EFE,cwt,10,68.75,0.375,0.6870599280237835,65.0,72.5,46.25,0.0005263674286766723,80,adjacent,hand-elbow
HOC/EFE,cwt,11,51.24999999999999,0.02499999999999991,0.5105882352941176,57.49999999999999,45.0,56.25,0.4555360606130464,80,adjacent,hand-elbow
HOC/EFE,cwt,12,50.0,0.0,0.4996873045653534,52.5,47.5,52.5,0.5444639393869536,80,adjacent,hand-elbow
HOC/EFE,cwt,13,48.75,-0.025000000000000022,0.48677828195900485,52.5,45.0,53.75,0.6312228455078387,80,adjacent,hand-elbow
HOC/EFE,cwt,14,61.25000000000001,0.2250000000000001,0.6119543107494915,57.49999999999999,65.0,46.25,0.028332213172560572,80,adjacent,hand-elbow
HOC/EFE,cwt,15,53.75,0.07499999999999996,0.5339316643048339,45.0,62.5,41.25,0.28821531309419657,80,adjacent,hand-elbow
HOC/EFE,cwt,16,60.0,0.19999999999999996,0.5977372721558768,52.5,67.5,42.5,0.04645594111027311,80,adjacent,hand-elbow
HOC/EFE,cwt,17,61.25000000000001,0.2250000000000001,0.6119543107494915,65.0,57.49999999999999,53.75,0.028332213172560572,80,adjacent,hand-elbow
HOC/EFE,cwt,18,67.5,0.3500000000000001,0.6741854636591479,72.5,62.5,55.00000000000001,0.001162270644044352,80,adjacent,hand-elbow
HOC/EPS,cwt,1,57.77777777777777,0.15555555555555545,0.5775691699604744,55.55555555555556,60.0,47.77777777777778,0.08512119752303683,90,adjacent,hand-elbow
HOC/EPS,cwt,2,40.0,-0.19999999999999996,0.39849624060150374,45.0,35.0,55.00000000000001,0.9716677868274395,80,adjacent,hand-elbow
HOC/EPS,cwt,3,52.5,0.050000000000000044,0.5247029393370857,55.00000000000001,50.0,52.5,0.3687771544921613,80,adjacent,hand-elbow
HOC/EPS,cwt,4,70.0,0.3999999999999999,0.699812382739212,67.5,72.5,47.5,0.0002257586359574054,80,adjacent,hand-elbow
HOC/EPS,cwt,5,66.25,0.32499999999999996,0.6624472573839661,67.5,65.0,51.24999999999999,0.0024340770747797117,80,adjacent,hand-elbow
HOC/EPS,cwt,6,57.49999999999999,0.1499999999999999,0.575,57.49999999999999,57.49999999999999,50.0,0.10925901973935187,80,adjacent,hand-elbow
HOC/EPS,cwt,7,51.24999999999999,0.02499999999999991,0.5105882352941176,57.49999999999999,45.0,56.25,0.4555360606130464,80,adjacent,hand-elbow
HOC/EPS,cwt,8,65.0,0.30000000000000004,0.6480201131363922,72.5,57.49999999999999,57.49999999999999,0.004841424961528786,80,adjacent,hand-elbow
HOC/EPS,cwt,9,55.00000000000001,0.10000000000000009,0.549718574108818,52.5,57.49999999999999,47.5,0.21702112767273937,80,adjacent,hand-elbow
HOC/EPS,cwt,10,61.25000000000001,0.2250000000000001,0.6124394436630723,62.5,60.0,51.24999999999999,0.028332213172560572,80,adjacent,hand-elbow
HOC/EPS,cwt,11,52.5,0.050000000000000044,0.5238095238095238,57.49999999999999,47.5,55.00000000000001,0.3687771544921613,80,adjacent,hand-elbow
HOC/EPS,cwt,12,48.75,-0.025000000000000022,0.4874199093608376,47.5,50.0,48.75,0.6312228455078387,80,adjacent,hand-elbow
HOC/EPS,cwt,13,41.25,-0.17500000000000004,0.4124081887794968,42.5,40.0,51.24999999999999,0.9535440588897269,80,adjacent,hand-elbow
HOC/EPS,cwt,14,53.75,0.07499999999999996,0.5356862745098039,47.5,60.0,43.75,0.28821531309419657,80,adjacent,hand-elbow
HOC/EPS,cwt,15,67.5,0.3500000000000001,0.6741854636591479,72.5,62.5,55.00000000000001,0.001162270644044352,80,adjacent,hand-elbow
HOC/EPS,cwt,16,60.0,0.19999999999999996,0.5907928388746804,45.0,75.0,35.0,0.04645594111027311,80,adjacent,hand-elbow
HOC/EPS,cwt,17,60.0,0.19999999999999996,0.5989974937343359,55.00000000000001,65.0,45.0,0.04645594111027311,80,adjacent,hand-elbow
HOC/EPS,cwt,18,57.49999999999999,0.1499999999999999,0.5615731785944552,40.0,75.0,32.5,0.10925901973935187,80,adjacent,hand-elbow
HOC/SAA,cwt,1,71.11111111111111,0.4222222222222223,0.7105393369619001,66.66666666666666,75.55555555555556,45.55555555555556,3.828536465524171e-05,90,distant,hand-shoulder
HOC/SAA,cwt,2,50.0,0.0,0.4996873045653534,47.5,52.5,47.5,0.5444639393869536,80,distant,hand-shoulder
HOC/SAA,cwt,3,85.0,0.7,0.849906191369606,82.5,87.5,47.5,6.008243175410135e-11,80,distant,hand-shoulder
HOC/SAA,cwt,4,82.5,0.6499999999999999,0.825,82.5,82.5,50.0,1.5682713450733752e-09,80,distant,hand-shoulder
HOC/SAA,cwt,5,66.25,0.32499999999999996,0.6559961777353083,80.0,52.5,63.74999999999999,0.0024340770747797117,80,distant,hand-shoulder
HOC/SAA,cwt,6,68.75,0.375,0.6874511642444132,70.0,67.5,51.24999999999999,0.0005263674286766723,80,distant,hand-shoulder
HOC/SAA,cwt,7,67.5,0.3500000000000001,0.6747967479674797,70.0,65.0,52.5,0.001162270644044352,80,distant,hand-shoulder
HOC/SAA,cwt,8,43.75,-0.125,0.43670787044281023,47.5,40.0,53.75,0.8907409802606481,80,distant,hand-shoulder
HOC/SAA,cwt,9,61.25000000000001,0.2250000000000001,0.6124394436630723,60.0,62.5,48.75,0.028332213172560572,80,distant,hand-shoulder
HOC/SAA,cwt,10,70.0,0.3999999999999999,0.699812382739212,72.5,67.5,52.5,0.0002257586359574054,80,distant,hand-shoulder
HOC/SAA,cwt,11,55.00000000000001,0.10000000000000009,0.549718574108818,57.49999999999999,52.5,52.5,0.21702112767273937,80,distant,hand-shoulder
HOC/SAA,cwt,12,46.25,-0.07499999999999996,0.46241600250039067,47.5,45.0,51.24999999999999,0.7829788723272606,80,distant,hand-shoulder
HOC/SAA,cwt,13,63.74999999999999,0.2749999999999999,0.6374433505235193,65.0,62.5,51.24999999999999,0.00915804875845816,80,distant,hand-shoulder
HOC/SAA,cwt,14,63.74999999999999,0.2749999999999999,0.6369895165075887,60.0,67.5,46.25,0.00915804875845816,80,distant,hand-shoulder
HOC/SAA,cwt,15,52.5,0.050000000000000044,0.5202020202020202,62.5,42.5,60.0,0.3687771544921613,80,distant,hand-shoulder
HOC/SAA,cwt,16,56.25,0.125,0.5607843137254902,50.0,62.5,43.75,0.15715328993196853,80,distant,hand-shoulder
HOC/SAA,cwt,17,75.0,0.5,0.7498436522826767,72.5,77.5,47.5,4.290279933524806e-06,80,distant,hand-shoulder
HOC/SAA,cwt,18,86.25,0.7250000000000001,0.8623063683304647,90.0,82.5,53.75,1.0247576593587948e-11,80,distant,hand-shoulder
HOC/SFE,cwt,1,71.11111111111111,0.4222222222222223,0.7109683794466404,68.88888888888889,73.33333333333333,47.77777777777778,3.828536465524171e-05,90,distant,hand-shoulder
HOC/SFE,cwt,2,53.75,0.07499999999999996,0.5374277230817315,52.5,55.00000000000001,48.75,0.28821531309419657,80,distant,hand-shoulder
HOC/SFE,cwt,3,76.25,0.5249999999999999,0.7621655452980755,72.5,80.0,46.25,1.3659349614411326e-06,80,distant,hand-shoulder
HOC/SFE,cwt,4,83.75,0.675,0.8374746054070948,82.5,85.0,48.75,3.207570587475561e-10,80,distant,hand-shoulder
HOC/SFE,cwt,5,77.77777777777779,0.5546731826511913,0.7761056511056511,85.36585365853658,70.0,58.0246913580247,2.602201782365707e-07,81,distant,hand-shoulder
HOC/SFE,cwt,6,67.5,0.3500000000000001,0.6717171717171717,57.49999999999999,77.5,40.0,0.001162270644044352,80,distant,hand-shoulder
HOC/SFE,cwt,7,58.75,0.17500000000000004,0.5869191049913942,62.5,55.00000000000001,53.75,0.07281772720149135,80,distant,hand-shoulder
HOC/SFE,cwt,8,43.75,-0.125,0.43529411764705883,50.0,37.5,56.25,0.8907409802606481,80,distant,hand-shoulder
HOC/SFE,cwt,9,65.0,0.30000000000000004,0.6497811131957474,67.5,62.5,52.5,0.004841424961528786,80,distant,hand-shoulder
HOC/SFE,cwt,10,73.75,0.4750000000000001,0.73547472838923,65.0,82.5,41.25,1.2645551282335301e-05,80,distant,hand-shoulder
HOC/SFE,cwt,11,53.75,0.07499999999999996,0.5374277230817315,55.00000000000001,52.5,51.24999999999999,0.28821531309419657,80,distant,hand-shoulder
HOC/SFE,cwt,12,45.0,-0.09999999999999998,0.44965603502188867,42.5,47.5,47.5,0.8428467100680315,80,distant,hand-shoulder
HOC/SFE,cwt,13,70.0,0.3999999999999999,0.6983029541169076,62.5,77.5,42.5,0.0002257586359574054,80,distant,hand-shoulder
HOC/SFE,cwt,14,68.75,0.375,0.6870599280237835,65.0,72.5,46.25,0.0005263674286766723,80,distant,hand-shoulder
HOC/SFE,cwt,15,45.0,-0.09999999999999998,0.44862155388471175,50.0,40.0,55.00000000000001,0.8428467100680315,80,distant,hand-shoulder
HOC/SFE,cwt,16,56.25,0.125,0.5624316299421784,55.00000000000001,57.49999999999999,48.75,0.15715328993196853,80,distant,hand-shoulder
HOC/SFE,cwt,17,78.75,0.575,0.7874667916862009,80.0,77.5,51.24999999999999,1.1330702522337731e-07,80,distant,hand-shoulder
HOC/SFE,cwt,18,87.5,0.75,0.8749218261413383,85.0,90.0,47.5,1.5806452613247474e-12,80,distant,hand-shoulder
HOC/SPS,cwt,1,74.44444444444444,0.48888888888888893,0.7441601779755284,71.11111111111111,77.77777777777779,46.666666666666664,1.8975245890839e-06,90,distant,hand-shoulder
HOC/SPS,cwt,2,48.75,-0.025000000000000022,0.48677828195900485,52.5,45.0,53.75,0.6312228455078387,80,distant,hand-shoulder
HOC/SPS,cwt,3,78.75,0.575,0.7872007510561727,75.0,82.5,46.25,1.1330702522337731e-07,80,distant,hand-shoulder
HOC/SPS,cwt,4,88.75,0.7749999999999999,0.887341574088562,92.5,85.0,53.75,2.1869890911195873e-13,80,distant,hand-shoulder
HOC/SPS,cwt,5,65.0,0.30000000000000004,0.6497811131957474,67.5,62.5,52.5,0.004841424961528786,80,distant,hand-shoulder
HOC/SPS,cwt,6,67.5,0.3500000000000001,0.6741854636591479,62.5,72.5,45.0,0.001162270644044352,80,distant,hand-shoulder
HOC/SPS,cwt,7,73.75,0.4750000000000001,0.7371303395399781,70.0,77.5,46.25,1.2645551282335301e-05,80,distant,hand-shoulder
HOC/SPS,cwt,8,53.75,0.07499999999999996,0.5285873546743112,67.5,40.0,63.74999999999999,0.28821531309419657,80,distant,hand-shoulder
HOC/SPS,cwt,9,71.25,0.42500000000000004,0.7124550711048601,72.5,70.0,51.24999999999999,9.155828206487555e-05,80,distant,hand-shoulder
HOC/SPS,cwt,10,85.0,0.7,0.849624060150376,80.0,90.0,45.0,6.008243175410135e-11,80,distant,hand-shoulder
HOC/SPS,cwt,11,58.75,0.17500000000000004,0.5869191049913942,62.5,55.00000000000001,53.75,0.07281772720149135,80,distant,hand-shoulder
HOC/SPS,cwt,12,55.00000000000001,0.10000000000000009,0.55,55.00000000000001,55.00000000000001,50.0,0.21702112767273937,80,distant,hand-shoulder
HOC/SPS,cwt,13,60.0,0.19999999999999996,0.5997498436522827,57.49999999999999,62.5,47.5,0.04645594111027311,80,distant,hand-shoulder
HOC/SPS,cwt,14,70.0,0.3999999999999999,0.699812382739212,67.5,72.5,47.5,0.0002257586359574054,80,distant,hand-shoulder
HOC/SPS,cwt,15,40.0,-0.19999999999999996,0.399624765478424,42.5,37.5,52.5,0.9716677868274395,80,distant,hand-shoulder
HOC/SPS,cwt,16,62.5,0.25,0.6228786926461345,55.00000000000001,70.0,42.5,0.016496309213238095,80,distant,hand-shoulder
HOC/SPS,cwt,17,78.75,0.575,0.7872007510561727,75.0,82.5,46.25,1.1330702522337731e-07,80,distant,hand-shoulder
HOC/SPS,cwt,18,77.5,0.55,0.7744360902255639,72.5,82.5,45.0,4.0713333124976437e-07,80,distant,hand-shoulder
HOC/WAA,cwt,1,53.333333333333336,0.06666666666666665,0.533102766798419,51.11111111111111,55.55555555555556,47.77777777777778,0.29920585911675956,90,adjacent,hand-wrist
HOC/WAA,cwt,2,46.25,-0.07499999999999996,0.4617430762009075,50.0,42.5,53.75,0.7829788723272606,80,adjacent,hand-wrist
HOC/WAA,cwt,3,47.5,-0.050000000000000044,0.474671669793621,50.0,45.0,52.5,0.7117846869058034,80,adjacent,hand-wrist
HOC/WAA,cwt,4,57.49999999999999,0.1499999999999999,0.5739348370927319,62.5,52.5,55.00000000000001,0.10925901973935187,80,adjacent,hand-wrist
HOC/WAA,cwt,5,62.5,0.25,0.6228786926461345,70.0,55.00000000000001,57.49999999999999,0.016496309213238095,80,adjacent,hand-wrist
HOC/WAA,cwt,6,67.5,0.3500000000000001,0.6747967479674797,65.0,70.0,47.5,0.001162270644044352,80,adjacent,hand-wrist
HOC/WAA,cwt,7,60.0,0.19999999999999996,0.6,60.0,60.0,50.0,0.04645594111027311,80,adjacent,hand-wrist
HOC/WAA,cwt,8,40.0,-0.19999999999999996,0.3904761904761905,52.5,27.500000000000004,62.5,0.9716677868274395,80,adjacent,hand-wrist
HOC/WAA,cwt,9,48.75,-0.025000000000000022,0.48549019607843136,55.00000000000001,42.5,56.25,0.6312228455078387,80,adjacent,hand-wrist
HOC/WAA,cwt,10,61.25000000000001,0.2250000000000001,0.6119543107494915,57.49999999999999,65.0,46.25,0.028332213172560572,80,adjacent,hand-wrist
HOC/WAA,cwt,11,58.75,0.17500000000000004,0.5869191049913942,55.00000000000001,62.5,46.25,0.07281772720149135,80,adjacent,hand-wrist
HOC/WAA,cwt,12,60.0,0.19999999999999996,0.6,60.0,60.0,50.0,0.04645594111027311,80,adjacent,hand-wrist
HOC/WAA,cwt,13,56.25,0.125,0.5618838992332968,52.5,60.0,46.25,0.15715328993196853,80,adjacent,hand-wrist
HOC/WAA,cwt,14,65.0,0.30000000000000004,0.6491228070175439,60.0,70.0,45.0,0.004841424961528786,80,adjacent,hand-wrist
HOC/WAA,cwt,15,52.5,0.050000000000000044,0.5247029393370857,50.0,55.00000000000001,47.5,0.3687771544921613,80,adjacent,hand-wrist
HOC/WAA,cwt,16,71.25,0.42500000000000004,0.7088146858680171,60.0,82.5,38.75,9.155828206487555e-05,80,adjacent,hand-wrist
HOC/WAA,cwt,17,47.5,-0.050000000000000044,0.474671669793621,45.0,50.0,47.5,0.7117846869058034,80,adjacent,hand-wrist
HOC/WAA,cwt,18,66.25,0.32499999999999996,0.6611764705882353,60.0,72.5,43.75,0.0024340770747797117,80,adjacent,hand-wrist
HOC/WFE,cwt,1,62.22222222222222,0.24444444444444446,0.6222222222222222,62.22222222222222,62.22222222222222,50.0,0.013150832565561134,90,adjacent,hand-wrist
HOC/WFE,cwt,2,45.0,-0.09999999999999998,0.44688874921433064,52.5,37.5,57.49999999999999,0.8428467100680315,80,adjacent,hand-wrist
HOC/WFE,cwt,3,60.0,0.19999999999999996,0.5997498436522827,62.5,57.49999999999999,52.5,0.04645594111027311,80,adjacent,hand-wrist
HOC/WFE,cwt,4,63.74999999999999,0.2749999999999999,0.634703196347032,55.00000000000001,72.5,41.25,0.00915804875845816,80,adjacent,hand-wrist
HOC/WFE,cwt,5,47.5,-0.050000000000000044,0.4736842105263158,52.5,42.5,55.00000000000001,0.7117846869058034,80,adjacent,hand-wrist
HOC/WFE,cwt,6,53.75,0.07499999999999996,0.5356862745098039,47.5,60.0,43.75,0.28821531309419657,80,adjacent,hand-wrist
HOC/WFE,cwt,7,42.5,-0.15000000000000002,0.42464040025015637,40.0,45.0,47.5,0.9271822727985086,80,adjacent,hand-wrist
HOC/WFE,cwt,8,56.25,0.125,0.550633927138501,72.5,40.0,66.25,0.15715328993196853,80,adjacent,hand-wrist
HOC/WFE,cwt,9,60.0,0.19999999999999996,0.6,60.0,60.0,50.0,0.04645594111027311,80,adjacent,hand-wrist
HOC/WFE,cwt,10,53.75,0.07499999999999996,0.5374277230817315,52.5,55.00000000000001,48.75,0.28821531309419657,80,adjacent,hand-wrist
HOC/WFE,cwt,11,46.25,-0.07499999999999996,0.4617430762009075,50.0,42.5,53.75,0.7829788723272606,80,adjacent,hand-wrist
HOC/WFE,cwt,12,53.75,0.07499999999999996,0.5368486934751995,57.49999999999999,50.0,53.75,0.28821531309419657,80,adjacent,hand-wrist
HOC/WFE,cwt,13,40.0,-0.19999999999999996,0.39849624060150374,35.0,45.0,45.0,0.9716677868274395,80,adjacent,hand-wrist
HOC/WFE,cwt,14,43.75,-0.125,0.43316013226263583,35.0,52.5,41.25,0.8907409802606481,80,adjacent,hand-wrist
HOC/WFE,cwt,15,52.5,0.050000000000000044,0.5247029393370857,50.0,55.00000000000001,47.5,0.3687771544921613,80,adjacent,hand-wrist
HOC/WFE,cwt,16,52.5,0.050000000000000044,0.5140664961636829,37.5,67.5,35.0,0.3687771544921613,80,adjacent,hand-wrist
HOC/WFE,cwt,17,57.49999999999999,0.1499999999999999,0.5739348370927319,52.5,62.5,45.0,0.10925901973935187,80,adjacent,hand-wrist
HOC/WFE,cwt,18,57.49999999999999,0.1499999999999999,0.5747342088805503,55.00000000000001,60.0,47.5,0.10925901973935187,80,adjacent,hand-wrist
SAA/SFE,cwt,1,48.888888888888886,-0.022222222222222254,0.48863636363636365,46.666666666666664,51.11111111111111,47.77777777777778,0.6239833992007024,90,same,shoulder-shoulder
SAA/SFE,cwt,2,33.75,-0.32499999999999996,0.32900775439151764,22.5,45.0,38.75,0.9988377293559556,80,same,shoulder-shoulder
SAA/SFE,cwt,3,56.25,0.125,0.5624316299421784,57.49999999999999,55.00000000000001,51.24999999999999,0.15715328993196853,80,same,shoulder-shoulder
SAA/SFE,cwt,4,48.75,-0.025000000000000022,0.48354589828373484,40.0,57.49999999999999,41.25,0.6312228455078387,80,same,shoulder-shoulder
SAA/SFE,cwt,5,56.79012345679012,0.13329257107918066,0.5612134344528711,68.29268292682927,45.0,61.72839506172839,0.13320615483566015,81,same,shoulder-shoulder
SAA/SFE,cwt,6,61.25000000000001,0.2250000000000001,0.6109803921568627,67.5,55.00000000000001,56.25,0.028332213172560572,80,same,shoulder-shoulder
SAA/SFE,cwt,7,42.5,-0.15000000000000002,0.4235588972431078,37.5,47.5,45.0,0.9271822727985086,80,same,shoulder-shoulder
SAA/SFE,cwt,8,47.5,-0.050000000000000044,0.47203016970458833,55.00000000000001,40.0,57.49999999999999,0.7117846869058034,80,same,shoulder-shoulder
SAA/SFE,cwt,9,53.75,0.07499999999999996,0.5356862745098039,47.5,60.0,43.75,0.28821531309419657,80,same,shoulder-shoulder
SAA/SFE,cwt,10,55.00000000000001,0.10000000000000009,0.549718574108818,52.5,57.49999999999999,47.5,0.21702112767273937,80,same,shoulder-shoulder
SAA/SFE,cwt,11,46.25,-0.07499999999999996,0.46039215686274515,52.5,40.0,56.25,0.7829788723272606,80,same,shoulder-shoulder
SAA/SFE,cwt,12,52.5,0.050000000000000044,0.5238095238095238,47.5,57.49999999999999,45.0,0.3687771544921613,80,same,shoulder-shoulder
SAA/SFE,cwt,13,51.24999999999999,0.02499999999999991,0.5124238162212846,52.5,50.0,51.24999999999999,0.4555360606130464,80,same,shoulder-shoulder
SAA/SFE,cwt,14,43.75,-0.125,0.43316013226263583,35.0,52.5,41.25,0.8907409802606481,80,same,shoulder-shoulder
SAA/SFE,cwt,15,51.24999999999999,0.02499999999999991,0.5118134877171022,55.00000000000001,47.5,53.75,0.4555360606130464,80,same,shoulder-shoulder
SAA/SFE,cwt,16,58.75,0.17500000000000004,0.5874355368026254,60.0,57.49999999999999,51.24999999999999,0.07281772720149135,80,same,shoulder-shoulder
SAA/SFE,cwt,17,45.0,-0.09999999999999998,0.44965603502188867,47.5,42.5,52.5,0.8428467100680315,80,same,shoulder-shoulder
SAA/SFE,cwt,18,67.5,0.3500000000000001,0.6747967479674797,70.0,65.0,52.5,0.001162270644044352,80,same,shoulder-shoulder
SPS/SAA,cwt,1,45.55555555555556,-0.0888888888888889,0.4549499443826474,42.22222222222222,48.888888888888886,46.666666666666664,0.828583440289606,90,same,shoulder-shoulder
SPS/SAA,cwt,2,40.0,-0.19999999999999996,0.39849624060150374,45.0,35.0,55.00000000000001,0.9716677868274395,80,same,shoulder-shoulder
SPS/SAA,cwt,3,62.5,0.25,0.6247654784240151,60.0,65.0,47.5,0.016496309213238095,80,same,shoulder-shoulder
SPS/SAA,cwt,4,75.0,0.5,0.7498436522826767,72.5,77.5,47.5,4.290279933524806e-06,80,same,shoulder-shoulder
SPS/SAA,cwt,5,58.75,0.17500000000000004,0.5858823529411765,65.0,52.5,56.25,0.07281772720149135,80,same,shoulder-shoulder
SPS/SAA,cwt,6,57.49999999999999,0.1499999999999999,0.5747342088805503,55.00000000000001,60.0,47.5,0.10925901973935187,80,same,shoulder-shoulder
SPS/SAA,cwt,7,58.75,0.17500000000000004,0.5843174303259329,50.0,67.5,41.25,0.07281772720149135,80,same,shoulder-shoulder
SPS/SAA,cwt,8,40.0,-0.19999999999999996,0.39660590823381525,47.5,32.5,57.49999999999999,0.9716677868274395,80,same,shoulder-shoulder
SPS/SAA,cwt,9,45.0,-0.09999999999999998,0.44965603502188867,42.5,47.5,47.5,0.8428467100680315,80,same,shoulder-shoulder
SPS/SAA,cwt,10,67.5,0.3500000000000001,0.6741854636591479,62.5,72.5,45.0,0.001162270644044352,80,same,shoulder-shoulder
SPS/SAA,cwt,11,53.75,0.07499999999999996,0.5339316643048339,45.0,62.5,41.25,0.28821531309419657,80,same,shoulder-shoulder
SPS/SAA,cwt,12,47.5,-0.050000000000000044,0.475,47.5,47.5,50.0,0.7117846869058034,80,same,shoulder-shoulder
SPS/SAA,cwt,13,48.75,-0.025000000000000022,0.4874199093608376,50.0,47.5,51.24999999999999,0.6312228455078387,80,same,shoulder-shoulder
SPS/SAA,cwt,14,52.5,0.050000000000000044,0.5247029393370857,55.00000000000001,50.0,52.5,0.3687771544921613,80,same,shoulder-shoulder
SPS/SAA,cwt,15,40.0,-0.19999999999999996,0.3939393939393939,50.0,30.0,60.0,0.9716677868274395,80,same,shoulder-shoulder
SPS/SAA,cwt,16,47.5,-0.050000000000000044,0.474671669793621,50.0,45.0,52.5,0.7117846869058034,80,same,shoulder-shoulder
SPS/SAA,cwt,17,48.75,-0.025000000000000022,0.48354589828373484,57.49999999999999,40.0,58.75,0.6312228455078387,80,same,shoulder-shoulder
SPS/SAA,cwt,18,52.5,0.050000000000000044,0.5247029393370857,55.00000000000001,50.0,52.5,0.3687771544921613,80,same,shoulder-shoulder
SPS/SFE,cwt,1,51.11111111111111,0.022222222222222143,0.5108695652173914,53.333333333333336,48.888888888888886,52.22222222222223,0.4580644385056452,90,same,shoulder-shoulder
SPS/SFE,cwt,2,40.0,-0.19999999999999996,0.4,40.0,40.0,50.0,0.9716677868274395,80,same,shoulder-shoulder
SPS/SFE,cwt,3,58.75,0.17500000000000004,0.5874355368026254,57.49999999999999,60.0,48.75,0.07281772720149135,80,same,shoulder-shoulder
SPS/SFE,cwt,4,72.5,0.44999999999999996,0.7248280175109443,70.0,75.0,47.5,3.505286989959981e-05,80,same,shoulder-shoulder
SPS/SFE,cwt,5,65.4320987654321,0.30853658536585366,0.6542682926829269,65.85365853658537,65.0,50.617283950617285,0.003637751018154246,81,same,shoulder-shoulder
SPS/SFE,cwt,6,60.0,0.19999999999999996,0.5997498436522827,62.5,57.49999999999999,52.5,0.04645594111027311,80,same,shoulder-shoulder
SPS/SFE,cwt,7,57.49999999999999,0.1499999999999999,0.5725958516656191,65.0,50.0,57.49999999999999,0.10925901973935187,80,same,shoulder-shoulder
SPS/SFE,cwt,8,46.25,-0.07499999999999996,0.46039215686274515,52.5,40.0,56.25,0.7829788723272606,80,same,shoulder-shoulder
SPS/SFE,cwt,9,47.5,-0.050000000000000044,0.475,47.5,47.5,50.0,0.7117846869058034,80,same,shoulder-shoulder
SPS/SFE,cwt,10,50.0,0.0,0.5,50.0,50.0,50.0,0.5444639393869536,80,same,shoulder-shoulder
SPS/SFE,cwt,11,51.24999999999999,0.02499999999999991,0.5124238162212846,52.5,50.0,51.24999999999999,0.4555360606130464,80,same,shoulder-shoulder
SPS/SFE,cwt,12,53.75,0.07499999999999996,0.5374277230817315,55.00000000000001,52.5,51.24999999999999,0.28821531309419657,80,same,shoulder-shoulder
SPS/SFE,cwt,13,63.74999999999999,0.2749999999999999,0.6374433505235193,62.5,65.0,48.75,0.00915804875845816,80,same,shoulder-shoulder
SPS/SFE,cwt,14,48.75,-0.025000000000000022,0.4874199093608376,50.0,47.5,51.24999999999999,0.6312228455078387,80,same,shoulder-shoulder
SPS/SFE,cwt,15,47.5,-0.050000000000000044,0.475,47.5,47.5,50.0,0.7117846869058034,80,same,shoulder-shoulder
SPS/SFE,cwt,16,45.0,-0.09999999999999998,0.44862155388471175,50.0,40.0,55.00000000000001,0.8428467100680315,80,same,shoulder-shoulder
SPS/SFE,cwt,17,48.75,-0.025000000000000022,0.48549019607843136,55.00000000000001,42.5,56.25,0.6312228455078387,80,same,shoulder-shoulder
SPS/SFE,cwt,18,65.0,0.30000000000000004,0.6491228070175439,70.0,60.0,55.00000000000001,0.004841424961528786,80,same,shoulder-shoulder
WAA/EFE,cwt,1,68.88888888888889,0.37777777777777777,0.6882731321128155,73.33333333333333,64.44444444444444,54.44444444444444,0.0002189610983170669,90,adjacent,wrist-elbow
WAA/EFE,cwt,2,46.25,-0.07499999999999996,0.4617430762009075,50.0,42.5,53.75,0.7829788723272606,80,adjacent,wrist-elbow
WAA/EFE,cwt,3,52.5,0.050000000000000044,0.5223130106851037,60.0,45.0,57.49999999999999,0.3687771544921613,80,adjacent,wrist-elbow
WAA/EFE,cwt,4,71.25,0.42500000000000004,0.7120951337818808,67.5,75.0,46.25,9.155828206487555e-05,80,adjacent,wrist-elbow
WAA/EFE,cwt,5,50.0,0.0,0.497171590194846,57.49999999999999,42.5,57.49999999999999,0.5444639393869536,80,adjacent,wrist-elbow
WAA/EFE,cwt,6,65.0,0.30000000000000004,0.6480201131363922,72.5,57.49999999999999,57.49999999999999,0.004841424961528786,80,adjacent,wrist-elbow
WAA/EFE,cwt,7,56.25,0.125,0.5618838992332968,52.5,60.0,46.25,0.15715328993196853,80,adjacent,wrist-elbow
WAA/EFE,cwt,8,52.5,0.050000000000000044,0.5247029393370857,50.0,55.00000000000001,47.5,0.3687771544921613,80,adjacent,wrist-elbow
WAA/EFE,cwt,9,57.49999999999999,0.1499999999999999,0.5739348370927319,52.5,62.5,45.0,0.10925901973935187,80,adjacent,wrist-elbow
WAA/EFE,cwt,10,56.25,0.125,0.5618838992332968,60.0,52.5,53.75,0.15715328993196853,80,adjacent,wrist-elbow
WAA/EFE,cwt,11,58.75,0.17500000000000004,0.5763119884448724,75.0,42.5,66.25,0.07281772720149135,80,adjacent,wrist-elbow
WAA/EFE,cwt,12,51.24999999999999,0.02499999999999991,0.5118134877171022,55.00000000000001,47.5,53.75,0.4555360606130464,80,adjacent,wrist-elbow
WAA/EFE,cwt,13,62.5,0.25,0.6240601503759399,57.49999999999999,67.5,45.0,0.016496309213238095,80,adjacent,wrist-elbow
WAA/EFE,cwt,14,71.25,0.42500000000000004,0.7124550711048601,70.0,72.5,48.75,9.155828206487555e-05,80,adjacent,wrist-elbow
WAA/EFE,cwt,15,48.75,-0.025000000000000022,0.4874199093608376,50.0,47.5,51.24999999999999,0.6312228455078387,80,adjacent,wrist-elbow
WAA/EFE,cwt,16,60.0,0.19999999999999996,0.5989974937343359,55.00000000000001,65.0,45.0,0.04645594111027311,80,adjacent,wrist-elbow
WAA/EFE,cwt,17,58.75,0.17500000000000004,0.5874355368026254,60.0,57.49999999999999,51.24999999999999,0.07281772720149135,80,adjacent,wrist-elbow
WAA/EFE,cwt,18,65.0,0.30000000000000004,0.6491228070175439,70.0,60.0,55.00000000000001,0.004841424961528786,80,adjacent,wrist-elbow
WAA/EPS,cwt,1,55.55555555555556,0.11111111111111116,0.5553359683794465,53.333333333333336,57.77777777777777,47.77777777777778,0.1714165597103941,90,adjacent,wrist-elbow
WAA/EPS,cwt,2,46.25,-0.07499999999999996,0.46241600250039067,45.0,47.5,48.75,0.7829788723272606,80,adjacent,wrist-elbow
WAA/EPS,cwt,3,38.75,-0.22499999999999998,0.3850980392156863,32.5,45.0,43.75,0.9835036907867619,80,adjacent,wrist-elbow
WAA/EPS,cwt,4,63.74999999999999,0.2749999999999999,0.6360784313725489,70.0,57.49999999999999,56.25,0.00915804875845816,80,adjacent,wrist-elbow
WAA/EPS,cwt,5,52.5,0.050000000000000044,0.5140664961636829,37.5,67.5,35.0,0.3687771544921613,80,adjacent,wrist-elbow
WAA/EPS,cwt,6,60.0,0.19999999999999996,0.595959595959596,50.0,70.0,40.0,0.04645594111027311,80,adjacent,wrist-elbow
WAA/EPS,cwt,7,52.5,0.050000000000000044,0.5238095238095238,57.49999999999999,47.5,55.00000000000001,0.3687771544921613,80,adjacent,wrist-elbow
WAA/EPS,cwt,8,56.25,0.125,0.5568919132774173,67.5,45.0,61.25000000000001,0.15715328993196853,80,adjacent,wrist-elbow
WAA/EPS,cwt,9,48.75,-0.025000000000000022,0.4874199093608376,50.0,47.5,51.24999999999999,0.6312228455078387,80,adjacent,wrist-elbow
WAA/EPS,cwt,10,40.0,-0.19999999999999996,0.39849624060150374,45.0,35.0,55.00000000000001,0.9716677868274395,80,adjacent,wrist-elbow
WAA/EPS,cwt,11,45.0,-0.09999999999999998,0.4444444444444444,55.00000000000001,35.0,60.0,0.8428467100680315,80,adjacent,wrist-elbow
WAA/EPS,cwt,12,46.25,-0.07499999999999996,0.4617430762009075,42.5,50.0,46.25,0.7829788723272606,80,adjacent,wrist-elbow
WAA/EPS,cwt,13,46.25,-0.07499999999999996,0.4617430762009075,42.5,50.0,46.25,0.7829788723272606,80,adjacent,wrist-elbow
WAA/EPS,cwt,14,62.5,0.25,0.625,62.5,62.5,50.0,0.016496309213238095,80,adjacent,wrist-elbow
WAA/EPS,cwt,15,53.75,0.07499999999999996,0.5368486934751995,57.49999999999999,50.0,53.75,0.28821531309419657,80,adjacent,wrist-elbow
WAA/EPS,cwt,16,47.5,-0.050000000000000044,0.4696969696969697,37.5,57.49999999999999,40.0,0.7117846869058034,80,adjacent,wrist-elbow
WAA/EPS,cwt,17,45.0,-0.09999999999999998,0.44965603502188867,47.5,42.5,52.5,0.8428467100680315,80,adjacent,wrist-elbow
WAA/EPS,cwt,18,52.5,0.050000000000000044,0.5238095238095238,47.5,57.49999999999999,45.0,0.3687771544921613,80,adjacent,wrist-elbow
WAA/SAA,cwt,1,67.77777777777779,0.3555555555555556,0.6758166687368028,75.55555555555556,60.0,57.77777777777777,0.0004863803539756835,90,distant,wrist-shoulder
WAA/SAA,cwt,2,38.75,-0.22499999999999998,0.38740428191904985,37.5,40.0,48.75,0.9835036907867619,80,distant,wrist-shoulder
WAA/SAA,cwt,3,86.25,0.7250000000000001,0.8623063683304647,82.5,90.0,46.25,1.0247576593587948e-11,80,distant,wrist-shoulder
WAA/SAA,cwt,4,86.25,0.7250000000000001,0.8624785122675418,87.5,85.0,51.24999999999999,1.0247576593587948e-11,80,distant,wrist-shoulder
WAA/SAA,cwt,5,52.5,0.050000000000000044,0.5174603174603174,65.0,40.0,62.5,0.3687771544921613,80,distant,wrist-shoulder
WAA/SAA,cwt,6,73.75,0.4750000000000001,0.7371303395399781,70.0,77.5,46.25,1.2645551282335301e-05,80,distant,wrist-shoulder
WAA/SAA,cwt,7,61.25000000000001,0.2250000000000001,0.6124394436630723,60.0,62.5,48.75,0.028332213172560572,80,distant,wrist-shoulder
WAA/SAA,cwt,8,48.75,-0.025000000000000022,0.48677828195900485,52.5,45.0,53.75,0.6312228455078387,80,distant,wrist-shoulder
WAA/SAA,cwt,9,71.25,0.42500000000000004,0.7113725490196079,65.0,77.5,43.75,9.155828206487555e-05,80,distant,wrist-shoulder
WAA/SAA,cwt,10,67.5,0.3500000000000001,0.6731615336266499,60.0,75.0,42.5,0.001162270644044352,80,distant,wrist-shoulder
WAA/SAA,cwt,11,56.25,0.125,0.5624316299421784,57.49999999999999,55.00000000000001,51.24999999999999,0.15715328993196853,80,distant,wrist-shoulder
WAA/SAA,cwt,12,52.5,0.050000000000000044,0.5238095238095238,47.5,57.49999999999999,45.0,0.3687771544921613,80,distant,wrist-shoulder
WAA/SAA,cwt,13,71.25,0.42500000000000004,0.7124550711048601,70.0,72.5,48.75,9.155828206487555e-05,80,distant,wrist-shoulder
WAA/SAA,cwt,14,70.0,0.3999999999999999,0.6983029541169076,77.5,62.5,57.49999999999999,0.0002257586359574054,80,distant,wrist-shoulder
WAA/SAA,cwt,15,50.0,0.0,0.497171590194846,57.49999999999999,42.5,57.49999999999999,0.5444639393869536,80,distant,wrist-shoulder
WAA/SAA,cwt,16,55.00000000000001,0.10000000000000009,0.549718574108818,52.5,57.49999999999999,47.5,0.21702112767273937,80,distant,wrist-shoulder
WAA/SAA,cwt,17,60.0,0.19999999999999996,0.5977372721558768,67.5,52.5,57.49999999999999,0.04645594111027311,80,distant,wrist-shoulder
WAA/SAA,cwt,18,72.5,0.44999999999999996,0.7243107769423559,77.5,67.5,55.00000000000001,3.505286989959981e-05,80,distant,wrist-shoulder
WAA/SFE,cwt,1,52.22222222222223,0.04444444444444451,0.5216907675194661,48.888888888888886,55.55555555555556,46.666666666666664,0.37601660079929755,90,distant,wrist-shoulder
WAA/SFE,cwt,2,43.75,-0.125,0.43670787044281023,47.5,40.0,53.75,0.8907409802606481,80,distant,wrist-shoulder
WAA/SFE,cwt,3,72.5,0.44999999999999996,0.7248280175109443,75.0,70.0,52.5,3.505286989959981e-05,80,distant,wrist-shoulder
WAA/SFE,cwt,4,81.25,0.625,0.8122359568142701,77.5,85.0,46.25,7.05733420490698e-09,80,distant,wrist-shoulder
WAA/SFE,cwt,5,61.72839506172839,0.23375038144644478,0.6163483575248281,65.85365853658537,57.49999999999999,54.32098765432099,0.02241426119289932,81,distant,wrist-shoulder
WAA/SFE,cwt,6,61.25000000000001,0.2250000000000001,0.6124394436630723,62.5,60.0,51.24999999999999,0.028332213172560572,80,distant,wrist-shoulder
WAA/SFE,cwt,7,57.49999999999999,0.1499999999999999,0.5739348370927319,62.5,52.5,55.00000000000001,0.10925901973935187,80,distant,wrist-shoulder
WAA/SFE,cwt,8,47.5,-0.050000000000000044,0.474671669793621,50.0,45.0,52.5,0.7117846869058034,80,distant,wrist-shoulder
WAA/SFE,cwt,9,66.25,0.32499999999999996,0.6624472573839661,65.0,67.5,48.75,0.0024340770747797117,80,distant,wrist-shoulder
WAA/SFE,cwt,10,67.5,0.3500000000000001,0.6741854636591479,62.5,72.5,45.0,0.001162270644044352,80,distant,wrist-shoulder
WAA/SFE,cwt,11,58.75,0.17500000000000004,0.5858823529411765,65.0,52.5,56.25,0.07281772720149135,80,distant,wrist-shoulder
WAA/SFE,cwt,12,51.24999999999999,0.02499999999999991,0.5118134877171022,47.5,55.00000000000001,46.25,0.4555360606130464,80,distant,wrist-shoulder
WAA/SFE,cwt,13,75.0,0.5,0.7493734335839599,70.0,80.0,45.0,4.290279933524806e-06,80,distant,wrist-shoulder
WAA/SFE,cwt,14,71.25,0.42500000000000004,0.7120951337818808,67.5,75.0,46.25,9.155828206487555e-05,80,distant,wrist-shoulder
WAA/SFE,cwt,15,58.75,0.17500000000000004,0.5843174303259329,67.5,50.0,58.75,0.07281772720149135,80,distant,wrist-shoulder
WAA/SFE,cwt,16,55.00000000000001,0.10000000000000009,0.5488721804511278,60.0,50.0,55.00000000000001,0.21702112767273937,80,distant,wrist-shoulder
WAA/SFE,cwt,17,71.25,0.42500000000000004,0.7120951337818808,67.5,75.0,46.25,9.155828206487555e-05,80,distant,wrist-shoulder
WAA/SFE,cwt,18,70.0,0.3999999999999999,0.699812382739212,72.5,67.5,52.5,0.0002257586359574054,80,distant,wrist-shoulder
WAA/SPS,cwt,1,58.88888888888889,0.1777777777777778,0.5876160990712074,64.44444444444444,53.333333333333336,55.55555555555556,0.05667217702171029,90,distant,wrist-shoulder
WAA/SPS,cwt,2,43.75,-0.125,0.43316013226263583,35.0,52.5,41.25,0.8907409802606481,80,distant,wrist-shoulder
WAA/SPS,cwt,3,61.25000000000001,0.2250000000000001,0.6124394436630723,60.0,62.5,48.75,0.028332213172560572,80,distant,wrist-shoulder
WAA/SPS,cwt,4,86.25,0.7250000000000001,0.8619607843137256,92.5,80.0,56.25,1.0247576593587948e-11,80,distant,wrist-shoulder
WAA/SPS,cwt,5,58.75,0.17500000000000004,0.5858823529411765,52.5,65.0,43.75,0.07281772720149135,80,distant,wrist-shoulder
WAA/SPS,cwt,6,57.49999999999999,0.1499999999999999,0.5747342088805503,60.0,55.00000000000001,52.5,0.10925901973935187,80,distant,wrist-shoulder
WAA/SPS,cwt,7,58.75,0.17500000000000004,0.5874355368026254,60.0,57.49999999999999,51.24999999999999,0.07281772720149135,80,distant,wrist-shoulder
WAA/SPS,cwt,8,48.75,-0.025000000000000022,0.48354589828373484,40.0,57.49999999999999,41.25,0.6312228455078387,80,distant,wrist-shoulder
WAA/SPS,cwt,9,65.0,0.30000000000000004,0.65,65.0,65.0,50.0,0.004841424961528786,80,distant,wrist-shoulder
WAA/SPS,cwt,10,76.25,0.5249999999999999,0.762462884825754,77.5,75.0,51.24999999999999,1.3659349614411326e-06,80,distant,wrist-shoulder
WAA/SPS,cwt,11,46.25,-0.07499999999999996,0.45835301527318534,55.00000000000001,37.5,58.75,0.7829788723272606,80,distant,wrist-shoulder
WAA/SPS,cwt,12,55.00000000000001,0.10000000000000009,0.55,55.00000000000001,55.00000000000001,50.0,0.21702112767273937,80,distant,wrist-shoulder
WAA/SPS,cwt,13,61.25000000000001,0.2250000000000001,0.6124394436630723,62.5,60.0,51.24999999999999,0.028332213172560572,80,distant,wrist-shoulder
WAA/SPS,cwt,14,67.5,0.3500000000000001,0.6741854636591479,62.5,72.5,45.0,0.001162270644044352,80,distant,wrist-shoulder
WAA/SPS,cwt,15,50.0,0.0,0.4987468671679198,55.00000000000001,45.0,55.00000000000001,0.5444639393869536,80,distant,wrist-shoulder
WAA/SPS,cwt,16,62.5,0.25,0.6240601503759399,57.49999999999999,67.5,45.0,0.016496309213238095,80,distant,wrist-shoulder
WAA/SPS,cwt,17,58.75,0.17500000000000004,0.5874355368026254,57.49999999999999,60.0,48.75,0.07281772720149135,80,distant,wrist-shoulder
WAA/SPS,cwt,18,66.25,0.32499999999999996,0.6611764705882353,60.0,72.5,43.75,0.0024340770747797117,80,distant,wrist-shoulder
WFE/EFE,cwt,1,54.44444444444444,0.0888888888888888,0.541671842007204,62.22222222222222,46.666666666666664,57.77777777777777,0.23039623635948556,90,adjacent,wrist-elbow
WFE/EFE,cwt,2,50.0,0.0,0.497171590194846,57.49999999999999,42.5,57.49999999999999,0.5444639393869536,80,adjacent,wrist-elbow
WFE/EFE,cwt,3,50.0,0.0,0.4987468671679198,45.0,55.00000000000001,45.0,0.5444639393869536,80,adjacent,wrist-elbow
WFE/EFE,cwt,4,72.5,0.44999999999999996,0.7243107769423559,67.5,77.5,45.0,3.505286989959981e-05,80,adjacent,wrist-elbow
WFE/EFE,cwt,5,56.25,0.125,0.5591245473153834,65.0,47.5,58.75,0.15715328993196853,80,adjacent,wrist-elbow
WFE/EFE,cwt,6,50.0,0.0,0.4949494949494949,60.0,40.0,60.0,0.5444639393869536,80,adjacent,wrist-elbow
WFE/EFE,cwt,7,62.5,0.25,0.625,62.5,62.5,50.0,0.016496309213238095,80,adjacent,wrist-elbow
WFE/EFE,cwt,8,60.0,0.19999999999999996,0.5997498436522827,57.49999999999999,62.5,47.5,0.04645594111027311,80,adjacent,wrist-elbow
WFE/EFE,cwt,9,65.0,0.30000000000000004,0.6491228070175439,70.0,60.0,55.00000000000001,0.004841424961528786,80,adjacent,wrist-elbow
WFE/EFE,cwt,10,61.25000000000001,0.2250000000000001,0.6124394436630723,60.0,62.5,48.75,0.028332213172560572,80,adjacent,wrist-elbow
WFE/EFE,cwt,11,46.25,-0.07499999999999996,0.46039215686274515,52.5,40.0,56.25,0.7829788723272606,80,adjacent,wrist-elbow
WFE/EFE,cwt,12,52.5,0.050000000000000044,0.5223130106851037,60.0,45.0,57.49999999999999,0.3687771544921613,80,adjacent,wrist-elbow
WFE/EFE,cwt,13,50.0,0.0,0.4987468671679198,55.00000000000001,45.0,55.00000000000001,0.5444639393869536,80,adjacent,wrist-elbow
WFE/EFE,cwt,14,61.25000000000001,0.2250000000000001,0.6119543107494915,65.0,57.49999999999999,53.75,0.028332213172560572,80,adjacent,wrist-elbow
WFE/EFE,cwt,15,47.5,-0.050000000000000044,0.4629156010230179,62.5,32.5,65.0,0.7117846869058034,80,adjacent,wrist-elbow
WFE/EFE,cwt,16,56.25,0.125,0.5618838992332968,52.5,60.0,46.25,0.15715328993196853,80,adjacent,wrist-elbow
WFE/EFE,cwt,17,52.5,0.050000000000000044,0.5247029393370857,50.0,55.00000000000001,47.5,0.3687771544921613,80,adjacent,wrist-elbow
WFE/EFE,cwt,18,53.75,0.07499999999999996,0.5374277230817315,52.5,55.00000000000001,48.75,0.28821531309419657,80,adjacent,wrist-elbow
WFE/EPS,cwt,1,47.77777777777778,-0.0444444444444444,0.4761609907120743,53.333333333333336,42.22222222222222,55.55555555555556,0.7007941408832404,90,adjacent,wrist-elbow
WFE/EPS,cwt,2,57.49999999999999,0.1499999999999999,0.5747342088805503,60.0,55.00000000000001,52.5,0.10925901973935187,80,adjacent,wrist-elbow
WFE/EPS,cwt,3,48.75,-0.025000000000000022,0.4809305269821174,37.5,60.0,38.75,0.6312228455078387,80,adjacent,wrist-elbow
WFE/EPS,cwt,4,61.25000000000001,0.2250000000000001,0.6124394436630723,62.5,60.0,51.24999999999999,0.028332213172560572,80,adjacent,wrist-elbow
WFE/EPS,cwt,5,45.0,-0.09999999999999998,0.45,45.0,45.0,50.0,0.8428467100680315,80,adjacent,wrist-elbow
WFE/EPS,cwt,6,42.5,-0.15000000000000002,0.42464040025015637,40.0,45.0,47.5,0.9271822727985086,80,adjacent,wrist-elbow
WFE/EPS,cwt,7,47.5,-0.050000000000000044,0.4736842105263158,52.5,42.5,55.00000000000001,0.7117846869058034,80,adjacent,wrist-elbow
WFE/EPS,cwt,8,58.75,0.17500000000000004,0.5869191049913942,62.5,55.00000000000001,53.75,0.07281772720149135,80,adjacent,wrist-elbow
WFE/EPS,cwt,9,56.25,0.125,0.5618838992332968,52.5,60.0,46.25,0.15715328993196853,80,adjacent,wrist-elbow
WFE/EPS,cwt,10,48.75,-0.025000000000000022,0.48677828195900485,52.5,45.0,53.75,0.6312228455078387,80,adjacent,wrist-elbow
WFE/EPS,cwt,11,41.25,-0.17500000000000004,0.4124081887794968,42.5,40.0,51.24999999999999,0.9535440588897269,80,adjacent,wrist-elbow
WFE/EPS,cwt,12,62.5,0.25,0.625,62.5,62.5,50.0,0.016496309213238095,80,adjacent,wrist-elbow
WFE/EPS,cwt,13,57.49999999999999,0.1499999999999999,0.5682539682539682,45.0,70.0,37.5,0.10925901973935187,80,adjacent,wrist-elbow
WFE/EPS,cwt,14,41.25,-0.17500000000000004,0.4124081887794968,42.5,40.0,51.24999999999999,0.9535440588897269,80,adjacent,wrist-elbow
WFE/EPS,cwt,15,57.49999999999999,0.1499999999999999,0.5707070707070707,67.5,47.5,60.0,0.10925901973935187,80,adjacent,wrist-elbow
WFE/EPS,cwt,16,52.5,0.050000000000000044,0.5247029393370857,55.00000000000001,50.0,52.5,0.3687771544921613,80,adjacent,wrist-elbow
WFE/EPS,cwt,17,40.0,-0.19999999999999996,0.39660590823381525,32.5,47.5,42.5,0.9716677868274395,80,adjacent,wrist-elbow
WFE/EPS,cwt,18,58.75,0.17500000000000004,0.57955088389871,45.0,72.5,36.25,0.07281772720149135,80,adjacent,wrist-elbow
WFE/SAA,cwt,1,72.22222222222221,0.4444444444444444,0.7221879244351155,73.33333333333333,71.11111111111111,51.11111111111111,1.4832264612600933e-05,90,distant,wrist-shoulder
WFE/SAA,cwt,2,53.75,0.07499999999999996,0.5374277230817315,52.5,55.00000000000001,48.75,0.28821531309419657,80,distant,wrist-shoulder
WFE/SAA,cwt,3,68.75,0.375,0.685088962368131,60.0,77.5,41.25,0.0005263674286766723,80,distant,wrist-shoulder
WFE/SAA,cwt,4,81.25,0.625,0.8110533774208786,72.5,90.0,41.25,7.05733420490698e-09,80,distant,wrist-shoulder
WFE/SAA,cwt,5,62.5,0.25,0.6228786926461345,55.00000000000001,70.0,42.5,0.016496309213238095,80,distant,wrist-shoulder
WFE/SAA,cwt,6,67.5,0.3500000000000001,0.6741854636591479,72.5,62.5,55.00000000000001,0.001162270644044352,80,distant,wrist-shoulder
WFE/SAA,cwt,7,55.00000000000001,0.10000000000000009,0.55,55.00000000000001,55.00000000000001,50.0,0.21702112767273937,80,distant,wrist-shoulder
WFE/SAA,cwt,8,53.75,0.07499999999999996,0.531571451178984,65.0,42.5,61.25000000000001,0.28821531309419657,80,distant,wrist-shoulder
WFE/SAA,cwt,9,60.0,0.19999999999999996,0.6,60.0,60.0,50.0,0.04645594111027311,80,distant,wrist-shoulder
WFE/SAA,cwt,10,61.25000000000001,0.2250000000000001,0.6119543107494915,57.49999999999999,65.0,46.25,0.028332213172560572,80,distant,wrist-shoulder
WFE/SAA,cwt,11,52.5,0.050000000000000044,0.5247029393370857,55.00000000000001,50.0,52.5,0.3687771544921613,80,distant,wrist-shoulder
WFE/SAA,cwt,12,60.0,0.19999999999999996,0.6,60.0,60.0,50.0,0.04645594111027311,80,distant,wrist-shoulder
WFE/SAA,cwt,13,61.25000000000001,0.2250000000000001,0.6119543107494915,57.49999999999999,65.0,46.25,0.028332213172560572,80,distant,wrist-shoulder
WFE/SAA,cwt,14,58.75,0.17500000000000004,0.5858823529411765,52.5,65.0,43.75,0.07281772720149135,80,distant,wrist-shoulder
WFE/SAA,cwt,15,58.75,0.17500000000000004,0.57955088389871,72.5,45.0,63.74999999999999,0.07281772720149135,80,distant,wrist-shoulder
WFE/SAA,cwt,16,50.0,0.0,0.4996873045653534,47.5,52.5,47.5,0.5444639393869536,80,distant,wrist-shoulder
WFE/SAA,cwt,17,62.5,0.25,0.6247654784240151,60.0,65.0,47.5,0.016496309213238095,80,distant,wrist-shoulder
WFE/SAA,cwt,18,63.74999999999999,0.2749999999999999,0.6374433505235193,62.5,65.0,48.75,0.00915804875845816,80,distant,wrist-shoulder
WFE/SFE,cwt,1,58.88888888888889,0.1777777777777778,0.5863867842504037,51.11111111111111,66.66666666666666,42.22222222222222,0.05667217702171029,90,distant,wrist-shoulder
WFE/SFE,cwt,2,48.75,-0.025000000000000022,0.48677828195900485,45.0,52.5,46.25,0.6312228455078387,80,distant,wrist-shoulder
WFE/SFE,cwt,3,67.5,0.3500000000000001,0.6731615336266499,60.0,75.0,42.5,0.001162270644044352,80,distant,wrist-shoulder
WFE/SFE,cwt,4,77.5,0.55,0.7744360902255639,72.5,82.5,45.0,4.0713333124976437e-07,80,distant,wrist-shoulder
WFE/SFE,cwt,5,53.086419753086425,0.061012812690665094,0.5302197802197802,56.09756097560976,50.0,53.086419753086425,0.3284962337931788,81,distant,wrist-shoulder
WFE/SFE,cwt,6,58.75,0.17500000000000004,0.5869191049913942,55.00000000000001,62.5,46.25,0.07281772720149135,80,distant,wrist-shoulder
WFE/SFE,cwt,7,58.75,0.17500000000000004,0.5869191049913942,62.5,55.00000000000001,53.75,0.07281772720149135,80,distant,wrist-shoulder
WFE/SFE,cwt,8,50.0,0.0,0.4996873045653534,47.5,52.5,47.5,0.5444639393869536,80,distant,wrist-shoulder
WFE/SFE,cwt,9,57.49999999999999,0.1499999999999999,0.575,57.49999999999999,57.49999999999999,50.0,0.10925901973935187,80,distant,wrist-shoulder
WFE/SFE,cwt,10,58.75,0.17500000000000004,0.5858823529411765,52.5,65.0,43.75,0.07281772720149135,80,distant,wrist-shoulder
WFE/SFE,cwt,11,57.49999999999999,0.1499999999999999,0.5682539682539682,70.0,45.0,62.5,0.10925901973935187,80,distant,wrist-shoulder
WFE/SFE,cwt,12,51.24999999999999,0.02499999999999991,0.5105882352941176,57.49999999999999,45.0,56.25,0.4555360606130464,80,distant,wrist-shoulder
WFE/SFE,cwt,13,65.0,0.30000000000000004,0.6491228070175439,60.0,70.0,45.0,0.004841424961528786,80,distant,wrist-shoulder
WFE/SFE,cwt,14,55.00000000000001,0.10000000000000009,0.549718574108818,52.5,57.49999999999999,47.5,0.21702112767273937,80,distant,wrist-shoulder
WFE/SFE,cwt,15,46.25,-0.07499999999999996,0.46039215686274515,52.5,40.0,56.25,0.7829788723272606,80,distant,wrist-shoulder
WFE/SFE,cwt,16,51.24999999999999,0.02499999999999991,0.5087387812942843,42.5,60.0,41.25,0.4555360606130464,80,distant,wrist-shoulder
WFE/SFE,cwt,17,55.00000000000001,0.10000000000000009,0.5428571428571428,67.5,42.5,62.5,0.21702112767273937,80,distant,wrist-shoulder
WFE/SFE,cwt,18,75.0,0.5,0.7493734335839599,70.0,80.0,45.0,4.290279933524806e-06,80,distant,wrist-shoulder
WFE/SPS,cwt,1,70.0,0.3999999999999999,0.6990712074303406,75.55555555555556,64.44444444444444,55.55555555555556,9.387789808964946e-05,90,distant,wrist-shoulder
WFE/SPS,cwt,2,48.75,-0.025000000000000022,0.48549019607843136,55.00000000000001,42.5,56.25,0.6312228455078387,80,distant,wrist-shoulder
WFE/SPS,cwt,3,68.75,0.375,0.6862745098039216,62.5,75.0,43.75,0.0005263674286766723,80,distant,wrist-shoulder
WFE/SPS,cwt,4,80.0,0.6000000000000001,0.7998749218261414,82.5,77.5,52.5,2.9356652072980998e-08,80,distant,wrist-shoulder
WFE/SPS,cwt,5,60.0,0.19999999999999996,0.595959595959596,50.0,70.0,40.0,0.04645594111027311,80,distant,wrist-shoulder
WFE/SPS,cwt,6,58.75,0.17500000000000004,0.5874355368026254,57.49999999999999,60.0,48.75,0.07281772720149135,80,distant,wrist-shoulder
WFE/SPS,cwt,7,65.0,0.30000000000000004,0.65,65.0,65.0,50.0,0.004841424961528786,80,distant,wrist-shoulder
WFE/SPS,cwt,8,56.25,0.125,0.5618838992332968,60.0,52.5,53.75,0.15715328993196853,80,distant,wrist-shoulder
WFE/SPS,cwt,9,63.74999999999999,0.2749999999999999,0.6369895165075887,60.0,67.5,46.25,0.00915804875845816,80,distant,wrist-shoulder
WFE/SPS,cwt,10,62.5,0.25,0.6240601503759399,57.49999999999999,67.5,45.0,0.016496309213238095,80,distant,wrist-shoulder
WFE/SPS,cwt,11,51.24999999999999,0.02499999999999991,0.5118134877171022,55.00000000000001,47.5,53.75,0.4555360606130464,80,distant,wrist-shoulder
WFE/SPS,cwt,12,65.0,0.30000000000000004,0.65,65.0,65.0,50.0,0.004841424961528786,80,distant,wrist-shoulder
WFE/SPS,cwt,13,57.49999999999999,0.1499999999999999,0.5747342088805503,60.0,55.00000000000001,52.5,0.10925901973935187,80,distant,wrist-shoulder
WFE/SPS,cwt,14,58.75,0.17500000000000004,0.5869191049913942,55.00000000000001,62.5,46.25,0.07281772720149135,80,distant,wrist-shoulder
WFE/SPS,cwt,15,53.75,0.07499999999999996,0.5339316643048339,62.5,45.0,58.75,0.28821531309419657,80,distant,wrist-shoulder
WFE/SPS,cwt,16,62.5,0.25,0.6240601503759399,57.49999999999999,67.5,45.0,0.016496309213238095,80,distant,wrist-shoulder
WFE/SPS,cwt,17,51.24999999999999,0.02499999999999991,0.5105882352941176,57.49999999999999,45.0,56.25,0.4555360606130464,80,distant,wrist-shoulder
WFE/SPS,cwt,18,71.25,0.42500000000000004,0.7120951337818808,67.5,75.0,46.25,9.155828206487555e-05,80,distant,wrist-shoulder
WFE/WAA,cwt,1,52.22222222222223,0.04444444444444451,0.5207430340557275,46.666666666666664,57.77777777777777,44.44444444444444,0.37601660079929755,90,same,wrist-wrist
WFE/WAA,cwt,2,51.24999999999999,0.02499999999999991,0.5105882352941176,57.49999999999999,45.0,56.25,0.4555360606130464,80,same,wrist-wrist
WFE/WAA,cwt,3,53.75,0.07499999999999996,0.5374277230817315,52.5,55.00000000000001,48.75,0.28821531309419657,80,same,wrist-wrist
WFE/WAA,cwt,4,57.49999999999999,0.1499999999999999,0.5682539682539682,70.0,45.0,62.5,0.10925901973935187,80,same,wrist-wrist
WFE/WAA,cwt,5,47.5,-0.050000000000000044,0.4736842105263158,52.5,42.5,55.00000000000001,0.7117846869058034,80,same,wrist-wrist
WFE/WAA,cwt,6,60.0,0.19999999999999996,0.5977372721558768,52.5,67.5,42.5,0.04645594111027311,80,same,wrist-wrist
WFE/WAA,cwt,7,60.0,0.19999999999999996,0.5989974937343359,65.0,55.00000000000001,55.00000000000001,0.04645594111027311,80,same,wrist-wrist
WFE/WAA,cwt,8,53.75,0.07499999999999996,0.5368486934751995,57.49999999999999,50.0,53.75,0.28821531309419657,80,same,wrist-wrist
WFE/WAA,cwt,9,50.0,0.0,0.5,50.0,50.0,50.0,0.5444639393869536,80,same,wrist-wrist
WFE/WAA,cwt,10,52.5,0.050000000000000044,0.5238095238095238,47.5,57.49999999999999,45.0,0.3687771544921613,80,same,wrist-wrist
WFE/WAA,cwt,11,48.75,-0.025000000000000022,0.4874199093608376,50.0,47.5,51.24999999999999,0.6312228455078387,80,same,wrist-wrist
WFE/WAA,cwt,12,60.0,0.19999999999999996,0.6,60.0,60.0,50.0,0.04645594111027311,80,same,wrist-wrist
WFE/WAA,cwt,13,48.75,-0.025000000000000022,0.48677828195900485,52.5,45.0,53.75,0.6312228455078387,80,same,wrist-wrist
WFE/WAA,cwt,14,60.0,0.19999999999999996,0.5997498436522827,62.5,57.49999999999999,52.5,0.04645594111027311,80,same,wrist-wrist
WFE/WAA,cwt,15,55.00000000000001,0.10000000000000009,0.5428571428571428,67.5,42.5,62.5,0.21702112767273937,80,same,wrist-wrist
WFE/WAA,cwt,16,55.00000000000001,0.10000000000000009,0.5474544311753614,47.5,62.5,42.5,0.21702112767273937,80,same,wrist-wrist
WFE/WAA,cwt,17,55.00000000000001,0.10000000000000009,0.55,55.00000000000001,55.00000000000001,50.0,0.21702112767273937,80,same,wrist-wrist
WFE/WAA,cwt,18,67.5,0.3500000000000001,0.6731615336266499,60.0,75.0,42.5,0.001162270644044352,80,same,wrist-wrist
