pair,mode,subject,fold,acc,kappa,f1,n
EFE/SAA,fbc,1,1,50.0,0.0,0.4984520123839009,18
EFE/SAA,fbc,1,2,27.77777777777778,-0.4444444444444444,0.27554179566563464,18
EFE/SAA,fbc,1,3,44.44444444444444,-0.11111111111111116,0.375,18
EFE/SAA,fbc,1,4,44.44444444444444,-0.11111111111111116,0.375,18
EFE/SAA,fbc,1,5,50.0,0.0,0.4984520123839009,18
EFE/SAA,fbc,2,1,62.5,0.25,0.6190476190476191,16
EFE/SAA,fbc,2,2,56.25,0.125,0.5607843137254902,16
EFE/SAA,fbc,2,3,75.0,0.5,0.746031746031746,16
EFE/SAA,fbc,2,4,50.0,0.0,0.5,16
EFE/SAA,fbc,2,5,56.25,0.125,0.5465587044534412,16
EFE/SAA,fbc,3,1,75.0,0.5,0.75,16
EFE/SAA,fbc,3,2,75.0,0.5,0.746031746031746,16
EFE/SAA,fbc,3,3,81.25,0.625,0.8117647058823529,16
EFE/SAA,fbc,3,4,62.5,0.25,0.6,16
EFE/SAA,fbc,3,5,56.25,0.125,0.5607843137254902,16
EFE/SAA,fbc,4,1,62.5,0.25,0.6190476190476191,16
EFE/SAA,fbc,4,2,68.75,0.375,0.6761133603238867,16
EFE/SAA,fbc,4,3,56.25,0.125,0.5465587044534412,16
EFE/SAA,fbc,4,4,56.25,0.125,0.5607843137254902,16
EFE/SAA,fbc,4,5,75.0,0.5,0.746031746031746,16
EFE/SAA,fbc,5,1,25.0,-0.5,0.23809523809523808,16
EFE/SAA,fbc,5,2,37.5,-0.25,0.36507936507936506,16
EFE/SAA,fbc,5,3,31.25,-0.375,0.23809523809523808,16
EFE/SAA,fbc,5,4,43.75,-0.125,0.43529411764705883,16
EFE/SAA,fbc,5,5,43.75,-0.125,0.37662337662337664,16
EFE/SAA,fbc,6,1,31.25,-0.375,0.30980392156862746,16
EFE/SAA,fbc,6,2,81.25,0.625,0.8117647058823529,16
EFE/SAA,fbc,6,3,43.75,-0.125,0.43529411764705883,16
EFE/SAA,fbc,6,4,62.5,0.25,0.625,16
EFE/SAA,fbc,6,5,62.5,0.25,0.625,16
EFE/SAA,fbc,7,1,56.25,0.125,0.5465587044534412,16
EFE/SAA,fbc,7,2,50.0,0.0,0.4666666666666667,16
EFE/SAA,fbc,7,3,62.5,0.25,0.6190476190476191,16
EFE/SAA,fbc,7,4,62.5,0.25,0.5636363636363637,16
EFE/SAA,fbc,7,5,68.75,0.375,0.6862745098039216,16
EFE/SAA,fbc,8,1,56.25,0.125,0.45893719806763283,16
EFE/SAA,fbc,8,2,62.5,0.25,0.5636363636363637,16
EFE/SAA,fbc,8,3,50.0,0.0,0.5,16
EFE/SAA,fbc,8,4,31.25,-0.375,0.30980392156862746,16
EFE/SAA,fbc,8,5,43.75,-0.125,0.43529411764705883,16
EFE/SAA,fbc,9,1,62.5,0.25,0.625,16
EFE/SAA,fbc,9,2,81.25,0.625,0.8117647058823529,16
EFE/SAA,fbc,9,3,68.75,0.375,0.6536796536796536,16
EFE/SAA,fbc,9,4,68.75,0.375,0.6862745098039216,16
EFE/SAA,fbc,9,5,62.5,0.25,0.5636363636363637,16
EFE/SAA,fbc,10,1,68.75,0.375,0.6862745098039216,16
EFE/SAA,fbc,10,2,37.5,-0.25,0.36507936507936506,16
EFE/SAA,fbc,10,3,43.75,-0.125,0.43529411764705883,16
EFE/SAA,fbc,10,4,62.5,0.25,0.625,16
EFE/SAA,fbc,10,5,50.0,0.0,0.4920634920634921,16
EFE/SAA,fbc,11,1,62.5,0.25,0.5636363636363637,16
EFE/SAA,fbc,11,2,62.5,0.25,0.6190476190476191,16
EFE/SAA,fbc,11,3,50.0,0.0,0.5,16
EFE/SAA,fbc,11,4,56.25,0.125,0.5607843137254902,16
EFE/SAA,fbc,11,5,68.75,0.375,0.6761133603238867,16
EFE/SAA,fbc,12,1,43.75,-0.125,0.41700404858299595,16
EFE/SAA,fbc,12,2,37.5,-0.25,0.375,16
EFE/SAA,fbc,12,3,43.75,-0.125,0.41700404858299595,16
EFE/SAA,fbc,12,4,43.75,-0.125,0.43529411764705883,16
EFE/SAA,fbc,12,5,62.5,0.25,0.6,16
EFE/SAA,fbc,13,1,50.0,0.0,0.4181818181818182,16
EFE/SAA,fbc,13,2,50.0,0.0,0.4666666666666667,16
EFE/SAA,fbc,13,3,43.75,-0.125,0.41700404858299595,16
EFE/SAA,fbc,13,4,37.5,-0.25,0.2727272727272727,16
EFE/SAA,fbc,13,5,37.5,-0.25,0.36507936507936506,16
EFE/SAA,fbc,14,1,62.5,0.25,0.6190476190476191,16
EFE/SAA,fbc,14,2,68.75,0.375,0.6862745098039216,16
EFE/SAA,fbc,14,3,87.5,0.75,0.873015873015873,16
EFE/SAA,fbc,14,4,43.75,-0.125,0.41700404858299595,16
EFE/SAA,fbc,14,5,43.75,-0.125,0.41700404858299595,16
EFE/SAA,fbc,15,1,43.75,-0.125,0.37662337662337664,16
EFE/SAA,fbc,15,2,43.75,-0.125,0.43529411764705883,16
EFE/SAA,fbc,15,3,50.0,0.0,0.5,16
EFE/SAA,fbc,15,4,56.25,0.125,0.5607843137254902,16
EFE/SAA,fbc,15,5,37.5,-0.25,0.375,16
EFE/SAA,fbc,16,1,43.75,-0.125,0.41700404858299595,16
EFE/SAA,fbc,16,2,50.0,0.0,0.4666666666666667,16
EFE/SAA,fbc,16,3,43.75,-0.125,0.41700404858299595,16
EFE/SAA,fbc,16,4,43.75,-0.125,0.41700404858299595,16
EFE/SAA,fbc,16,5,56.25,0.125,0.5607843137254902,16
EFE/SAA,fbc,17,1,56.25,0.125,0.5465587044534412,16
EFE/SAA,fbc,17,2,50.0,0.0,0.4666666666666667,16
EFE/SAA,fbc,17,3,50.0,0.0,0.5,16
EFE/SAA,fbc,17,4,68.75,0.375,0.6761133603238867,16
EFE/SAA,fbc,17,5,37.5,-0.25,0.375,16
EFE/SAA,fbc,18,1,75.0,0.5,0.746031746031746,16
EFE/SAA,fbc,18,2,62.5,0.25,0.6190476190476191,16
EFE/SAA,fbc,18,3,81.25,0.625,0.8117647058823529,16
EFE/SAA,fbc,18,4,75.0,0.5,0.7333333333333334,16
EFE/SAA,fbc,18,5,68.75,0.375,0.6536796536796536,16
EFE/SAA,raw,1,1,44.44444444444444,-0.11111111111111116,0.4375,18
EFE/SAA,raw,1,2,44.44444444444444,-0.11111111111111116,0.4444444444444444,18
EFE/SAA,raw,1,3,27.77777777777778,-0.4444444444444444,0.2571428571428571,18
EFE/SAA,raw,1,4,44.44444444444444,-0.11111111111111116,0.4375,18
EFE/SAA,raw,1,5,44.44444444444444,-0.11111111111111116,0.4375,18
EFE/SAA,raw,2,1,62.5,0.25,0.625,16
EFE/SAA,raw,2,2,62.5,0.25,0.625,16
EFE/SAA,raw,2,3,62.5,0.25,0.5636363636363637,16
EFE/SAA,raw,2,4,87.5,0.75,0.873015873015873,16
EFE/SAA,raw,2,5,81.25,0.625,0.8117647058823529,16
EFE/SAA,raw,3,1,75.0,0.5,0.75,16
EFE/SAA,raw,3,2,50.0,0.0,0.4920634920634921,16
EFE/SAA,raw,3,3,81.25,0.625,0.8117647058823529,16
EFE/SAA,raw,3,4,93.75,0.875,0.9372549019607843,16
EFE/SAA,raw,3,5,56.25,0.125,0.5607843137254902,16
EFE/SAA,raw,4,1,43.75,-0.125,0.43529411764705883,16
EFE/SAA,raw,4,2,62.5,0.25,0.625,16
EFE/SAA,raw,4,3,62.5,0.25,0.6190476190476191,16
EFE/SAA,raw,4,4,68.75,0.375,0.6761133603238867,16
EFE/SAA,raw,4,5,75.0,0.5,0.7333333333333334,16
EFE/SAA,raw,5,1,37.5,-0.25,0.375,16
EFE/SAA,raw,5,2,31.25,-0.375,0.2874493927125506,16
EFE/SAA,raw,5,3,62.5,0.25,0.6190476190476191,16
EFE/SAA,raw,5,4,50.0,0.0,0.4666666666666667,16
EFE/SAA,raw,5,5,50.0,0.0,0.5,16
EFE/SAA,raw,6,1,50.0,0.0,0.4666666666666667,16
EFE/SAA,raw,6,2,50.0,0.0,0.4666666666666667,16
EFE/SAA,raw,6,3,31.25,-0.375,0.30980392156862746,16
EFE/SAA,raw,6,4,18.75,-0.625,0.1843137254901961,16
EFE/SAA,raw,6,5,50.0,0.0,0.4920634920634921,16
EFE/SAA,raw,7,1,56.25,0.125,0.5607843137254902,16
EFE/SAA,raw,7,2,56.25,0.125,0.5151515151515151,16
EFE/SAA,raw,7,3,68.75,0.375,0.6862745098039216,16
EFE/SAA,raw,7,4,68.75,0.375,0.6536796536796536,16
EFE/SAA,raw,7,5,62.5,0.25,0.625,16
EFE/SAA,raw,8,1,43.75,-0.125,0.41700404858299595,16
EFE/SAA,raw,8,2,43.75,-0.125,0.41700404858299595,16
EFE/SAA,raw,8,3,25.0,-0.5,0.23809523809523808,16
EFE/SAA,raw,8,4,31.25,-0.375,0.30980392156862746,16
EFE/SAA,raw,8,5,50.0,0.0,0.5,16
EFE/SAA,raw,9,1,56.25,0.125,0.5607843137254902,16
EFE/SAA,raw,9,2,81.25,0.625,0.8117647058823529,16
EFE/SAA,raw,9,3,68.75,0.375,0.6761133603238867,16
EFE/SAA,raw,9,4,68.75,0.375,0.6862745098039216,16
EFE/SAA,raw,9,5,62.5,0.25,0.6190476190476191,16
EFE/SAA,raw,10,1,56.25,0.125,0.5607843137254902,16
EFE/SAA,raw,10,2,50.0,0.0,0.4666666666666667,16
EFE/SAA,raw,10,3,68.75,0.375,0.6761133603238867,16
EFE/SAA,raw,10,4,62.5,0.25,0.6,16
EFE/SAA,raw,10,5,56.25,0.125,0.5465587044534412,16
EFE/SAA,raw,11,1,50.0,0.0,0.4666666666666667,16
EFE/SAA,raw,11,2,62.5,0.25,0.6190476190476191,16
EFE/SAA,raw,11,3,43.75,-0.125,0.41700404858299595,16
EFE/SAA,raw,11,4,43.75,-0.125,0.41700404858299595,16
EFE/SAA,raw,11,5,37.5,-0.25,0.3333333333333333,16
EFE/SAA,raw,12,1,56.25,0.125,0.5607843137254902,16
EFE/SAA,raw,12,2,56.25,0.125,0.5465587044534412,16
EFE/SAA,raw,12,3,43.75,-0.125,0.41700404858299595,16
EFE/SAA,raw,12,4,50.0,0.0,0.4666666666666667,16
EFE/SAA,raw,12,5,62.5,0.25,0.6190476190476191,16
EFE/SAA,raw,13,1,50.0,0.0,0.5,16
EFE/SAA,raw,13,2,37.5,-0.25,0.36507936507936506,16
EFE/SAA,raw,13,3,56.25,0.125,0.5607843137254902,16
EFE/SAA,raw,13,4,31.25,-0.375,0.2874493927125506,16
EFE/SAA,raw,13,5,56.25,0.125,0.5607843137254902,16
EFE/SAA,raw,14,1,50.0,0.0,0.4920634920634921,16
EFE/SAA,raw,14,2,75.0,0.5,0.7333333333333334,16
EFE/SAA,raw,14,3,56.25,0.125,0.5607843137254902,16
EFE/SAA,raw,14,4,56.25,0.125,0.5465587044534412,16
EFE/SAA,raw,14,5,56.25,0.125,0.5607843137254902,16
EFE/SAA,raw,15,1,43.75,-0.125,0.41700404858299595,16
EFE/SAA,raw,15,2,50.0,0.0,0.5,16
EFE/SAA,raw,15,3,56.25,0.125,0.5607843137254902,16
EFE/SAA,raw,15,4,43.75,-0.125,0.41700404858299595,16
EFE/SAA,raw,15,5,43.75,-0.125,0.43529411764705883,16
EFE/SAA,raw,16,1,25.0,-0.5,0.25,16
EFE/SAA,raw,16,2,56.25,0.125,0.5151515151515151,16
EFE/SAA,raw,16,3,31.25,-0.375,0.30980392156862746,16
EFE/SAA,raw,16,4,50.0,0.0,0.5,16
EFE/SAA,raw,16,5,56.25,0.125,0.5607843137254902,16
EFE/SAA,raw,17,1,37.5,-0.25,0.375,16
EFE/SAA,raw,17,2,50.0,0.0,0.4920634920634921,16
EFE/SAA,raw,17,3,31.25,-0.375,0.2874493927125506,16
EFE/SAA,raw,17,4,56.25,0.125,0.5465587044534412,16
EFE/SAA,raw,17,5,43.75,-0.125,0.43529411764705883,16
EFE/SAA,raw,18,1,81.25,0.625,0.8117647058823529,16
EFE/SAA,raw,18,2,87.5,0.75,0.873015873015873,16
EFE/SAA,raw,18,3,87.5,0.75,0.875,16
EFE/SAA,raw,18,4,75.0,0.5,0.746031746031746,16
EFE/SAA,raw,18,5,93.75,0.875,0.9372549019607843,16
EFE/SFE,fbc,1,1,44.44444444444444,-0.11111111111111116,0.41558441558441556,18
EFE/SFE,fbc,1,2,33.33333333333333,-0.33333333333333337,0.325,18
EFE/SFE,fbc,1,3,61.111111111111114,0.22222222222222232,0.5785953177257526,18
EFE/SFE,fbc,1,4,38.88888888888889,-0.2222222222222222,0.3377926421404682,18
EFE/SFE,fbc,1,5,50.0,0.0,0.4857142857142857,18
EFE/SFE,fbc,2,1,68.75,0.375,0.6862745098039216,16
EFE/SFE,fbc,2,2,56.25,0.125,0.5607843137254902,16
EFE/SFE,fbc,2,3,68.75,0.375,0.6761133603238867,16
EFE/SFE,fbc,2,4,31.25,-0.375,0.30980392156862746,16
EFE/SFE,fbc,2,5,43.75,-0.125,0.43529411764705883,16
EFE/SFE,fbc,3,1,81.25,0.625,0.8117647058823529,16
EFE/SFE,fbc,3,2,81.25,0.625,0.8056680161943319,16
EFE/SFE,fbc,3,3,75.0,0.5,0.75,16
EFE/SFE,fbc,3,4,87.5,0.75,0.873015873015873,16
EFE/SFE,fbc,3,5,50.0,0.0,0.4666666666666667,16
EFE/SFE,fbc,4,1,62.5,0.25,0.6,16
EFE/SFE,fbc,4,2,81.25,0.625,0.8117647058823529,16
EFE/SFE,fbc,4,3,56.25,0.125,0.5465587044534412,16
EFE/SFE,fbc,4,4,50.0,0.0,0.4920634920634921,16
EFE/SFE,fbc,4,5,68.75,0.375,0.6536796536796536,16
EFE/SFE,fbc,5,1,58.82352941176471,0.15602836879432636,0.5641025641025641,17
EFE/SFE,fbc,5,2,62.5,0.25,0.6190476190476191,16
EFE/SFE,fbc,5,3,68.75,0.375,0.6761133603238867,16
EFE/SFE,fbc,5,4,62.5,0.25,0.6190476190476191,16
EFE/SFE,fbc,5,5,75.0,0.5,0.7333333333333334,16
EFE/SFE,fbc,6,1,62.5,0.25,0.6,16
EFE/SFE,fbc,6,2,56.25,0.125,0.5465587044534412,16
EFE/SFE,fbc,6,3,37.5,-0.25,0.36507936507936506,16
EFE/SFE,fbc,6,4,50.0,0.0,0.4666666666666667,16
EFE/SFE,fbc,6,5,43.75,-0.125,0.41700404858299595,16
EFE/SFE,fbc,7,1,62.5,0.25,0.6,16
EFE/SFE,fbc,7,2,43.75,-0.125,0.37662337662337664,16
EFE/SFE,fbc,7,3,56.25,0.125,0.5151515151515151,16
EFE/SFE,fbc,7,4,43.75,-0.125,0.41700404858299595,16
EFE/SFE,fbc,7,5,50.0,0.0,0.4666666666666667,16
EFE/SFE,fbc,8,1,50.0,0.0,0.4666666666666667,16
EFE/SFE,fbc,8,2,56.25,0.125,0.5607843137254902,16
EFE/SFE,fbc,8,3,43.75,-0.125,0.41700404858299595,16
EFE/SFE,fbc,8,4,62.5,0.25,0.6190476190476191,16
EFE/SFE,fbc,8,5,50.0,0.0,0.4666666666666667,16
EFE/SFE,fbc,9,1,62.5,0.25,0.625,16
EFE/SFE,fbc,9,2,68.75,0.375,0.6761133603238867,16
EFE/SFE,fbc,9,3,68.75,0.375,0.6761133603238867,16
EFE/SFE,fbc,9,4,62.5,0.25,0.6190476190476191,16
EFE/SFE,fbc,9,5,50.0,0.0,0.3333333333333333,16
EFE/SFE,fbc,10,1,62.5,0.25,0.6190476190476191,16
EFE/SFE,fbc,10,2,50.0,0.0,0.4666666666666667,16
EFE/SFE,fbc,10,3,56.25,0.125,0.5607843137254902,16
EFE/SFE,fbc,10,4,68.75,0.375,0.6761133603238867,16
EFE/SFE,fbc,10,5,50.0,0.0,0.5,16
EFE/SFE,fbc,11,1,62.5,0.25,0.6190476190476191,16
EFE/SFE,fbc,11,2,75.0,0.5,0.746031746031746,16
EFE/SFE,fbc,11,3,37.5,-0.25,0.375,16
EFE/SFE,fbc,11,4,50.0,0.0,0.4920634920634921,16
EFE/SFE,fbc,11,5,43.75,-0.125,0.41700404858299595,16
EFE/SFE,fbc,12,1,25.0,-0.5,0.23809523809523808,16
EFE/SFE,fbc,12,2,43.75,-0.125,0.43529411764705883,16
EFE/SFE,fbc,12,3,50.0,0.0,0.5,16
EFE/SFE,fbc,12,4,43.75,-0.125,0.37662337662337664,16
EFE/SFE,fbc,12,5,56.25,0.125,0.5465587044534412,16
EFE/SFE,fbc,13,1,50.0,0.0,0.4920634920634921,16
EFE/SFE,fbc,13,2,68.75,0.375,0.6862745098039216,16
EFE/SFE,fbc,13,3,56.25,0.125,0.5607843137254902,16
EFE/SFE,fbc,13,4,68.75,0.375,0.6862745098039216,16
EFE/SFE,fbc,13,5,50.0,0.0,0.5,16
EFE/SFE,fbc,14,1,56.25,0.125,0.5607843137254902,16
EFE/SFE,fbc,14,2,37.5,-0.25,0.36507936507936506,16
EFE/SFE,fbc,14,3,50.0,0.0,0.4920634920634921,16
EFE/SFE,fbc,14,4,56.25,0.125,0.5607843137254902,16
EFE/SFE,fbc,14,5,68.75,0.375,0.6862745098039216,16
EFE/SFE,fbc,15,1,31.25,-0.375,0.30980392156862746,16
EFE/SFE,fbc,15,2,43.75,-0.125,0.43529411764705883,16
EFE/SFE,fbc,15,3,43.75,-0.125,0.37662337662337664,16
EFE/SFE,fbc,15,4,62.5,0.25,0.6190476190476191,16
EFE/SFE,fbc,15,5,37.5,-0.25,0.36507936507936506,16
EFE/SFE,fbc,16,1,50.0,0.0,0.4920634920634921,16
EFE/SFE,fbc,16,2,56.25,0.125,0.5607843137254902,16
EFE/SFE,fbc,16,3,62.5,0.25,0.6190476190476191,16
EFE/SFE,fbc,16,4,62.5,0.25,0.6,16
EFE/SFE,fbc,16,5,43.75,-0.125,0.43529411764705883,16
EFE/SFE,fbc,17,1,31.25,-0.375,0.23809523809523808,16
EFE/SFE,fbc,17,2,50.0,0.0,0.3333333333333333,16
EFE/SFE,fbc,17,3,56.25,0.125,0.5607843137254902,16
EFE/SFE,fbc,17,4,37.5,-0.25,0.36507936507936506,16
EFE/SFE,fbc,17,5,37.5,-0.25,0.375,16
EFE/SFE,fbc,18,1,75.0,0.5,0.746031746031746,16
EFE/SFE,fbc,18,2,68.75,0.375,0.6862745098039216,16
EFE/SFE,fbc,18,3,68.75,0.375,0.6862745098039216,16
EFE/SFE,fbc,18,4,75.0,0.5,0.746031746031746,16
EFE/SFE,fbc,18,5,56.25,0.125,0.5607843137254902,16
EFE/SFE,raw,1,1,44.44444444444444,-0.11111111111111116,0.4375,18
EFE/SFE,raw,1,2,38.88888888888889,-0.2222222222222222,0.37142857142857144,18
EFE/SFE,raw,1,3,55.55555555555556,0.11111111111111116,0.5,18
EFE/SFE,raw,1,4,66.66666666666666,0.33333333333333326,0.6493506493506493,18
EFE/SFE,raw,1,5,38.88888888888889,-0.2222222222222222,0.37142857142857144,18
EFE/SFE,raw,2,1,43.75,-0.125,0.43529411764705883,16
EFE/SFE,raw,2,2,37.5,-0.25,0.36507936507936506,16
EFE/SFE,raw,2,3,56.25,0.125,0.5465587044534412,16
EFE/SFE,raw,2,4,56.25,0.125,0.5607843137254902,16
EFE/SFE,raw,2,5,62.5,0.25,0.625,16
EFE/SFE,raw,3,1,68.75,0.375,0.6862745098039216,16
EFE/SFE,raw,3,2,81.25,0.625,0.8117647058823529,16
EFE/SFE,raw,3,3,75.0,0.5,0.75,16
EFE/SFE,raw,3,4,100.0,1.0,1.0,16
EFE/SFE,raw,3,5,75.0,0.5,0.75,16
EFE/SFE,raw,4,1,43.75,-0.125,0.43529411764705883,16
EFE/SFE,raw,4,2,50.0,0.0,0.4666666666666667,16
EFE/SFE,raw,4,3,37.5,-0.25,0.3333333333333333,16
EFE/SFE,raw,4,4,62.5,0.25,0.6,16
EFE/SFE,raw,4,5,62.5,0.25,0.6190476190476191,16
EFE/SFE,raw,5,1,52.94117647058824,0.06849315068493157,0.5277777777777778,17
EFE/SFE,raw,5,2,37.5,-0.25,0.36507936507936506,16
EFE/SFE,raw,5,3,56.25,0.125,0.5607843137254902,16
EFE/SFE,raw,5,4,56.25,0.125,0.5607843137254902,16
EFE/SFE,raw,5,5,50.0,0.0,0.4666666666666667,16
EFE/SFE,raw,6,1,68.75,0.375,0.6536796536796536,16
EFE/SFE,raw,6,2,56.25,0.125,0.5465587044534412,16
EFE/SFE,raw,6,3,43.75,-0.125,0.43529411764705883,16
EFE/SFE,raw,6,4,31.25,-0.375,0.30980392156862746,16
EFE/SFE,raw,6,5,62.5,0.25,0.6190476190476191,16
EFE/SFE,raw,7,1,62.5,0.25,0.6190476190476191,16
EFE/SFE,raw,7,2,56.25,0.125,0.5607843137254902,16
EFE/SFE,raw,7,3,62.5,0.25,0.6190476190476191,16
EFE/SFE,raw,7,4,43.75,-0.125,0.43529411764705883,16
EFE/SFE,raw,7,5,68.75,0.375,0.6862745098039216,16
EFE/SFE,raw,8,1,56.25,0.125,0.5607843137254902,16
EFE/SFE,raw,8,2,50.0,0.0,0.5,16
EFE/SFE,raw,8,3,50.0,0.0,0.4920634920634921,16
EFE/SFE,raw,8,4,37.5,-0.25,0.375,16
EFE/SFE,raw,8,5,37.5,-0.25,0.3333333333333333,16
EFE/SFE,raw,9,1,56.25,0.125,0.5465587044534412,16
EFE/SFE,raw,9,2,68.75,0.375,0.6862745098039216,16
EFE/SFE,raw,9,3,62.5,0.25,0.6,16
EFE/SFE,raw,9,4,62.5,0.25,0.625,16
EFE/SFE,raw,9,5,56.25,0.125,0.5607843137254902,16
EFE/SFE,raw,10,1,56.25,0.125,0.5607843137254902,16
EFE/SFE,raw,10,2,37.5,-0.25,0.3333333333333333,16
EFE/SFE,raw,10,3,56.25,0.125,0.5151515151515151,16
EFE/SFE,raw,10,4,43.75,-0.125,0.43529411764705883,16
EFE/SFE,raw,10,5,50.0,0.0,0.4920634920634921,16
EFE/SFE,raw,11,1,43.75,-0.125,0.37662337662337664,16
EFE/SFE,raw,11,2,50.0,0.0,0.4920634920634921,16
EFE/SFE,raw,11,3,37.5,-0.25,0.36507936507936506,16
EFE/SFE,raw,11,4,62.5,0.25,0.625,16
EFE/SFE,raw,11,5,56.25,0.125,0.5607843137254902,16
EFE/SFE,raw,12,1,50.0,0.0,0.4666666666666667,16
EFE/SFE,raw,12,2,43.75,-0.125,0.43529411764705883,16
EFE/SFE,raw,12,3,50.0,0.0,0.5,16
EFE/SFE,raw,12,4,37.5,-0.25,0.3333333333333333,16
EFE/SFE,raw,12,5,31.25,-0.375,0.2874493927125506,16
EFE/SFE,raw,13,1,43.75,-0.125,0.37662337662337664,16
EFE/SFE,raw,13,2,75.0,0.5,0.75,16
EFE/SFE,raw,13,3,68.75,0.375,0.6536796536796536,16
EFE/SFE,raw,13,4,56.25,0.125,0.5465587044534412,16
EFE/SFE,raw,13,5,62.5,0.25,0.625,16
EFE/SFE,raw,14,1,43.75,-0.125,0.43529411764705883,16
EFE/SFE,raw,14,2,43.75,-0.125,0.43529411764705883,16
EFE/SFE,raw,14,3,68.75,0.375,0.6862745098039216,16
EFE/SFE,raw,14,4,56.25,0.125,0.5607843137254902,16
EFE/SFE,raw,14,5,50.0,0.0,0.4920634920634921,16
EFE/SFE,raw,15,1,31.25,-0.375,0.2874493927125506,16
EFE/SFE,raw,15,2,50.0,0.0,0.4920634920634921,16
EFE/SFE,raw,15,3,37.5,-0.25,0.375,16
EFE/SFE,raw,15,4,56.25,0.125,0.5465587044534412,16
EFE/SFE,raw,15,5,37.5,-0.25,0.3333333333333333,16
EFE/SFE,raw,16,1,56.25,0.125,0.5465587044534412,16
EFE/SFE,raw,16,2,50.0,0.0,0.4920634920634921,16
EFE/SFE,raw,16,3,62.5,0.25,0.6,16
EFE/SFE,raw,16,4,43.75,-0.125,0.41700404858299595,16
EFE/SFE,raw,16,5,68.75,0.375,0.6862745098039216,16
EFE/SFE,raw,17,1,56.25,0.125,0.5465587044534412,16
EFE/SFE,raw,17,2,37.5,-0.25,0.375,16
EFE/SFE,raw,17,3,31.25,-0.375,0.30980392156862746,16
EFE/SFE,raw,17,4,25.0,-0.5,0.25,16
EFE/SFE,raw,17,5,56.25,0.125,0.5607843137254902,16
EFE/SFE,raw,18,1,87.5,0.75,0.873015873015873,16
EFE/SFE,raw,18,2,81.25,0.625,0.8056680161943319,16
EFE/SFE,raw,18,3,68.75,0.375,0.6761133603238867,16
EFE/SFE,raw,18,4,75.0,0.5,0.7333333333333334,16
EFE/SFE,raw,18,5,68.75,0.375,0.6862745098039216,16
EFE/SPS,fbc,1,1,44.44444444444444,-0.11111111111111116,0.4444444444444444,18
EFE/SPS,fbc,1,2,33.33333333333333,-0.33333333333333337,0.2987012987012987,18
EFE/SPS,fbc,1,3,50.0,0.0,0.3333333333333333,18
EFE/SPS,fbc,1,4,33.33333333333333,-0.33333333333333337,0.25,18
EFE/SPS,fbc,1,5,50.0,0.0,0.4109090909090909,18
EFE/SPS,fbc,2,1,56.25,0.125,0.5465587044534412,16
EFE/SPS,fbc,2,2,50.0,0.0,0.4920634920634921,16
EFE/SPS,fbc,2,3,37.5,-0.25,0.36507936507936506,16
EFE/SPS,fbc,2,4,68.75,0.375,0.6761133603238867,16
EFE/SPS,fbc,2,5,31.25,-0.375,0.30980392156862746,16
EFE/SPS,fbc,3,1,43.75,-0.125,0.43529411764705883,16
EFE/SPS,fbc,3,2,62.5,0.25,0.6190476190476191,16
EFE/SPS,fbc,3,3,68.75,0.375,0.6862745098039216,16
EFE/SPS,fbc,3,4,62.5,0.25,0.6,16
EFE/SPS,fbc,3,5,62.5,0.25,0.6190476190476191,16
EFE/SPS,fbc,4,1,56.25,0.125,0.5465587044534412,16
EFE/SPS,fbc,4,2,62.5,0.25,0.6190476190476191,16
EFE/SPS,fbc,4,3,75.0,0.5,0.746031746031746,16
EFE/SPS,fbc,4,4,56.25,0.125,0.5607843137254902,16
EFE/SPS,fbc,4,5,56.25,0.125,0.5607843137254902,16
EFE/SPS,fbc,5,1,43.75,-0.125,0.37662337662337664,16
EFE/SPS,fbc,5,2,56.25,0.125,0.5465587044534412,16
EFE/SPS,fbc,5,3,37.5,-0.25,0.36507936507936506,16
EFE/SPS,fbc,5,4,31.25,-0.375,0.2874493927125506,16
EFE/SPS,fbc,5,5,43.75,-0.125,0.43529411764705883,16
EFE/SPS,fbc,6,1,50.0,0.0,0.4920634920634921,16
EFE/SPS,fbc,6,2,62.5,0.25,0.6190476190476191,16
EFE/SPS,fbc,6,3,62.5,0.25,0.625,16
EFE/SPS,fbc,6,4,56.25,0.125,0.5465587044534412,16
EFE/SPS,fbc,6,5,50.0,0.0,0.4920634920634921,16
EFE/SPS,fbc,7,1,62.5,0.25,0.6190476190476191,16
EFE/SPS,fbc,7,2,56.25,0.125,0.5465587044534412,16
EFE/SPS,fbc,7,3,50.0,0.0,0.3333333333333333,16
EFE/SPS,fbc,7,4,43.75,-0.125,0.37662337662337664,16
EFE/SPS,fbc,7,5,50.0,0.0,0.4920634920634921,16
EFE/SPS,fbc,8,1,56.25,0.125,0.5607843137254902,16
EFE/SPS,fbc,8,2,56.25,0.125,0.5607843137254902,16
EFE/SPS,fbc,8,3,62.5,0.25,0.625,16
EFE/SPS,fbc,8,4,50.0,0.0,0.5,16
EFE/SPS,fbc,8,5,56.25,0.125,0.5151515151515151,16
EFE/SPS,fbc,9,1,62.5,0.25,0.6190476190476191,16
EFE/SPS,fbc,9,2,81.25,0.625,0.8117647058823529,16
EFE/SPS,fbc,9,3,68.75,0.375,0.6862745098039216,16
EFE/SPS,fbc,9,4,75.0,0.5,0.75,16
EFE/SPS,fbc,9,5,68.75,0.375,0.6536796536796536,16
EFE/SPS,fbc,10,1,75.0,0.5,0.75,16
EFE/SPS,fbc,10,2,50.0,0.0,0.4920634920634921,16
EFE/SPS,fbc,10,3,75.0,0.5,0.746031746031746,16
EFE/SPS,fbc,10,4,62.5,0.25,0.6190476190476191,16
EFE/SPS,fbc,10,5,62.5,0.25,0.625,16
EFE/SPS,fbc,11,1,81.25,0.625,0.8117647058823529,16
EFE/SPS,fbc,11,2,68.75,0.375,0.6862745098039216,16
EFE/SPS,fbc,11,3,31.25,-0.375,0.30980392156862746,16
EFE/SPS,fbc,11,4,75.0,0.5,0.746031746031746,16
EFE/SPS,fbc,11,5,50.0,0.0,0.4920634920634921,16
EFE/SPS,fbc,12,1,62.5,0.25,0.625,16
EFE/SPS,fbc,12,2,50.0,0.0,0.4666666666666667,16
EFE/SPS,fbc,12,3,50.0,0.0,0.4920634920634921,16
EFE/SPS,fbc,12,4,56.25,0.125,0.5151515151515151,16
EFE/SPS,fbc,12,5,43.75,-0.125,0.41700404858299595,16
EFE/SPS,fbc,13,1,56.25,0.125,0.5465587044534412,16
EFE/SPS,fbc,13,2,62.5,0.25,0.6190476190476191,16
EFE/SPS,fbc,13,3,62.5,0.25,0.6190476190476191,16
EFE/SPS,fbc,13,4,68.75,0.375,0.6761133603238867,16
EFE/SPS,fbc,13,5,75.0,0.5,0.746031746031746,16
EFE/SPS,fbc,14,1,37.5,-0.25,0.375,16
EFE/SPS,fbc,14,2,56.25,0.125,0.5607843137254902,16
EFE/SPS,fbc,14,3,56.25,0.125,0.5465587044534412,16
EFE/SPS,fbc,14,4,62.5,0.25,0.625,16
EFE/SPS,fbc,14,5,56.25,0.125,0.5151515151515151,16
EFE/SPS,fbc,15,1,50.0,0.0,0.5,16
EFE/SPS,fbc,15,2,50.0,0.0,0.4920634920634921,16
EFE/SPS,fbc,15,3,56.25,0.125,0.5607843137254902,16
EFE/SPS,fbc,15,4,56.25,0.125,0.5607843137254902,16
EFE/SPS,fbc,15,5,75.0,0.5,0.746031746031746,16
EFE/SPS,fbc,16,1,50.0,0.0,0.4920634920634921,16
EFE/SPS,fbc,16,2,31.25,-0.375,0.30980392156862746,16
EFE/SPS,fbc,16,3,50.0,0.0,0.4181818181818182,16
EFE/SPS,fbc,16,4,56.25,0.125,0.5151515151515151,16
EFE/SPS,fbc,16,5,62.5,0.25,0.625,16
EFE/SPS,fbc,17,1,43.75,-0.125,0.41700404858299595,16
EFE/SPS,fbc,17,2,50.0,0.0,0.4920634920634921,16
EFE/SPS,fbc,17,3,56.25,0.125,0.5607843137254902,16
EFE/SPS,fbc,17,4,62.5,0.25,0.6,16
EFE/SPS,fbc,17,5,50.0,0.0,0.4666666666666667,16
EFE/SPS,fbc,18,1,62.5,0.25,0.6190476190476191,16
EFE/SPS,fbc,18,2,75.0,0.5,0.746031746031746,16
EFE/SPS,fbc,18,3,68.75,0.375,0.6761133603238867,16
EFE/SPS,fbc,18,4,62.5,0.25,0.6190476190476191,16
EFE/SPS,fbc,18,5,62.5,0.25,0.6,16
EFE/SPS,raw,1,1,55.55555555555556,0.11111111111111116,0.5555555555555556,18
EFE/SPS,raw,1,2,50.0,0.0,0.4984520123839009,18
EFE/SPS,raw,1,3,55.55555555555556,0.11111111111111116,0.5324675324675324,18
EFE/SPS,raw,1,4,33.33333333333333,-0.33333333333333337,0.3333333333333333,18
EFE/SPS,raw,1,5,72.22222222222221,0.4444444444444444,0.7213622291021672,18
EFE/SPS,raw,2,1,56.25,0.125,0.5607843137254902,16
EFE/SPS,raw,2,2,68.75,0.375,0.6862745098039216,16
EFE/SPS,raw,2,3,75.0,0.5,0.746031746031746,16
EFE/SPS,raw,2,4,75.0,0.5,0.746031746031746,16
EFE/SPS,raw,2,5,37.5,-0.25,0.36507936507936506,16
EFE/SPS,raw,3,1,37.5,-0.25,0.375,16
EFE/SPS,raw,3,2,56.25,0.125,0.5465587044534412,16
EFE/SPS,raw,3,3,75.0,0.5,0.746031746031746,16
EFE/SPS,raw,3,4,56.25,0.125,0.5465587044534412,16
EFE/SPS,raw,3,5,68.75,0.375,0.6862745098039216,16
EFE/SPS,raw,4,1,75.0,0.5,0.75,16
EFE/SPS,raw,4,2,56.25,0.125,0.5465587044534412,16
EFE/SPS,raw,4,3,68.75,0.375,0.6862745098039216,16
EFE/SPS,raw,4,4,56.25,0.125,0.5607843137254902,16
EFE/SPS,raw,4,5,75.0,0.5,0.746031746031746,16
EFE/SPS,raw,5,1,56.25,0.125,0.5607843137254902,16
EFE/SPS,raw,5,2,43.75,-0.125,0.41700404858299595,16
EFE/SPS,raw,5,3,50.0,0.0,0.4920634920634921,16
EFE/SPS,raw,5,4,62.5,0.25,0.625,16
EFE/SPS,raw,5,5,25.0,-0.5,0.23809523809523808,16
EFE/SPS,raw,6,1,43.75,-0.125,0.43529411764705883,16
EFE/SPS,raw,6,2,50.0,0.0,0.4920634920634921,16
EFE/SPS,raw,6,3,56.25,0.125,0.5607843137254902,16
EFE/SPS,raw,6,4,50.0,0.0,0.3333333333333333,16
EFE/SPS,raw,6,5,43.75,-0.125,0.43529411764705883,16
EFE/SPS,raw,7,1,68.75,0.375,0.6862745098039216,16
EFE/SPS,raw,7,2,62.5,0.25,0.6190476190476191,16
EFE/SPS,raw,7,3,81.25,0.625,0.8056680161943319,16
EFE/SPS,raw,7,4,68.75,0.375,0.6862745098039216,16
EFE/SPS,raw,7,5,50.0,0.0,0.4920634920634921,16
EFE/SPS,raw,8,1,81.25,0.625,0.8117647058823529,16
EFE/SPS,raw,8,2,62.5,0.25,0.6190476190476191,16
EFE/SPS,raw,8,3,62.5,0.25,0.625,16
EFE/SPS,raw,8,4,56.25,0.125,0.5607843137254902,16
EFE/SPS,raw,8,5,50.0,0.0,0.4181818181818182,16
EFE/SPS,raw,9,1,75.0,0.5,0.75,16
EFE/SPS,raw,9,2,68.75,0.375,0.6761133603238867,16
EFE/SPS,raw,9,3,68.75,0.375,0.6862745098039216,16
EFE/SPS,raw,9,4,81.25,0.625,0.8117647058823529,16
EFE/SPS,raw,9,5,50.0,0.0,0.5,16
EFE/SPS,raw,10,1,68.75,0.375,0.6862745098039216,16
EFE/SPS,raw,10,2,43.75,-0.125,0.41700404858299595,16
EFE/SPS,raw,10,3,68.75,0.375,0.6536796536796536,16
EFE/SPS,raw,10,4,75.0,0.5,0.746031746031746,16
EFE/SPS,raw,10,5,56.25,0.125,0.5607843137254902,16
EFE/SPS,raw,11,1,43.75,-0.125,0.41700404858299595,16
EFE/SPS,raw,11,2,62.5,0.25,0.625,16
EFE/SPS,raw,11,3,62.5,0.25,0.6190476190476191,16
EFE/SPS,raw,11,4,75.0,0.5,0.746031746031746,16
EFE/SPS,raw,11,5,62.5,0.25,0.6,16
EFE/SPS,raw,12,1,62.5,0.25,0.6190476190476191,16
EFE/SPS,raw,12,2,62.5,0.25,0.625,16
EFE/SPS,raw,12,3,50.0,0.0,0.5,16
EFE/SPS,raw,12,4,62.5,0.25,0.6190476190476191,16
EFE/SPS,raw,12,5,56.25,0.125,0.5607843137254902,16
EFE/SPS,raw,13,1,43.75,-0.125,0.41700404858299595,16
EFE/SPS,raw,13,2,68.75,0.375,0.6862745098039216,16
EFE/SPS,raw,13,3,62.5,0.25,0.6,16
EFE/SPS,raw,13,4,43.75,-0.125,0.43529411764705883,16
EFE/SPS,raw,13,5,62.5,0.25,0.5636363636363637,16
EFE/SPS,raw,14,1,25.0,-0.5,0.25,16
EFE/SPS,raw,14,2,56.25,0.125,0.5607843137254902,16
EFE/SPS,raw,14,3,56.25,0.125,0.5607843137254902,16
EFE/SPS,raw,14,4,56.25,0.125,0.5465587044534412,16
EFE/SPS,raw,14,5,25.0,-0.5,0.23809523809523808,16
EFE/SPS,raw,15,1,37.5,-0.25,0.375,16
EFE/SPS,raw,15,2,56.25,0.125,0.5465587044534412,16
EFE/SPS,raw,15,3,56.25,0.125,0.5607843137254902,16
EFE/SPS,raw,15,4,31.25,-0.375,0.2874493927125506,16
EFE/SPS,raw,15,5,56.25,0.125,0.45893719806763283,16
EFE/SPS,raw,16,1,62.5,0.25,0.625,16
EFE/SPS,raw,16,2,50.0,0.0,0.4920634920634921,16
EFE/SPS,raw,16,3,50.0,0.0,0.5,16
EFE/SPS,raw,16,4,37.5,-0.25,0.375,16
EFE/SPS,raw,16,5,75.0,0.5,0.746031746031746,16
EFE/SPS,raw,17,1,43.75,-0.125,0.41700404858299595,16
EFE/SPS,raw,17,2,43.75,-0.125,0.41700404858299595,16
EFE/SPS,raw,17,3,68.75,0.375,0.6761133603238867,16
EFE/SPS,raw,17,4,43.75,-0.125,0.43529411764705883,16
EFE/SPS,raw,17,5,50.0,0.0,0.4920634920634921,16
EFE/SPS,raw,18,1,62.5,0.25,0.6190476190476191,16
EFE/SPS,raw,18,2,62.5,0.25,0.625,16
EFE/SPS,raw,18,3,56.25,0.125,0.5151515151515151,16
EFE/SPS,raw,18,4,68.75,0.375,0.6862745098039216,16
EFE/SPS,raw,18,5,81.25,0.625,0.8117647058823529,16
EPS/EFE,fbc,1,1,83.33333333333334,0.6666666666666667,0.8285714285714285,18
EPS/EFE,fbc,1,2,72.22222222222221,0.4444444444444444,0.7213622291021672,18
EPS/EFE,fbc,1,3,55.55555555555556,0.11111111111111116,0.55,18
EPS/EFE,fbc,1,4,55.55555555555556,0.11111111111111116,0.55,18
EPS/EFE,fbc,1,5,61.111111111111114,0.22222222222222232,0.609907120743034,18
EPS/EFE,fbc,2,1,56.25,0.125,0.5465587044534412,16
EPS/EFE,fbc,2,2,43.75,-0.125,0.43529411764705883,16
EPS/EFE,fbc,2,3,68.75,0.375,0.6536796536796536,16
EPS/EFE,fbc,2,4,62.5,0.25,0.625,16
EPS/EFE,fbc,2,5,37.5,-0.25,0.375,16
EPS/EFE,fbc,3,1,62.5,0.25,0.6190476190476191,16
EPS/EFE,fbc,3,2,50.0,0.0,0.4920634920634921,16
EPS/EFE,fbc,3,3,50.0,0.0,0.4666666666666667,16
EPS/EFE,fbc,3,4,56.25,0.125,0.5151515151515151,16
EPS/EFE,fbc,3,5,43.75,-0.125,0.41700404858299595,16
EPS/EFE,fbc,4,1,62.5,0.25,0.625,16
EPS/EFE,fbc,4,2,56.25,0.125,0.45893719806763283,16
EPS/EFE,fbc,4,3,62.5,0.25,0.625,16
EPS/EFE,fbc,4,4,62.5,0.25,0.6,16
EPS/EFE,fbc,4,5,62.5,0.25,0.625,16
EPS/EFE,fbc,5,1,62.5,0.25,0.6,16
EPS/EFE,fbc,5,2,50.0,0.0,0.4920634920634921,16
EPS/EFE,fbc,5,3,43.75,-0.125,0.41700404858299595,16
EPS/EFE,fbc,5,4,18.75,-0.625,0.1843137254901961,16
EPS/EFE,fbc,5,5,37.5,-0.25,0.375,16
EPS/EFE,fbc,6,1,62.5,0.25,0.6190476190476191,16
EPS/EFE,fbc,6,2,62.5,0.25,0.6,16
EPS/EFE,fbc,6,3,43.75,-0.125,0.41700404858299595,16
EPS/EFE,fbc,6,4,37.5,-0.25,0.375,16
EPS/EFE,fbc,6,5,56.25,0.125,0.5465587044534412,16
EPS/EFE,fbc,7,1,68.75,0.375,0.6761133603238867,16
EPS/EFE,fbc,7,2,62.5,0.25,0.625,16
EPS/EFE,fbc,7,3,62.5,0.25,0.6,16
EPS/EFE,fbc,7,4,43.75,-0.125,0.41700404858299595,16
EPS/EFE,fbc,7,5,56.25,0.125,0.5607843137254902,16
EPS/EFE,fbc,8,1,56.25,0.125,0.5465587044534412,16
EPS/EFE,fbc,8,2,56.25,0.125,0.5607843137254902,16
EPS/EFE,fbc,8,3,37.5,-0.25,0.36507936507936506,16
EPS/EFE,fbc,8,4,62.5,0.25,0.6,16
EPS/EFE,fbc,8,5,43.75,-0.125,0.37662337662337664,16
EPS/EFE,fbc,9,1,50.0,0.0,0.4920634920634921,16
EPS/EFE,fbc,9,2,68.75,0.375,0.6862745098039216,16
EPS/EFE,fbc,9,3,75.0,0.5,0.746031746031746,16
EPS/EFE,fbc,9,4,56.25,0.125,0.5607843137254902,16
EPS/EFE,fbc,9,5,68.75,0.375,0.6536796536796536,16
EPS/EFE,fbc,10,1,56.25,0.125,0.5465587044534412,16
EPS/EFE,fbc,10,2,56.25,0.125,0.5465587044534412,16
EPS/EFE,fbc,10,3,43.75,-0.125,0.43529411764705883,16
EPS/EFE,fbc,10,4,62.5,0.25,0.6190476190476191,16
EPS/EFE,fbc,10,5,56.25,0.125,0.5151515151515151,16
EPS/EFE,fbc,11,1,37.5,-0.25,0.36507936507936506,16
EPS/EFE,fbc,11,2,68.75,0.375,0.6761133603238867,16
EPS/EFE,fbc,11,3,43.75,-0.125,0.43529411764705883,16
EPS/EFE,fbc,11,4,50.0,0.0,0.4920634920634921,16
EPS/EFE,fbc,11,5,43.75,-0.125,0.30434782608695654,16
EPS/EFE,fbc,12,1,37.5,-0.25,0.36507936507936506,16
EPS/EFE,fbc,12,2,68.75,0.375,0.6536796536796536,16
EPS/EFE,fbc,12,3,31.25,-0.375,0.2874493927125506,16
EPS/EFE,fbc,12,4,50.0,0.0,0.4920634920634921,16
EPS/EFE,fbc,12,5,43.75,-0.125,0.43529411764705883,16
EPS/EFE,fbc,13,1,62.5,0.25,0.6,16
EPS/EFE,fbc,13,2,81.25,0.625,0.8117647058823529,16
EPS/EFE,fbc,13,3,50.0,0.0,0.5,16
EPS/EFE,fbc,13,4,68.75,0.375,0.6862745098039216,16
EPS/EFE,fbc,13,5,62.5,0.25,0.6190476190476191,16
EPS/EFE,fbc,14,1,75.0,0.5,0.746031746031746,16
EPS/EFE,fbc,14,2,43.75,-0.125,0.41700404858299595,16
EPS/EFE,fbc,14,3,56.25,0.125,0.5607843137254902,16
EPS/EFE,fbc,14,4,43.75,-0.125,0.41700404858299595,16
EPS/EFE,fbc,14,5,37.5,-0.25,0.375,16
EPS/EFE,fbc,15,1,43.75,-0.125,0.41700404858299595,16
EPS/EFE,fbc,15,2,43.75,-0.125,0.37662337662337664,16
EPS/EFE,fbc,15,3,50.0,0.0,0.4920634920634921,16
EPS/EFE,fbc,15,4,50.0,0.0,0.5,16
EPS/EFE,fbc,15,5,56.25,0.125,0.5607843137254902,16
EPS/EFE,fbc,16,1,62.5,0.25,0.6,16
EPS/EFE,fbc,16,2,62.5,0.25,0.6190476190476191,16
EPS/EFE,fbc,16,3,62.5,0.25,0.5636363636363637,16
EPS/EFE,fbc,16,4,81.25,0.625,0.8056680161943319,16
EPS/EFE,fbc,16,5,56.25,0.125,0.5465587044534412,16
EPS/EFE,fbc,17,1,75.0,0.5,0.7333333333333334,16
EPS/EFE,fbc,17,2,43.75,-0.125,0.30434782608695654,16
EPS/EFE,fbc,17,3,37.5,-0.25,0.36507936507936506,16
EPS/EFE,fbc,17,4,56.25,0.125,0.5607843137254902,16
EPS/EFE,fbc,17,5,37.5,-0.25,0.36507936507936506,16
EPS/EFE,fbc,18,1,50.0,0.0,0.4666666666666667,16
EPS/EFE,fbc,18,2,56.25,0.125,0.5607843137254902,16
EPS/EFE,fbc,18,3,62.5,0.25,0.6190476190476191,16
EPS/EFE,fbc,18,4,56.25,0.125,0.5607843137254902,16
EPS/EFE,fbc,18,5,56.25,0.125,0.5151515151515151,16
EPS/EFE,raw,1,1,83.33333333333334,0.6666666666666667,0.8328173374613003,18
EPS/EFE,raw,1,2,77.77777777777779,0.5555555555555556,0.775,18
EPS/EFE,raw,1,3,61.111111111111114,0.22222222222222232,0.6,18
EPS/EFE,raw,1,4,50.0,0.0,0.4984520123839009,18
EPS/EFE,raw,1,5,50.0,0.0,0.4984520123839009,18
EPS/EFE,raw,2,1,56.25,0.125,0.5607843137254902,16
EPS/EFE,raw,2,2,37.5,-0.25,0.375,16
EPS/EFE,raw,2,3,56.25,0.125,0.5607843137254902,16
EPS/EFE,raw,2,4,25.0,-0.5,0.25,16
EPS/EFE,raw,2,5,37.5,-0.25,0.36507936507936506,16
EPS/EFE,raw,3,1,50.0,0.0,0.4920634920634921,16
EPS/EFE,raw,3,2,43.75,-0.125,0.43529411764705883,16
EPS/EFE,raw,3,3,37.5,-0.25,0.3333333333333333,16
EPS/EFE,raw,3,4,50.0,0.0,0.4920634920634921,16
EPS/EFE,raw,3,5,62.5,0.25,0.6190476190476191,16
EPS/EFE,raw,4,1,50.0,0.0,0.5,16
EPS/EFE,raw,4,2,50.0,0.0,0.4920634920634921,16
EPS/EFE,raw,4,3,56.25,0.125,0.5151515151515151,16
EPS/EFE,raw,4,4,56.25,0.125,0.5151515151515151,16
EPS/EFE,raw,4,5,37.5,-0.25,0.375,16
EPS/EFE,raw,5,1,56.25,0.125,0.5607843137254902,16
EPS/EFE,raw,5,2,62.5,0.25,0.6190476190476191,16
EPS/EFE,raw,5,3,68.75,0.375,0.6761133603238867,16
EPS/EFE,raw,5,4,25.0,-0.5,0.25,16
EPS/EFE,raw,5,5,37.5,-0.25,0.375,16
EPS/EFE,raw,6,1,68.75,0.375,0.6761133603238867,16
EPS/EFE,raw,6,2,56.25,0.125,0.5607843137254902,16
EPS/EFE,raw,6,3,43.75,-0.125,0.43529411764705883,16
EPS/EFE,raw,6,4,56.25,0.125,0.5465587044534412,16
EPS/EFE,raw,6,5,56.25,0.125,0.5465587044534412,16
EPS/EFE,raw,7,1,62.5,0.25,0.625,16
EPS/EFE,raw,7,2,68.75,0.375,0.6862745098039216,16
EPS/EFE,raw,7,3,56.25,0.125,0.5607843137254902,16
EPS/EFE,raw,7,4,62.5,0.25,0.6190476190476191,16
EPS/EFE,raw,7,5,68.75,0.375,0.6862745098039216,16
EPS/EFE,raw,8,1,50.0,0.0,0.5,16
EPS/EFE,raw,8,2,50.0,0.0,0.5,16
EPS/EFE,raw,8,3,50.0,0.0,0.4920634920634921,16
EPS/EFE,raw,8,4,50.0,0.0,0.4920634920634921,16
EPS/EFE,raw,8,5,56.25,0.125,0.5465587044534412,16
EPS/EFE,raw,9,1,68.75,0.375,0.6761133603238867,16
EPS/EFE,raw,9,2,68.75,0.375,0.6761133603238867,16
EPS/EFE,raw,9,3,56.25,0.125,0.5607843137254902,16
EPS/EFE,raw,9,4,62.5,0.25,0.6190476190476191,16
EPS/EFE,raw,9,5,62.5,0.25,0.6190476190476191,16
EPS/EFE,raw,10,1,43.75,-0.125,0.43529411764705883,16
EPS/EFE,raw,10,2,37.5,-0.25,0.375,16
EPS/EFE,raw,10,3,50.0,0.0,0.5,16
EPS/EFE,raw,10,4,37.5,-0.25,0.36507936507936506,16
EPS/EFE,raw,10,5,50.0,0.0,0.4920634920634921,16
EPS/EFE,raw,11,1,56.25,0.125,0.5465587044534412,16
EPS/EFE,raw,11,2,75.0,0.5,0.7333333333333334,16
EPS/EFE,raw,11,3,56.25,0.125,0.5607843137254902,16
EPS/EFE,raw,11,4,50.0,0.0,0.5,16
EPS/EFE,raw,11,5,75.0,0.5,0.7333333333333334,16
EPS/EFE,raw,12,1,37.5,-0.25,0.36507936507936506,16
EPS/EFE,raw,12,2,43.75,-0.125,0.43529411764705883,16
EPS/EFE,raw,12,3,62.5,0.25,0.6,16
EPS/EFE,raw,12,4,62.5,0.25,0.6190476190476191,16
EPS/EFE,raw,12,5,43.75,-0.125,0.43529411764705883,16
EPS/EFE,raw,13,1,62.5,0.25,0.6,16
EPS/EFE,raw,13,2,50.0,0.0,0.5,16
EPS/EFE,raw,13,3,37.5,-0.25,0.3333333333333333,16
EPS/EFE,raw,13,4,43.75,-0.125,0.41700404858299595,16
EPS/EFE,raw,13,5,37.5,-0.25,0.36507936507936506,16
EPS/EFE,raw,14,1,50.0,0.0,0.4920634920634921,16
EPS/EFE,raw,14,2,56.25,0.125,0.5607843137254902,16
EPS/EFE,raw,14,3,68.75,0.375,0.6862745098039216,16
EPS/EFE,raw,14,4,56.25,0.125,0.5465587044534412,16
EPS/EFE,raw,14,5,56.25,0.125,0.5465587044534412,16
EPS/EFE,raw,15,1,75.0,0.5,0.7333333333333334,16
EPS/EFE,raw,15,2,50.0,0.0,0.4920634920634921,16
EPS/EFE,raw,15,3,50.0,0.0,0.4666666666666667,16
EPS/EFE,raw,15,4,50.0,0.0,0.4666666666666667,16
EPS/EFE,raw,15,5,62.5,0.25,0.6,16
EPS/EFE,raw,16,1,62.5,0.25,0.6,16
EPS/EFE,raw,16,2,68.75,0.375,0.6761133603238867,16
EPS/EFE,raw,16,3,75.0,0.5,0.7333333333333334,16
EPS/EFE,raw,16,4,75.0,0.5,0.746031746031746,16
EPS/EFE,raw,16,5,56.25,0.125,0.5465587044534412,16
EPS/EFE,raw,17,1,68.75,0.375,0.6761133603238867,16
EPS/EFE,raw,17,2,62.5,0.25,0.6,16
EPS/EFE,raw,17,3,50.0,0.0,0.4920634920634921,16
EPS/EFE,raw,17,4,62.5,0.25,0.6190476190476191,16
EPS/EFE,raw,17,5,50.0,0.0,0.4666666666666667,16
EPS/EFE,raw,18,1,43.75,-0.125,0.43529411764705883,16
EPS/EFE,raw,18,2,37.5,-0.25,0.36507936507936506,16
EPS/EFE,raw,18,3,37.5,-0.25,0.36507936507936506,16
EPS/EFE,raw,18,4,62.5,0.25,0.6190476190476191,16
EPS/EFE,raw,18,5,37.5,-0.25,0.36507936507936506,16
EPS/SAA,fbc,1,1,50.0,0.0,0.4984520123839009,18
EPS/SAA,fbc,1,2,66.66666666666666,0.33333333333333326,0.6666666666666666,18
EPS/SAA,fbc,1,3,50.0,0.0,0.4984520123839009,18
EPS/SAA,fbc,1,4,66.66666666666666,0.33333333333333326,0.6666666666666666,18
EPS/SAA,fbc,1,5,66.66666666666666,0.33333333333333326,0.6625,18
EPS/SAA,fbc,2,1,62.5,0.25,0.625,16
EPS/SAA,fbc,2,2,37.5,-0.25,0.375,16
EPS/SAA,fbc,2,3,62.5,0.25,0.6,16
EPS/SAA,fbc,2,4,56.25,0.125,0.5607843137254902,16
EPS/SAA,fbc,2,5,50.0,0.0,0.5,16
EPS/SAA,fbc,3,1,93.75,0.875,0.9372549019607843,16
EPS/SAA,fbc,3,2,100.0,1.0,1.0,16
EPS/SAA,fbc,3,3,81.25,0.625,0.8117647058823529,16
EPS/SAA,fbc,3,4,87.5,0.75,0.875,16
EPS/SAA,fbc,3,5,68.75,0.375,0.6862745098039216,16
EPS/SAA,fbc,4,1,62.5,0.25,0.625,16
EPS/SAA,fbc,4,2,56.25,0.125,0.5465587044534412,16
EPS/SAA,fbc,4,3,68.75,0.375,0.6536796536796536,16
EPS/SAA,fbc,4,4,75.0,0.5,0.7333333333333334,16
EPS/SAA,fbc,4,5,81.25,0.625,0.8056680161943319,16
EPS/SAA,fbc,5,1,62.5,0.25,0.6190476190476191,16
EPS/SAA,fbc,5,2,50.0,0.0,0.4666666666666667,16
EPS/SAA,fbc,5,3,62.5,0.25,0.6190476190476191,16
EPS/SAA,fbc,5,4,37.5,-0.25,0.375,16
EPS/SAA,fbc,5,5,37.5,-0.25,0.3333333333333333,16
EPS/SAA,fbc,6,1,87.5,0.75,0.875,16
EPS/SAA,fbc,6,2,62.5,0.25,0.6190476190476191,16
EPS/SAA,fbc,6,3,43.75,-0.125,0.41700404858299595,16
EPS/SAA,fbc,6,4,68.75,0.375,0.6862745098039216,16
EPS/SAA,fbc,6,5,50.0,0.0,0.4920634920634921,16
EPS/SAA,fbc,7,1,75.0,0.5,0.746031746031746,16
EPS/SAA,fbc,7,2,93.75,0.875,0.9372549019607843,16
EPS/SAA,fbc,7,3,81.25,0.625,0.8056680161943319,16
EPS/SAA,fbc,7,4,68.75,0.375,0.6761133603238867,16
EPS/SAA,fbc,7,5,81.25,0.625,0.8117647058823529,16
EPS/SAA,fbc,8,1,56.25,0.125,0.5151515151515151,16
EPS/SAA,fbc,8,2,50.0,0.0,0.4666666666666667,16
EPS/SAA,fbc,8,3,43.75,-0.125,0.41700404858299595,16
EPS/SAA,fbc,8,4,43.75,-0.125,0.43529411764705883,16
EPS/SAA,fbc,8,5,31.25,-0.375,0.30980392156862746,16
EPS/SAA,fbc,9,1,62.5,0.25,0.6190476190476191,16
EPS/SAA,fbc,9,2,56.25,0.125,0.5607843137254902,16
EPS/SAA,fbc,9,3,62.5,0.25,0.6190476190476191,16
EPS/SAA,fbc,9,4,56.25,0.125,0.5465587044534412,16
EPS/SAA,fbc,9,5,68.75,0.375,0.6761133603238867,16
EPS/SAA,fbc,10,1,50.0,0.0,0.5,16
EPS/SAA,fbc,10,2,68.75,0.375,0.6862745098039216,16
EPS/SAA,fbc,10,3,62.5,0.25,0.6190476190476191,16
EPS/SAA,fbc,10,4,31.25,-0.375,0.2874493927125506,16
EPS/SAA,fbc,10,5,56.25,0.125,0.5607843137254902,16
EPS/SAA,fbc,11,1,43.75,-0.125,0.41700404858299595,16
EPS/SAA,fbc,11,2,50.0,0.0,0.5,16
EPS/SAA,fbc,11,3,31.25,-0.375,0.30980392156862746,16
EPS/SAA,fbc,11,4,56.25,0.125,0.5465587044534412,16
EPS/SAA,fbc,11,5,56.25,0.125,0.5607843137254902,16
EPS/SAA,fbc,12,1,50.0,0.0,0.4666666666666667,16
EPS/SAA,fbc,12,2,62.5,0.25,0.6,16
EPS/SAA,fbc,12,3,43.75,-0.125,0.43529411764705883,16
EPS/SAA,fbc,12,4,56.25,0.125,0.5607843137254902,16
EPS/SAA,fbc,12,5,68.75,0.375,0.6761133603238867,16
EPS/SAA,fbc,13,1,81.25,0.625,0.8117647058823529,16
EPS/SAA,fbc,13,2,62.5,0.25,0.6,16
EPS/SAA,fbc,13,3,56.25,0.125,0.5465587044534412,16
EPS/SAA,fbc,13,4,62.5,0.25,0.6190476190476191,16
EPS/SAA,fbc,13,5,68.75,0.375,0.6862745098039216,16
EPS/SAA,fbc,14,1,68.75,0.375,0.6761133603238867,16
EPS/SAA,fbc,14,2,68.75,0.375,0.6536796536796536,16
EPS/SAA,fbc,14,3,75.0,0.5,0.75,16
EPS/SAA,fbc,14,4,56.25,0.125,0.5607843137254902,16
EPS/SAA,fbc,14,5,56.25,0.125,0.45893719806763283,16
EPS/SAA,fbc,15,1,37.5,-0.25,0.36507936507936506,16
EPS/SAA,fbc,15,2,62.5,0.25,0.625,16
EPS/SAA,fbc,15,3,43.75,-0.125,0.43529411764705883,16
EPS/SAA,fbc,15,4,43.75,-0.125,0.41700404858299595,16
EPS/SAA,fbc,15,5,50.0,0.0,0.4920634920634921,16
EPS/SAA,fbc,16,1,62.5,0.25,0.625,16
EPS/SAA,fbc,16,2,75.0,0.5,0.75,16
EPS/SAA,fbc,16,3,68.75,0.375,0.6536796536796536,16
EPS/SAA,fbc,16,4,62.5,0.25,0.6,16
EPS/SAA,fbc,16,5,43.75,-0.125,0.41700404858299595,16
EPS/SAA,fbc,17,1,43.75,-0.125,0.41700404858299595,16
EPS/SAA,fbc,17,2,56.25,0.125,0.5151515151515151,16
EPS/SAA,fbc,17,3,75.0,0.5,0.746031746031746,16
EPS/SAA,fbc,17,4,50.0,0.0,0.5,16
EPS/SAA,fbc,17,5,68.75,0.375,0.6862745098039216,16
EPS/SAA,fbc,18,1,75.0,0.5,0.746031746031746,16
EPS/SAA,fbc,18,2,87.5,0.75,0.873015873015873,16
EPS/SAA,fbc,18,3,68.75,0.375,0.6761133603238867,16
EPS/SAA,fbc,18,4,56.25,0.125,0.5151515151515151,16
EPS/SAA,fbc,18,5,81.25,0.625,0.8056680161943319,16
EPS/SAA,raw,1,1,55.55555555555556,0.11111111111111116,0.5555555555555556,18
EPS/SAA,raw,1,2,61.111111111111114,0.22222222222222232,0.609907120743034,18
EPS/SAA,raw,1,3,44.44444444444444,-0.11111111111111116,0.41558441558441556,18
EPS/SAA,raw,1,4,66.66666666666666,0.33333333333333326,0.6625,18
EPS/SAA,raw,1,5,66.66666666666666,0.33333333333333326,0.6625,18
EPS/SAA,raw,2,1,68.75,0.375,0.6862745098039216,16
EPS/SAA,raw,2,2,56.25,0.125,0.5607843137254902,16
EPS/SAA,raw,2,3,62.5,0.25,0.6190476190476191,16
EPS/SAA,raw,2,4,75.0,0.5,0.746031746031746,16
EPS/SAA,raw,2,5,68.75,0.375,0.6862745098039216,16
EPS/SAA,raw,3,1,87.5,0.75,0.873015873015873,16
EPS/SAA,raw,3,2,93.75,0.875,0.9372549019607843,16
EPS/SAA,raw,3,3,68.75,0.375,0.6761133603238867,16
EPS/SAA,raw,3,4,75.0,0.5,0.75,16
EPS/SAA,raw,3,5,81.25,0.625,0.8117647058823529,16
EPS/SAA,raw,4,1,68.75,0.375,0.6862745098039216,16
EPS/SAA,raw,4,2,75.0,0.5,0.746031746031746,16
EPS/SAA,raw,4,3,62.5,0.25,0.6,16
EPS/SAA,raw,4,4,81.25,0.625,0.8056680161943319,16
EPS/SAA,raw,4,5,68.75,0.375,0.6862745098039216,16
EPS/SAA,raw,5,1,56.25,0.125,0.5151515151515151,16
EPS/SAA,raw,5,2,56.25,0.125,0.5465587044534412,16
EPS/SAA,raw,5,3,50.0,0.0,0.5,16
EPS/SAA,raw,5,4,31.25,-0.375,0.30980392156862746,16
EPS/SAA,raw,5,5,37.5,-0.25,0.375,16
EPS/SAA,raw,6,1,87.5,0.75,0.873015873015873,16
EPS/SAA,raw,6,2,50.0,0.0,0.4920634920634921,16
EPS/SAA,raw,6,3,50.0,0.0,0.5,16
EPS/SAA,raw,6,4,75.0,0.5,0.7333333333333334,16
EPS/SAA,raw,6,5,68.75,0.375,0.6862745098039216,16
EPS/SAA,raw,7,1,75.0,0.5,0.7333333333333334,16
EPS/SAA,raw,7,2,81.25,0.625,0.8117647058823529,16
EPS/SAA,raw,7,3,68.75,0.375,0.6862745098039216,16
EPS/SAA,raw,7,4,87.5,0.75,0.875,16
EPS/SAA,raw,7,5,81.25,0.625,0.8117647058823529,16
EPS/SAA,raw,8,1,43.75,-0.125,0.43529411764705883,16
EPS/SAA,raw,8,2,50.0,0.0,0.4181818181818182,16
EPS/SAA,raw,8,3,37.5,-0.25,0.375,16
EPS/SAA,raw,8,4,31.25,-0.375,0.30980392156862746,16
EPS/SAA,raw,8,5,37.5,-0.25,0.36507936507936506,16
EPS/SAA,raw,9,1,56.25,0.125,0.5465587044534412,16
EPS/SAA,raw,9,2,56.25,0.125,0.5465587044534412,16
EPS/SAA,raw,9,3,56.25,0.125,0.5607843137254902,16
EPS/SAA,raw,9,4,87.5,0.75,0.875,16
EPS/SAA,raw,9,5,50.0,0.0,0.4920634920634921,16
EPS/SAA,raw,10,1,43.75,-0.125,0.43529411764705883,16
EPS/SAA,raw,10,2,43.75,-0.125,0.43529411764705883,16
EPS/SAA,raw,10,3,62.5,0.25,0.6190476190476191,16
EPS/SAA,raw,10,4,31.25,-0.375,0.23809523809523808,16
EPS/SAA,raw,10,5,43.75,-0.125,0.43529411764705883,16
EPS/SAA,raw,11,1,62.5,0.25,0.625,16
EPS/SAA,raw,11,2,68.75,0.375,0.6862745098039216,16
EPS/SAA,raw,11,3,62.5,0.25,0.6190476190476191,16
EPS/SAA,raw,11,4,50.0,0.0,0.4666666666666667,16
EPS/SAA,raw,11,5,68.75,0.375,0.6862745098039216,16
EPS/SAA,raw,12,1,56.25,0.125,0.5607843137254902,16
EPS/SAA,raw,12,2,75.0,0.5,0.746031746031746,16
EPS/SAA,raw,12,3,37.5,-0.25,0.375,16
EPS/SAA,raw,12,4,62.5,0.25,0.625,16
EPS/SAA,raw,12,5,62.5,0.25,0.625,16
EPS/SAA,raw,13,1,56.25,0.125,0.5465587044534412,16
EPS/SAA,raw,13,2,62.5,0.25,0.6190476190476191,16
EPS/SAA,raw,13,3,31.25,-0.375,0.30980392156862746,16
EPS/SAA,raw,13,4,62.5,0.25,0.625,16
EPS/SAA,raw,13,5,62.5,0.25,0.6,16
EPS/SAA,raw,14,1,43.75,-0.125,0.41700404858299595,16
EPS/SAA,raw,14,2,62.5,0.25,0.6190476190476191,16
EPS/SAA,raw,14,3,56.25,0.125,0.5465587044534412,16
EPS/SAA,raw,14,4,50.0,0.0,0.4920634920634921,16
EPS/SAA,raw,14,5,37.5,-0.25,0.3333333333333333,16
EPS/SAA,raw,15,1,43.75,-0.125,0.41700404858299595,16
EPS/SAA,raw,15,2,50.0,0.0,0.4920634920634921,16
EPS/SAA,raw,15,3,18.75,-0.625,0.1843137254901961,16
EPS/SAA,raw,15,4,56.25,0.125,0.5607843137254902,16
EPS/SAA,raw,15,5,50.0,0.0,0.5,16
EPS/SAA,raw,16,1,50.0,0.0,0.5,16
EPS/SAA,raw,16,2,68.75,0.375,0.6862745098039216,16
EPS/SAA,raw,16,3,75.0,0.5,0.746031746031746,16
EPS/SAA,raw,16,4,75.0,0.5,0.75,16
EPS/SAA,raw,16,5,50.0,0.0,0.4181818181818182,16
EPS/SAA,raw,17,1,31.25,-0.375,0.30980392156862746,16
EPS/SAA,raw,17,2,75.0,0.5,0.7333333333333334,16
EPS/SAA,raw,17,3,56.25,0.125,0.5607843137254902,16
EPS/SAA,raw,17,4,56.25,0.125,0.5607843137254902,16
EPS/SAA,raw,17,5,75.0,0.5,0.75,16
EPS/SAA,raw,18,1,75.0,0.5,0.746031746031746,16
EPS/SAA,raw,18,2,87.5,0.75,0.875,16
EPS/SAA,raw,18,3,93.75,0.875,0.9372549019607843,16
EPS/SAA,raw,18,4,62.5,0.25,0.625,16
EPS/SAA,raw,18,5,81.25,0.625,0.8117647058823529,16
EPS/SFE,fbc,1,1,50.0,0.0,0.4984520123839009,18
EPS/SFE,fbc,1,2,44.44444444444444,-0.11111111111111116,0.4375,18
EPS/SFE,fbc,1,3,61.111111111111114,0.22222222222222232,0.5785953177257526,18
EPS/SFE,fbc,1,4,50.0,0.0,0.4984520123839009,18
EPS/SFE,fbc,1,5,44.44444444444444,-0.11111111111111116,0.41558441558441556,18
EPS/SFE,fbc,2,1,75.0,0.5,0.75,16
EPS/SFE,fbc,2,2,37.5,-0.25,0.36507936507936506,16
EPS/SFE,fbc,2,3,56.25,0.125,0.5465587044534412,16
EPS/SFE,fbc,2,4,50.0,0.0,0.4920634920634921,16
EPS/SFE,fbc,2,5,50.0,0.0,0.5,16
EPS/SFE,fbc,3,1,75.0,0.5,0.746031746031746,16
EPS/SFE,fbc,3,2,68.75,0.375,0.6761133603238867,16
EPS/SFE,fbc,3,3,81.25,0.625,0.8117647058823529,16
EPS/SFE,fbc,3,4,75.0,0.5,0.746031746031746,16
EPS/SFE,fbc,3,5,62.5,0.25,0.6190476190476191,16
EPS/SFE,fbc,4,1,75.0,0.5,0.75,16
EPS/SFE,fbc,4,2,68.75,0.375,0.6761133603238867,16
EPS/SFE,fbc,4,3,56.25,0.125,0.5465587044534412,16
EPS/SFE,fbc,4,4,75.0,0.5,0.746031746031746,16
EPS/SFE,fbc,4,5,81.25,0.625,0.8117647058823529,16
EPS/SFE,fbc,5,1,64.70588235294117,0.27142857142857146,0.6136363636363636,17
EPS/SFE,fbc,5,2,81.25,0.625,0.8056680161943319,16
EPS/SFE,fbc,5,3,50.0,0.0,0.4920634920634921,16
EPS/SFE,fbc,5,4,50.0,0.0,0.4666666666666667,16
EPS/SFE,fbc,5,5,56.25,0.125,0.5151515151515151,16
EPS/SFE,fbc,6,1,62.5,0.25,0.625,16
EPS/SFE,fbc,6,2,68.75,0.375,0.6761133603238867,16
EPS/SFE,fbc,6,3,68.75,0.375,0.6862745098039216,16
EPS/SFE,fbc,6,4,50.0,0.0,0.5,16
EPS/SFE,fbc,6,5,75.0,0.5,0.746031746031746,16
EPS/SFE,fbc,7,1,68.75,0.375,0.6536796536796536,16
EPS/SFE,fbc,7,2,68.75,0.375,0.6761133603238867,16
EPS/SFE,fbc,7,3,62.5,0.25,0.6,16
EPS/SFE,fbc,7,4,37.5,-0.25,0.3333333333333333,16
EPS/SFE,fbc,7,5,81.25,0.625,0.8117647058823529,16
EPS/SFE,fbc,8,1,56.25,0.125,0.5607843137254902,16
EPS/SFE,fbc,8,2,50.0,0.0,0.4920634920634921,16
EPS/SFE,fbc,8,3,37.5,-0.25,0.3333333333333333,16
EPS/SFE,fbc,8,4,56.25,0.125,0.5607843137254902,16
EPS/SFE,fbc,8,5,62.5,0.25,0.6,16
EPS/SFE,fbc,9,1,43.75,-0.125,0.37662337662337664,16
EPS/SFE,fbc,9,2,62.5,0.25,0.5636363636363637,16
EPS/SFE,fbc,9,3,43.75,-0.125,0.41700404858299595,16
EPS/SFE,fbc,9,4,56.25,0.125,0.5607843137254902,16
EPS/SFE,fbc,9,5,56.25,0.125,0.5151515151515151,16
EPS/SFE,fbc,10,1,81.25,0.625,0.8056680161943319,16
EPS/SFE,fbc,10,2,50.0,0.0,0.4666666666666667,16
EPS/SFE,fbc,10,3,62.5,0.25,0.625,16
EPS/SFE,fbc,10,4,43.75,-0.125,0.41700404858299595,16
EPS/SFE,fbc,10,5,75.0,0.5,0.75,16
EPS/SFE,fbc,11,1,56.25,0.125,0.5151515151515151,16
EPS/SFE,fbc,11,2,50.0,0.0,0.5,16
EPS/SFE,fbc,11,3,50.0,0.0,0.4920634920634921,16
EPS/SFE,fbc,11,4,56.25,0.125,0.5465587044534412,16
EPS/SFE,fbc,11,5,50.0,0.0,0.4920634920634921,16
EPS/SFE,fbc,12,1,50.0,0.0,0.5,16
EPS/SFE,fbc,12,2,37.5,-0.25,0.3333333333333333,16
EPS/SFE,fbc,12,3,43.75,-0.125,0.37662337662337664,16
EPS/SFE,fbc,12,4,37.5,-0.25,0.375,16
EPS/SFE,fbc,12,5,37.5,-0.25,0.36507936507936506,16
EPS/SFE,fbc,13,1,68.75,0.375,0.6862745098039216,16
EPS/SFE,fbc,13,2,68.75,0.375,0.6862745098039216,16
EPS/SFE,fbc,13,3,37.5,-0.25,0.36507936507936506,16
EPS/SFE,fbc,13,4,56.25,0.125,0.5607843137254902,16
EPS/SFE,fbc,13,5,75.0,0.5,0.7333333333333334,16
EPS/SFE,fbc,14,1,50.0,0.0,0.4666666666666667,16
EPS/SFE,fbc,14,2,31.25,-0.375,0.23809523809523808,16
EPS/SFE,fbc,14,3,43.75,-0.125,0.43529411764705883,16
EPS/SFE,fbc,14,4,62.5,0.25,0.6,16
EPS/SFE,fbc,14,5,50.0,0.0,0.4920634920634921,16
EPS/SFE,fbc,15,1,37.5,-0.25,0.36507936507936506,16
EPS/SFE,fbc,15,2,43.75,-0.125,0.43529411764705883,16
EPS/SFE,fbc,15,3,37.5,-0.25,0.36507936507936506,16
EPS/SFE,fbc,15,4,43.75,-0.125,0.41700404858299595,16
EPS/SFE,fbc,15,5,31.25,-0.375,0.30980392156862746,16
EPS/SFE,fbc,16,1,62.5,0.25,0.625,16
EPS/SFE,fbc,16,2,75.0,0.5,0.75,16
EPS/SFE,fbc,16,3,75.0,0.5,0.75,16
EPS/SFE,fbc,16,4,62.5,0.25,0.6,16
EPS/SFE,fbc,16,5,43.75,-0.125,0.37662337662337664,16
EPS/SFE,fbc,17,1,50.0,0.0,0.4666666666666667,16
EPS/SFE,fbc,17,2,50.0,0.0,0.4666666666666667,16
EPS/SFE,fbc,17,3,62.5,0.25,0.625,16
EPS/SFE,fbc,17,4,68.75,0.375,0.6862745098039216,16
EPS/SFE,fbc,17,5,62.5,0.25,0.6190476190476191,16
EPS/SFE,fbc,18,1,75.0,0.5,0.75,16
EPS/SFE,fbc,18,2,68.75,0.375,0.6862745098039216,16
EPS/SFE,fbc,18,3,75.0,0.5,0.746031746031746,16
EPS/SFE,fbc,18,4,75.0,0.5,0.746031746031746,16
EPS/SFE,fbc,18,5,81.25,0.625,0.8117647058823529,16
EPS/SFE,raw,1,1,27.77777777777778,-0.4444444444444444,0.27554179566563464,18
EPS/SFE,raw,1,2,38.88888888888889,-0.2222222222222222,0.38699690402476783,18
EPS/SFE,raw,1,3,61.111111111111114,0.22222222222222232,0.6,18
EPS/SFE,raw,1,4,50.0,0.0,0.4984520123839009,18
EPS/SFE,raw,1,5,66.66666666666666,0.33333333333333326,0.6625,18
EPS/SFE,raw,2,1,81.25,0.625,0.8117647058823529,16
EPS/SFE,raw,2,2,43.75,-0.125,0.43529411764705883,16
EPS/SFE,raw,2,3,62.5,0.25,0.6190476190476191,16
EPS/SFE,raw,2,4,62.5,0.25,0.6,16
EPS/SFE,raw,2,5,56.25,0.125,0.5607843137254902,16
EPS/SFE,raw,3,1,68.75,0.375,0.6761133603238867,16
EPS/SFE,raw,3,2,62.5,0.25,0.625,16
EPS/SFE,raw,3,3,81.25,0.625,0.8117647058823529,16
EPS/SFE,raw,3,4,81.25,0.625,0.8117647058823529,16
EPS/SFE,raw,3,5,75.0,0.5,0.75,16
EPS/SFE,raw,4,1,62.5,0.25,0.6190476190476191,16
EPS/SFE,raw,4,2,68.75,0.375,0.6536796536796536,16
EPS/SFE,raw,4,3,75.0,0.5,0.75,16
EPS/SFE,raw,4,4,68.75,0.375,0.6862745098039216,16
EPS/SFE,raw,4,5,68.75,0.375,0.6862745098039216,16
EPS/SFE,raw,5,1,35.294117647058826,-0.3262411347517729,0.315018315018315,17
EPS/SFE,raw,5,2,68.75,0.375,0.6761133603238867,16
EPS/SFE,raw,5,3,50.0,0.0,0.4181818181818182,16
EPS/SFE,raw,5,4,50.0,0.0,0.4666666666666667,16
EPS/SFE,raw,5,5,37.5,-0.25,0.36507936507936506,16
EPS/SFE,raw,6,1,68.75,0.375,0.6862745098039216,16
EPS/SFE,raw,6,2,75.0,0.5,0.746031746031746,16
EPS/SFE,raw,6,3,81.25,0.625,0.8117647058823529,16
EPS/SFE,raw,6,4,50.0,0.0,0.5,16
EPS/SFE,raw,6,5,62.5,0.25,0.625,16
EPS/SFE,raw,7,1,75.0,0.5,0.75,16
EPS/SFE,raw,7,2,68.75,0.375,0.6761133603238867,16
EPS/SFE,raw,7,3,87.5,0.75,0.875,16
EPS/SFE,raw,7,4,62.5,0.25,0.6190476190476191,16
EPS/SFE,raw,7,5,62.5,0.25,0.625,16
EPS/SFE,raw,8,1,50.0,0.0,0.4666666666666667,16
EPS/SFE,raw,8,2,50.0,0.0,0.5,16
EPS/SFE,raw,8,3,50.0,0.0,0.4666666666666667,16
EPS/SFE,raw,8,4,68.75,0.375,0.6536796536796536,16
EPS/SFE,raw,8,5,50.0,0.0,0.4920634920634921,16
EPS/SFE,raw,9,1,50.0,0.0,0.4666666666666667,16
EPS/SFE,raw,9,2,37.5,-0.25,0.36507936507936506,16
EPS/SFE,raw,9,3,50.0,0.0,0.5,16
EPS/SFE,raw,9,4,43.75,-0.125,0.43529411764705883,16
EPS/SFE,raw,9,5,50.0,0.0,0.4666666666666667,16
EPS/SFE,raw,10,1,62.5,0.25,0.6190476190476191,16
EPS/SFE,raw,10,2,56.25,0.125,0.5465587044534412,16
EPS/SFE,raw,10,3,56.25,0.125,0.5607843137254902,16
EPS/SFE,raw,10,4,50.0,0.0,0.4920634920634921,16
EPS/SFE,raw,10,5,62.5,0.25,0.6190476190476191,16
EPS/SFE,raw,11,1,62.5,0.25,0.6190476190476191,16
EPS/SFE,raw,11,2,43.75,-0.125,0.43529411764705883,16
EPS/SFE,raw,11,3,56.25,0.125,0.5151515151515151,16
EPS/SFE,raw,11,4,43.75,-0.125,0.41700404858299595,16
EPS/SFE,raw,11,5,56.25,0.125,0.5607843137254902,16
EPS/SFE,raw,12,1,56.25,0.125,0.5465587044534412,16
EPS/SFE,raw,12,2,50.0,0.0,0.4666666666666667,16
EPS/SFE,raw,12,3,43.75,-0.125,0.41700404858299595,16
EPS/SFE,raw,12,4,56.25,0.125,0.5607843137254902,16
EPS/SFE,raw,12,5,31.25,-0.375,0.30980392156862746,16
EPS/SFE,raw,13,1,68.75,0.375,0.6536796536796536,16
EPS/SFE,raw,13,2,56.25,0.125,0.5607843137254902,16
EPS/SFE,raw,13,3,62.5,0.25,0.6190476190476191,16
EPS/SFE,raw,13,4,50.0,0.0,0.4920634920634921,16
EPS/SFE,raw,13,5,75.0,0.5,0.746031746031746,16
EPS/SFE,raw,14,1,68.75,0.375,0.6862745098039216,16
EPS/SFE,raw,14,2,43.75,-0.125,0.43529411764705883,16
EPS/SFE,raw,14,3,43.75,-0.125,0.43529411764705883,16
EPS/SFE,raw,14,4,56.25,0.125,0.5607843137254902,16
EPS/SFE,raw,14,5,68.75,0.375,0.6761133603238867,16
EPS/SFE,raw,15,1,56.25,0.125,0.5151515151515151,16
EPS/SFE,raw,15,2,31.25,-0.375,0.30980392156862746,16
EPS/SFE,raw,15,3,37.5,-0.25,0.36507936507936506,16
EPS/SFE,raw,15,4,50.0,0.0,0.4920634920634921,16
EPS/SFE,raw,15,5,50.0,0.0,0.4666666666666667,16
EPS/SFE,raw,16,1,62.5,0.25,0.6190476190476191,16
EPS/SFE,raw,16,2,81.25,0.625,0.8056680161943319,16
EPS/SFE,raw,16,3,68.75,0.375,0.6536796536796536,16
EPS/SFE,raw,16,4,50.0,0.0,0.4666666666666667,16
EPS/SFE,raw,16,5,37.5,-0.25,0.3333333333333333,16
EPS/SFE,raw,17,1,43.75,-0.125,0.41700404858299595,16
EPS/SFE,raw,17,2,62.5,0.25,0.6190476190476191,16
EPS/SFE,raw,17,3,43.75,-0.125,0.43529411764705883,16
EPS/SFE,raw,17,4,62.5,0.25,0.625,16
EPS/SFE,raw,17,5,50.0,0.0,0.4920634920634921,16
EPS/SFE,raw,18,1,81.25,0.625,0.8117647058823529,16
EPS/SFE,raw,18,2,62.5,0.25,0.6,16
EPS/SFE,raw,18,3,81.25,0.625,0.8056680161943319,16
EPS/SFE,raw,18,4,62.5,0.25,0.6190476190476191,16
EPS/SFE,raw,18,5,75.0,0.5,0.746031746031746,16
EPS/SPS,fbc,1,1,61.111111111111114,0.22222222222222232,0.609907120743034,18
EPS/SPS,fbc,1,2,66.66666666666666,0.33333333333333326,0.6625,18
EPS/SPS,fbc,1,3,50.0,0.0,0.4581939799331104,18
EPS/SPS,fbc,1,4,55.55555555555556,0.11111111111111116,0.55,18
EPS/SPS,fbc,1,5,55.55555555555556,0.11111111111111116,0.55,18
EPS/SPS,fbc,2,1,31.25,-0.375,0.2874493927125506,16
EPS/SPS,fbc,2,2,56.25,0.125,0.5607843137254902,16
EPS/SPS,fbc,2,3,37.5,-0.25,0.36507936507936506,16
EPS/SPS,fbc,2,4,43.75,-0.125,0.43529411764705883,16
EPS/SPS,fbc,2,5,62.5,0.25,0.6,16
EPS/SPS,fbc,3,1,68.75,0.375,0.6536796536796536,16
EPS/SPS,fbc,3,2,81.25,0.625,0.8056680161943319,16
EPS/SPS,fbc,3,3,81.25,0.625,0.8056680161943319,16
EPS/SPS,fbc,3,4,75.0,0.5,0.746031746031746,16
EPS/SPS,fbc,3,5,62.5,0.25,0.6,16
EPS/SPS,fbc,4,1,56.25,0.125,0.5465587044534412,16
EPS/SPS,fbc,4,2,56.25,0.125,0.5465587044534412,16
EPS/SPS,fbc,4,3,62.5,0.25,0.625,16
EPS/SPS,fbc,4,4,43.75,-0.125,0.43529411764705883,16
EPS/SPS,fbc,4,5,68.75,0.375,0.6862745098039216,16
EPS/SPS,fbc,5,1,62.5,0.25,0.625,16
EPS/SPS,fbc,5,2,68.75,0.375,0.6761133603238867,16
EPS/SPS,fbc,5,3,50.0,0.0,0.4920634920634921,16
EPS/SPS,fbc,5,4,62.5,0.25,0.6190476190476191,16
EPS/SPS,fbc,5,5,31.25,-0.375,0.30980392156862746,16
EPS/SPS,fbc,6,1,87.5,0.75,0.875,16
EPS/SPS,fbc,6,2,43.75,-0.125,0.43529411764705883,16
EPS/SPS,fbc,6,3,37.5,-0.25,0.36507936507936506,16
EPS/SPS,fbc,6,4,68.75,0.375,0.6862745098039216,16
EPS/SPS,fbc,6,5,50.0,0.0,0.5,16
EPS/SPS,fbc,7,1,87.5,0.75,0.875,16
EPS/SPS,fbc,7,2,87.5,0.75,0.873015873015873,16
EPS/SPS,fbc,7,3,62.5,0.25,0.6,16
EPS/SPS,fbc,7,4,68.75,0.375,0.6862745098039216,16
EPS/SPS,fbc,7,5,75.0,0.5,0.746031746031746,16
EPS/SPS,fbc,8,1,75.0,0.5,0.75,16
EPS/SPS,fbc,8,2,56.25,0.125,0.5607843137254902,16
EPS/SPS,fbc,8,3,43.75,-0.125,0.43529411764705883,16
EPS/SPS,fbc,8,4,50.0,0.0,0.5,16
EPS/SPS,fbc,8,5,56.25,0.125,0.5465587044534412,16
EPS/SPS,fbc,9,1,68.75,0.375,0.6862745098039216,16
EPS/SPS,fbc,9,2,62.5,0.25,0.6190476190476191,16
EPS/SPS,fbc,9,3,62.5,0.25,0.625,16
EPS/SPS,fbc,9,4,75.0,0.5,0.75,16
EPS/SPS,fbc,9,5,56.25,0.125,0.5465587044534412,16
EPS/SPS,fbc,10,1,75.0,0.5,0.746031746031746,16
EPS/SPS,fbc,10,2,68.75,0.375,0.6862745098039216,16
EPS/SPS,fbc,10,3,75.0,0.5,0.746031746031746,16
EPS/SPS,fbc,10,4,56.25,0.125,0.5607843137254902,16
EPS/SPS,fbc,10,5,62.5,0.25,0.6190476190476191,16
EPS/SPS,fbc,11,1,62.5,0.25,0.6190476190476191,16
EPS/SPS,fbc,11,2,50.0,0.0,0.5,16
EPS/SPS,fbc,11,3,56.25,0.125,0.5607843137254902,16
EPS/SPS,fbc,11,4,68.75,0.375,0.6761133603238867,16
EPS/SPS,fbc,11,5,56.25,0.125,0.5151515151515151,16
EPS/SPS,fbc,12,1,68.75,0.375,0.6862745098039216,16
EPS/SPS,fbc,12,2,56.25,0.125,0.5607843137254902,16
EPS/SPS,fbc,12,3,50.0,0.0,0.4920634920634921,16
EPS/SPS,fbc,12,4,56.25,0.125,0.5607843137254902,16
EPS/SPS,fbc,12,5,43.75,-0.125,0.37662337662337664,16
EPS/SPS,fbc,13,1,87.5,0.75,0.873015873015873,16
EPS/SPS,fbc,13,2,56.25,0.125,0.5465587044534412,16
EPS/SPS,fbc,13,3,68.75,0.375,0.6761133603238867,16
EPS/SPS,fbc,13,4,56.25,0.125,0.5607843137254902,16
EPS/SPS,fbc,13,5,62.5,0.25,0.625,16
EPS/SPS,fbc,14,1,25.0,-0.5,0.23809523809523808,16
EPS/SPS,fbc,14,2,50.0,0.0,0.4920634920634921,16
EPS/SPS,fbc,14,3,37.5,-0.25,0.3333333333333333,16
EPS/SPS,fbc,14,4,37.5,-0.25,0.36507936507936506,16
EPS/SPS,fbc,14,5,50.0,0.0,0.4920634920634921,16
EPS/SPS,fbc,15,1,56.25,0.125,0.5607843137254902,16
EPS/SPS,fbc,15,2,43.75,-0.125,0.43529411764705883,16
EPS/SPS,fbc,15,3,50.0,0.0,0.4666666666666667,16
EPS/SPS,fbc,15,4,56.25,0.125,0.5607843137254902,16
EPS/SPS,fbc,15,5,56.25,0.125,0.5465587044534412,16
EPS/SPS,fbc,16,1,50.0,0.0,0.4920634920634921,16
EPS/SPS,fbc,16,2,56.25,0.125,0.5607843137254902,16
EPS/SPS,fbc,16,3,50.0,0.0,0.4920634920634921,16
EPS/SPS,fbc,16,4,62.5,0.25,0.5636363636363637,16
EPS/SPS,fbc,16,5,50.0,0.0,0.5,16
EPS/SPS,fbc,17,1,81.25,0.625,0.8117647058823529,16
EPS/SPS,fbc,17,2,56.25,0.125,0.5465587044534412,16
EPS/SPS,fbc,17,3,50.0,0.0,0.4920634920634921,16
EPS/SPS,fbc,17,4,50.0,0.0,0.5,16
EPS/SPS,fbc,17,5,50.0,0.0,0.5,16
EPS/SPS,fbc,18,1,68.75,0.375,0.6761133603238867,16
EPS/SPS,fbc,18,2,62.5,0.25,0.6,16
EPS/SPS,fbc,18,3,56.25,0.125,0.5607843137254902,16
EPS/SPS,fbc,18,4,56.25,0.125,0.5607843137254902,16
EPS/SPS,fbc,18,5,75.0,0.5,0.746031746031746,16
EPS/SPS,raw,1,1,38.88888888888889,-0.2222222222222222,0.38699690402476783,18
EPS/SPS,raw,1,2,61.111111111111114,0.22222222222222232,0.609907120743034,18
EPS/SPS,raw,1,3,44.44444444444444,-0.11111111111111116,0.4375,18
EPS/SPS,raw,1,4,44.44444444444444,-0.11111111111111116,0.4375,18
EPS/SPS,raw,1,5,55.55555555555556,0.11111111111111116,0.55,18
EPS/SPS,raw,2,1,50.0,0.0,0.4181818181818182,16
EPS/SPS,raw,2,2,56.25,0.125,0.5607843137254902,16
EPS/SPS,raw,2,3,56.25,0.125,0.5607843137254902,16
EPS/SPS,raw,2,4,56.25,0.125,0.5465587044534412,16
EPS/SPS,raw,2,5,50.0,0.0,0.4666666666666667,16
EPS/SPS,raw,3,1,62.5,0.25,0.6190476190476191,16
EPS/SPS,raw,3,2,68.75,0.375,0.6862745098039216,16
EPS/SPS,raw,3,3,56.25,0.125,0.5151515151515151,16
EPS/SPS,raw,3,4,75.0,0.5,0.75,16
EPS/SPS,raw,3,5,56.25,0.125,0.5607843137254902,16
EPS/SPS,raw,4,1,68.75,0.375,0.6862745098039216,16
EPS/SPS,raw,4,2,68.75,0.375,0.6761133603238867,16
EPS/SPS,raw,4,3,50.0,0.0,0.4920634920634921,16
EPS/SPS,raw,4,4,75.0,0.5,0.746031746031746,16
EPS/SPS,raw,4,5,62.5,0.25,0.6190476190476191,16
EPS/SPS,raw,5,1,62.5,0.25,0.6190476190476191,16
EPS/SPS,raw,5,2,81.25,0.625,0.8117647058823529,16
EPS/SPS,raw,5,3,62.5,0.25,0.6190476190476191,16
EPS/SPS,raw,5,4,56.25,0.125,0.5607843137254902,16
EPS/SPS,raw,5,5,25.0,-0.5,0.23809523809523808,16
EPS/SPS,raw,6,1,62.5,0.25,0.6,16
EPS/SPS,raw,6,2,50.0,0.0,0.4920634920634921,16
EPS/SPS,raw,6,3,43.75,-0.125,0.43529411764705883,16
EPS/SPS,raw,6,4,50.0,0.0,0.5,16
EPS/SPS,raw,6,5,43.75,-0.125,0.43529411764705883,16
EPS/SPS,raw,7,1,81.25,0.625,0.8117647058823529,16
EPS/SPS,raw,7,2,75.0,0.5,0.746031746031746,16
EPS/SPS,raw,7,3,87.5,0.75,0.873015873015873,16
EPS/SPS,raw,7,4,62.5,0.25,0.625,16
EPS/SPS,raw,7,5,56.25,0.125,0.5465587044534412,16
EPS/SPS,raw,8,1,75.0,0.5,0.75,16
EPS/SPS,raw,8,2,56.25,0.125,0.5607843137254902,16
EPS/SPS,raw,8,3,56.25,0.125,0.5607843137254902,16
EPS/SPS,raw,8,4,50.0,0.0,0.4920634920634921,16
EPS/SPS,raw,8,5,75.0,0.5,0.746031746031746,16
EPS/SPS,raw,9,1,62.5,0.25,0.6,16
EPS/SPS,raw,9,2,68.75,0.375,0.6761133603238867,16
EPS/SPS,raw,9,3,62.5,0.25,0.6190476190476191,16
EPS/SPS,raw,9,4,68.75,0.375,0.6536796536796536,16
EPS/SPS,raw,9,5,62.5,0.25,0.625,16
EPS/SPS,raw,10,1,56.25,0.125,0.5607843137254902,16
EPS/SPS,raw,10,2,56.25,0.125,0.5465587044534412,16
EPS/SPS,raw,10,3,75.0,0.5,0.7333333333333334,16
EPS/SPS,raw,10,4,81.25,0.625,0.8117647058823529,16
EPS/SPS,raw,10,5,56.25,0.125,0.5465587044534412,16
EPS/SPS,raw,11,1,43.75,-0.125,0.43529411764705883,16
EPS/SPS,raw,11,2,62.5,0.25,0.625,16
EPS/SPS,raw,11,3,43.75,-0.125,0.43529411764705883,16
EPS/SPS,raw,11,4,37.5,-0.25,0.36507936507936506,16
EPS/SPS,raw,11,5,50.0,0.0,0.4920634920634921,16
EPS/SPS,raw,12,1,50.0,0.0,0.5,16
EPS/SPS,raw,12,2,50.0,0.0,0.5,16
EPS/SPS,raw,12,3,56.25,0.125,0.5607843137254902,16
EPS/SPS,raw,12,4,62.5,0.25,0.6190476190476191,16
EPS/SPS,raw,12,5,62.5,0.25,0.6190476190476191,16
EPS/SPS,raw,13,1,75.0,0.5,0.746031746031746,16
EPS/SPS,raw,13,2,62.5,0.25,0.6190476190476191,16
EPS/SPS,raw,13,3,62.5,0.25,0.6190476190476191,16
EPS/SPS,raw,13,4,68.75,0.375,0.6862745098039216,16
EPS/SPS,raw,13,5,62.5,0.25,0.6190476190476191,16
EPS/SPS,raw,14,1,62.5,0.25,0.5636363636363637,16
EPS/SPS,raw,14,2,62.5,0.25,0.6,16
EPS/SPS,raw,14,3,62.5,0.25,0.6,16
EPS/SPS,raw,14,4,56.25,0.125,0.5151515151515151,16
EPS/SPS,raw,14,5,37.5,-0.25,0.375,16
EPS/SPS,raw,15,1,50.0,0.0,0.4920634920634921,16
EPS/SPS,raw,15,2,62.5,0.25,0.6190476190476191,16
EPS/SPS,raw,15,3,50.0,0.0,0.4181818181818182,16
EPS/SPS,raw,15,4,50.0,0.0,0.5,16
EPS/SPS,raw,15,5,50.0,0.0,0.5,16
EPS/SPS,raw,16,1,68.75,0.375,0.6862745098039216,16
EPS/SPS,raw,16,2,56.25,0.125,0.45893719806763283,16
EPS/SPS,raw,16,3,43.75,-0.125,0.41700404858299595,16
EPS/SPS,raw,16,4,56.25,0.125,0.5151515151515151,16
EPS/SPS,raw,16,5,43.75,-0.125,0.41700404858299595,16
EPS/SPS,raw,17,1,50.0,0.0,0.4920634920634921,16
EPS/SPS,raw,17,2,37.5,-0.25,0.2727272727272727,16
EPS/SPS,raw,17,3,43.75,-0.125,0.43529411764705883,16
EPS/SPS,raw,17,4,50.0,0.0,0.4920634920634921,16
EPS/SPS,raw,17,5,37.5,-0.25,0.3333333333333333,16
EPS/SPS,raw,18,1,62.5,0.25,0.6,16
EPS/SPS,raw,18,2,50.0,0.0,0.4920634920634921,16
EPS/SPS,raw,18,3,68.75,0.375,0.6761133603238867,16
EPS/SPS,raw,18,4,56.25,0.125,0.5607843137254902,16
EPS/SPS,raw,18,5,81.25,0.625,0.8056680161943319,16
HOC/EFE,fbc,1,1,83.33333333333334,0.6666666666666667,0.8328173374613003,18
HOC/EFE,fbc,1,2,72.22222222222221,0.4444444444444444,0.7213622291021672,18
HOC/EFE,fbc,1,3,66.66666666666666,0.33333333333333326,0.6666666666666666,18
HOC/EFE,fbc,1,4,66.66666666666666,0.33333333333333326,0.6493506493506493,18
HOC/EFE,fbc,1,5,66.66666666666666,0.33333333333333326,0.6666666666666666,18
HOC/EFE,fbc,2,1,37.5,-0.25,0.36507936507936506,16
HOC/EFE,fbc,2,2,62.5,0.25,0.625,16
HOC/EFE,fbc,2,3,56.25,0.125,0.5151515151515151,16
HOC/EFE,fbc,2,4,50.0,0.0,0.4920634920634921,16
HOC/EFE,fbc,2,5,43.75,-0.125,0.41700404858299595,16
HOC/EFE,fbc,3,1,43.75,-0.125,0.43529411764705883,16
HOC/EFE,fbc,3,2,81.25,0.625,0.8056680161943319,16
HOC/EFE,fbc,3,3,43.75,-0.125,0.43529411764705883,16
HOC/EFE,fbc,3,4,50.0,0.0,0.4666666666666667,16
HOC/EFE,fbc,3,5,56.25,0.125,0.5607843137254902,16
HOC/EFE,fbc,4,1,87.5,0.75,0.873015873015873,16
HOC/EFE,fbc,4,2,50.0,0.0,0.5,16
HOC/EFE,fbc,4,3,68.75,0.375,0.6536796536796536,16
HOC/EFE,fbc,4,4,81.25,0.625,0.8117647058823529,16
HOC/EFE,fbc,4,5,68.75,0.375,0.6761133603238867,16
HOC/EFE,fbc,5,1,62.5,0.25,0.5636363636363637,16
HOC/EFE,fbc,5,2,37.5,-0.25,0.3333333333333333,16
HOC/EFE,fbc,5,3,37.5,-0.25,0.375,16
HOC/EFE,fbc,5,4,50.0,0.0,0.4920634920634921,16
HOC/EFE,fbc,5,5,50.0,0.0,0.4920634920634921,16
HOC/EFE,fbc,6,1,43.75,-0.125,0.43529411764705883,16
HOC/EFE,fbc,6,2,43.75,-0.125,0.43529411764705883,16
HOC/EFE,fbc,6,3,50.0,0.0,0.4181818181818182,16
HOC/EFE,fbc,6,4,62.5,0.25,0.6,16
HOC/EFE,fbc,6,5,56.25,0.125,0.5607843137254902,16
HOC/EFE,fbc,7,1,75.0,0.5,0.75,16
HOC/EFE,fbc,7,2,62.5,0.25,0.6190476190476191,16
HOC/EFE,fbc,7,3,68.75,0.375,0.6862745098039216,16
HOC/EFE,fbc,7,4,50.0,0.0,0.3333333333333333,16
HOC/EFE,fbc,7,5,81.25,0.625,0.8117647058823529,16
HOC/EFE,fbc,8,1,43.75,-0.125,0.37662337662337664,16
HOC/EFE,fbc,8,2,43.75,-0.125,0.37662337662337664,16
HOC/EFE,fbc,8,3,18.75,-0.625,0.1843137254901961,16
HOC/EFE,fbc,8,4,50.0,0.0,0.4181818181818182,16
HOC/EFE,fbc,8,5,50.0,0.0,0.4666666666666667,16
HOC/EFE,fbc,9,1,68.75,0.375,0.6862745098039216,16
HOC/EFE,fbc,9,2,56.25,0.125,0.5465587044534412,16
HOC/EFE,fbc,9,3,75.0,0.5,0.746031746031746,16
HOC/EFE,fbc,9,4,62.5,0.25,0.6,16
HOC/EFE,fbc,9,5,62.5,0.25,0.5636363636363637,16
HOC/EFE,fbc,10,1,68.75,0.375,0.6761133603238867,16
HOC/EFE,fbc,10,2,56.25,0.125,0.5465587044534412,16
HOC/EFE,fbc,10,3,75.0,0.5,0.746031746031746,16
HOC/EFE,fbc,10,4,68.75,0.375,0.6761133603238867,16
HOC/EFE,fbc,10,5,56.25,0.125,0.5607843137254902,16
HOC/EFE,fbc,11,1,50.0,0.0,0.4666666666666667,16
HOC/EFE,fbc,11,2,75.0,0.5,0.746031746031746,16
HOC/EFE,fbc,11,3,37.5,-0.25,0.36507936507936506,16
HOC/EFE,fbc,11,4,50.0,0.0,0.5,16
HOC/EFE,fbc,11,5,25.0,-0.5,0.23809523809523808,16
HOC/EFE,fbc,12,1,43.75,-0.125,0.43529411764705883,16
HOC/EFE,fbc,12,2,56.25,0.125,0.5607843137254902,16
HOC/EFE,fbc,12,3,50.0,0.0,0.5,16
HOC/EFE,fbc,12,4,62.5,0.25,0.6,16
HOC/EFE,fbc,12,5,37.5,-0.25,0.375,16
HOC/EFE,fbc,13,1,43.75,-0.125,0.43529411764705883,16
HOC/EFE,fbc,13,2,62.5,0.25,0.6,16
HOC/EFE,fbc,13,3,68.75,0.375,0.6761133603238867,16
HOC/EFE,fbc,13,4,81.25,0.625,0.8117647058823529,16
HOC/EFE,fbc,13,5,50.0,0.0,0.4920634920634921,16
HOC/EFE,fbc,14,1,56.25,0.125,0.5607843137254902,16
HOC/EFE,fbc,14,2,56.25,0.125,0.5465587044534412,16
HOC/EFE,fbc,14,3,37.5,-0.25,0.375,16
HOC/EFE,fbc,14,4,68.75,0.375,0.6862745098039216,16
HOC/EFE,fbc,14,5,62.5,0.25,0.6,16
HOC/EFE,fbc,15,1,37.5,-0.25,0.3333333333333333,16
HOC/EFE,fbc,15,2,62.5,0.25,0.6190476190476191,16
HOC/EFE,fbc,15,3,50.0,0.0,0.4920634920634921,16
HOC/EFE,fbc,15,4,68.75,0.375,0.6862745098039216,16
HOC/EFE,fbc,15,5,62.5,0.25,0.625,16
HOC/EFE,fbc,16,1,56.25,0.125,0.5607843137254902,16
HOC/EFE,fbc,16,2,37.5,-0.25,0.2727272727272727,16
HOC/EFE,fbc,16,3,56.25,0.125,0.5607843137254902,16
HOC/EFE,fbc,16,4,56.25,0.125,0.45893719806763283,16
HOC/EFE,fbc,16,5,43.75,-0.125,0.43529411764705883,16
HOC/EFE,fbc,17,1,62.5,0.25,0.6,16
HOC/EFE,fbc,17,2,68.75,0.375,0.6536796536796536,16
HOC/EFE,fbc,17,3,75.0,0.5,0.746031746031746,16
HOC/EFE,fbc,17,4,37.5,-0.25,0.36507936507936506,16
HOC/EFE,fbc,17,5,62.5,0.25,0.6190476190476191,16
HOC/EFE,fbc,18,1,62.5,0.25,0.6,16
HOC/EFE,fbc,18,2,87.5,0.75,0.873015873015873,16
HOC/EFE,fbc,18,3,56.25,0.125,0.5607843137254902,16
HOC/EFE,fbc,18,4,62.5,0.25,0.6190476190476191,16
HOC/EFE,fbc,18,5,75.0,0.5,0.75,16
HOC/EFE,raw,1,1,77.77777777777779,0.5555555555555556,0.7777777777777778,18
HOC/EFE,raw,1,2,72.22222222222221,0.4444444444444444,0.7142857142857142,18
HOC/EFE,raw,1,3,72.22222222222221,0.4444444444444444,0.7213622291021672,18
HOC/EFE,raw,1,4,61.111111111111114,0.22222222222222232,0.609907120743034,18
HOC/EFE,raw,1,5,72.22222222222221,0.4444444444444444,0.7213622291021672,18
HOC/EFE,raw,2,1,50.0,0.0,0.4920634920634921,16
HOC/EFE,raw,2,2,62.5,0.25,0.6190476190476191,16
HOC/EFE,raw,2,3,50.0,0.0,0.4920634920634921,16
HOC/EFE,raw,2,4,56.25,0.125,0.5607843137254902,16
HOC/EFE,raw,2,5,62.5,0.25,0.6,16
HOC/EFE,raw,3,1,56.25,0.125,0.5465587044534412,16
HOC/EFE,raw,3,2,75.0,0.5,0.7333333333333334,16
HOC/EFE,raw,3,3,43.75,-0.125,0.41700404858299595,16
HOC/EFE,raw,3,4,31.25,-0.375,0.30980392156862746,16
HOC/EFE,raw,3,5,56.25,0.125,0.5465587044534412,16
HOC/EFE,raw,4,1,93.75,0.875,0.9372549019607843,16
HOC/EFE,raw,4,2,68.75,0.375,0.6862745098039216,16
HOC/EFE,raw,4,3,68.75,0.375,0.6862745098039216,16
HOC/EFE,raw,4,4,87.5,0.75,0.875,16
HOC/EFE,raw,4,5,62.5,0.25,0.6190476190476191,16
HOC/EFE,raw,5,1,37.5,-0.25,0.3333333333333333,16
HOC/EFE,raw,5,2,56.25,0.125,0.5607843137254902,16
HOC/EFE,raw,5,3,50.0,0.0,0.5,16
HOC/EFE,raw,5,4,50.0,0.0,0.4666666666666667,16
HOC/EFE,raw,5,5,68.75,0.375,0.6862745098039216,16
HOC/EFE,raw,6,1,62.5,0.25,0.6190476190476191,16
HOC/EFE,raw,6,2,43.75,-0.125,0.41700404858299595,16
HOC/EFE,raw,6,3,62.5,0.25,0.6190476190476191,16
HOC/EFE,raw,6,4,62.5,0.25,0.625,16
HOC/EFE,raw,6,5,50.0,0.0,0.4920634920634921,16
HOC/EFE,raw,7,1,75.0,0.5,0.75,16
HOC/EFE,raw,7,2,75.0,0.5,0.746031746031746,16
HOC/EFE,raw,7,3,81.25,0.625,0.8117647058823529,16
HOC/EFE,raw,7,4,62.5,0.25,0.6190476190476191,16
HOC/EFE,raw,7,5,87.5,0.75,0.875,16
HOC/EFE,raw,8,1,37.5,-0.25,0.375,16
HOC/EFE,raw,8,2,62.5,0.25,0.625,16
HOC/EFE,raw,8,3,50.0,0.0,0.4920634920634921,16
HOC/EFE,raw,8,4,56.25,0.125,0.5607843137254902,16
HOC/EFE,raw,8,5,75.0,0.5,0.746031746031746,16
HOC/EFE,raw,9,1,68.75,0.375,0.6862745098039216,16
HOC/EFE,raw,9,2,87.5,0.75,0.873015873015873,16
HOC/EFE,raw,9,3,37.5,-0.25,0.375,16
HOC/EFE,raw,9,4,43.75,-0.125,0.41700404858299595,16
HOC/EFE,raw,9,5,56.25,0.125,0.5465587044534412,16
HOC/EFE,raw,10,1,68.75,0.375,0.6761133603238867,16
HOC/EFE,raw,10,2,62.5,0.25,0.6,16
HOC/EFE,raw,10,3,68.75,0.375,0.6862745098039216,16
HOC/EFE,raw,10,4,87.5,0.75,0.875,16
HOC/EFE,raw,10,5,56.25,0.125,0.5607843137254902,16
HOC/EFE,raw,11,1,62.5,0.25,0.6190476190476191,16
HOC/EFE,raw,11,2,75.0,0.5,0.746031746031746,16
HOC/EFE,raw,11,3,50.0,0.0,0.5,16
HOC/EFE,raw,11,4,62.5,0.25,0.6190476190476191,16
HOC/EFE,raw,11,5,37.5,-0.25,0.3333333333333333,16
HOC/EFE,raw,12,1,43.75,-0.125,0.41700404858299595,16
HOC/EFE,raw,12,2,43.75,-0.125,0.43529411764705883,16
HOC/EFE,raw,12,3,43.75,-0.125,0.41700404858299595,16
HOC/EFE,raw,12,4,62.5,0.25,0.6,16
HOC/EFE,raw,12,5,68.75,0.375,0.6761133603238867,16
HOC/EFE,raw,13,1,50.0,0.0,0.4920634920634921,16
HOC/EFE,raw,13,2,43.75,-0.125,0.43529411764705883,16
HOC/EFE,raw,13,3,56.25,0.125,0.5465587044534412,16
HOC/EFE,raw,13,4,56.25,0.125,0.5607843137254902,16
HOC/EFE,raw,13,5,56.25,0.125,0.5607843137254902,16
HOC/EFE,raw,14,1,37.5,-0.25,0.36507936507936506,16
HOC/EFE,raw,14,2,68.75,0.375,0.6862745098039216,16
HOC/EFE,raw,14,3,56.25,0.125,0.45893719806763283,16
HOC/EFE,raw,14,4,68.75,0.375,0.6862745098039216,16
HOC/EFE,raw,14,5,43.75,-0.125,0.43529411764705883,16
HOC/EFE,raw,15,1,56.25,0.125,0.5465587044534412,16
HOC/EFE,raw,15,2,68.75,0.375,0.6761133603238867,16
HOC/EFE,raw,15,3,68.75,0.375,0.6862745098039216,16
HOC/EFE,raw,15,4,37.5,-0.25,0.36507936507936506,16
HOC/EFE,raw,15,5,37.5,-0.25,0.36507936507936506,16
HOC/EFE,raw,16,1,68.75,0.375,0.6862745098039216,16
HOC/EFE,raw,16,2,56.25,0.125,0.5607843137254902,16
HOC/EFE,raw,16,3,31.25,-0.375,0.2874493927125506,16
HOC/EFE,raw,16,4,56.25,0.125,0.5465587044534412,16
HOC/EFE,raw,16,5,62.5,0.25,0.5636363636363637,16
HOC/EFE,raw,17,1,68.75,0.375,0.6862745098039216,16
HOC/EFE,raw,17,2,68.75,0.375,0.6862745098039216,16
HOC/EFE,raw,17,3,68.75,0.375,0.6862745098039216,16
HOC/EFE,raw,17,4,68.75,0.375,0.6862745098039216,16
HOC/EFE,raw,17,5,68.75,0.375,0.6761133603238867,16
HOC/EFE,raw,18,1,75.0,0.5,0.746031746031746,16
HOC/EFE,raw,18,2,56.25,0.125,0.5607843137254902,16
HOC/EFE,raw,18,3,56.25,0.125,0.45893719806763283,16
HOC/EFE,raw,18,4,43.75,-0.125,0.41700404858299595,16
HOC/EFE,raw,18,5,62.5,0.25,0.6190476190476191,16
HOC/EPS,fbc,1,1,61.111111111111114,0.22222222222222232,0.5785953177257526,18
HOC/EPS,fbc,1,2,44.44444444444444,-0.11111111111111116,0.4375,18
HOC/EPS,fbc,1,3,44.44444444444444,-0.11111111111111116,0.4375,18
HOC/EPS,fbc,1,4,50.0,0.0,0.4984520123839009,18
HOC/EPS,fbc,1,5,66.66666666666666,0.33333333333333326,0.6625,18
HOC/EPS,fbc,2,1,43.75,-0.125,0.41700404858299595,16
HOC/EPS,fbc,2,2,37.5,-0.25,0.36507936507936506,16
HOC/EPS,fbc,2,3,43.75,-0.125,0.41700404858299595,16
HOC/EPS,fbc,2,4,50.0,0.0,0.4920634920634921,16
HOC/EPS,fbc,2,5,62.5,0.25,0.625,16
HOC/EPS,fbc,3,1,68.75,0.375,0.6862745098039216,16
HOC/EPS,fbc,3,2,56.25,0.125,0.5607843137254902,16
HOC/EPS,fbc,3,3,31.25,-0.375,0.30980392156862746,16
HOC/EPS,fbc,3,4,62.5,0.25,0.6190476190476191,16
HOC/EPS,fbc,3,5,62.5,0.25,0.625,16
HOC/EPS,fbc,4,1,87.5,0.75,0.875,16
HOC/EPS,fbc,4,2,62.5,0.25,0.6,16
HOC/EPS,fbc,4,3,56.25,0.125,0.5465587044534412,16
HOC/EPS,fbc,4,4,62.5,0.25,0.6,16
HOC/EPS,fbc,4,5,62.5,0.25,0.6190476190476191,16
HOC/EPS,fbc,5,1,68.75,0.375,0.6761133603238867,16
HOC/EPS,fbc,5,2,62.5,0.25,0.6,16
HOC/EPS,fbc,5,3,37.5,-0.25,0.36507936507936506,16
HOC/EPS,fbc,5,4,43.75,-0.125,0.43529411764705883,16
HOC/EPS,fbc,5,5,56.25,0.125,0.5465587044534412,16
HOC/EPS,fbc,6,1,56.25,0.125,0.5607843137254902,16
HOC/EPS,fbc,6,2,56.25,0.125,0.5465587044534412,16
HOC/EPS,fbc,6,3,31.25,-0.375,0.23809523809523808,16
HOC/EPS,fbc,6,4,50.0,0.0,0.5,16
HOC/EPS,fbc,6,5,43.75,-0.125,0.41700404858299595,16
HOC/EPS,fbc,7,1,75.0,0.5,0.746031746031746,16
HOC/EPS,fbc,7,2,81.25,0.625,0.8056680161943319,16
HOC/EPS,fbc,7,3,75.0,0.5,0.7333333333333334,16
HOC/EPS,fbc,7,4,56.25,0.125,0.45893719806763283,16
HOC/EPS,fbc,7,5,43.75,-0.125,0.41700404858299595,16
HOC/EPS,fbc,8,1,62.5,0.25,0.6,16
HOC/EPS,fbc,8,2,50.0,0.0,0.4181818181818182,16
HOC/EPS,fbc,8,3,37.5,-0.25,0.3333333333333333,16
HOC/EPS,fbc,8,4,56.25,0.125,0.5607843137254902,16
HOC/EPS,fbc,8,5,56.25,0.125,0.5151515151515151,16
HOC/EPS,fbc,9,1,50.0,0.0,0.4666666666666667,16
HOC/EPS,fbc,9,2,62.5,0.25,0.625,16
HOC/EPS,fbc,9,3,62.5,0.25,0.6190476190476191,16
HOC/EPS,fbc,9,4,56.25,0.125,0.5607843137254902,16
HOC/EPS,fbc,9,5,68.75,0.375,0.6761133603238867,16
HOC/EPS,fbc,10,1,68.75,0.375,0.6761133603238867,16
HOC/EPS,fbc,10,2,62.5,0.25,0.6,16
HOC/EPS,fbc,10,3,56.25,0.125,0.5607843137254902,16
HOC/EPS,fbc,10,4,81.25,0.625,0.8117647058823529,16
HOC/EPS,fbc,10,5,68.75,0.375,0.6862745098039216,16
HOC/EPS,fbc,11,1,43.75,-0.125,0.41700404858299595,16
HOC/EPS,fbc,11,2,62.5,0.25,0.6190476190476191,16
HOC/EPS,fbc,11,3,43.75,-0.125,0.43529411764705883,16
HOC/EPS,fbc,11,4,62.5,0.25,0.5636363636363637,16
HOC/EPS,fbc,11,5,56.25,0.125,0.5607843137254902,16
HOC/EPS,fbc,12,1,43.75,-0.125,0.37662337662337664,16
HOC/EPS,fbc,12,2,50.0,0.0,0.4920634920634921,16
HOC/EPS,fbc,12,3,43.75,-0.125,0.37662337662337664,16
HOC/EPS,fbc,12,4,50.0,0.0,0.5,16
HOC/EPS,fbc,12,5,37.5,-0.25,0.375,16
HOC/EPS,fbc,13,1,50.0,0.0,0.4666666666666667,16
HOC/EPS,fbc,13,2,43.75,-0.125,0.41700404858299595,16
HOC/EPS,fbc,13,3,31.25,-0.375,0.2874493927125506,16
HOC/EPS,fbc,13,4,37.5,-0.25,0.36507936507936506,16
HOC/EPS,fbc,13,5,43.75,-0.125,0.43529411764705883,16
HOC/EPS,fbc,14,1,50.0,0.0,0.5,16
HOC/EPS,fbc,14,2,50.0,0.0,0.4666666666666667,16
HOC/EPS,fbc,14,3,25.0,-0.5,0.23809523809523808,16
HOC/EPS,fbc,14,4,68.75,0.375,0.6761133603238867,16
HOC/EPS,fbc,14,5,68.75,0.375,0.6761133603238867,16
HOC/EPS,fbc,15,1,37.5,-0.25,0.2727272727272727,16
HOC/EPS,fbc,15,2,43.75,-0.125,0.41700404858299595,16
HOC/EPS,fbc,15,3,68.75,0.375,0.6761133603238867,16
HOC/EPS,fbc,15,4,56.25,0.125,0.5607843137254902,16
HOC/EPS,fbc,15,5,62.5,0.25,0.625,16
HOC/EPS,fbc,16,1,81.25,0.625,0.8056680161943319,16
HOC/EPS,fbc,16,2,81.25,0.625,0.8056680161943319,16
HOC/EPS,fbc,16,3,75.0,0.5,0.7333333333333334,16
HOC/EPS,fbc,16,4,81.25,0.625,0.8117647058823529,16
HOC/EPS,fbc,16,5,43.75,-0.125,0.41700404858299595,16
HOC/EPS,fbc,17,1,62.5,0.25,0.6190476190476191,16
HOC/EPS,fbc,17,2,56.25,0.125,0.5151515151515151,16
HOC/EPS,fbc,17,3,31.25,-0.375,0.30980392156862746,16
HOC/EPS,fbc,17,4,62.5,0.25,0.625,16
HOC/EPS,fbc,17,5,37.5,-0.25,0.375,16
HOC/EPS,fbc,18,1,50.0,0.0,0.4666666666666667,16
HOC/EPS,fbc,18,2,37.5,-0.25,0.3333333333333333,16
HOC/EPS,fbc,18,3,43.75,-0.125,0.43529411764705883,16
HOC/EPS,fbc,18,4,56.25,0.125,0.5151515151515151,16
HOC/EPS,fbc,18,5,62.5,0.25,0.6190476190476191,16
HOC/EPS,raw,1,1,61.111111111111114,0.22222222222222232,0.6,18
HOC/EPS,raw,1,2,55.55555555555556,0.11111111111111116,0.5555555555555556,18
HOC/EPS,raw,1,3,44.44444444444444,-0.11111111111111116,0.41558441558441556,18
HOC/EPS,raw,1,4,55.55555555555556,0.11111111111111116,0.55,18
HOC/EPS,raw,1,5,61.111111111111114,0.22222222222222232,0.609907120743034,18
HOC/EPS,raw,2,1,43.75,-0.125,0.41700404858299595,16
HOC/EPS,raw,2,2,43.75,-0.125,0.37662337662337664,16
HOC/EPS,raw,2,3,50.0,0.0,0.5,16
HOC/EPS,raw,2,4,56.25,0.125,0.5607843137254902,16
HOC/EPS,raw,2,5,43.75,-0.125,0.37662337662337664,16
HOC/EPS,raw,3,1,68.75,0.375,0.6862745098039216,16
HOC/EPS,raw,3,2,62.5,0.25,0.6,16
HOC/EPS,raw,3,3,56.25,0.125,0.5607843137254902,16
HOC/EPS,raw,3,4,68.75,0.375,0.6862745098039216,16
HOC/EPS,raw,3,5,56.25,0.125,0.5607843137254902,16
HOC/EPS,raw,4,1,93.75,0.875,0.9372549019607843,16
HOC/EPS,raw,4,2,75.0,0.5,0.75,16
HOC/EPS,raw,4,3,56.25,0.125,0.5607843137254902,16
HOC/EPS,raw,4,4,87.5,0.75,0.873015873015873,16
HOC/EPS,raw,4,5,75.0,0.5,0.746031746031746,16
HOC/EPS,raw,5,1,68.75,0.375,0.6761133603238867,16
HOC/EPS,raw,5,2,43.75,-0.125,0.43529411764705883,16
HOC/EPS,raw,5,3,37.5,-0.25,0.36507936507936506,16
HOC/EPS,raw,5,4,43.75,-0.125,0.41700404858299595,16
HOC/EPS,raw,5,5,50.0,0.0,0.4920634920634921,16
HOC/EPS,raw,6,1,62.5,0.25,0.625,16
HOC/EPS,raw,6,2,68.75,0.375,0.6761133603238867,16
HOC/EPS,raw,6,3,31.25,-0.375,0.30980392156862746,16
HOC/EPS,raw,6,4,68.75,0.375,0.6862745098039216,16
HOC/EPS,raw,6,5,43.75,-0.125,0.37662337662337664,16
HOC/EPS,raw,7,1,81.25,0.625,0.8056680161943319,16
HOC/EPS,raw,7,2,68.75,0.375,0.6761133603238867,16
HOC/EPS,raw,7,3,68.75,0.375,0.6862745098039216,16
HOC/EPS,raw,7,4,68.75,0.375,0.6862745098039216,16
HOC/EPS,raw,7,5,68.75,0.375,0.6761133603238867,16
HOC/EPS,raw,8,1,37.5,-0.25,0.375,16
HOC/EPS,raw,8,2,43.75,-0.125,0.41700404858299595,16
HOC/EPS,raw,8,3,37.5,-0.25,0.36507936507936506,16
HOC/EPS,raw,8,4,75.0,0.5,0.746031746031746,16
HOC/EPS,raw,8,5,43.75,-0.125,0.43529411764705883,16
HOC/EPS,raw,9,1,50.0,0.0,0.4666666666666667,16
HOC/EPS,raw,9,2,56.25,0.125,0.45893719806763283,16
HOC/EPS,raw,9,3,31.25,-0.375,0.30980392156862746,16
HOC/EPS,raw,9,4,50.0,0.0,0.4920634920634921,16
HOC/EPS,raw,9,5,43.75,-0.125,0.43529411764705883,16
HOC/EPS,raw,10,1,62.5,0.25,0.6190476190476191,16
HOC/EPS,raw,10,2,68.75,0.375,0.6761133603238867,16
HOC/EPS,raw,10,3,43.75,-0.125,0.43529411764705883,16
HOC/EPS,raw,10,4,81.25,0.625,0.8117647058823529,16
HOC/EPS,raw,10,5,68.75,0.375,0.6761133603238867,16
HOC/EPS,raw,11,1,43.75,-0.125,0.43529411764705883,16
HOC/EPS,raw,11,2,68.75,0.375,0.6761133603238867,16
HOC/EPS,raw,11,3,50.0,0.0,0.5,16
HOC/EPS,raw,11,4,37.5,-0.25,0.375,16
HOC/EPS,raw,11,5,62.5,0.25,0.625,16
HOC/EPS,raw,12,1,56.25,0.125,0.5607843137254902,16
HOC/EPS,raw,12,2,56.25,0.125,0.5465587044534412,16
HOC/EPS,raw,12,3,50.0,0.0,0.4920634920634921,16
HOC/EPS,raw,12,4,56.25,0.125,0.5607843137254902,16
HOC/EPS,raw,12,5,56.25,0.125,0.5607843137254902,16
HOC/EPS,raw,13,1,43.75,-0.125,0.43529411764705883,16
HOC/EPS,raw,13,2,31.25,-0.375,0.30980392156862746,16
HOC/EPS,raw,13,3,50.0,0.0,0.4181818181818182,16
HOC/EPS,raw,13,4,56.25,0.125,0.5607843137254902,16
HOC/EPS,raw,13,5,50.0,0.0,0.4181818181818182,16
HOC/EPS,raw,14,1,68.75,0.375,0.6862745098039216,16
HOC/EPS,raw,14,2,56.25,0.125,0.5465587044534412,16
HOC/EPS,raw,14,3,37.5,-0.25,0.3333333333333333,16
HOC/EPS,raw,14,4,50.0,0.0,0.4181818181818182,16
HOC/EPS,raw,14,5,43.75,-0.125,0.43529411764705883,16
HOC/EPS,raw,15,1,43.75,-0.125,0.41700404858299595,16
HOC/EPS,raw,15,2,75.0,0.5,0.746031746031746,16
HOC/EPS,raw,15,3,62.5,0.25,0.625,16
HOC/EPS,raw,15,4,62.5,0.25,0.6,16
HOC/EPS,raw,15,5,68.75,0.375,0.6862745098039216,16
HOC/EPS,raw,16,1,68.75,0.375,0.6536796536796536,16
HOC/EPS,raw,16,2,75.0,0.5,0.75,16
HOC/EPS,raw,16,3,75.0,0.5,0.746031746031746,16
HOC/EPS,raw,16,4,81.25,0.625,0.8117647058823529,16
HOC/EPS,raw,16,5,43.75,-0.125,0.37662337662337664,16
HOC/EPS,raw,17,1,56.25,0.125,0.5465587044534412,16
HOC/EPS,raw,17,2,81.25,0.625,0.8056680161943319,16
HOC/EPS,raw,17,3,43.75,-0.125,0.41700404858299595,16
HOC/EPS,raw,17,4,50.0,0.0,0.5,16
HOC/EPS,raw,17,5,56.25,0.125,0.5465587044534412,16
HOC/EPS,raw,18,1,50.0,0.0,0.4666666666666667,16
HOC/EPS,raw,18,2,56.25,0.125,0.45893719806763283,16
HOC/EPS,raw,18,3,56.25,0.125,0.5607843137254902,16
HOC/EPS,raw,18,4,68.75,0.375,0.6862745098039216,16
HOC/EPS,raw,18,5,56.25,0.125,0.5151515151515151,16
HOC/SAA,fbc,1,1,77.77777777777779,0.5555555555555556,0.7662337662337663,18
HOC/SAA,fbc,1,2,61.111111111111114,0.22222222222222232,0.609907120743034,18
HOC/SAA,fbc,1,3,44.44444444444444,-0.11111111111111116,0.375,18
HOC/SAA,fbc,1,4,77.77777777777779,0.5555555555555556,0.7777777777777778,18
HOC/SAA,fbc,1,5,83.33333333333334,0.6666666666666667,0.8328173374613003,18
HOC/SAA,fbc,2,1,50.0,0.0,0.4666666666666667,16
HOC/SAA,fbc,2,2,31.25,-0.375,0.30980392156862746,16
HOC/SAA,fbc,2,3,68.75,0.375,0.6536796536796536,16
HOC/SAA,fbc,2,4,62.5,0.25,0.6190476190476191,16
HOC/SAA,fbc,2,5,43.75,-0.125,0.41700404858299595,16
HOC/SAA,fbc,3,1,93.75,0.875,0.9372549019607843,16
HOC/SAA,fbc,3,2,100.0,1.0,1.0,16
HOC/SAA,fbc,3,3,93.75,0.875,0.9372549019607843,16
HOC/SAA,fbc,3,4,87.5,0.75,0.873015873015873,16
HOC/SAA,fbc,3,5,93.75,0.875,0.9372549019607843,16
HOC/SAA,fbc,4,1,93.75,0.875,0.9372549019607843,16
HOC/SAA,fbc,4,2,75.0,0.5,0.746031746031746,16
HOC/SAA,fbc,4,3,87.5,0.75,0.873015873015873,16
HOC/SAA,fbc,4,4,87.5,0.75,0.875,16
HOC/SAA,fbc,4,5,68.75,0.375,0.6862745098039216,16
HOC/SAA,fbc,5,1,50.0,0.0,0.5,16
HOC/SAA,fbc,5,2,50.0,0.0,0.4666666666666667,16
HOC/SAA,fbc,5,3,43.75,-0.125,0.41700404858299595,16
HOC/SAA,fbc,5,4,62.5,0.25,0.625,16
HOC/SAA,fbc,5,5,50.0,0.0,0.4666666666666667,16
HOC/SAA,fbc,6,1,75.0,0.5,0.746031746031746,16
HOC/SAA,fbc,6,2,43.75,-0.125,0.41700404858299595,16
HOC/SAA,fbc,6,3,50.0,0.0,0.5,16
HOC/SAA,fbc,6,4,50.0,0.0,0.5,16
HOC/SAA,fbc,6,5,62.5,0.25,0.6,16
HOC/SAA,fbc,7,1,50.0,0.0,0.5,16
HOC/SAA,fbc,7,2,56.25,0.125,0.5151515151515151,16
HOC/SAA,fbc,7,3,62.5,0.25,0.625,16
HOC/SAA,fbc,7,4,43.75,-0.125,0.30434782608695654,16
HOC/SAA,fbc,7,5,62.5,0.25,0.6190476190476191,16
HOC/SAA,fbc,8,1,50.0,0.0,0.4666666666666667,16
HOC/SAA,fbc,8,2,50.0,0.0,0.3333333333333333,16
HOC/SAA,fbc,8,3,56.25,0.125,0.5607843137254902,16
HOC/SAA,fbc,8,4,18.75,-0.625,0.1843137254901961,16
HOC/SAA,fbc,8,5,31.25,-0.375,0.30980392156862746,16
HOC/SAA,fbc,9,1,56.25,0.125,0.5607843137254902,16
HOC/SAA,fbc,9,2,68.75,0.375,0.6862745098039216,16
HOC/SAA,fbc,9,3,50.0,0.0,0.4920634920634921,16
HOC/SAA,fbc,9,4,62.5,0.25,0.6,16
HOC/SAA,fbc,9,5,62.5,0.25,0.5636363636363637,16
HOC/SAA,fbc,10,1,87.5,0.75,0.875,16
HOC/SAA,fbc,10,2,62.5,0.25,0.5636363636363637,16
HOC/SAA,fbc,10,3,81.25,0.625,0.8056680161943319,16
HOC/SAA,fbc,10,4,62.5,0.25,0.625,16
HOC/SAA,fbc,10,5,56.25,0.125,0.5607843137254902,16
HOC/SAA,fbc,11,1,18.75,-0.625,0.1843137254901961,16
HOC/SAA,fbc,11,2,56.25,0.125,0.5607843137254902,16
HOC/SAA,fbc,11,3,43.75,-0.125,0.43529411764705883,16
HOC/SAA,fbc,11,4,56.25,0.125,0.5607843137254902,16
HOC/SAA,fbc,11,5,56.25,0.125,0.5607843137254902,16
HOC/SAA,fbc,12,1,50.0,0.0,0.5,16
HOC/SAA,fbc,12,2,62.5,0.25,0.625,16
HOC/SAA,fbc,12,3,62.5,0.25,0.6,16
HOC/SAA,fbc,12,4,75.0,0.5,0.7333333333333334,16
HOC/SAA,fbc,12,5,87.5,0.75,0.875,16
HOC/SAA,fbc,13,1,50.0,0.0,0.4181818181818182,16
HOC/SAA,fbc,13,2,75.0,0.5,0.75,16
HOC/SAA,fbc,13,3,62.5,0.25,0.6,16
HOC/SAA,fbc,13,4,62.5,0.25,0.625,16
HOC/SAA,fbc,13,5,56.25,0.125,0.5607843137254902,16
HOC/SAA,fbc,14,1,56.25,0.125,0.5607843137254902,16
HOC/SAA,fbc,14,2,43.75,-0.125,0.43529411764705883,16
HOC/SAA,fbc,14,3,37.5,-0.25,0.36507936507936506,16
HOC/SAA,fbc,14,4,62.5,0.25,0.6190476190476191,16
HOC/SAA,fbc,14,5,50.0,0.0,0.4920634920634921,16
HOC/SAA,fbc,15,1,56.25,0.125,0.5151515151515151,16
HOC/SAA,fbc,15,2,31.25,-0.375,0.30980392156862746,16
HOC/SAA,fbc,15,3,75.0,0.5,0.7333333333333334,16
HOC/SAA,fbc,15,4,62.5,0.25,0.6190476190476191,16
HOC/SAA,fbc,15,5,56.25,0.125,0.5465587044534412,16
HOC/SAA,fbc,16,1,56.25,0.125,0.5465587044534412,16
HOC/SAA,fbc,16,2,43.75,-0.125,0.43529411764705883,16
HOC/SAA,fbc,16,3,68.75,0.375,0.6761133603238867,16
HOC/SAA,fbc,16,4,62.5,0.25,0.5636363636363637,16
HOC/SAA,fbc,16,5,43.75,-0.125,0.43529411764705883,16
HOC/SAA,fbc,17,1,56.25,0.125,0.5607843137254902,16
HOC/SAA,fbc,17,2,62.5,0.25,0.6,16
HOC/SAA,fbc,17,3,68.75,0.375,0.6862745098039216,16
HOC/SAA,fbc,17,4,62.5,0.25,0.6,16
HOC/SAA,fbc,17,5,81.25,0.625,0.8056680161943319,16
HOC/SAA,fbc,18,1,93.75,0.875,0.9372549019607843,16
HOC/SAA,fbc,18,2,81.25,0.625,0.8117647058823529,16
HOC/SAA,fbc,18,3,81.25,0.625,0.8117647058823529,16
HOC/SAA,fbc,18,4,81.25,0.625,0.8056680161943319,16
HOC/SAA,fbc,18,5,87.5,0.75,0.875,16
HOC/SAA,raw,1,1,83.33333333333334,0.6666666666666667,0.8328173374613003,18
HOC/SAA,raw,1,2,55.55555555555556,0.11111111111111116,0.5555555555555556,18
HOC/SAA,raw,1,3,55.55555555555556,0.11111111111111116,0.55,18
HOC/SAA,raw,1,4,77.77777777777779,0.5555555555555556,0.775,18
HOC/SAA,raw,1,5,72.22222222222221,0.4444444444444444,0.7213622291021672,18
HOC/SAA,raw,2,1,62.5,0.25,0.6190476190476191,16
HOC/SAA,raw,2,2,50.0,0.0,0.4920634920634921,16
HOC/SAA,raw,2,3,68.75,0.375,0.6761133603238867,16
HOC/SAA,raw,2,4,56.25,0.125,0.5607843137254902,16
HOC/SAA,raw,2,5,75.0,0.5,0.746031746031746,16
HOC/SAA,raw,3,1,75.0,0.5,0.746031746031746,16
HOC/SAA,raw,3,2,93.75,0.875,0.9372549019607843,16
HOC/SAA,raw,3,3,81.25,0.625,0.8117647058823529,16
HOC/SAA,raw,3,4,87.5,0.75,0.873015873015873,16
HOC/SAA,raw,3,5,81.25,0.625,0.8117647058823529,16
HOC/SAA,raw,4,1,93.75,0.875,0.9372549019607843,16
HOC/SAA,raw,4,2,87.5,0.75,0.875,16
HOC/SAA,raw,4,3,93.75,0.875,0.9372549019607843,16
HOC/SAA,raw,4,4,75.0,0.5,0.746031746031746,16
HOC/SAA,raw,4,5,68.75,0.375,0.6761133603238867,16
HOC/SAA,raw,5,1,50.0,0.0,0.4920634920634921,16
HOC/SAA,raw,5,2,75.0,0.5,0.75,16
HOC/SAA,raw,5,3,62.5,0.25,0.6190476190476191,16
HOC/SAA,raw,5,4,68.75,0.375,0.6862745098039216,16
HOC/SAA,raw,5,5,56.25,0.125,0.5465587044534412,16
HOC/SAA,raw,6,1,56.25,0.125,0.5607843137254902,16
HOC/SAA,raw,6,2,50.0,0.0,0.4920634920634921,16
HOC/SAA,raw,6,3,43.75,-0.125,0.41700404858299595,16
HOC/SAA,raw,6,4,56.25,0.125,0.5607843137254902,16
HOC/SAA,raw,6,5,68.75,0.375,0.6536796536796536,16
HOC/SAA,raw,7,1,68.75,0.375,0.6862745098039216,16
HOC/SAA,raw,7,2,75.0,0.5,0.75,16
HOC/SAA,raw,7,3,75.0,0.5,0.7333333333333334,16
HOC/SAA,raw,7,4,75.0,0.5,0.75,16
HOC/SAA,raw,7,5,75.0,0.5,0.746031746031746,16
HOC/SAA,raw,8,1,56.25,0.125,0.5607843137254902,16
HOC/SAA,raw,8,2,56.25,0.125,0.5607843137254902,16
HOC/SAA,raw,8,3,68.75,0.375,0.6862745098039216,16
HOC/SAA,raw,8,4,62.5,0.25,0.6,16
HOC/SAA,raw,8,5,62.5,0.25,0.6190476190476191,16
HOC/SAA,raw,9,1,56.25,0.125,0.5607843137254902,16
HOC/SAA,raw,9,2,81.25,0.625,0.8117647058823529,16
HOC/SAA,raw,9,3,68.75,0.375,0.6862745098039216,16
HOC/SAA,raw,9,4,62.5,0.25,0.6190476190476191,16
HOC/SAA,raw,9,5,68.75,0.375,0.6862745098039216,16
HOC/SAA,raw,10,1,81.25,0.625,0.8117647058823529,16
HOC/SAA,raw,10,2,56.25,0.125,0.45893719806763283,16
HOC/SAA,raw,10,3,81.25,0.625,0.8056680161943319,16
HOC/SAA,raw,10,4,56.25,0.125,0.5607843137254902,16
HOC/SAA,raw,10,5,62.5,0.25,0.625,16
HOC/SAA,raw,11,1,56.25,0.125,0.5151515151515151,16
HOC/SAA,raw,11,2,43.75,-0.125,0.43529411764705883,16
HOC/SAA,raw,11,3,43.75,-0.125,0.43529411764705883,16
HOC/SAA,raw,11,4,62.5,0.25,0.6190476190476191,16
HOC/SAA,raw,11,5,68.75,0.375,0.6862745098039216,16
HOC/SAA,raw,12,1,62.5,0.25,0.625,16
HOC/SAA,raw,12,2,62.5,0.25,0.6,16
HOC/SAA,raw,12,3,50.0,0.0,0.4920634920634921,16
HOC/SAA,raw,12,4,62.5,0.25,0.6190476190476191,16
HOC/SAA,raw,12,5,81.25,0.625,0.8117647058823529,16
HOC/SAA,raw,13,1,43.75,-0.125,0.43529411764705883,16
HOC/SAA,raw,13,2,62.5,0.25,0.6190476190476191,16
HOC/SAA,raw,13,3,68.75,0.375,0.6862745098039216,16
HOC/SAA,raw,13,4,50.0,0.0,0.4920634920634921,16
HOC/SAA,raw,13,5,43.75,-0.125,0.43529411764705883,16
HOC/SAA,raw,14,1,56.25,0.125,0.5607843137254902,16
HOC/SAA,raw,14,2,50.0,0.0,0.5,16
HOC/SAA,raw,14,3,37.5,-0.25,0.36507936507936506,16
HOC/SAA,raw,14,4,62.5,0.25,0.6190476190476191,16
HOC/SAA,raw,14,5,43.75,-0.125,0.41700404858299595,16
HOC/SAA,raw,15,1,50.0,0.0,0.4666666666666667,16
HOC/SAA,raw,15,2,50.0,0.0,0.5,16
HOC/SAA,raw,15,3,81.25,0.625,0.8056680161943319,16
HOC/SAA,raw,15,4,68.75,0.375,0.6862745098039216,16
HOC/SAA,raw,15,5,56.25,0.125,0.5607843137254902,16
HOC/SAA,raw,16,1,56.25,0.125,0.5607843137254902,16
HOC/SAA,raw,16,2,56.25,0.125,0.5607843137254902,16
HOC/SAA,raw,16,3,56.25,0.125,0.5607843137254902,16
HOC/SAA,raw,16,4,50.0,0.0,0.4920634920634921,16
HOC/SAA,raw,16,5,56.25,0.125,0.5607843137254902,16
HOC/SAA,raw,17,1,75.0,0.5,0.7333333333333334,16
HOC/SAA,raw,17,2,81.25,0.625,0.8117647058823529,16
HOC/SAA,raw,17,3,81.25,0.625,0.8117647058823529,16
HOC/SAA,raw,17,4,62.5,0.25,0.6190476190476191,16
HOC/SAA,raw,17,5,75.0,0.5,0.7333333333333334,16
HOC/SAA,raw,18,1,87.5,0.75,0.875,16
HOC/SAA,raw,18,2,87.5,0.75,0.875,16
HOC/SAA,raw,18,3,87.5,0.75,0.873015873015873,16
HOC/SAA,raw,18,4,75.0,0.5,0.7333333333333334,16
HOC/SAA,raw,18,5,100.0,1.0,1.0,16
HOC/SFE,fbc,1,1,83.33333333333334,0.6666666666666667,0.8328173374613003,18
HOC/SFE,fbc,1,2,72.22222222222221,0.4444444444444444,0.6989966555183946,18
HOC/SFE,fbc,1,3,50.0,0.0,0.4984520123839009,18
HOC/SFE,fbc,1,4,72.22222222222221,0.4444444444444444,0.7142857142857142,18
HOC/SFE,fbc,1,5,72.22222222222221,0.4444444444444444,0.7142857142857142,18
HOC/SFE,fbc,2,1,68.75,0.375,0.6536796536796536,16
HOC/SFE,fbc,2,2,37.5,-0.25,0.375,16
HOC/SFE,fbc,2,3,62.5,0.25,0.6,16
HOC/SFE,fbc,2,4,50.0,0.0,0.4666666666666667,16
HOC/SFE,fbc,2,5,31.25,-0.375,0.30980392156862746,16
HOC/SFE,fbc,3,1,81.25,0.625,0.8117647058823529,16
HOC/SFE,fbc,3,2,75.0,0.5,0.746031746031746,16
HOC/SFE,fbc,3,3,81.25,0.625,0.8117647058823529,16
HOC/SFE,fbc,3,4,93.75,0.875,0.9372549019607843,16
HOC/SFE,fbc,3,5,75.0,0.5,0.75,16
HOC/SFE,fbc,4,1,93.75,0.875,0.9372549019607843,16
HOC/SFE,fbc,4,2,87.5,0.75,0.873015873015873,16
HOC/SFE,fbc,4,3,81.25,0.625,0.8117647058823529,16
HOC/SFE,fbc,4,4,68.75,0.375,0.6862745098039216,16
HOC/SFE,fbc,4,5,81.25,0.625,0.8117647058823529,16
HOC/SFE,fbc,5,1,70.58823529411765,0.41379310344827597,0.7058823529411765,17
HOC/SFE,fbc,5,2,62.5,0.25,0.625,16
HOC/SFE,fbc,5,3,56.25,0.125,0.5607843137254902,16
HOC/SFE,fbc,5,4,50.0,0.0,0.4666666666666667,16
HOC/SFE,fbc,5,5,62.5,0.25,0.6190476190476191,16
HOC/SFE,fbc,6,1,56.25,0.125,0.5607843137254902,16
HOC/SFE,fbc,6,2,56.25,0.125,0.5151515151515151,16
HOC/SFE,fbc,6,3,75.0,0.5,0.746031746031746,16
HOC/SFE,fbc,6,4,56.25,0.125,0.5465587044534412,16
HOC/SFE,fbc,6,5,56.25,0.125,0.5465587044534412,16
HOC/SFE,fbc,7,1,62.5,0.25,0.6,16
HOC/SFE,fbc,7,2,62.5,0.25,0.6,16
HOC/SFE,fbc,7,3,56.25,0.125,0.5465587044534412,16
HOC/SFE,fbc,7,4,56.25,0.125,0.5151515151515151,16
HOC/SFE,fbc,7,5,68.75,0.375,0.6862745098039216,16
HOC/SFE,fbc,8,1,68.75,0.375,0.6761133603238867,16
HOC/SFE,fbc,8,2,56.25,0.125,0.45893719806763283,16
HOC/SFE,fbc,8,3,50.0,0.0,0.4920634920634921,16
HOC/SFE,fbc,8,4,56.25,0.125,0.5465587044534412,16
HOC/SFE,fbc,8,5,50.0,0.0,0.4181818181818182,16
HOC/SFE,fbc,9,1,56.25,0.125,0.5607843137254902,16
HOC/SFE,fbc,9,2,62.5,0.25,0.6190476190476191,16
HOC/SFE,fbc,9,3,56.25,0.125,0.5607843137254902,16
HOC/SFE,fbc,9,4,56.25,0.125,0.5151515151515151,16
HOC/SFE,fbc,9,5,62.5,0.25,0.6,16
HOC/SFE,fbc,10,1,75.0,0.5,0.746031746031746,16
HOC/SFE,fbc,10,2,56.25,0.125,0.5465587044534412,16
HOC/SFE,fbc,10,3,87.5,0.75,0.873015873015873,16
HOC/SFE,fbc,10,4,56.25,0.125,0.5607843137254902,16
HOC/SFE,fbc,10,5,56.25,0.125,0.5465587044534412,16
HOC/SFE,fbc,11,1,50.0,0.0,0.5,16
HOC/SFE,fbc,11,2,56.25,0.125,0.5607843137254902,16
HOC/SFE,fbc,11,3,43.75,-0.125,0.43529411764705883,16
HOC/SFE,fbc,11,4,75.0,0.5,0.75,16
HOC/SFE,fbc,11,5,62.5,0.25,0.6190476190476191,16
HOC/SFE,fbc,12,1,50.0,0.0,0.4920634920634921,16
HOC/SFE,fbc,12,2,50.0,0.0,0.4666666666666667,16
HOC/SFE,fbc,12,3,43.75,-0.125,0.43529411764705883,16
HOC/SFE,fbc,12,4,31.25,-0.375,0.30980392156862746,16
HOC/SFE,fbc,12,5,37.5,-0.25,0.375,16
HOC/SFE,fbc,13,1,68.75,0.375,0.6862745098039216,16
HOC/SFE,fbc,13,2,87.5,0.75,0.875,16
HOC/SFE,fbc,13,3,56.25,0.125,0.5465587044534412,16
HOC/SFE,fbc,13,4,50.0,0.0,0.5,16
HOC/SFE,fbc,13,5,62.5,0.25,0.6,16
HOC/SFE,fbc,14,1,68.75,0.375,0.6862745098039216,16
HOC/SFE,fbc,14,2,37.5,-0.25,0.3333333333333333,16
HOC/SFE,fbc,14,3,37.5,-0.25,0.36507936507936506,16
HOC/SFE,fbc,14,4,50.0,0.0,0.4920634920634921,16
HOC/SFE,fbc,14,5,37.5,-0.25,0.2727272727272727,16
HOC/SFE,fbc,15,1,43.75,-0.125,0.41700404858299595,16
HOC/SFE,fbc,15,2,43.75,-0.125,0.43529411764705883,16
HOC/SFE,fbc,15,3,68.75,0.375,0.6862745098039216,16
HOC/SFE,fbc,15,4,37.5,-0.25,0.36507936507936506,16
HOC/SFE,fbc,15,5,50.0,0.0,0.5,16
HOC/SFE,fbc,16,1,50.0,0.0,0.4666666666666667,16
HOC/SFE,fbc,16,2,62.5,0.25,0.5636363636363637,16
HOC/SFE,fbc,16,3,50.0,0.0,0.4181818181818182,16
HOC/SFE,fbc,16,4,50.0,0.0,0.4920634920634921,16
HOC/SFE,fbc,16,5,68.75,0.375,0.6862745098039216,16
HOC/SFE,fbc,17,1,62.5,0.25,0.625,16
HOC/SFE,fbc,17,2,75.0,0.5,0.7333333333333334,16
HOC/SFE,fbc,17,3,75.0,0.5,0.75,16
HOC/SFE,fbc,17,4,62.5,0.25,0.6190476190476191,16
HOC/SFE,fbc,17,5,87.5,0.75,0.875,16
HOC/SFE,fbc,18,1,87.5,0.75,0.875,16
HOC/SFE,fbc,18,2,81.25,0.625,0.8117647058823529,16
HOC/SFE,fbc,18,3,93.75,0.875,0.9372549019607843,16
HOC/SFE,fbc,18,4,75.0,0.5,0.7333333333333334,16
HOC/SFE,fbc,18,5,81.25,0.625,0.8117647058823529,16
HOC/SFE,raw,1,1,77.77777777777779,0.5555555555555556,0.7662337662337663,18
HOC/SFE,raw,1,2,72.22222222222221,0.4444444444444444,0.7213622291021672,18
HOC/SFE,raw,1,3,33.33333333333333,-0.33333333333333337,0.3333333333333333,18
HOC/SFE,raw,1,4,66.66666666666666,0.33333333333333326,0.6625,18
HOC/SFE,raw,1,5,50.0,0.0,0.4984520123839009,18
HOC/SFE,raw,2,1,62.5,0.25,0.6190476190476191,16
HOC/SFE,raw,2,2,50.0,0.0,0.5,16
HOC/SFE,raw,2,3,75.0,0.5,0.746031746031746,16
HOC/SFE,raw,2,4,81.25,0.625,0.8117647058823529,16
HOC/SFE,raw,2,5,68.75,0.375,0.6761133603238867,16
HOC/SFE,raw,3,1,75.0,0.5,0.746031746031746,16
HOC/SFE,raw,3,2,87.5,0.75,0.875,16
HOC/SFE,raw,3,3,62.5,0.25,0.625,16
HOC/SFE,raw,3,4,100.0,1.0,1.0,16
HOC/SFE,raw,3,5,81.25,0.625,0.8117647058823529,16
HOC/SFE,raw,4,1,93.75,0.875,0.9372549019607843,16
HOC/SFE,raw,4,2,100.0,1.0,1.0,16
HOC/SFE,raw,4,3,87.5,0.75,0.873015873015873,16
HOC/SFE,raw,4,4,81.25,0.625,0.8117647058823529,16
HOC/SFE,raw,4,5,81.25,0.625,0.8056680161943319,16
HOC/SFE,raw,5,1,52.94117647058824,0.05555555555555552,0.5277777777777778,17
HOC/SFE,raw,5,2,56.25,0.125,0.5607843137254902,16
HOC/SFE,raw,5,3,50.0,0.0,0.4666666666666667,16
HOC/SFE,raw,5,4,75.0,0.5,0.75,16
HOC/SFE,raw,5,5,75.0,0.5,0.75,16
HOC/SFE,raw,6,1,56.25,0.125,0.5151515151515151,16
HOC/SFE,raw,6,2,68.75,0.375,0.6761133603238867,16
HOC/SFE,raw,6,3,87.5,0.75,0.873015873015873,16
HOC/SFE,raw,6,4,56.25,0.125,0.5607843137254902,16
HOC/SFE,raw,6,5,50.0,0.0,0.4920634920634921,16
HOC/SFE,raw,7,1,50.0,0.0,0.5,16
HOC/SFE,raw,7,2,68.75,0.375,0.6862745098039216,16
HOC/SFE,raw,7,3,81.25,0.625,0.8117647058823529,16
HOC/SFE,raw,7,4,50.0,0.0,0.3333333333333333,16
HOC/SFE,raw,7,5,75.0,0.5,0.746031746031746,16
HOC/SFE,raw,8,1,43.75,-0.125,0.43529411764705883,16
HOC/SFE,raw,8,2,31.25,-0.375,0.2874493927125506,16
HOC/SFE,raw,8,3,62.5,0.25,0.625,16
HOC/SFE,raw,8,4,43.75,-0.125,0.37662337662337664,16
HOC/SFE,raw,8,5,50.0,0.0,0.5,16
HOC/SFE,raw,9,1,68.75,0.375,0.6862745098039216,16
HOC/SFE,raw,9,2,62.5,0.25,0.625,16
HOC/SFE,raw,9,3,68.75,0.375,0.6862745098039216,16
HOC/SFE,raw,9,4,62.5,0.25,0.625,16
HOC/SFE,raw,9,5,43.75,-0.125,0.41700404858299595,16
HOC/SFE,raw,10,1,62.5,0.25,0.625,16
HOC/SFE,raw,10,2,56.25,0.125,0.5465587044534412,16
HOC/SFE,raw,10,3,93.75,0.875,0.9372549019607843,16
HOC/SFE,raw,10,4,56.25,0.125,0.5607843137254902,16
HOC/SFE,raw,10,5,81.25,0.625,0.8056680161943319,16
HOC/SFE,raw,11,1,56.25,0.125,0.5607843137254902,16
HOC/SFE,raw,11,2,62.5,0.25,0.6190476190476191,16
HOC/SFE,raw,11,3,43.75,-0.125,0.43529411764705883,16
HOC/SFE,raw,11,4,50.0,0.0,0.4920634920634921,16
HOC/SFE,raw,11,5,81.25,0.625,0.8117647058823529,16
HOC/SFE,raw,12,1,68.75,0.375,0.6761133603238867,16
HOC/SFE,raw,12,2,56.25,0.125,0.5151515151515151,16
HOC/SFE,raw,12,3,37.5,-0.25,0.36507936507936506,16
HOC/SFE,raw,12,4,50.0,0.0,0.4666666666666667,16
HOC/SFE,raw,12,5,31.25,-0.375,0.30980392156862746,16
HOC/SFE,raw,13,1,43.75,-0.125,0.43529411764705883,16
HOC/SFE,raw,13,2,62.5,0.25,0.625,16
HOC/SFE,raw,13,3,62.5,0.25,0.6,16
HOC/SFE,raw,13,4,37.5,-0.25,0.375,16
HOC/SFE,raw,13,5,62.5,0.25,0.6,16
HOC/SFE,raw,14,1,68.75,0.375,0.6862745098039216,16
HOC/SFE,raw,14,2,50.0,0.0,0.5,16
HOC/SFE,raw,14,3,75.0,0.5,0.75,16
HOC/SFE,raw,14,4,50.0,0.0,0.5,16
HOC/SFE,raw,14,5,62.5,0.25,0.625,16
HOC/SFE,raw,15,1,50.0,0.0,0.4181818181818182,16
HOC/SFE,raw,15,2,50.0,0.0,0.5,16
HOC/SFE,raw,15,3,50.0,0.0,0.4666666666666667,16
HOC/SFE,raw,15,4,56.25,0.125,0.5607843137254902,16
HOC/SFE,raw,15,5,75.0,0.5,0.75,16
HOC/SFE,raw,16,1,37.5,-0.25,0.3333333333333333,16
HOC/SFE,raw,16,2,43.75,-0.125,0.43529411764705883,16
HOC/SFE,raw,16,3,43.75,-0.125,0.43529411764705883,16
HOC/SFE,raw,16,4,62.5,0.25,0.6190476190476191,16
HOC/SFE,raw,16,5,62.5,0.25,0.625,16
HOC/SFE,raw,17,1,68.75,0.375,0.6761133603238867,16
HOC/SFE,raw,17,2,68.75,0.375,0.6862745098039216,16
HOC/SFE,raw,17,3,81.25,0.625,0.8117647058823529,16
HOC/SFE,raw,17,4,56.25,0.125,0.5465587044534412,16
HOC/SFE,raw,17,5,100.0,1.0,1.0,16
HOC/SFE,raw,18,1,87.5,0.75,0.873015873015873,16
HOC/SFE,raw,18,2,68.75,0.375,0.6862745098039216,16
HOC/SFE,raw,18,3,81.25,0.625,0.8117647058823529,16
HOC/SFE,raw,18,4,75.0,0.5,0.7333333333333334,16
HOC/SFE,raw,18,5,68.75,0.375,0.6761133603238867,16
HOC/SPS,fbc,1,1,72.22222222222221,0.4444444444444444,0.7213622291021672,18
HOC/SPS,fbc,1,2,72.22222222222221,0.4444444444444444,0.7142857142857142,18
HOC/SPS,fbc,1,3,61.111111111111114,0.22222222222222232,0.609907120743034,18
HOC/SPS,fbc,1,4,83.33333333333334,0.6666666666666667,0.8328173374613003,18
HOC/SPS,fbc,1,5,83.33333333333334,0.6666666666666667,0.8328173374613003,18
HOC/SPS,fbc,2,1,50.0,0.0,0.4666666666666667,16
HOC/SPS,fbc,2,2,56.25,0.125,0.5607843137254902,16
HOC/SPS,fbc,2,3,31.25,-0.375,0.23809523809523808,16
HOC/SPS,fbc,2,4,68.75,0.375,0.6862745098039216,16
HOC/SPS,fbc,2,5,56.25,0.125,0.5151515151515151,16
HOC/SPS,fbc,3,1,68.75,0.375,0.6761133603238867,16
HOC/SPS,fbc,3,2,81.25,0.625,0.8056680161943319,16
HOC/SPS,fbc,3,3,93.75,0.875,0.9372549019607843,16
HOC/SPS,fbc,3,4,68.75,0.375,0.6536796536796536,16
HOC/SPS,fbc,3,5,81.25,0.625,0.8056680161943319,16
HOC/SPS,fbc,4,1,93.75,0.875,0.9372549019607843,16
HOC/SPS,fbc,4,2,75.0,0.5,0.7333333333333334,16
HOC/SPS,fbc,4,3,75.0,0.5,0.75,16
HOC/SPS,fbc,4,4,87.5,0.75,0.873015873015873,16
HOC/SPS,fbc,4,5,81.25,0.625,0.8117647058823529,16
HOC/SPS,fbc,5,1,56.25,0.125,0.5151515151515151,16
HOC/SPS,fbc,5,2,56.25,0.125,0.5465587044534412,16
HOC/SPS,fbc,5,3,81.25,0.625,0.8056680161943319,16
HOC/SPS,fbc,5,4,75.0,0.5,0.75,16
HOC/SPS,fbc,5,5,50.0,0.0,0.4181818181818182,16
HOC/SPS,fbc,6,1,62.5,0.25,0.6190476190476191,16
HOC/SPS,fbc,6,2,62.5,0.25,0.6190476190476191,16
HOC/SPS,fbc,6,3,56.25,0.125,0.5607843137254902,16
HOC/SPS,fbc,6,4,56.25,0.125,0.5465587044534412,16
HOC/SPS,fbc,6,5,81.25,0.625,0.8056680161943319,16
HOC/SPS,fbc,7,1,93.75,0.875,0.9372549019607843,16
HOC/SPS,fbc,7,2,68.75,0.375,0.6761133603238867,16
HOC/SPS,fbc,7,3,56.25,0.125,0.5151515151515151,16
HOC/SPS,fbc,7,4,43.75,-0.125,0.37662337662337664,16
HOC/SPS,fbc,7,5,68.75,0.375,0.6761133603238867,16
HOC/SPS,fbc,8,1,62.5,0.25,0.6,16
HOC/SPS,fbc,8,2,43.75,-0.125,0.43529411764705883,16
HOC/SPS,fbc,8,3,56.25,0.125,0.5607843137254902,16
HOC/SPS,fbc,8,4,31.25,-0.375,0.2874493927125506,16
HOC/SPS,fbc,8,5,62.5,0.25,0.6190476190476191,16
HOC/SPS,fbc,9,1,56.25,0.125,0.5607843137254902,16
HOC/SPS,fbc,9,2,75.0,0.5,0.75,16
HOC/SPS,fbc,9,3,62.5,0.25,0.6190476190476191,16
HOC/SPS,fbc,9,4,62.5,0.25,0.5636363636363637,16
HOC/SPS,fbc,9,5,50.0,0.0,0.4666666666666667,16
HOC/SPS,fbc,10,1,75.0,0.5,0.746031746031746,16
HOC/SPS,fbc,10,2,81.25,0.625,0.8117647058823529,16
HOC/SPS,fbc,10,3,100.0,1.0,1.0,16
HOC/SPS,fbc,10,4,62.5,0.25,0.625,16
HOC/SPS,fbc,10,5,87.5,0.75,0.873015873015873,16
HOC/SPS,fbc,11,1,43.75,-0.125,0.41700404858299595,16
HOC/SPS,fbc,11,2,62.5,0.25,0.625,16
HOC/SPS,fbc,11,3,62.5,0.25,0.625,16
HOC/SPS,fbc,11,4,68.75,0.375,0.6761133603238867,16
HOC/SPS,fbc,11,5,62.5,0.25,0.6190476190476191,16
HOC/SPS,fbc,12,1,62.5,0.25,0.625,16
HOC/SPS,fbc,12,2,56.25,0.125,0.5465587044534412,16
HOC/SPS,fbc,12,3,56.25,0.125,0.5607843137254902,16
HOC/SPS,fbc,12,4,56.25,0.125,0.5151515151515151,16
HOC/SPS,fbc,12,5,56.25,0.125,0.5151515151515151,16
HOC/SPS,fbc,13,1,68.75,0.375,0.6761133603238867,16
HOC/SPS,fbc,13,2,56.25,0.125,0.5607843137254902,16
HOC/SPS,fbc,13,3,56.25,0.125,0.5607843137254902,16
HOC/SPS,fbc,13,4,68.75,0.375,0.6761133603238867,16
HOC/SPS,fbc,13,5,56.25,0.125,0.5607843137254902,16
HOC/SPS,fbc,14,1,43.75,-0.125,0.43529411764705883,16
HOC/SPS,fbc,14,2,62.5,0.25,0.6190476190476191,16
HOC/SPS,fbc,14,3,25.0,-0.5,0.25,16
HOC/SPS,fbc,14,4,56.25,0.125,0.5607843137254902,16
HOC/SPS,fbc,14,5,37.5,-0.25,0.2727272727272727,16
HOC/SPS,fbc,15,1,50.0,0.0,0.4181818181818182,16
HOC/SPS,fbc,15,2,50.0,0.0,0.4666666666666667,16
HOC/SPS,fbc,15,3,62.5,0.25,0.5636363636363637,16
HOC/SPS,fbc,15,4,56.25,0.125,0.5465587044534412,16
HOC/SPS,fbc,15,5,62.5,0.25,0.6190476190476191,16
HOC/SPS,fbc,16,1,68.75,0.375,0.6761133603238867,16
HOC/SPS,fbc,16,2,62.5,0.25,0.6,16
HOC/SPS,fbc,16,3,56.25,0.125,0.5151515151515151,16
HOC/SPS,fbc,16,4,68.75,0.375,0.6761133603238867,16
HOC/SPS,fbc,16,5,62.5,0.25,0.6190476190476191,16
HOC/SPS,fbc,17,1,68.75,0.375,0.6761133603238867,16
HOC/SPS,fbc,17,2,87.5,0.75,0.875,16
HOC/SPS,fbc,17,3,75.0,0.5,0.7333333333333334,16
HOC/SPS,fbc,17,4,81.25,0.625,0.8117647058823529,16
HOC/SPS,fbc,17,5,81.25,0.625,0.8117647058823529,16
HOC/SPS,fbc,18,1,62.5,0.25,0.6,16
HOC/SPS,fbc,18,2,87.5,0.75,0.875,16
HOC/SPS,fbc,18,3,87.5,0.75,0.875,16
HOC/SPS,fbc,18,4,75.0,0.5,0.7333333333333334,16
HOC/SPS,fbc,18,5,87.5,0.75,0.873015873015873,16
HOC/SPS,raw,1,1,72.22222222222221,0.4444444444444444,0.7213622291021672,18
HOC/SPS,raw,1,2,72.22222222222221,0.4444444444444444,0.7142857142857142,18
HOC/SPS,raw,1,3,50.0,0.0,0.4984520123839009,18
HOC/SPS,raw,1,4,77.77777777777779,0.5555555555555556,0.7777777777777778,18
HOC/SPS,raw,1,5,83.33333333333334,0.6666666666666667,0.8328173374613003,18
HOC/SPS,raw,2,1,56.25,0.125,0.5151515151515151,16
HOC/SPS,raw,2,2,62.5,0.25,0.6190476190476191,16
HOC/SPS,raw,2,3,56.25,0.125,0.5151515151515151,16
HOC/SPS,raw,2,4,68.75,0.375,0.6761133603238867,16
HOC/SPS,raw,2,5,62.5,0.25,0.625,16
HOC/SPS,raw,3,1,75.0,0.5,0.746031746031746,16
HOC/SPS,raw,3,2,75.0,0.5,0.7333333333333334,16
HOC/SPS,raw,3,3,87.5,0.75,0.875,16
HOC/SPS,raw,3,4,56.25,0.125,0.5607843137254902,16
HOC/SPS,raw,3,5,62.5,0.25,0.625,16
HOC/SPS,raw,4,1,93.75,0.875,0.9372549019607843,16
HOC/SPS,raw,4,2,87.5,0.75,0.873015873015873,16
HOC/SPS,raw,4,3,81.25,0.625,0.8117647058823529,16
HOC/SPS,raw,4,4,100.0,1.0,1.0,16
HOC/SPS,raw,4,5,81.25,0.625,0.8117647058823529,16
HOC/SPS,raw,5,1,68.75,0.375,0.6761133603238867,16
HOC/SPS,raw,5,2,62.5,0.25,0.6,16
HOC/SPS,raw,5,3,68.75,0.375,0.6862745098039216,16
HOC/SPS,raw,5,4,50.0,0.0,0.4920634920634921,16
HOC/SPS,raw,5,5,56.25,0.125,0.5151515151515151,16
HOC/SPS,raw,6,1,62.5,0.25,0.6,16
HOC/SPS,raw,6,2,68.75,0.375,0.6761133603238867,16
HOC/SPS,raw,6,3,31.25,-0.375,0.2874493927125506,16
HOC/SPS,raw,6,4,50.0,0.0,0.4920634920634921,16
HOC/SPS,raw,6,5,62.5,0.25,0.625,16
HOC/SPS,raw,7,1,68.75,0.375,0.6862745098039216,16
HOC/SPS,raw,7,2,62.5,0.25,0.6,16
HOC/SPS,raw,7,3,56.25,0.125,0.5607843137254902,16
HOC/SPS,raw,7,4,50.0,0.0,0.4920634920634921,16
HOC/SPS,raw,7,5,75.0,0.5,0.75,16
HOC/SPS,raw,8,1,75.0,0.5,0.7333333333333334,16
HOC/SPS,raw,8,2,56.25,0.125,0.5465587044534412,16
HOC/SPS,raw,8,3,56.25,0.125,0.5607843137254902,16
HOC/SPS,raw,8,4,62.5,0.25,0.6190476190476191,16
HOC/SPS,raw,8,5,62.5,0.25,0.6,16
HOC/SPS,raw,9,1,25.0,-0.5,0.25,16
HOC/SPS,raw,9,2,50.0,0.0,0.5,16
HOC/SPS,raw,9,3,56.25,0.125,0.5151515151515151,16
HOC/SPS,raw,9,4,62.5,0.25,0.6,16
HOC/SPS,raw,9,5,68.75,0.375,0.6862745098039216,16
HOC/SPS,raw,10,1,93.75,0.875,0.9372549019607843,16
HOC/SPS,raw,10,2,68.75,0.375,0.6761133603238867,16
HOC/SPS,raw,10,3,93.75,0.875,0.9372549019607843,16
HOC/SPS,raw,10,4,68.75,0.375,0.6761133603238867,16
HOC/SPS,raw,10,5,75.0,0.5,0.75,16
HOC/SPS,raw,11,1,75.0,0.5,0.75,16
HOC/SPS,raw,11,2,62.5,0.25,0.625,16
HOC/SPS,raw,11,3,62.5,0.25,0.6,16
HOC/SPS,raw,11,4,50.0,0.0,0.4920634920634921,16
HOC/SPS,raw,11,5,50.0,0.0,0.5,16
HOC/SPS,raw,12,1,62.5,0.25,0.625,16
HOC/SPS,raw,12,2,62.5,0.25,0.625,16
HOC/SPS,raw,12,3,62.5,0.25,0.625,16
HOC/SPS,raw,12,4,62.5,0.25,0.6,16
HOC/SPS,raw,12,5,62.5,0.25,0.6190476190476191,16
HOC/SPS,raw,13,1,50.0,0.0,0.4666666666666667,16
HOC/SPS,raw,13,2,37.5,-0.25,0.36507936507936506,16
HOC/SPS,raw,13,3,50.0,0.0,0.4920634920634921,16
HOC/SPS,raw,13,4,56.25,0.125,0.5607843137254902,16
HOC/SPS,raw,13,5,50.0,0.0,0.5,16
HOC/SPS,raw,14,1,43.75,-0.125,0.43529411764705883,16
HOC/SPS,raw,14,2,68.75,0.375,0.6761133603238867,16
HOC/SPS,raw,14,3,56.25,0.125,0.5465587044534412,16
HOC/SPS,raw,14,4,68.75,0.375,0.6862745098039216,16
HOC/SPS,raw,14,5,68.75,0.375,0.6862745098039216,16
HOC/SPS,raw,15,1,37.5,-0.25,0.3333333333333333,16
HOC/SPS,raw,15,2,25.0,-0.5,0.2,16
HOC/SPS,raw,15,3,50.0,0.0,0.4920634920634921,16
HOC/SPS,raw,15,4,56.25,0.125,0.5607843137254902,16
HOC/SPS,raw,15,5,62.5,0.25,0.6190476190476191,16
HOC/SPS,raw,16,1,56.25,0.125,0.5465587044534412,16
HOC/SPS,raw,16,2,37.5,-0.25,0.36507936507936506,16
HOC/SPS,raw,16,3,56.25,0.125,0.5607843137254902,16
HOC/SPS,raw,16,4,81.25,0.625,0.8117647058823529,16
HOC/SPS,raw,16,5,68.75,0.375,0.6862745098039216,16
HOC/SPS,raw,17,1,81.25,0.625,0.8117647058823529,16
HOC/SPS,raw,17,2,81.25,0.625,0.8117647058823529,16
HOC/SPS,raw,17,3,75.0,0.5,0.7333333333333334,16
HOC/SPS,raw,17,4,75.0,0.5,0.746031746031746,16
HOC/SPS,raw,17,5,75.0,0.5,0.7333333333333334,16
HOC/SPS,raw,18,1,68.75,0.375,0.6536796536796536,16
HOC/SPS,raw,18,2,56.25,0.125,0.5607843137254902,16
HOC/SPS,raw,18,3,87.5,0.75,0.875,16
HOC/SPS,raw,18,4,75.0,0.5,0.746031746031746,16
HOC/SPS,raw,18,5,81.25,0.625,0.8117647058823529,16
HOC/WAA,fbc,1,1,33.33333333333333,-0.33333333333333337,0.325,18
HOC/WAA,fbc,1,2,55.55555555555556,0.11111111111111116,0.55,18
HOC/WAA,fbc,1,3,50.0,0.0,0.4581939799331104,18
HOC/WAA,fbc,1,4,66.66666666666666,0.33333333333333326,0.6625,18
HOC/WAA,fbc,1,5,50.0,0.0,0.4581939799331104,18
HOC/WAA,fbc,2,1,43.75,-0.125,0.37662337662337664,16
HOC/WAA,fbc,2,2,37.5,-0.25,0.3333333333333333,16
HOC/WAA,fbc,2,3,56.25,0.125,0.5465587044534412,16
HOC/WAA,fbc,2,4,50.0,0.0,0.4920634920634921,16
HOC/WAA,fbc,2,5,50.0,0.0,0.5,16
HOC/WAA,fbc,3,1,56.25,0.125,0.5607843137254902,16
HOC/WAA,fbc,3,2,37.5,-0.25,0.375,16
HOC/WAA,fbc,3,3,37.5,-0.25,0.36507936507936506,16
HOC/WAA,fbc,3,4,43.75,-0.125,0.37662337662337664,16
HOC/WAA,fbc,3,5,68.75,0.375,0.6862745098039216,16
HOC/WAA,fbc,4,1,50.0,0.0,0.4920634920634921,16
HOC/WAA,fbc,4,2,56.25,0.125,0.5465587044534412,16
HOC/WAA,fbc,4,3,68.75,0.375,0.6862745098039216,16
HOC/WAA,fbc,4,4,43.75,-0.125,0.41700404858299595,16
HOC/WAA,fbc,4,5,56.25,0.125,0.5607843137254902,16
HOC/WAA,fbc,5,1,50.0,0.0,0.4920634920634921,16
HOC/WAA,fbc,5,2,62.5,0.25,0.6190476190476191,16
HOC/WAA,fbc,5,3,43.75,-0.125,0.43529411764705883,16
HOC/WAA,fbc,5,4,56.25,0.125,0.5607843137254902,16
HOC/WAA,fbc,5,5,56.25,0.125,0.5465587044534412,16
HOC/WAA,fbc,6,1,75.0,0.5,0.746031746031746,16
HOC/WAA,fbc,6,2,50.0,0.0,0.4666666666666667,16
HOC/WAA,fbc,6,3,62.5,0.25,0.6190476190476191,16
HOC/WAA,fbc,6,4,50.0,0.0,0.4666666666666667,16
HOC/WAA,fbc,6,5,75.0,0.5,0.746031746031746,16
HOC/WAA,fbc,7,1,50.0,0.0,0.4666666666666667,16
HOC/WAA,fbc,7,2,68.75,0.375,0.6536796536796536,16
HOC/WAA,fbc,7,3,62.5,0.25,0.6190476190476191,16
HOC/WAA,fbc,7,4,56.25,0.125,0.45893719806763283,16
HOC/WAA,fbc,7,5,56.25,0.125,0.5151515151515151,16
HOC/WAA,fbc,8,1,56.25,0.125,0.5151515151515151,16
HOC/WAA,fbc,8,2,62.5,0.25,0.6,16
HOC/WAA,fbc,8,3,50.0,0.0,0.5,16
HOC/WAA,fbc,8,4,56.25,0.125,0.5151515151515151,16
HOC/WAA,fbc,8,5,50.0,0.0,0.5,16
HOC/WAA,fbc,9,1,50.0,0.0,0.4920634920634921,16
HOC/WAA,fbc,9,2,56.25,0.125,0.5607843137254902,16
HOC/WAA,fbc,9,3,43.75,-0.125,0.43529411764705883,16
HOC/WAA,fbc,9,4,68.75,0.375,0.6862745098039216,16
HOC/WAA,fbc,9,5,50.0,0.0,0.4666666666666667,16
HOC/WAA,fbc,10,1,68.75,0.375,0.6761133603238867,16
HOC/WAA,fbc,10,2,68.75,0.375,0.6536796536796536,16
HOC/WAA,fbc,10,3,81.25,0.625,0.8117647058823529,16
HOC/WAA,fbc,10,4,56.25,0.125,0.5607843137254902,16
HOC/WAA,fbc,10,5,56.25,0.125,0.5607843137254902,16
HOC/WAA,fbc,11,1,37.5,-0.25,0.3333333333333333,16
HOC/WAA,fbc,11,2,56.25,0.125,0.5607843137254902,16
HOC/WAA,fbc,11,3,50.0,0.0,0.5,16
HOC/WAA,fbc,11,4,68.75,0.375,0.6862745098039216,16
HOC/WAA,fbc,11,5,56.25,0.125,0.5607843137254902,16
HOC/WAA,fbc,12,1,62.5,0.25,0.6190476190476191,16
HOC/WAA,fbc,12,2,68.75,0.375,0.6862745098039216,16
HOC/WAA,fbc,12,3,50.0,0.0,0.4920634920634921,16
HOC/WAA,fbc,12,4,56.25,0.125,0.5607843137254902,16
HOC/WAA,fbc,12,5,37.5,-0.25,0.3333333333333333,16
HOC/WAA,fbc,13,1,68.75,0.375,0.6536796536796536,16
HOC/WAA,fbc,13,2,56.25,0.125,0.5607843137254902,16
HOC/WAA,fbc,13,3,43.75,-0.125,0.37662337662337664,16
HOC/WAA,fbc,13,4,68.75,0.375,0.6761133603238867,16
HOC/WAA,fbc,13,5,43.75,-0.125,0.43529411764705883,16
HOC/WAA,fbc,14,1,68.75,0.375,0.6862745098039216,16
HOC/WAA,fbc,14,2,56.25,0.125,0.5607843137254902,16
HOC/WAA,fbc,14,3,31.25,-0.375,0.30980392156862746,16
HOC/WAA,fbc,14,4,56.25,0.125,0.5465587044534412,16
HOC/WAA,fbc,14,5,68.75,0.375,0.6862745098039216,16
HOC/WAA,fbc,15,1,56.25,0.125,0.5465587044534412,16
HOC/WAA,fbc,15,2,62.5,0.25,0.6190476190476191,16
HOC/WAA,fbc,15,3,62.5,0.25,0.5636363636363637,16
HOC/WAA,fbc,15,4,87.5,0.75,0.875,16
HOC/WAA,fbc,15,5,50.0,0.0,0.5,16
HOC/WAA,fbc,16,1,68.75,0.375,0.6761133603238867,16
HOC/WAA,fbc,16,2,75.0,0.5,0.7333333333333334,16
HOC/WAA,fbc,16,3,81.25,0.625,0.8056680161943319,16
HOC/WAA,fbc,16,4,56.25,0.125,0.5465587044534412,16
HOC/WAA,fbc,16,5,75.0,0.5,0.746031746031746,16
HOC/WAA,fbc,17,1,50.0,0.0,0.4920634920634921,16
HOC/WAA,fbc,17,2,50.0,0.0,0.5,16
HOC/WAA,fbc,17,3,68.75,0.375,0.6862745098039216,16
HOC/WAA,fbc,17,4,43.75,-0.125,0.43529411764705883,16
HOC/WAA,fbc,17,5,43.75,-0.125,0.37662337662337664,16
HOC/WAA,fbc,18,1,68.75,0.375,0.6862745098039216,16
HOC/WAA,fbc,18,2,56.25,0.125,0.5465587044534412,16
HOC/WAA,fbc,18,3,75.0,0.5,0.75,16
HOC/WAA,fbc,18,4,68.75,0.375,0.6761133603238867,16
HOC/WAA,fbc,18,5,68.75,0.375,0.6862745098039216,16
HOC/WAA,raw,1,1,61.111111111111114,0.22222222222222232,0.609907120743034,18
HOC/WAA,raw,1,2,55.55555555555556,0.11111111111111116,0.55,18
HOC/WAA,raw,1,3,50.0,0.0,0.4857142857142857,18
HOC/WAA,raw,1,4,50.0,0.0,0.4857142857142857,18
HOC/WAA,raw,1,5,55.55555555555556,0.11111111111111116,0.5555555555555556,18
HOC/WAA,raw,2,1,75.0,0.5,0.75,16
HOC/WAA,raw,2,2,68.75,0.375,0.6761133603238867,16
HOC/WAA,raw,2,3,56.25,0.125,0.5465587044534412,16
HOC/WAA,raw,2,4,56.25,0.125,0.5607843137254902,16
HOC/WAA,raw,2,5,56.25,0.125,0.5607843137254902,16
HOC/WAA,raw,3,1,68.75,0.375,0.6862745098039216,16
HOC/WAA,raw,3,2,56.25,0.125,0.5607843137254902,16
HOC/WAA,raw,3,3,50.0,0.0,0.4920634920634921,16
HOC/WAA,raw,3,4,50.0,0.0,0.4920634920634921,16
HOC/WAA,raw,3,5,62.5,0.25,0.6190476190476191,16
HOC/WAA,raw,4,1,56.25,0.125,0.5607843137254902,16
HOC/WAA,raw,4,2,62.5,0.25,0.6190476190476191,16
HOC/WAA,raw,4,3,56.25,0.125,0.5607843137254902,16
HOC/WAA,raw,4,4,62.5,0.25,0.625,16
HOC/WAA,raw,4,5,43.75,-0.125,0.43529411764705883,16
HOC/WAA,raw,5,1,50.0,0.0,0.4666666666666667,16
HOC/WAA,raw,5,2,75.0,0.5,0.7333333333333334,16
HOC/WAA,raw,5,3,62.5,0.25,0.6190476190476191,16
HOC/WAA,raw,5,4,50.0,0.0,0.4920634920634921,16
HOC/WAA,raw,5,5,31.25,-0.375,0.30980392156862746,16
HOC/WAA,raw,6,1,75.0,0.5,0.746031746031746,16
HOC/WAA,raw,6,2,68.75,0.375,0.6862745098039216,16
HOC/WAA,raw,6,3,43.75,-0.125,0.41700404858299595,16
HOC/WAA,raw,6,4,62.5,0.25,0.5636363636363637,16
HOC/WAA,raw,6,5,68.75,0.375,0.6761133603238867,16
HOC/WAA,raw,7,1,62.5,0.25,0.6,16
HOC/WAA,raw,7,2,56.25,0.125,0.5465587044534412,16
HOC/WAA,raw,7,3,75.0,0.5,0.746031746031746,16
HOC/WAA,raw,7,4,50.0,0.0,0.4920634920634921,16
HOC/WAA,raw,7,5,62.5,0.25,0.6,16
HOC/WAA,raw,8,1,50.0,0.0,0.4666666666666667,16
HOC/WAA,raw,8,2,56.25,0.125,0.5607843137254902,16
HOC/WAA,raw,8,3,56.25,0.125,0.5151515151515151,16
HOC/WAA,raw,8,4,43.75,-0.125,0.43529411764705883,16
HOC/WAA,raw,8,5,50.0,0.0,0.4920634920634921,16
HOC/WAA,raw,9,1,62.5,0.25,0.625,16
HOC/WAA,raw,9,2,50.0,0.0,0.5,16
HOC/WAA,raw,9,3,50.0,0.0,0.4920634920634921,16
HOC/WAA,raw,9,4,75.0,0.5,0.746031746031746,16
HOC/WAA,raw,9,5,37.5,-0.25,0.36507936507936506,16
HOC/WAA,raw,10,1,75.0,0.5,0.746031746031746,16
HOC/WAA,raw,10,2,56.25,0.125,0.45893719806763283,16
HOC/WAA,raw,10,3,62.5,0.25,0.625,16
HOC/WAA,raw,10,4,62.5,0.25,0.6,16
HOC/WAA,raw,10,5,56.25,0.125,0.5607843137254902,16
HOC/WAA,raw,11,1,62.5,0.25,0.6190476190476191,16
HOC/WAA,raw,11,2,62.5,0.25,0.6190476190476191,16
HOC/WAA,raw,11,3,56.25,0.125,0.5465587044534412,16
HOC/WAA,raw,11,4,62.5,0.25,0.6,16
HOC/WAA,raw,11,5,56.25,0.125,0.5607843137254902,16
HOC/WAA,raw,12,1,50.0,0.0,0.5,16
HOC/WAA,raw,12,2,62.5,0.25,0.6190476190476191,16
HOC/WAA,raw,12,3,43.75,-0.125,0.43529411764705883,16
HOC/WAA,raw,12,4,68.75,0.375,0.6761133603238867,16
HOC/WAA,raw,12,5,56.25,0.125,0.5465587044534412,16
HOC/WAA,raw,13,1,62.5,0.25,0.6,16
HOC/WAA,raw,13,2,50.0,0.0,0.5,16
HOC/WAA,raw,13,3,62.5,0.25,0.6190476190476191,16
HOC/WAA,raw,13,4,56.25,0.125,0.5607843137254902,16
HOC/WAA,raw,13,5,56.25,0.125,0.5465587044534412,16
HOC/WAA,raw,14,1,62.5,0.25,0.625,16
HOC/WAA,raw,14,2,75.0,0.5,0.75,16
HOC/WAA,raw,14,3,50.0,0.0,0.4920634920634921,16
HOC/WAA,raw,14,4,62.5,0.25,0.6190476190476191,16
HOC/WAA,raw,14,5,50.0,0.0,0.4920634920634921,16
HOC/WAA,raw,15,1,37.5,-0.25,0.36507936507936506,16
HOC/WAA,raw,15,2,50.0,0.0,0.5,16
HOC/WAA,raw,15,3,68.75,0.375,0.6862745098039216,16
HOC/WAA,raw,15,4,62.5,0.25,0.625,16
HOC/WAA,raw,15,5,62.5,0.25,0.6190476190476191,16
HOC/WAA,raw,16,1,81.25,0.625,0.8056680161943319,16
HOC/WAA,raw,16,2,50.0,0.0,0.4920634920634921,16
HOC/WAA,raw,16,3,75.0,0.5,0.75,16
HOC/WAA,raw,16,4,75.0,0.5,0.75,16
HOC/WAA,raw,16,5,56.25,0.125,0.5465587044534412,16
HOC/WAA,raw,17,1,75.0,0.5,0.75,16
HOC/WAA,raw,17,2,56.25,0.125,0.5607843137254902,16
HOC/WAA,raw,17,3,56.25,0.125,0.5465587044534412,16
HOC/WAA,raw,17,4,43.75,-0.125,0.43529411764705883,16
HOC/WAA,raw,17,5,62.5,0.25,0.625,16
HOC/WAA,raw,18,1,68.75,0.375,0.6862745098039216,16
HOC/WAA,raw,18,2,62.5,0.25,0.625,16
HOC/WAA,raw,18,3,68.75,0.375,0.6862745098039216,16
HOC/WAA,raw,18,4,56.25,0.125,0.5607843137254902,16
HOC/WAA,raw,18,5,56.25,0.125,0.5607843137254902,16
HOC/WFE,fbc,1,1,61.111111111111114,0.22222222222222232,0.609907120743034,18
HOC/WFE,fbc,1,2,55.55555555555556,0.11111111111111116,0.55,18
HOC/WFE,fbc,1,3,61.111111111111114,0.22222222222222232,0.609907120743034,18
HOC/WFE,fbc,1,4,72.22222222222221,0.4444444444444444,0.7213622291021672,18
HOC/WFE,fbc,1,5,72.22222222222221,0.4444444444444444,0.7213622291021672,18
HOC/WFE,fbc,2,1,68.75,0.375,0.6761133603238867,16
HOC/WFE,fbc,2,2,43.75,-0.125,0.43529411764705883,16
HOC/WFE,fbc,2,3,31.25,-0.375,0.2874493927125506,16
HOC/WFE,fbc,2,4,56.25,0.125,0.5465587044534412,16
HOC/WFE,fbc,2,5,43.75,-0.125,0.41700404858299595,16
HOC/WFE,fbc,3,1,43.75,-0.125,0.37662337662337664,16
HOC/WFE,fbc,3,2,37.5,-0.25,0.3333333333333333,16
HOC/WFE,fbc,3,3,50.0,0.0,0.4181818181818182,16
HOC/WFE,fbc,3,4,43.75,-0.125,0.37662337662337664,16
HOC/WFE,fbc,3,5,50.0,0.0,0.4920634920634921,16
HOC/WFE,fbc,4,1,43.75,-0.125,0.43529411764705883,16
HOC/WFE,fbc,4,2,81.25,0.625,0.8117647058823529,16
HOC/WFE,fbc,4,3,43.75,-0.125,0.41700404858299595,16
HOC/WFE,fbc,4,4,56.25,0.125,0.5607843137254902,16
HOC/WFE,fbc,4,5,62.5,0.25,0.6190476190476191,16
HOC/WFE,fbc,5,1,56.25,0.125,0.5151515151515151,16
HOC/WFE,fbc,5,2,50.0,0.0,0.4920634920634921,16
HOC/WFE,fbc,5,3,37.5,-0.25,0.375,16
HOC/WFE,fbc,5,4,43.75,-0.125,0.43529411764705883,16
HOC/WFE,fbc,5,5,62.5,0.25,0.6190476190476191,16
HOC/WFE,fbc,6,1,62.5,0.25,0.6190476190476191,16
HOC/WFE,fbc,6,2,56.25,0.125,0.5607843137254902,16
HOC/WFE,fbc,6,3,43.75,-0.125,0.43529411764705883,16
HOC/WFE,fbc,6,4,50.0,0.0,0.4920634920634921,16
HOC/WFE,fbc,6,5,75.0,0.5,0.75,16
HOC/WFE,fbc,7,1,43.75,-0.125,0.43529411764705883,16
HOC/WFE,fbc,7,2,62.5,0.25,0.6190476190476191,16
HOC/WFE,fbc,7,3,68.75,0.375,0.6862745098039216,16
HOC/WFE,fbc,7,4,50.0,0.0,0.3333333333333333,16
HOC/WFE,fbc,7,5,75.0,0.5,0.7333333333333334,16
HOC/WFE,fbc,8,1,81.25,0.625,0.8117647058823529,16
HOC/WFE,fbc,8,2,50.0,0.0,0.3333333333333333,16
HOC/WFE,fbc,8,3,25.0,-0.5,0.25,16
HOC/WFE,fbc,8,4,43.75,-0.125,0.37662337662337664,16
HOC/WFE,fbc,8,5,62.5,0.25,0.625,16
HOC/WFE,fbc,9,1,68.75,0.375,0.6862745098039216,16
HOC/WFE,fbc,9,2,50.0,0.0,0.5,16
HOC/WFE,fbc,9,3,50.0,0.0,0.4920634920634921,16
HOC/WFE,fbc,9,4,62.5,0.25,0.6,16
HOC/WFE,fbc,9,5,56.25,0.125,0.5607843137254902,16
HOC/WFE,fbc,10,1,62.5,0.25,0.6,16
HOC/WFE,fbc,10,2,31.25,-0.375,0.30980392156862746,16
HOC/WFE,fbc,10,3,37.5,-0.25,0.36507936507936506,16
HOC/WFE,fbc,10,4,31.25,-0.375,0.23809523809523808,16
HOC/WFE,fbc,10,5,56.25,0.125,0.5607843137254902,16
HOC/WFE,fbc,11,1,56.25,0.125,0.5151515151515151,16
HOC/WFE,fbc,11,2,43.75,-0.125,0.43529411764705883,16
HOC/WFE,fbc,11,3,56.25,0.125,0.5465587044534412,16
HOC/WFE,fbc,11,4,56.25,0.125,0.5607843137254902,16
HOC/WFE,fbc,11,5,56.25,0.125,0.5607843137254902,16
HOC/WFE,fbc,12,1,37.5,-0.25,0.36507936507936506,16
HOC/WFE,fbc,12,2,56.25,0.125,0.5607843137254902,16
HOC/WFE,fbc,12,3,37.5,-0.25,0.3333333333333333,16
HOC/WFE,fbc,12,4,68.75,0.375,0.6536796536796536,16
HOC/WFE,fbc,12,5,68.75,0.375,0.6862745098039216,16
HOC/WFE,fbc,13,1,62.5,0.25,0.5636363636363637,16
HOC/WFE,fbc,13,2,62.5,0.25,0.6,16
HOC/WFE,fbc,13,3,37.5,-0.25,0.375,16
HOC/WFE,fbc,13,4,43.75,-0.125,0.43529411764705883,16
HOC/WFE,fbc,13,5,50.0,0.0,0.5,16
HOC/WFE,fbc,14,1,62.5,0.25,0.6190476190476191,16
HOC/WFE,fbc,14,2,50.0,0.0,0.4920634920634921,16
HOC/WFE,fbc,14,3,43.75,-0.125,0.43529411764705883,16
HOC/WFE,fbc,14,4,56.25,0.125,0.5607843137254902,16
HOC/WFE,fbc,14,5,62.5,0.25,0.6190476190476191,16
HOC/WFE,fbc,15,1,56.25,0.125,0.5151515151515151,16
HOC/WFE,fbc,15,2,56.25,0.125,0.5151515151515151,16
HOC/WFE,fbc,15,3,68.75,0.375,0.6761133603238867,16
HOC/WFE,fbc,15,4,62.5,0.25,0.6190476190476191,16
HOC/WFE,fbc,15,5,56.25,0.125,0.5465587044534412,16
HOC/WFE,fbc,16,1,37.5,-0.25,0.3333333333333333,16
HOC/WFE,fbc,16,2,50.0,0.0,0.5,16
HOC/WFE,fbc,16,3,56.25,0.125,0.5607843137254902,16
HOC/WFE,fbc,16,4,43.75,-0.125,0.41700404858299595,16
HOC/WFE,fbc,16,5,50.0,0.0,0.4920634920634921,16
HOC/WFE,fbc,17,1,25.0,-0.5,0.25,16
HOC/WFE,fbc,17,2,50.0,0.0,0.4920634920634921,16
HOC/WFE,fbc,17,3,50.0,0.0,0.4666666666666667,16
HOC/WFE,fbc,17,4,43.75,-0.125,0.43529411764705883,16
HOC/WFE,fbc,17,5,56.25,0.125,0.45893719806763283,16
HOC/WFE,fbc,18,1,62.5,0.25,0.6,16
HOC/WFE,fbc,18,2,68.75,0.375,0.6862745098039216,16
HOC/WFE,fbc,18,3,56.25,0.125,0.5465587044534412,16
HOC/WFE,fbc,18,4,50.0,0.0,0.4666666666666667,16
HOC/WFE,fbc,18,5,62.5,0.25,0.6190476190476191,16
HOC/WFE,raw,1,1,66.66666666666666,0.33333333333333326,0.6625,18
HOC/WFE,raw,1,2,77.77777777777779,0.5555555555555556,0.775,18
HOC/WFE,raw,1,3,66.66666666666666,0.33333333333333326,0.6666666666666666,18
HOC/WFE,raw,1,4,55.55555555555556,0.11111111111111116,0.55,18
HOC/WFE,raw,1,5,72.22222222222221,0.4444444444444444,0.7142857142857142,18
HOC/WFE,raw,2,1,56.25,0.125,0.5607843137254902,16
HOC/WFE,raw,2,2,75.0,0.5,0.746031746031746,16
HOC/WFE,raw,2,3,37.5,-0.25,0.3333333333333333,16
HOC/WFE,raw,2,4,68.75,0.375,0.6761133603238867,16
HOC/WFE,raw,2,5,50.0,0.0,0.4920634920634921,16
HOC/WFE,raw,3,1,50.0,0.0,0.4920634920634921,16
HOC/WFE,raw,3,2,25.0,-0.5,0.25,16
HOC/WFE,raw,3,3,37.5,-0.25,0.3333333333333333,16
HOC/WFE,raw,3,4,31.25,-0.375,0.30980392156862746,16
HOC/WFE,raw,3,5,56.25,0.125,0.5607843137254902,16
HOC/WFE,raw,4,1,68.75,0.375,0.6862745098039216,16
HOC/WFE,raw,4,2,56.25,0.125,0.5465587044534412,16
HOC/WFE,raw,4,3,62.5,0.25,0.625,16
HOC/WFE,raw,4,4,50.0,0.0,0.5,16
HOC/WFE,raw,4,5,75.0,0.5,0.746031746031746,16
HOC/WFE,raw,5,1,56.25,0.125,0.5465587044534412,16
HOC/WFE,raw,5,2,56.25,0.125,0.5465587044534412,16
HOC/WFE,raw,5,3,43.75,-0.125,0.43529411764705883,16
HOC/WFE,raw,5,4,43.75,-0.125,0.43529411764705883,16
HOC/WFE,raw,5,5,75.0,0.5,0.746031746031746,16
HOC/WFE,raw,6,1,43.75,-0.125,0.43529411764705883,16
HOC/WFE,raw,6,2,56.25,0.125,0.5607843137254902,16
HOC/WFE,raw,6,3,56.25,0.125,0.5607843137254902,16
HOC/WFE,raw,6,4,62.5,0.25,0.6,16
HOC/WFE,raw,6,5,56.25,0.125,0.5607843137254902,16
HOC/WFE,raw,7,1,56.25,0.125,0.5607843137254902,16
HOC/WFE,raw,7,2,56.25,0.125,0.5465587044534412,16
HOC/WFE,raw,7,3,75.0,0.5,0.75,16
HOC/WFE,raw,7,4,37.5,-0.25,0.3333333333333333,16
HOC/WFE,raw,7,5,56.25,0.125,0.5607843137254902,16
HOC/WFE,raw,8,1,62.5,0.25,0.625,16
HOC/WFE,raw,8,2,62.5,0.25,0.625,16
HOC/WFE,raw,8,3,56.25,0.125,0.5465587044534412,16
HOC/WFE,raw,8,4,62.5,0.25,0.625,16
HOC/WFE,raw,8,5,75.0,0.5,0.75,16
HOC/WFE,raw,9,1,81.25,0.625,0.8056680161943319,16
HOC/WFE,raw,9,2,50.0,0.0,0.4920634920634921,16
HOC/WFE,raw,9,3,25.0,-0.5,0.25,16
HOC/WFE,raw,9,4,68.75,0.375,0.6862745098039216,16
HOC/WFE,raw,9,5,50.0,0.0,0.5,16
HOC/WFE,raw,10,1,50.0,0.0,0.4666666666666667,16
HOC/WFE,raw,10,2,18.75,-0.625,0.1843137254901961,16
HOC/WFE,raw,10,3,31.25,-0.375,0.2874493927125506,16
HOC/WFE,raw,10,4,68.75,0.375,0.6862745098039216,16
HOC/WFE,raw,10,5,50.0,0.0,0.4920634920634921,16
HOC/WFE,raw,11,1,62.5,0.25,0.6190476190476191,16
HOC/WFE,raw,11,2,56.25,0.125,0.5607843137254902,16
HOC/WFE,raw,11,3,43.75,-0.125,0.41700404858299595,16
HOC/WFE,raw,11,4,56.25,0.125,0.5607843137254902,16
HOC/WFE,raw,11,5,81.25,0.625,0.8117647058823529,16
HOC/WFE,raw,12,1,50.0,0.0,0.4666666666666667,16
HOC/WFE,raw,12,2,68.75,0.375,0.6862745098039216,16
HOC/WFE,raw,12,3,37.5,-0.25,0.36507936507936506,16
HOC/WFE,raw,12,4,43.75,-0.125,0.43529411764705883,16
HOC/WFE,raw,12,5,56.25,0.125,0.5607843137254902,16
HOC/WFE,raw,13,1,50.0,0.0,0.5,16
HOC/WFE,raw,13,2,62.5,0.25,0.625,16
HOC/WFE,raw,13,3,56.25,0.125,0.5465587044534412,16
HOC/WFE,raw,13,4,56.25,0.125,0.5607843137254902,16
HOC/WFE,raw,13,5,50.0,0.0,0.4666666666666667,16
HOC/WFE,raw,14,1,50.0,0.0,0.4920634920634921,16
HOC/WFE,raw,14,2,37.5,-0.25,0.36507936507936506,16
HOC/WFE,raw,14,3,68.75,0.375,0.6862745098039216,16
HOC/WFE,raw,14,4,43.75,-0.125,0.43529411764705883,16
HOC/WFE,raw,14,5,62.5,0.25,0.625,16
HOC/WFE,raw,15,1,62.5,0.25,0.6,16
HOC/WFE,raw,15,2,62.5,0.25,0.6,16
HOC/WFE,raw,15,3,62.5,0.25,0.6190476190476191,16
HOC/WFE,raw,15,4,56.25,0.125,0.5465587044534412,16
HOC/WFE,raw,15,5,62.5,0.25,0.6190476190476191,16
HOC/WFE,raw,16,1,43.75,-0.125,0.43529411764705883,16
HOC/WFE,raw,16,2,62.5,0.25,0.6,16
HOC/WFE,raw,16,3,68.75,0.375,0.6862745098039216,16
HOC/WFE,raw,16,4,56.25,0.125,0.5465587044534412,16
HOC/WFE,raw,16,5,50.0,0.0,0.5,16
HOC/WFE,raw,17,1,43.75,-0.125,0.43529411764705883,16
HOC/WFE,raw,17,2,56.25,0.125,0.5607843137254902,16
HOC/WFE,raw,17,3,56.25,0.125,0.5151515151515151,16
HOC/WFE,raw,17,4,56.25,0.125,0.5465587044534412,16
HOC/WFE,raw,17,5,50.0,0.0,0.4920634920634921,16
HOC/WFE,raw,18,1,75.0,0.5,0.75,16
HOC/WFE,raw,18,2,56.25,0.125,0.5465587044534412,16
HOC/WFE,raw,18,3,56.25,0.125,0.5465587044534412,16
HOC/WFE,raw,18,4,43.75,-0.125,0.41700404858299595,16
HOC/WFE,raw,18,5,56.25,0.125,0.5607843137254902,16
SAA/SFE,fbc,1,1,55.55555555555556,0.11111111111111116,0.5555555555555556,18
SAA/SFE,fbc,1,2,50.0,0.0,0.4984520123839009,18
SAA/SFE,fbc,1,3,61.111111111111114,0.22222222222222232,0.5418181818181818,18
SAA/SFE,fbc,1,4,50.0,0.0,0.4857142857142857,18
SAA/SFE,fbc,1,5,44.44444444444444,-0.11111111111111116,0.41558441558441556,18
SAA/SFE,fbc,2,1,56.25,0.125,0.5607843137254902,16
SAA/SFE,fbc,2,2,50.0,0.0,0.4666666666666667,16
SAA/SFE,fbc,2,3,43.75,-0.125,0.43529411764705883,16
SAA/SFE,fbc,2,4,56.25,0.125,0.5607843137254902,16
SAA/SFE,fbc,2,5,18.75,-0.625,0.15789473684210525,16
SAA/SFE,fbc,3,1,56.25,0.125,0.5607843137254902,16
SAA/SFE,fbc,3,2,56.25,0.125,0.5465587044534412,16
SAA/SFE,fbc,3,3,68.75,0.375,0.6862745098039216,16
SAA/SFE,fbc,3,4,56.25,0.125,0.5465587044534412,16
SAA/SFE,fbc,3,5,50.0,0.0,0.4666666666666667,16
SAA/SFE,fbc,4,1,56.25,0.125,0.5607843137254902,16
SAA/SFE,fbc,4,2,50.0,0.0,0.4920634920634921,16
SAA/SFE,fbc,4,3,50.0,0.0,0.4920634920634921,16
SAA/SFE,fbc,4,4,31.25,-0.375,0.23809523809523808,16
SAA/SFE,fbc,4,5,56.25,0.125,0.5607843137254902,16
SAA/SFE,fbc,5,1,41.17647058823529,-0.1971830985915494,0.39285714285714285,17
SAA/SFE,fbc,5,2,56.25,0.125,0.5607843137254902,16
SAA/SFE,fbc,5,3,37.5,-0.25,0.36507936507936506,16
SAA/SFE,fbc,5,4,56.25,0.125,0.5465587044534412,16
SAA/SFE,fbc,5,5,31.25,-0.375,0.2874493927125506,16
SAA/SFE,fbc,6,1,56.25,0.125,0.5465587044534412,16
SAA/SFE,fbc,6,2,75.0,0.5,0.746031746031746,16
SAA/SFE,fbc,6,3,50.0,0.0,0.4666666666666667,16
SAA/SFE,fbc,6,4,43.75,-0.125,0.43529411764705883,16
SAA/SFE,fbc,6,5,62.5,0.25,0.625,16
SAA/SFE,fbc,7,1,56.25,0.125,0.5607843137254902,16
SAA/SFE,fbc,7,2,62.5,0.25,0.5636363636363637,16
SAA/SFE,fbc,7,3,37.5,-0.25,0.3333333333333333,16
SAA/SFE,fbc,7,4,62.5,0.25,0.6190476190476191,16
SAA/SFE,fbc,7,5,37.5,-0.25,0.36507936507936506,16
SAA/SFE,fbc,8,1,50.0,0.0,0.4920634920634921,16
SAA/SFE,fbc,8,2,50.0,0.0,0.4666666666666667,16
SAA/SFE,fbc,8,3,56.25,0.125,0.5151515151515151,16
SAA/SFE,fbc,8,4,68.75,0.375,0.6761133603238867,16
SAA/SFE,fbc,8,5,62.5,0.25,0.5636363636363637,16
SAA/SFE,fbc,9,1,56.25,0.125,0.5607843137254902,16
SAA/SFE,fbc,9,2,50.0,0.0,0.4920634920634921,16
SAA/SFE,fbc,9,3,31.25,-0.375,0.30980392156862746,16
SAA/SFE,fbc,9,4,37.5,-0.25,0.3333333333333333,16
SAA/SFE,fbc,9,5,43.75,-0.125,0.30434782608695654,16
SAA/SFE,fbc,10,1,43.75,-0.125,0.41700404858299595,16
SAA/SFE,fbc,10,2,50.0,0.0,0.4920634920634921,16
SAA/SFE,fbc,10,3,50.0,0.0,0.4920634920634921,16
SAA/SFE,fbc,10,4,37.5,-0.25,0.36507936507936506,16
SAA/SFE,fbc,10,5,37.5,-0.25,0.375,16
SAA/SFE,fbc,11,1,75.0,0.5,0.75,16
SAA/SFE,fbc,11,2,56.25,0.125,0.5607843137254902,16
SAA/SFE,fbc,11,3,37.5,-0.25,0.36507936507936506,16
SAA/SFE,fbc,11,4,18.75,-0.625,0.1843137254901961,16
SAA/SFE,fbc,11,5,50.0,0.0,0.4920634920634921,16
SAA/SFE,fbc,12,1,56.25,0.125,0.5465587044534412,16
SAA/SFE,fbc,12,2,37.5,-0.25,0.36507936507936506,16
SAA/SFE,fbc,12,3,43.75,-0.125,0.37662337662337664,16
SAA/SFE,fbc,12,4,43.75,-0.125,0.37662337662337664,16
SAA/SFE,fbc,12,5,50.0,0.0,0.4181818181818182,16
SAA/SFE,fbc,13,1,68.75,0.375,0.6536796536796536,16
SAA/SFE,fbc,13,2,56.25,0.125,0.5151515151515151,16
SAA/SFE,fbc,13,3,43.75,-0.125,0.41700404858299595,16
SAA/SFE,fbc,13,4,68.75,0.375,0.6862745098039216,16
SAA/SFE,fbc,13,5,50.0,0.0,0.4920634920634921,16
SAA/SFE,fbc,14,1,50.0,0.0,0.5,16
SAA/SFE,fbc,14,2,25.0,-0.5,0.25,16
SAA/SFE,fbc,14,3,68.75,0.375,0.6536796536796536,16
SAA/SFE,fbc,14,4,50.0,0.0,0.4181818181818182,16
SAA/SFE,fbc,14,5,37.5,-0.25,0.2727272727272727,16
SAA/SFE,fbc,15,1,37.5,-0.25,0.375,16
SAA/SFE,fbc,15,2,25.0,-0.5,0.25,16
SAA/SFE,fbc,15,3,37.5,-0.25,0.3333333333333333,16
SAA/SFE,fbc,15,4,50.0,0.0,0.5,16
SAA/SFE,fbc,15,5,56.25,0.125,0.5465587044534412,16
SAA/SFE,fbc,16,1,37.5,-0.25,0.36507936507936506,16
SAA/SFE,fbc,16,2,43.75,-0.125,0.43529411764705883,16
SAA/SFE,fbc,16,3,50.0,0.0,0.4181818181818182,16
SAA/SFE,fbc,16,4,62.5,0.25,0.5636363636363637,16
SAA/SFE,fbc,16,5,50.0,0.0,0.5,16
SAA/SFE,fbc,17,1,56.25,0.125,0.5465587044534412,16
SAA/SFE,fbc,17,2,62.5,0.25,0.6,16
SAA/SFE,fbc,17,3,62.5,0.25,0.6190476190476191,16
SAA/SFE,fbc,17,4,37.5,-0.25,0.36507936507936506,16
SAA/SFE,fbc,17,5,43.75,-0.125,0.41700404858299595,16
SAA/SFE,fbc,18,1,62.5,0.25,0.6190476190476191,16
SAA/SFE,fbc,18,2,75.0,0.5,0.746031746031746,16
SAA/SFE,fbc,18,3,62.5,0.25,0.6,16
SAA/SFE,fbc,18,4,75.0,0.5,0.746031746031746,16
SAA/SFE,fbc,18,5,75.0,0.5,0.75,16
SAA/SFE,raw,1,1,33.33333333333333,-0.33333333333333337,0.325,18
SAA/SFE,raw,1,2,44.44444444444444,-0.11111111111111116,0.4375,18
SAA/SFE,raw,1,3,50.0,0.0,0.4984520123839009,18
SAA/SFE,raw,1,4,44.44444444444444,-0.11111111111111116,0.4375,18
SAA/SFE,raw,1,5,44.44444444444444,-0.11111111111111116,0.41558441558441556,18
SAA/SFE,raw,2,1,50.0,0.0,0.5,16
SAA/SFE,raw,2,2,37.5,-0.25,0.36507936507936506,16
SAA/SFE,raw,2,3,68.75,0.375,0.6862745098039216,16
SAA/SFE,raw,2,4,68.75,0.375,0.6862745098039216,16
SAA/SFE,raw,2,5,43.75,-0.125,0.37662337662337664,16
SAA/SFE,raw,3,1,68.75,0.375,0.6761133603238867,16
SAA/SFE,raw,3,2,75.0,0.5,0.746031746031746,16
SAA/SFE,raw,3,3,50.0,0.0,0.4666666666666667,16
SAA/SFE,raw,3,4,68.75,0.375,0.6862745098039216,16
SAA/SFE,raw,3,5,50.0,0.0,0.5,16
SAA/SFE,raw,4,1,62.5,0.25,0.625,16
SAA/SFE,raw,4,2,68.75,0.375,0.6761133603238867,16
SAA/SFE,raw,4,3,56.25,0.125,0.5465587044534412,16
SAA/SFE,raw,4,4,50.0,0.0,0.4666666666666667,16
SAA/SFE,raw,4,5,37.5,-0.25,0.375,16
SAA/SFE,raw,5,1,41.17647058823529,-0.18055555555555566,0.4097222222222222,17
SAA/SFE,raw,5,2,43.75,-0.125,0.43529411764705883,16
SAA/SFE,raw,5,3,50.0,0.0,0.5,16
SAA/SFE,raw,5,4,50.0,0.0,0.4920634920634921,16
SAA/SFE,raw,5,5,25.0,-0.5,0.23809523809523808,16
SAA/SFE,raw,6,1,50.0,0.0,0.4920634920634921,16
SAA/SFE,raw,6,2,81.25,0.625,0.8117647058823529,16
SAA/SFE,raw,6,3,68.75,0.375,0.6862745098039216,16
SAA/SFE,raw,6,4,62.5,0.25,0.6190476190476191,16
SAA/SFE,raw,6,5,62.5,0.25,0.6190476190476191,16
SAA/SFE,raw,7,1,75.0,0.5,0.75,16
SAA/SFE,raw,7,2,62.5,0.25,0.625,16
SAA/SFE,raw,7,3,37.5,-0.25,0.36507936507936506,16
SAA/SFE,raw,7,4,31.25,-0.375,0.30980392156862746,16
SAA/SFE,raw,7,5,43.75,-0.125,0.37662337662337664,16
SAA/SFE,raw,8,1,56.25,0.125,0.5151515151515151,16
SAA/SFE,raw,8,2,43.75,-0.125,0.41700404858299595,16
SAA/SFE,raw,8,3,43.75,-0.125,0.43529411764705883,16
SAA/SFE,raw,8,4,68.75,0.375,0.6761133603238867,16
SAA/SFE,raw,8,5,68.75,0.375,0.6536796536796536,16
SAA/SFE,raw,9,1,56.25,0.125,0.5607843137254902,16
SAA/SFE,raw,9,2,31.25,-0.375,0.30980392156862746,16
SAA/SFE,raw,9,3,43.75,-0.125,0.43529411764705883,16
SAA/SFE,raw,9,4,62.5,0.25,0.6,16
SAA/SFE,raw,9,5,43.75,-0.125,0.37662337662337664,16
SAA/SFE,raw,10,1,50.0,0.0,0.4920634920634921,16
SAA/SFE,raw,10,2,43.75,-0.125,0.43529411764705883,16
SAA/SFE,raw,10,3,50.0,0.0,0.5,16
SAA/SFE,raw,10,4,62.5,0.25,0.6190476190476191,16
SAA/SFE,raw,10,5,62.5,0.25,0.625,16
SAA/SFE,raw,11,1,75.0,0.5,0.746031746031746,16
SAA/SFE,raw,11,2,56.25,0.125,0.5607843137254902,16
SAA/SFE,raw,11,3,50.0,0.0,0.4920634920634921,16
SAA/SFE,raw,11,4,37.5,-0.25,0.375,16
SAA/SFE,raw,11,5,43.75,-0.125,0.41700404858299595,16
SAA/SFE,raw,12,1,37.5,-0.25,0.3333333333333333,16
SAA/SFE,raw,12,2,37.5,-0.25,0.375,16
SAA/SFE,raw,12,3,37.5,-0.25,0.3333333333333333,16
SAA/SFE,raw,12,4,62.5,0.25,0.6,16
SAA/SFE,raw,12,5,37.5,-0.25,0.3333333333333333,16
SAA/SFE,raw,13,1,50.0,0.0,0.5,16
SAA/SFE,raw,13,2,68.75,0.375,0.6536796536796536,16
SAA/SFE,raw,13,3,43.75,-0.125,0.41700404858299595,16
SAA/SFE,raw,13,4,62.5,0.25,0.625,16
SAA/SFE,raw,13,5,31.25,-0.375,0.30980392156862746,16
SAA/SFE,raw,14,1,68.75,0.375,0.6536796536796536,16
SAA/SFE,raw,14,2,50.0,0.0,0.4920634920634921,16
SAA/SFE,raw,14,3,56.25,0.125,0.5465587044534412,16
SAA/SFE,raw,14,4,62.5,0.25,0.6,16
SAA/SFE,raw,14,5,37.5,-0.25,0.36507936507936506,16
SAA/SFE,raw,15,1,68.75,0.375,0.6862745098039216,16
SAA/SFE,raw,15,2,37.5,-0.25,0.36507936507936506,16
SAA/SFE,raw,15,3,31.25,-0.375,0.30980392156862746,16
SAA/SFE,raw,15,4,43.75,-0.125,0.41700404858299595,16
SAA/SFE,raw,15,5,68.75,0.375,0.6862745098039216,16
SAA/SFE,raw,16,1,50.0,0.0,0.4920634920634921,16
SAA/SFE,raw,16,2,62.5,0.25,0.6190476190476191,16
SAA/SFE,raw,16,3,62.5,0.25,0.6190476190476191,16
SAA/SFE,raw,16,4,62.5,0.25,0.6190476190476191,16
SAA/SFE,raw,16,5,68.75,0.375,0.6862745098039216,16
SAA/SFE,raw,17,1,50.0,0.0,0.4920634920634921,16
SAA/SFE,raw,17,2,56.25,0.125,0.5607843137254902,16
SAA/SFE,raw,17,3,56.25,0.125,0.5607843137254902,16
SAA/SFE,raw,17,4,50.0,0.0,0.5,16
SAA/SFE,raw,17,5,31.25,-0.375,0.30980392156862746,16
SAA/SFE,raw,18,1,87.5,0.75,0.873015873015873,16
SAA/SFE,raw,18,2,87.5,0.75,0.873015873015873,16
SAA/SFE,raw,18,3,68.75,0.375,0.6862745098039216,16
SAA/SFE,raw,18,4,68.75,0.375,0.6761133603238867,16
SAA/SFE,raw,18,5,75.0,0.5,0.75,16
SPS/SAA,fbc,1,1,44.44444444444444,-0.11111111111111116,0.41558441558441556,18
SPS/SAA,fbc,1,2,44.44444444444444,-0.11111111111111116,0.4375,18
SPS/SAA,fbc,1,3,55.55555555555556,0.11111111111111116,0.55,18
SPS/SAA,fbc,1,4,38.88888888888889,-0.2222222222222222,0.37142857142857144,18
SPS/SAA,fbc,1,5,50.0,0.0,0.4984520123839009,18
SPS/SAA,fbc,2,1,43.75,-0.125,0.41700404858299595,16
SPS/SAA,fbc,2,2,50.0,0.0,0.4920634920634921,16
SPS/SAA,fbc,2,3,43.75,-0.125,0.37662337662337664,16
SPS/SAA,fbc,2,4,50.0,0.0,0.4920634920634921,16
SPS/SAA,fbc,2,5,25.0,-0.5,0.2,16
SPS/SAA,fbc,3,1,62.5,0.25,0.6,16
SPS/SAA,fbc,3,2,93.75,0.875,0.9372549019607843,16
SPS/SAA,fbc,3,3,81.25,0.625,0.8117647058823529,16
SPS/SAA,fbc,3,4,75.0,0.5,0.746031746031746,16
SPS/SAA,fbc,3,5,81.25,0.625,0.8056680161943319,16
SPS/SAA,fbc,4,1,75.0,0.5,0.75,16
SPS/SAA,fbc,4,2,93.75,0.875,0.9372549019607843,16
SPS/SAA,fbc,4,3,87.5,0.75,0.875,16
SPS/SAA,fbc,4,4,81.25,0.625,0.8117647058823529,16
SPS/SAA,fbc,4,5,68.75,0.375,0.6761133603238867,16
SPS/SAA,fbc,5,1,43.75,-0.125,0.43529411764705883,16
SPS/SAA,fbc,5,2,43.75,-0.125,0.41700404858299595,16
SPS/SAA,fbc,5,3,50.0,0.0,0.5,16
SPS/SAA,fbc,5,4,50.0,0.0,0.5,16
SPS/SAA,fbc,5,5,25.0,-0.5,0.25,16
SPS/SAA,fbc,6,1,56.25,0.125,0.5607843137254902,16
SPS/SAA,fbc,6,2,37.5,-0.25,0.36507936507936506,16
SPS/SAA,fbc,6,3,56.25,0.125,0.5465587044534412,16
SPS/SAA,fbc,6,4,50.0,0.0,0.4666666666666667,16
SPS/SAA,fbc,6,5,37.5,-0.25,0.3333333333333333,16
SPS/SAA,fbc,7,1,62.5,0.25,0.6190476190476191,16
SPS/SAA,fbc,7,2,81.25,0.625,0.8117647058823529,16
SPS/SAA,fbc,7,3,62.5,0.25,0.625,16
SPS/SAA,fbc,7,4,50.0,0.0,0.4666666666666667,16
SPS/SAA,fbc,7,5,75.0,0.5,0.746031746031746,16
SPS/SAA,fbc,8,1,75.0,0.5,0.7333333333333334,16
SPS/SAA,fbc,8,2,43.75,-0.125,0.30434782608695654,16
SPS/SAA,fbc,8,3,62.5,0.25,0.6,16
SPS/SAA,fbc,8,4,43.75,-0.125,0.43529411764705883,16
SPS/SAA,fbc,8,5,50.0,0.0,0.4666666666666667,16
SPS/SAA,fbc,9,1,56.25,0.125,0.5607843137254902,16
SPS/SAA,fbc,9,2,68.75,0.375,0.6862745098039216,16
SPS/SAA,fbc,9,3,43.75,-0.125,0.43529411764705883,16
SPS/SAA,fbc,9,4,31.25,-0.375,0.2874493927125506,16
SPS/SAA,fbc,9,5,37.5,-0.25,0.3333333333333333,16
SPS/SAA,fbc,10,1,68.75,0.375,0.6862745098039216,16
SPS/SAA,fbc,10,2,56.25,0.125,0.5151515151515151,16
SPS/SAA,fbc,10,3,50.0,0.0,0.4920634920634921,16
SPS/SAA,fbc,10,4,75.0,0.5,0.746031746031746,16
SPS/SAA,fbc,10,5,50.0,0.0,0.4666666666666667,16
SPS/SAA,fbc,11,1,37.5,-0.25,0.3333333333333333,16
SPS/SAA,fbc,11,2,43.75,-0.125,0.43529411764705883,16
SPS/SAA,fbc,11,3,37.5,-0.25,0.36507936507936506,16
SPS/SAA,fbc,11,4,50.0,0.0,0.4666666666666667,16
SPS/SAA,fbc,11,5,56.25,0.125,0.5607843137254902,16
SPS/SAA,fbc,12,1,37.5,-0.25,0.2727272727272727,16
SPS/SAA,fbc,12,2,56.25,0.125,0.5607843137254902,16
SPS/SAA,fbc,12,3,50.0,0.0,0.4920634920634921,16
SPS/SAA,fbc,12,4,50.0,0.0,0.4920634920634921,16
SPS/SAA,fbc,12,5,75.0,0.5,0.746031746031746,16
SPS/SAA,fbc,13,1,62.5,0.25,0.625,16
SPS/SAA,fbc,13,2,56.25,0.125,0.5465587044534412,16
SPS/SAA,fbc,13,3,75.0,0.5,0.746031746031746,16
SPS/SAA,fbc,13,4,75.0,0.5,0.75,16
SPS/SAA,fbc,13,5,75.0,0.5,0.7333333333333334,16
SPS/SAA,fbc,14,1,75.0,0.5,0.75,16
SPS/SAA,fbc,14,2,56.25,0.125,0.5607843137254902,16
SPS/SAA,fbc,14,3,62.5,0.25,0.6190476190476191,16
SPS/SAA,fbc,14,4,68.75,0.375,0.6862745098039216,16
SPS/SAA,fbc,14,5,31.25,-0.375,0.30980392156862746,16
SPS/SAA,fbc,15,1,56.25,0.125,0.5151515151515151,16
SPS/SAA,fbc,15,2,56.25,0.125,0.5607843137254902,16
SPS/SAA,fbc,15,3,56.25,0.125,0.5151515151515151,16
SPS/SAA,fbc,15,4,37.5,-0.25,0.3333333333333333,16
SPS/SAA,fbc,15,5,43.75,-0.125,0.41700404858299595,16
SPS/SAA,fbc,16,1,62.5,0.25,0.6190476190476191,16
SPS/SAA,fbc,16,2,56.25,0.125,0.5465587044534412,16
SPS/SAA,fbc,16,3,43.75,-0.125,0.37662337662337664,16
SPS/SAA,fbc,16,4,50.0,0.0,0.4920634920634921,16
SPS/SAA,fbc,16,5,68.75,0.375,0.6862745098039216,16
SPS/SAA,fbc,17,1,56.25,0.125,0.5465587044534412,16
SPS/SAA,fbc,17,2,43.75,-0.125,0.41700404858299595,16
SPS/SAA,fbc,17,3,37.5,-0.25,0.36507936507936506,16
SPS/SAA,fbc,17,4,50.0,0.0,0.4920634920634921,16
SPS/SAA,fbc,17,5,43.75,-0.125,0.43529411764705883,16
SPS/SAA,fbc,18,1,50.0,0.0,0.4666666666666667,16
SPS/SAA,fbc,18,2,56.25,0.125,0.5607843137254902,16
SPS/SAA,fbc,18,3,56.25,0.125,0.5465587044534412,16
SPS/SAA,fbc,18,4,68.75,0.375,0.6536796536796536,16
SPS/SAA,fbc,18,5,75.0,0.5,0.746031746031746,16
SPS/SAA,raw,1,1,50.0,0.0,0.4857142857142857,18
SPS/SAA,raw,1,2,44.44444444444444,-0.11111111111111116,0.4375,18
SPS/SAA,raw,1,3,55.55555555555556,0.11111111111111116,0.5555555555555556,18
SPS/SAA,raw,1,4,38.88888888888889,-0.2222222222222222,0.38699690402476783,18
SPS/SAA,raw,1,5,61.111111111111114,0.22222222222222232,0.6,18
SPS/SAA,raw,2,1,37.5,-0.25,0.36507936507936506,16
SPS/SAA,raw,2,2,43.75,-0.125,0.41700404858299595,16
SPS/SAA,raw,2,3,50.0,0.0,0.4920634920634921,16
SPS/SAA,raw,2,4,68.75,0.375,0.6761133603238867,16
SPS/SAA,raw,2,5,43.75,-0.125,0.30434782608695654,16
SPS/SAA,raw,3,1,68.75,0.375,0.6862745098039216,16
SPS/SAA,raw,3,2,81.25,0.625,0.8117647058823529,16
SPS/SAA,raw,3,3,68.75,0.375,0.6536796536796536,16
SPS/SAA,raw,3,4,93.75,0.875,0.9372549019607843,16
SPS/SAA,raw,3,5,87.5,0.75,0.875,16
SPS/SAA,raw,4,1,81.25,0.625,0.8056680161943319,16
SPS/SAA,raw,4,2,81.25,0.625,0.8056680161943319,16
SPS/SAA,raw,4,3,81.25,0.625,0.8117647058823529,16
SPS/SAA,raw,4,4,81.25,0.625,0.8117647058823529,16
SPS/SAA,raw,4,5,50.0,0.0,0.4920634920634921,16
SPS/SAA,raw,5,1,62.5,0.25,0.6190476190476191,16
SPS/SAA,raw,5,2,37.5,-0.25,0.375,16
SPS/SAA,raw,5,3,37.5,-0.25,0.36507936507936506,16
SPS/SAA,raw,5,4,56.25,0.125,0.5607843137254902,16
SPS/SAA,raw,5,5,31.25,-0.375,0.30980392156862746,16
SPS/SAA,raw,6,1,43.75,-0.125,0.43529411764705883,16
SPS/SAA,raw,6,2,31.25,-0.375,0.30980392156862746,16
SPS/SAA,raw,6,3,75.0,0.5,0.746031746031746,16
SPS/SAA,raw,6,4,43.75,-0.125,0.41700404858299595,16
SPS/SAA,raw,6,5,56.25,0.125,0.5607843137254902,16
SPS/SAA,raw,7,1,56.25,0.125,0.5465587044534412,16
SPS/SAA,raw,7,2,75.0,0.5,0.75,16
SPS/SAA,raw,7,3,81.25,0.625,0.8056680161943319,16
SPS/SAA,raw,7,4,62.5,0.25,0.6190476190476191,16
SPS/SAA,raw,7,5,87.5,0.75,0.873015873015873,16
SPS/SAA,raw,8,1,43.75,-0.125,0.43529411764705883,16
SPS/SAA,raw,8,2,43.75,-0.125,0.41700404858299595,16
SPS/SAA,raw,8,3,50.0,0.0,0.5,16
SPS/SAA,raw,8,4,50.0,0.0,0.5,16
SPS/SAA,raw,8,5,31.25,-0.375,0.30980392156862746,16
SPS/SAA,raw,9,1,37.5,-0.25,0.36507936507936506,16
SPS/SAA,raw,9,2,50.0,0.0,0.5,16
SPS/SAA,raw,9,3,43.75,-0.125,0.43529411764705883,16
SPS/SAA,raw,9,4,31.25,-0.375,0.2874493927125506,16
SPS/SAA,raw,9,5,43.75,-0.125,0.41700404858299595,16
SPS/SAA,raw,10,1,68.75,0.375,0.6862745098039216,16
SPS/SAA,raw,10,2,37.5,-0.25,0.375,16
SPS/SAA,raw,10,3,37.5,-0.25,0.36507936507936506,16
SPS/SAA,raw,10,4,75.0,0.5,0.75,16
SPS/SAA,raw,10,5,56.25,0.125,0.5465587044534412,16
SPS/SAA,raw,11,1,68.75,0.375,0.6761133603238867,16
SPS/SAA,raw,11,2,62.5,0.25,0.6,16
SPS/SAA,raw,11,3,31.25,-0.375,0.30980392156862746,16
SPS/SAA,raw,11,4,56.25,0.125,0.5607843137254902,16
SPS/SAA,raw,11,5,37.5,-0.25,0.375,16
SPS/SAA,raw,12,1,68.75,0.375,0.6862745098039216,16
SPS/SAA,raw,12,2,68.75,0.375,0.6862745098039216,16
SPS/SAA,raw,12,3,56.25,0.125,0.5465587044534412,16
SPS/SAA,raw,12,4,37.5,-0.25,0.375,16
SPS/SAA,raw,12,5,81.25,0.625,0.8056680161943319,16
SPS/SAA,raw,13,1,50.0,0.0,0.4920634920634921,16
SPS/SAA,raw,13,2,43.75,-0.125,0.37662337662337664,16
SPS/SAA,raw,13,3,68.75,0.375,0.6761133603238867,16
SPS/SAA,raw,13,4,68.75,0.375,0.6862745098039216,16
SPS/SAA,raw,13,5,62.5,0.25,0.6,16
SPS/SAA,raw,14,1,56.25,0.125,0.5607843137254902,16
SPS/SAA,raw,14,2,37.5,-0.25,0.36507936507936506,16
SPS/SAA,raw,14,3,62.5,0.25,0.625,16
SPS/SAA,raw,14,4,75.0,0.5,0.746031746031746,16
SPS/SAA,raw,14,5,43.75,-0.125,0.41700404858299595,16
SPS/SAA,raw,15,1,43.75,-0.125,0.37662337662337664,16
SPS/SAA,raw,15,2,68.75,0.375,0.6761133603238867,16
SPS/SAA,raw,15,3,50.0,0.0,0.4920634920634921,16
SPS/SAA,raw,15,4,50.0,0.0,0.4666666666666667,16
SPS/SAA,raw,15,5,56.25,0.125,0.5607843137254902,16
SPS/SAA,raw,16,1,56.25,0.125,0.5607843137254902,16
SPS/SAA,raw,16,2,50.0,0.0,0.4920634920634921,16
SPS/SAA,raw,16,3,50.0,0.0,0.4666666666666667,16
SPS/SAA,raw,16,4,50.0,0.0,0.5,16
SPS/SAA,raw,16,5,56.25,0.125,0.5607843137254902,16
SPS/SAA,raw,17,1,56.25,0.125,0.5465587044534412,16
SPS/SAA,raw,17,2,43.75,-0.125,0.43529411764705883,16
SPS/SAA,raw,17,3,37.5,-0.25,0.375,16
SPS/SAA,raw,17,4,43.75,-0.125,0.43529411764705883,16
SPS/SAA,raw,17,5,62.5,0.25,0.625,16
SPS/SAA,raw,18,1,37.5,-0.25,0.36507936507936506,16
SPS/SAA,raw,18,2,62.5,0.25,0.6190476190476191,16
SPS/SAA,raw,18,3,56.25,0.125,0.5607843137254902,16
SPS/SAA,raw,18,4,56.25,0.125,0.5607843137254902,16
SPS/SAA,raw,18,5,87.5,0.75,0.873015873015873,16
SPS/SFE,fbc,1,1,50.0,0.0,0.4984520123839009,18
SPS/SFE,fbc,1,2,38.88888888888889,-0.2222222222222222,0.3377926421404682,18
SPS/SFE,fbc,1,3,55.55555555555556,0.11111111111111116,0.55,18
SPS/SFE,fbc,1,4,55.55555555555556,0.11111111111111116,0.55,18
SPS/SFE,fbc,1,5,44.44444444444444,-0.11111111111111116,0.41558441558441556,18
SPS/SFE,fbc,2,1,43.75,-0.125,0.43529411764705883,16
SPS/SFE,fbc,2,2,43.75,-0.125,0.43529411764705883,16
SPS/SFE,fbc,2,3,18.75,-0.625,0.15789473684210525,16
SPS/SFE,fbc,2,4,56.25,0.125,0.5465587044534412,16
SPS/SFE,fbc,2,5,56.25,0.125,0.45893719806763283,16
SPS/SFE,fbc,3,1,43.75,-0.125,0.41700404858299595,16
SPS/SFE,fbc,3,2,68.75,0.375,0.6862745098039216,16
SPS/SFE,fbc,3,3,68.75,0.375,0.6761133603238867,16
SPS/SFE,fbc,3,4,68.75,0.375,0.6536796536796536,16
SPS/SFE,fbc,3,5,87.5,0.75,0.875,16
SPS/SFE,fbc,4,1,68.75,0.375,0.6862745098039216,16
SPS/SFE,fbc,4,2,62.5,0.25,0.6,16
SPS/SFE,fbc,4,3,62.5,0.25,0.625,16
SPS/SFE,fbc,4,4,62.5,0.25,0.6190476190476191,16
SPS/SFE,fbc,4,5,68.75,0.375,0.6761133603238867,16
SPS/SFE,fbc,5,1,29.411764705882355,-0.41666666666666674,0.29166666666666663,17
SPS/SFE,fbc,5,2,81.25,0.625,0.8117647058823529,16
SPS/SFE,fbc,5,3,43.75,-0.125,0.41700404858299595,16
SPS/SFE,fbc,5,4,62.5,0.25,0.6,16
SPS/SFE,fbc,5,5,56.25,0.125,0.5465587044534412,16
SPS/SFE,fbc,6,1,50.0,0.0,0.4666666666666667,16
SPS/SFE,fbc,6,2,75.0,0.5,0.746031746031746,16
SPS/SFE,fbc,6,3,81.25,0.625,0.8117647058823529,16
SPS/SFE,fbc,6,4,56.25,0.125,0.5465587044534412,16
SPS/SFE,fbc,6,5,50.0,0.0,0.4666666666666667,16
SPS/SFE,fbc,7,1,68.75,0.375,0.6536796536796536,16
SPS/SFE,fbc,7,2,56.25,0.125,0.5607843137254902,16
SPS/SFE,fbc,7,3,50.0,0.0,0.4666666666666667,16
SPS/SFE,fbc,7,4,56.25,0.125,0.45893719806763283,16
SPS/SFE,fbc,7,5,56.25,0.125,0.5607843137254902,16
SPS/SFE,fbc,8,1,68.75,0.375,0.6761133603238867,16
SPS/SFE,fbc,8,2,37.5,-0.25,0.2727272727272727,16
SPS/SFE,fbc,8,3,31.25,-0.375,0.30980392156862746,16
SPS/SFE,fbc,8,4,50.0,0.0,0.4666666666666667,16
SPS/SFE,fbc,8,5,56.25,0.125,0.5151515151515151,16
SPS/SFE,fbc,9,1,56.25,0.125,0.5607843137254902,16
SPS/SFE,fbc,9,2,50.0,0.0,0.4920634920634921,16
SPS/SFE,fbc,9,3,37.5,-0.25,0.375,16
SPS/SFE,fbc,9,4,43.75,-0.125,0.41700404858299595,16
SPS/SFE,fbc,9,5,37.5,-0.25,0.2727272727272727,16
SPS/SFE,fbc,10,1,56.25,0.125,0.5151515151515151,16
SPS/SFE,fbc,10,2,43.75,-0.125,0.37662337662337664,16
SPS/SFE,fbc,10,3,56.25,0.125,0.5607843137254902,16
SPS/SFE,fbc,10,4,62.5,0.25,0.6,16
SPS/SFE,fbc,10,5,56.25,0.125,0.5151515151515151,16
SPS/SFE,fbc,11,1,62.5,0.25,0.6190476190476191,16
SPS/SFE,fbc,11,2,62.5,0.25,0.625,16
SPS/SFE,fbc,11,3,43.75,-0.125,0.43529411764705883,16
SPS/SFE,fbc,11,4,43.75,-0.125,0.37662337662337664,16
SPS/SFE,fbc,11,5,50.0,0.0,0.5,16
SPS/SFE,fbc,12,1,43.75,-0.125,0.41700404858299595,16
SPS/SFE,fbc,12,2,56.25,0.125,0.5607843137254902,16
SPS/SFE,fbc,12,3,75.0,0.5,0.746031746031746,16
SPS/SFE,fbc,12,4,62.5,0.25,0.6190476190476191,16
SPS/SFE,fbc,12,5,50.0,0.0,0.4920634920634921,16
SPS/SFE,fbc,13,1,68.75,0.375,0.6862745098039216,16
SPS/SFE,fbc,13,2,62.5,0.25,0.5636363636363637,16
SPS/SFE,fbc,13,3,62.5,0.25,0.6190476190476191,16
SPS/SFE,fbc,13,4,62.5,0.25,0.625,16
SPS/SFE,fbc,13,5,56.25,0.125,0.5607843137254902,16
SPS/SFE,fbc,14,1,50.0,0.0,0.5,16
SPS/SFE,fbc,14,2,50.0,0.0,0.4666666666666667,16
SPS/SFE,fbc,14,3,43.75,-0.125,0.43529411764705883,16
SPS/SFE,fbc,14,4,56.25,0.125,0.5465587044534412,16
SPS/SFE,fbc,14,5,18.75,-0.625,0.1843137254901961,16
SPS/SFE,fbc,15,1,56.25,0.125,0.5151515151515151,16
SPS/SFE,fbc,15,2,68.75,0.375,0.6761133603238867,16
SPS/SFE,fbc,15,3,50.0,0.0,0.4920634920634921,16
SPS/SFE,fbc,15,4,43.75,-0.125,0.41700404858299595,16
SPS/SFE,fbc,15,5,56.25,0.125,0.5607843137254902,16
SPS/SFE,fbc,16,1,56.25,0.125,0.5151515151515151,16
SPS/SFE,fbc,16,2,56.25,0.125,0.5465587044534412,16
SPS/SFE,fbc,16,3,50.0,0.0,0.4920634920634921,16
SPS/SFE,fbc,16,4,37.5,-0.25,0.2727272727272727,16
SPS/SFE,fbc,16,5,56.25,0.125,0.5607843137254902,16
SPS/SFE,fbc,17,1,31.25,-0.375,0.2874493927125506,16
SPS/SFE,fbc,17,2,50.0,0.0,0.4666666666666667,16
SPS/SFE,fbc,17,3,68.75,0.375,0.6862745098039216,16
SPS/SFE,fbc,17,4,43.75,-0.125,0.43529411764705883,16
SPS/SFE,fbc,17,5,62.5,0.25,0.6190476190476191,16
SPS/SFE,fbc,18,1,62.5,0.25,0.6190476190476191,16
SPS/SFE,fbc,18,2,81.25,0.625,0.8117647058823529,16
SPS/SFE,fbc,18,3,87.5,0.75,0.875,16
SPS/SFE,fbc,18,4,50.0,0.0,0.4920634920634921,16
SPS/SFE,fbc,18,5,68.75,0.375,0.6862745098039216,16
SPS/SFE,raw,1,1,55.55555555555556,0.11111111111111116,0.55,18
SPS/SFE,raw,1,2,38.88888888888889,-0.2222222222222222,0.37142857142857144,18
SPS/SFE,raw,1,3,50.0,0.0,0.4857142857142857,18
SPS/SFE,raw,1,4,55.55555555555556,0.11111111111111116,0.55,18
SPS/SFE,raw,1,5,44.44444444444444,-0.11111111111111116,0.4375,18
SPS/SFE,raw,2,1,56.25,0.125,0.5607843137254902,16
SPS/SFE,raw,2,2,50.0,0.0,0.4920634920634921,16
SPS/SFE,raw,2,3,50.0,0.0,0.4920634920634921,16
SPS/SFE,raw,2,4,56.25,0.125,0.5607843137254902,16
SPS/SFE,raw,2,5,50.0,0.0,0.4181818181818182,16
SPS/SFE,raw,3,1,62.5,0.25,0.6190476190476191,16
SPS/SFE,raw,3,2,62.5,0.25,0.6190476190476191,16
SPS/SFE,raw,3,3,68.75,0.375,0.6761133603238867,16
SPS/SFE,raw,3,4,93.75,0.875,0.9372549019607843,16
SPS/SFE,raw,3,5,75.0,0.5,0.7333333333333334,16
SPS/SFE,raw,4,1,56.25,0.125,0.5465587044534412,16
SPS/SFE,raw,4,2,68.75,0.375,0.6862745098039216,16
SPS/SFE,raw,4,3,62.5,0.25,0.625,16
SPS/SFE,raw,4,4,56.25,0.125,0.5607843137254902,16
SPS/SFE,raw,4,5,68.75,0.375,0.6761133603238867,16
SPS/SFE,raw,5,1,35.294117647058826,-0.289655172413793,0.35294117647058826,17
SPS/SFE,raw,5,2,62.5,0.25,0.6190476190476191,16
SPS/SFE,raw,5,3,50.0,0.0,0.4920634920634921,16
SPS/SFE,raw,5,4,68.75,0.375,0.6862745098039216,16
SPS/SFE,raw,5,5,37.5,-0.25,0.2727272727272727,16
SPS/SFE,raw,6,1,50.0,0.0,0.5,16
SPS/SFE,raw,6,2,75.0,0.5,0.746031746031746,16
SPS/SFE,raw,6,3,81.25,0.625,0.8117647058823529,16
SPS/SFE,raw,6,4,75.0,0.5,0.746031746031746,16
SPS/SFE,raw,6,5,43.75,-0.125,0.43529411764705883,16
SPS/SFE,raw,7,1,68.75,0.375,0.6862745098039216,16
SPS/SFE,raw,7,2,56.25,0.125,0.5607843137254902,16
SPS/SFE,raw,7,3,81.25,0.625,0.8056680161943319,16
SPS/SFE,raw,7,4,37.5,-0.25,0.3333333333333333,16
SPS/SFE,raw,7,5,50.0,0.0,0.4920634920634921,16
SPS/SFE,raw,8,1,43.75,-0.125,0.43529411764705883,16
SPS/SFE,raw,8,2,37.5,-0.25,0.36507936507936506,16
SPS/SFE,raw,8,3,25.0,-0.5,0.25,16
SPS/SFE,raw,8,4,37.5,-0.25,0.375,16
SPS/SFE,raw,8,5,43.75,-0.125,0.43529411764705883,16
SPS/SFE,raw,9,1,50.0,0.0,0.5,16
SPS/SFE,raw,9,2,56.25,0.125,0.5465587044534412,16
SPS/SFE,raw,9,3,43.75,-0.125,0.41700404858299595,16
SPS/SFE,raw,9,4,43.75,-0.125,0.37662337662337664,16
SPS/SFE,raw,9,5,43.75,-0.125,0.30434782608695654,16
SPS/SFE,raw,10,1,43.75,-0.125,0.43529411764705883,16
SPS/SFE,raw,10,2,43.75,-0.125,0.43529411764705883,16
SPS/SFE,raw,10,3,56.25,0.125,0.5607843137254902,16
SPS/SFE,raw,10,4,56.25,0.125,0.5465587044534412,16
SPS/SFE,raw,10,5,62.5,0.25,0.5636363636363637,16
SPS/SFE,raw,11,1,62.5,0.25,0.6190476190476191,16
SPS/SFE,raw,11,2,56.25,0.125,0.5607843137254902,16
SPS/SFE,raw,11,3,43.75,-0.125,0.43529411764705883,16
SPS/SFE,raw,11,4,25.0,-0.5,0.2,16
SPS/SFE,raw,11,5,50.0,0.0,0.4920634920634921,16
SPS/SFE,raw,12,1,68.75,0.375,0.6862745098039216,16
SPS/SFE,raw,12,2,68.75,0.375,0.6862745098039216,16
SPS/SFE,raw,12,3,68.75,0.375,0.6761133603238867,16
SPS/SFE,raw,12,4,62.5,0.25,0.6190476190476191,16
SPS/SFE,raw,12,5,31.25,-0.375,0.2874493927125506,16
SPS/SFE,raw,13,1,75.0,0.5,0.75,16
SPS/SFE,raw,13,2,50.0,0.0,0.4920634920634921,16
SPS/SFE,raw,13,3,68.75,0.375,0.6536796536796536,16
SPS/SFE,raw,13,4,56.25,0.125,0.5607843137254902,16
SPS/SFE,raw,13,5,56.25,0.125,0.5607843137254902,16
SPS/SFE,raw,14,1,50.0,0.0,0.4666666666666667,16
SPS/SFE,raw,14,2,43.75,-0.125,0.43529411764705883,16
SPS/SFE,raw,14,3,50.0,0.0,0.4920634920634921,16
SPS/SFE,raw,14,4,56.25,0.125,0.5607843137254902,16
SPS/SFE,raw,14,5,31.25,-0.375,0.30980392156862746,16
SPS/SFE,raw,15,1,56.25,0.125,0.5465587044534412,16
SPS/SFE,raw,15,2,56.25,0.125,0.5465587044534412,16
SPS/SFE,raw,15,3,37.5,-0.25,0.36507936507936506,16
SPS/SFE,raw,15,4,37.5,-0.25,0.3333333333333333,16
SPS/SFE,raw,15,5,62.5,0.25,0.6190476190476191,16
SPS/SFE,raw,16,1,62.5,0.25,0.625,16
SPS/SFE,raw,16,2,43.75,-0.125,0.41700404858299595,16
SPS/SFE,raw,16,3,43.75,-0.125,0.43529411764705883,16
SPS/SFE,raw,16,4,75.0,0.5,0.746031746031746,16
SPS/SFE,raw,16,5,56.25,0.125,0.5465587044534412,16
SPS/SFE,raw,17,1,62.5,0.25,0.6190476190476191,16
SPS/SFE,raw,17,2,50.0,0.0,0.5,16
SPS/SFE,raw,17,3,56.25,0.125,0.5151515151515151,16
SPS/SFE,raw,17,4,62.5,0.25,0.5636363636363637,16
SPS/SFE,raw,17,5,50.0,0.0,0.4920634920634921,16
SPS/SFE,raw,18,1,75.0,0.5,0.75,16
SPS/SFE,raw,18,2,81.25,0.625,0.8056680161943319,16
SPS/SFE,raw,18,3,81.25,0.625,0.8117647058823529,16
SPS/SFE,raw,18,4,56.25,0.125,0.5607843137254902,16
SPS/SFE,raw,18,5,81.25,0.625,0.8117647058823529,16
WAA/EFE,fbc,1,1,66.66666666666666,0.33333333333333326,0.6666666666666666,18
WAA/EFE,fbc,1,2,66.66666666666666,0.33333333333333326,0.6625,18
WAA/EFE,fbc,1,3,61.111111111111114,0.22222222222222232,0.6,18
WAA/EFE,fbc,1,4,72.22222222222221,0.4444444444444444,0.6989966555183946,18
WAA/EFE,fbc,1,5,77.77777777777779,0.5555555555555556,0.775,18
WAA/EFE,fbc,2,1,62.5,0.25,0.6190476190476191,16
WAA/EFE,fbc,2,2,43.75,-0.125,0.43529411764705883,16
WAA/EFE,fbc,2,3,56.25,0.125,0.5465587044534412,16
WAA/EFE,fbc,2,4,62.5,0.25,0.625,16
WAA/EFE,fbc,2,5,50.0,0.0,0.4666666666666667,16
WAA/EFE,fbc,3,1,37.5,-0.25,0.375,16
WAA/EFE,fbc,3,2,62.5,0.25,0.6,16
WAA/EFE,fbc,3,3,75.0,0.5,0.75,16
WAA/EFE,fbc,3,4,31.25,-0.375,0.30980392156862746,16
WAA/EFE,fbc,3,5,37.5,-0.25,0.36507936507936506,16
WAA/EFE,fbc,4,1,75.0,0.5,0.746031746031746,16
WAA/EFE,fbc,4,2,56.25,0.125,0.5465587044534412,16
WAA/EFE,fbc,4,3,56.25,0.125,0.5607843137254902,16
WAA/EFE,fbc,4,4,62.5,0.25,0.6190476190476191,16
WAA/EFE,fbc,4,5,56.25,0.125,0.5607843137254902,16
WAA/EFE,fbc,5,1,56.25,0.125,0.45893719806763283,16
WAA/EFE,fbc,5,2,50.0,0.0,0.4666666666666667,16
WAA/EFE,fbc,5,3,43.75,-0.125,0.43529411764705883,16
WAA/EFE,fbc,5,4,62.5,0.25,0.625,16
WAA/EFE,fbc,5,5,50.0,0.0,0.4920634920634921,16
WAA/EFE,fbc,6,1,81.25,0.625,0.8117647058823529,16
WAA/EFE,fbc,6,2,56.25,0.125,0.5607843137254902,16
WAA/EFE,fbc,6,3,50.0,0.0,0.5,16
WAA/EFE,fbc,6,4,31.25,-0.375,0.2874493927125506,16
WAA/EFE,fbc,6,5,43.75,-0.125,0.43529411764705883,16
WAA/EFE,fbc,7,1,81.25,0.625,0.8117647058823529,16
WAA/EFE,fbc,7,2,62.5,0.25,0.6190476190476191,16
WAA/EFE,fbc,7,3,68.75,0.375,0.6862745098039216,16
WAA/EFE,fbc,7,4,50.0,0.0,0.4181818181818182,16
WAA/EFE,fbc,7,5,50.0,0.0,0.4920634920634921,16
WAA/EFE,fbc,8,1,56.25,0.125,0.5607843137254902,16
WAA/EFE,fbc,8,2,62.5,0.25,0.6190476190476191,16
WAA/EFE,fbc,8,3,56.25,0.125,0.5151515151515151,16
WAA/EFE,fbc,8,4,43.75,-0.125,0.43529411764705883,16
WAA/EFE,fbc,8,5,37.5,-0.25,0.2727272727272727,16
WAA/EFE,fbc,9,1,81.25,0.625,0.8056680161943319,16
WAA/EFE,fbc,9,2,50.0,0.0,0.5,16
WAA/EFE,fbc,9,3,56.25,0.125,0.5607843137254902,16
WAA/EFE,fbc,9,4,68.75,0.375,0.6862745098039216,16
WAA/EFE,fbc,9,5,43.75,-0.125,0.37662337662337664,16
WAA/EFE,fbc,10,1,68.75,0.375,0.6862745098039216,16
WAA/EFE,fbc,10,2,37.5,-0.25,0.36507936507936506,16
WAA/EFE,fbc,10,3,43.75,-0.125,0.41700404858299595,16
WAA/EFE,fbc,10,4,31.25,-0.375,0.30980392156862746,16
WAA/EFE,fbc,10,5,43.75,-0.125,0.41700404858299595,16
WAA/EFE,fbc,11,1,37.5,-0.25,0.36507936507936506,16
WAA/EFE,fbc,11,2,75.0,0.5,0.746031746031746,16
WAA/EFE,fbc,11,3,43.75,-0.125,0.37662337662337664,16
WAA/EFE,fbc,11,4,43.75,-0.125,0.41700404858299595,16
WAA/EFE,fbc,11,5,37.5,-0.25,0.3333333333333333,16
WAA/EFE,fbc,12,1,37.5,-0.25,0.36507936507936506,16
WAA/EFE,fbc,12,2,43.75,-0.125,0.37662337662337664,16
WAA/EFE,fbc,12,3,56.25,0.125,0.45893719806763283,16
WAA/EFE,fbc,12,4,37.5,-0.25,0.375,16
WAA/EFE,fbc,12,5,50.0,0.0,0.5,16
WAA/EFE,fbc,13,1,31.25,-0.375,0.2874493927125506,16
WAA/EFE,fbc,13,2,43.75,-0.125,0.41700404858299595,16
WAA/EFE,fbc,13,3,50.0,0.0,0.4920634920634921,16
WAA/EFE,fbc,13,4,43.75,-0.125,0.43529411764705883,16
WAA/EFE,fbc,13,5,68.75,0.375,0.6536796536796536,16
WAA/EFE,fbc,14,1,75.0,0.5,0.746031746031746,16
WAA/EFE,fbc,14,2,56.25,0.125,0.5607843137254902,16
WAA/EFE,fbc,14,3,68.75,0.375,0.6761133603238867,16
WAA/EFE,fbc,14,4,62.5,0.25,0.625,16
WAA/EFE,fbc,14,5,81.25,0.625,0.8117647058823529,16
WAA/EFE,fbc,15,1,50.0,0.0,0.5,16
WAA/EFE,fbc,15,2,50.0,0.0,0.4666666666666667,16
WAA/EFE,fbc,15,3,81.25,0.625,0.8117647058823529,16
WAA/EFE,fbc,15,4,81.25,0.625,0.8056680161943319,16
WAA/EFE,fbc,15,5,56.25,0.125,0.5607843137254902,16
WAA/EFE,fbc,16,1,50.0,0.0,0.4666666666666667,16
WAA/EFE,fbc,16,2,50.0,0.0,0.4920634920634921,16
WAA/EFE,fbc,16,3,62.5,0.25,0.6190476190476191,16
WAA/EFE,fbc,16,4,56.25,0.125,0.45893719806763283,16
WAA/EFE,fbc,16,5,62.5,0.25,0.6190476190476191,16
WAA/EFE,fbc,17,1,68.75,0.375,0.6536796536796536,16
WAA/EFE,fbc,17,2,68.75,0.375,0.6761133603238867,16
WAA/EFE,fbc,17,3,68.75,0.375,0.6761133603238867,16
WAA/EFE,fbc,17,4,50.0,0.0,0.4666666666666667,16
WAA/EFE,fbc,17,5,50.0,0.0,0.4920634920634921,16
WAA/EFE,fbc,18,1,56.25,0.125,0.5607843137254902,16
WAA/EFE,fbc,18,2,43.75,-0.125,0.43529411764705883,16
WAA/EFE,fbc,18,3,62.5,0.25,0.625,16
WAA/EFE,fbc,18,4,75.0,0.5,0.746031746031746,16
WAA/EFE,fbc,18,5,62.5,0.25,0.5636363636363637,16
WAA/EFE,raw,1,1,55.55555555555556,0.11111111111111116,0.55,18
WAA/EFE,raw,1,2,83.33333333333334,0.6666666666666667,0.8285714285714285,18
WAA/EFE,raw,1,3,77.77777777777779,0.5555555555555556,0.775,18
WAA/EFE,raw,1,4,61.111111111111114,0.22222222222222232,0.609907120743034,18
WAA/EFE,raw,1,5,66.66666666666666,0.33333333333333326,0.6666666666666666,18
WAA/EFE,raw,2,1,56.25,0.125,0.5465587044534412,16
WAA/EFE,raw,2,2,31.25,-0.375,0.30980392156862746,16
WAA/EFE,raw,2,3,75.0,0.5,0.746031746031746,16
WAA/EFE,raw,2,4,43.75,-0.125,0.37662337662337664,16
WAA/EFE,raw,2,5,68.75,0.375,0.6761133603238867,16
WAA/EFE,raw,3,1,62.5,0.25,0.625,16
WAA/EFE,raw,3,2,50.0,0.0,0.4920634920634921,16
WAA/EFE,raw,3,3,68.75,0.375,0.6862745098039216,16
WAA/EFE,raw,3,4,37.5,-0.25,0.3333333333333333,16
WAA/EFE,raw,3,5,50.0,0.0,0.5,16
WAA/EFE,raw,4,1,81.25,0.625,0.8117647058823529,16
WAA/EFE,raw,4,2,68.75,0.375,0.6862745098039216,16
WAA/EFE,raw,4,3,81.25,0.625,0.8117647058823529,16
WAA/EFE,raw,4,4,87.5,0.75,0.875,16
WAA/EFE,raw,4,5,56.25,0.125,0.5607843137254902,16
WAA/EFE,raw,5,1,56.25,0.125,0.5151515151515151,16
WAA/EFE,raw,5,2,50.0,0.0,0.4920634920634921,16
WAA/EFE,raw,5,3,43.75,-0.125,0.41700404858299595,16
WAA/EFE,raw,5,4,31.25,-0.375,0.30980392156862746,16
WAA/EFE,raw,5,5,56.25,0.125,0.5465587044534412,16
WAA/EFE,raw,6,1,50.0,0.0,0.4920634920634921,16
WAA/EFE,raw,6,2,43.75,-0.125,0.43529411764705883,16
WAA/EFE,raw,6,3,50.0,0.0,0.4920634920634921,16
WAA/EFE,raw,6,4,50.0,0.0,0.4920634920634921,16
WAA/EFE,raw,6,5,56.25,0.125,0.5607843137254902,16
WAA/EFE,raw,7,1,37.5,-0.25,0.375,16
WAA/EFE,raw,7,2,68.75,0.375,0.6862745098039216,16
WAA/EFE,raw,7,3,56.25,0.125,0.5607843137254902,16
WAA/EFE,raw,7,4,56.25,0.125,0.5607843137254902,16
WAA/EFE,raw,7,5,68.75,0.375,0.6761133603238867,16
WAA/EFE,raw,8,1,68.75,0.375,0.6862745098039216,16
WAA/EFE,raw,8,2,75.0,0.5,0.75,16
WAA/EFE,raw,8,3,68.75,0.375,0.6862745098039216,16
WAA/EFE,raw,8,4,50.0,0.0,0.5,16
WAA/EFE,raw,8,5,68.75,0.375,0.6761133603238867,16
WAA/EFE,raw,9,1,56.25,0.125,0.5151515151515151,16
WAA/EFE,raw,9,2,62.5,0.25,0.6190476190476191,16
WAA/EFE,raw,9,3,81.25,0.625,0.8117647058823529,16
WAA/EFE,raw,9,4,62.5,0.25,0.6190476190476191,16
WAA/EFE,raw,9,5,50.0,0.0,0.4920634920634921,16
WAA/EFE,raw,10,1,56.25,0.125,0.5607843137254902,16
WAA/EFE,raw,10,2,43.75,-0.125,0.37662337662337664,16
WAA/EFE,raw,10,3,62.5,0.25,0.6,16
WAA/EFE,raw,10,4,43.75,-0.125,0.41700404858299595,16
WAA/EFE,raw,10,5,56.25,0.125,0.5465587044534412,16
WAA/EFE,raw,11,1,37.5,-0.25,0.375,16
WAA/EFE,raw,11,2,68.75,0.375,0.6761133603238867,16
WAA/EFE,raw,11,3,43.75,-0.125,0.37662337662337664,16
WAA/EFE,raw,11,4,50.0,0.0,0.4920634920634921,16
WAA/EFE,raw,11,5,43.75,-0.125,0.43529411764705883,16
WAA/EFE,raw,12,1,50.0,0.0,0.5,16
WAA/EFE,raw,12,2,56.25,0.125,0.5465587044534412,16
WAA/EFE,raw,12,3,31.25,-0.375,0.2874493927125506,16
WAA/EFE,raw,12,4,43.75,-0.125,0.43529411764705883,16
WAA/EFE,raw,12,5,37.5,-0.25,0.3333333333333333,16
WAA/EFE,raw,13,1,56.25,0.125,0.5607843137254902,16
WAA/EFE,raw,13,2,50.0,0.0,0.4920634920634921,16
WAA/EFE,raw,13,3,50.0,0.0,0.5,16
WAA/EFE,raw,13,4,43.75,-0.125,0.43529411764705883,16
WAA/EFE,raw,13,5,68.75,0.375,0.6536796536796536,16
WAA/EFE,raw,14,1,81.25,0.625,0.8056680161943319,16
WAA/EFE,raw,14,2,56.25,0.125,0.5465587044534412,16
WAA/EFE,raw,14,3,56.25,0.125,0.5151515151515151,16
WAA/EFE,raw,14,4,56.25,0.125,0.5607843137254902,16
WAA/EFE,raw,14,5,81.25,0.625,0.8117647058823529,16
WAA/EFE,raw,15,1,43.75,-0.125,0.43529411764705883,16
WAA/EFE,raw,15,2,62.5,0.25,0.6,16
WAA/EFE,raw,15,3,18.75,-0.625,0.1843137254901961,16
WAA/EFE,raw,15,4,75.0,0.5,0.746031746031746,16
WAA/EFE,raw,15,5,50.0,0.0,0.4920634920634921,16
WAA/EFE,raw,16,1,56.25,0.125,0.5151515151515151,16
WAA/EFE,raw,16,2,50.0,0.0,0.4920634920634921,16
WAA/EFE,raw,16,3,68.75,0.375,0.6862745098039216,16
WAA/EFE,raw,16,4,56.25,0.125,0.5607843137254902,16
WAA/EFE,raw,16,5,56.25,0.125,0.5607843137254902,16
WAA/EFE,raw,17,1,81.25,0.625,0.8117647058823529,16
WAA/EFE,raw,17,2,62.5,0.25,0.6190476190476191,16
WAA/EFE,raw,17,3,62.5,0.25,0.6190476190476191,16
WAA/EFE,raw,17,4,68.75,0.375,0.6761133603238867,16
WAA/EFE,raw,17,5,56.25,0.125,0.5607843137254902,16
WAA/EFE,raw,18,1,68.75,0.375,0.6862745098039216,16
WAA/EFE,raw,18,2,56.25,0.125,0.5607843137254902,16
WAA/EFE,raw,18,3,62.5,0.25,0.6190476190476191,16
WAA/EFE,raw,18,4,68.75,0.375,0.6862745098039216,16
WAA/EFE,raw,18,5,81.25,0.625,0.8117647058823529,16
WAA/EPS,fbc,1,1,55.55555555555556,0.11111111111111116,0.5555555555555556,18
WAA/EPS,fbc,1,2,50.0,0.0,0.4857142857142857,18
WAA/EPS,fbc,1,3,50.0,0.0,0.4984520123839009,18
WAA/EPS,fbc,1,4,55.55555555555556,0.11111111111111116,0.5324675324675324,18
WAA/EPS,fbc,1,5,61.111111111111114,0.22222222222222232,0.609907120743034,18
WAA/EPS,fbc,2,1,50.0,0.0,0.4920634920634921,16
WAA/EPS,fbc,2,2,31.25,-0.375,0.2874493927125506,16
WAA/EPS,fbc,2,3,56.25,0.125,0.5607843137254902,16
WAA/EPS,fbc,2,4,50.0,0.0,0.4181818181818182,16
WAA/EPS,fbc,2,5,56.25,0.125,0.5151515151515151,16
WAA/EPS,fbc,3,1,31.25,-0.375,0.2874493927125506,16
WAA/EPS,fbc,3,2,37.5,-0.25,0.36507936507936506,16
WAA/EPS,fbc,3,3,37.5,-0.25,0.3333333333333333,16
WAA/EPS,fbc,3,4,43.75,-0.125,0.37662337662337664,16
WAA/EPS,fbc,3,5,56.25,0.125,0.5607843137254902,16
WAA/EPS,fbc,4,1,81.25,0.625,0.8117647058823529,16
WAA/EPS,fbc,4,2,75.0,0.5,0.746031746031746,16
WAA/EPS,fbc,4,3,75.0,0.5,0.7333333333333334,16
WAA/EPS,fbc,4,4,62.5,0.25,0.6190476190476191,16
WAA/EPS,fbc,4,5,50.0,0.0,0.4920634920634921,16
WAA/EPS,fbc,5,1,56.25,0.125,0.5465587044534412,16
WAA/EPS,fbc,5,2,50.0,0.0,0.4181818181818182,16
WAA/EPS,fbc,5,3,68.75,0.375,0.6862745098039216,16
WAA/EPS,fbc,5,4,43.75,-0.125,0.43529411764705883,16
WAA/EPS,fbc,5,5,25.0,-0.5,0.23809523809523808,16
WAA/EPS,fbc,6,1,37.5,-0.25,0.3333333333333333,16
WAA/EPS,fbc,6,2,56.25,0.125,0.5607843137254902,16
WAA/EPS,fbc,6,3,56.25,0.125,0.5607843137254902,16
WAA/EPS,fbc,6,4,56.25,0.125,0.5607843137254902,16
WAA/EPS,fbc,6,5,37.5,-0.25,0.375,16
WAA/EPS,fbc,7,1,50.0,0.0,0.4920634920634921,16
WAA/EPS,fbc,7,2,50.0,0.0,0.4920634920634921,16
WAA/EPS,fbc,7,3,75.0,0.5,0.75,16
WAA/EPS,fbc,7,4,50.0,0.0,0.3333333333333333,16
WAA/EPS,fbc,7,5,68.75,0.375,0.6761133603238867,16
WAA/EPS,fbc,8,1,62.5,0.25,0.625,16
WAA/EPS,fbc,8,2,43.75,-0.125,0.37662337662337664,16
WAA/EPS,fbc,8,3,68.75,0.375,0.6862745098039216,16
WAA/EPS,fbc,8,4,43.75,-0.125,0.43529411764705883,16
WAA/EPS,fbc,8,5,50.0,0.0,0.4181818181818182,16
WAA/EPS,fbc,9,1,43.75,-0.125,0.37662337662337664,16
WAA/EPS,fbc,9,2,43.75,-0.125,0.37662337662337664,16
WAA/EPS,fbc,9,3,50.0,0.0,0.4920634920634921,16
WAA/EPS,fbc,9,4,37.5,-0.25,0.375,16
WAA/EPS,fbc,9,5,43.75,-0.125,0.30434782608695654,16
WAA/EPS,fbc,10,1,43.75,-0.125,0.43529411764705883,16
WAA/EPS,fbc,10,2,31.25,-0.375,0.23809523809523808,16
WAA/EPS,fbc,10,3,43.75,-0.125,0.37662337662337664,16
WAA/EPS,fbc,10,4,37.5,-0.25,0.3333333333333333,16
WAA/EPS,fbc,10,5,43.75,-0.125,0.41700404858299595,16
WAA/EPS,fbc,11,1,50.0,0.0,0.4181818181818182,16
WAA/EPS,fbc,11,2,56.25,0.125,0.5465587044534412,16
WAA/EPS,fbc,11,3,56.25,0.125,0.5465587044534412,16
WAA/EPS,fbc,11,4,56.25,0.125,0.5465587044534412,16
WAA/EPS,fbc,11,5,68.75,0.375,0.6862745098039216,16
WAA/EPS,fbc,12,1,43.75,-0.125,0.43529411764705883,16
WAA/EPS,fbc,12,2,50.0,0.0,0.4181818181818182,16
WAA/EPS,fbc,12,3,50.0,0.0,0.3333333333333333,16
WAA/EPS,fbc,12,4,43.75,-0.125,0.41700404858299595,16
WAA/EPS,fbc,12,5,43.75,-0.125,0.43529411764705883,16
WAA/EPS,fbc,13,1,37.5,-0.25,0.3333333333333333,16
WAA/EPS,fbc,13,2,50.0,0.0,0.4181818181818182,16
WAA/EPS,fbc,13,3,43.75,-0.125,0.37662337662337664,16
WAA/EPS,fbc,13,4,50.0,0.0,0.4920634920634921,16
WAA/EPS,fbc,13,5,62.5,0.25,0.625,16
WAA/EPS,fbc,14,1,50.0,0.0,0.4920634920634921,16
WAA/EPS,fbc,14,2,68.75,0.375,0.6862745098039216,16
WAA/EPS,fbc,14,3,75.0,0.5,0.746031746031746,16
WAA/EPS,fbc,14,4,43.75,-0.125,0.41700404858299595,16
WAA/EPS,fbc,14,5,37.5,-0.25,0.375,16
WAA/EPS,fbc,15,1,43.75,-0.125,0.43529411764705883,16
WAA/EPS,fbc,15,2,43.75,-0.125,0.41700404858299595,16
WAA/EPS,fbc,15,3,50.0,0.0,0.4920634920634921,16
WAA/EPS,fbc,15,4,50.0,0.0,0.5,16
WAA/EPS,fbc,15,5,50.0,0.0,0.4920634920634921,16
WAA/EPS,fbc,16,1,25.0,-0.5,0.25,16
WAA/EPS,fbc,16,2,62.5,0.25,0.6190476190476191,16
WAA/EPS,fbc,16,3,62.5,0.25,0.6190476190476191,16
WAA/EPS,fbc,16,4,56.25,0.125,0.5465587044534412,16
WAA/EPS,fbc,16,5,50.0,0.0,0.4666666666666667,16
WAA/EPS,fbc,17,1,37.5,-0.25,0.36507936507936506,16
WAA/EPS,fbc,17,2,50.0,0.0,0.3333333333333333,16
WAA/EPS,fbc,17,3,56.25,0.125,0.5607843137254902,16
WAA/EPS,fbc,17,4,50.0,0.0,0.4920634920634921,16
WAA/EPS,fbc,17,5,43.75,-0.125,0.41700404858299595,16
WAA/EPS,fbc,18,1,43.75,-0.125,0.41700404858299595,16
WAA/EPS,fbc,18,2,50.0,0.0,0.5,16
WAA/EPS,fbc,18,3,31.25,-0.375,0.30980392156862746,16
WAA/EPS,fbc,18,4,56.25,0.125,0.5465587044534412,16
WAA/EPS,fbc,18,5,56.25,0.125,0.5465587044534412,16
WAA/EPS,raw,1,1,50.0,0.0,0.4984520123839009,18
WAA/EPS,raw,1,2,55.55555555555556,0.11111111111111116,0.5555555555555556,18
WAA/EPS,raw,1,3,38.88888888888889,-0.2222222222222222,0.37142857142857144,18
WAA/EPS,raw,1,4,50.0,0.0,0.4984520123839009,18
WAA/EPS,raw,1,5,72.22222222222221,0.4444444444444444,0.7213622291021672,18
WAA/EPS,raw,2,1,81.25,0.625,0.8117647058823529,16
WAA/EPS,raw,2,2,43.75,-0.125,0.43529411764705883,16
WAA/EPS,raw,2,3,43.75,-0.125,0.41700404858299595,16
WAA/EPS,raw,2,4,56.25,0.125,0.5151515151515151,16
WAA/EPS,raw,2,5,43.75,-0.125,0.41700404858299595,16
WAA/EPS,raw,3,1,56.25,0.125,0.5607843137254902,16
WAA/EPS,raw,3,2,62.5,0.25,0.6,16
WAA/EPS,raw,3,3,62.5,0.25,0.6,16
WAA/EPS,raw,3,4,37.5,-0.25,0.36507936507936506,16
WAA/EPS,raw,3,5,62.5,0.25,0.6190476190476191,16
WAA/EPS,raw,4,1,68.75,0.375,0.6862745098039216,16
WAA/EPS,raw,4,2,81.25,0.625,0.8117647058823529,16
WAA/EPS,raw,4,3,62.5,0.25,0.6190476190476191,16
WAA/EPS,raw,4,4,68.75,0.375,0.6761133603238867,16
WAA/EPS,raw,4,5,81.25,0.625,0.8117647058823529,16
WAA/EPS,raw,5,1,56.25,0.125,0.5151515151515151,16
WAA/EPS,raw,5,2,43.75,-0.125,0.43529411764705883,16
WAA/EPS,raw,5,3,50.0,0.0,0.4920634920634921,16
WAA/EPS,raw,5,4,50.0,0.0,0.4181818181818182,16
WAA/EPS,raw,5,5,31.25,-0.375,0.30980392156862746,16
WAA/EPS,raw,6,1,56.25,0.125,0.5607843137254902,16
WAA/EPS,raw,6,2,68.75,0.375,0.6862745098039216,16
WAA/EPS,raw,6,3,56.25,0.125,0.5607843137254902,16
WAA/EPS,raw,6,4,56.25,0.125,0.5465587044534412,16
WAA/EPS,raw,6,5,37.5,-0.25,0.3333333333333333,16
WAA/EPS,raw,7,1,68.75,0.375,0.6862745098039216,16
WAA/EPS,raw,7,2,62.5,0.25,0.6190476190476191,16
WAA/EPS,raw,7,3,68.75,0.375,0.6862745098039216,16
WAA/EPS,raw,7,4,56.25,0.125,0.5607843137254902,16
WAA/EPS,raw,7,5,81.25,0.625,0.8117647058823529,16
WAA/EPS,raw,8,1,81.25,0.625,0.8117647058823529,16
WAA/EPS,raw,8,2,50.0,0.0,0.4920634920634921,16
WAA/EPS,raw,8,3,68.75,0.375,0.6761133603238867,16
WAA/EPS,raw,8,4,43.75,-0.125,0.41700404858299595,16
WAA/EPS,raw,8,5,56.25,0.125,0.5465587044534412,16
WAA/EPS,raw,9,1,43.75,-0.125,0.41700404858299595,16
WAA/EPS,raw,9,2,43.75,-0.125,0.43529411764705883,16
WAA/EPS,raw,9,3,37.5,-0.25,0.36507936507936506,16
WAA/EPS,raw,9,4,50.0,0.0,0.4920634920634921,16
WAA/EPS,raw,9,5,18.75,-0.625,0.15789473684210525,16
WAA/EPS,raw,10,1,56.25,0.125,0.5607843137254902,16
WAA/EPS,raw,10,2,43.75,-0.125,0.37662337662337664,16
WAA/EPS,raw,10,3,43.75,-0.125,0.30434782608695654,16
WAA/EPS,raw,10,4,37.5,-0.25,0.375,16
WAA/EPS,raw,10,5,56.25,0.125,0.5151515151515151,16
WAA/EPS,raw,11,1,62.5,0.25,0.6190476190476191,16
WAA/EPS,raw,11,2,56.25,0.125,0.5465587044534412,16
WAA/EPS,raw,11,3,75.0,0.5,0.746031746031746,16
WAA/EPS,raw,11,4,75.0,0.5,0.75,16
WAA/EPS,raw,11,5,56.25,0.125,0.5607843137254902,16
WAA/EPS,raw,12,1,37.5,-0.25,0.36507936507936506,16
WAA/EPS,raw,12,2,68.75,0.375,0.6862745098039216,16
WAA/EPS,raw,12,3,56.25,0.125,0.45893719806763283,16
WAA/EPS,raw,12,4,56.25,0.125,0.5607843137254902,16
WAA/EPS,raw,12,5,25.0,-0.5,0.2,16
WAA/EPS,raw,13,1,37.5,-0.25,0.36507936507936506,16
WAA/EPS,raw,13,2,50.0,0.0,0.4920634920634921,16
WAA/EPS,raw,13,3,31.25,-0.375,0.2874493927125506,16
WAA/EPS,raw,13,4,56.25,0.125,0.5465587044534412,16
WAA/EPS,raw,13,5,56.25,0.125,0.5607843137254902,16
WAA/EPS,raw,14,1,62.5,0.25,0.5636363636363637,16
WAA/EPS,raw,14,2,56.25,0.125,0.5607843137254902,16
WAA/EPS,raw,14,3,43.75,-0.125,0.43529411764705883,16
WAA/EPS,raw,14,4,31.25,-0.375,0.2874493927125506,16
WAA/EPS,raw,14,5,37.5,-0.25,0.36507936507936506,16
WAA/EPS,raw,15,1,43.75,-0.125,0.41700404858299595,16
WAA/EPS,raw,15,2,68.75,0.375,0.6862745098039216,16
WAA/EPS,raw,15,3,31.25,-0.375,0.30980392156862746,16
WAA/EPS,raw,15,4,62.5,0.25,0.6190476190476191,16
WAA/EPS,raw,15,5,62.5,0.25,0.6,16
WAA/EPS,raw,16,1,50.0,0.0,0.4920634920634921,16
WAA/EPS,raw,16,2,56.25,0.125,0.5607843137254902,16
WAA/EPS,raw,16,3,37.5,-0.25,0.3333333333333333,16
WAA/EPS,raw,16,4,56.25,0.125,0.5607843137254902,16
WAA/EPS,raw,16,5,43.75,-0.125,0.43529411764705883,16
WAA/EPS,raw,17,1,81.25,0.625,0.8117647058823529,16
WAA/EPS,raw,17,2,43.75,-0.125,0.37662337662337664,16
WAA/EPS,raw,17,3,43.75,-0.125,0.41700404858299595,16
WAA/EPS,raw,17,4,37.5,-0.25,0.375,16
WAA/EPS,raw,17,5,43.75,-0.125,0.43529411764705883,16
WAA/EPS,raw,18,1,56.25,0.125,0.45893719806763283,16
WAA/EPS,raw,18,2,50.0,0.0,0.4920634920634921,16
WAA/EPS,raw,18,3,62.5,0.25,0.6190476190476191,16
WAA/EPS,raw,18,4,87.5,0.75,0.875,16
WAA/EPS,raw,18,5,50.0,0.0,0.5,16
WAA/SAA,fbc,1,1,72.22222222222221,0.4444444444444444,0.7213622291021672,18
WAA/SAA,fbc,1,2,72.22222222222221,0.4444444444444444,0.7142857142857142,18
WAA/SAA,fbc,1,3,33.33333333333333,-0.33333333333333337,0.3333333333333333,18
WAA/SAA,fbc,1,4,55.55555555555556,0.11111111111111116,0.55,18
WAA/SAA,fbc,1,5,61.111111111111114,0.22222222222222232,0.6,18
WAA/SAA,fbc,2,1,43.75,-0.125,0.43529411764705883,16
WAA/SAA,fbc,2,2,43.75,-0.125,0.41700404858299595,16
WAA/SAA,fbc,2,3,50.0,0.0,0.5,16
WAA/SAA,fbc,2,4,56.25,0.125,0.5465587044534412,16
WAA/SAA,fbc,2,5,37.5,-0.25,0.3333333333333333,16
WAA/SAA,fbc,3,1,93.75,0.875,0.9372549019607843,16
WAA/SAA,fbc,3,2,93.75,0.875,0.9372549019607843,16
WAA/SAA,fbc,3,3,87.5,0.75,0.875,16
WAA/SAA,fbc,3,4,87.5,0.75,0.873015873015873,16
WAA/SAA,fbc,3,5,68.75,0.375,0.6862745098039216,16
WAA/SAA,fbc,4,1,93.75,0.875,0.9372549019607843,16
WAA/SAA,fbc,4,2,93.75,0.875,0.9372549019607843,16
WAA/SAA,fbc,4,3,87.5,0.75,0.875,16
WAA/SAA,fbc,4,4,93.75,0.875,0.9372549019607843,16
WAA/SAA,fbc,4,5,75.0,0.5,0.746031746031746,16
WAA/SAA,fbc,5,1,56.25,0.125,0.5607843137254902,16
WAA/SAA,fbc,5,2,75.0,0.5,0.75,16
WAA/SAA,fbc,5,3,43.75,-0.125,0.43529411764705883,16
WAA/SAA,fbc,5,4,43.75,-0.125,0.43529411764705883,16
WAA/SAA,fbc,5,5,62.5,0.25,0.6190476190476191,16
WAA/SAA,fbc,6,1,68.75,0.375,0.6862745098039216,16
WAA/SAA,fbc,6,2,68.75,0.375,0.6862745098039216,16
WAA/SAA,fbc,6,3,56.25,0.125,0.5607843137254902,16
WAA/SAA,fbc,6,4,62.5,0.25,0.5636363636363637,16
WAA/SAA,fbc,6,5,56.25,0.125,0.5607843137254902,16
WAA/SAA,fbc,7,1,87.5,0.75,0.873015873015873,16
WAA/SAA,fbc,7,2,68.75,0.375,0.6536796536796536,16
WAA/SAA,fbc,7,3,75.0,0.5,0.746031746031746,16
WAA/SAA,fbc,7,4,50.0,0.0,0.4920634920634921,16
WAA/SAA,fbc,7,5,68.75,0.375,0.6862745098039216,16
WAA/SAA,fbc,8,1,62.5,0.25,0.6190476190476191,16
WAA/SAA,fbc,8,2,56.25,0.125,0.5465587044534412,16
WAA/SAA,fbc,8,3,37.5,-0.25,0.36507936507936506,16
WAA/SAA,fbc,8,4,43.75,-0.125,0.43529411764705883,16
WAA/SAA,fbc,8,5,37.5,-0.25,0.375,16
WAA/SAA,fbc,9,1,81.25,0.625,0.8056680161943319,16
WAA/SAA,fbc,9,2,56.25,0.125,0.5465587044534412,16
WAA/SAA,fbc,9,3,43.75,-0.125,0.41700404858299595,16
WAA/SAA,fbc,9,4,68.75,0.375,0.6761133603238867,16
WAA/SAA,fbc,9,5,68.75,0.375,0.6536796536796536,16
WAA/SAA,fbc,10,1,50.0,0.0,0.4666666666666667,16
WAA/SAA,fbc,10,2,62.5,0.25,0.6190476190476191,16
WAA/SAA,fbc,10,3,43.75,-0.125,0.30434782608695654,16
WAA/SAA,fbc,10,4,56.25,0.125,0.5151515151515151,16
WAA/SAA,fbc,10,5,37.5,-0.25,0.36507936507936506,16
WAA/SAA,fbc,11,1,50.0,0.0,0.4920634920634921,16
WAA/SAA,fbc,11,2,56.25,0.125,0.5465587044534412,16
WAA/SAA,fbc,11,3,50.0,0.0,0.5,16
WAA/SAA,fbc,11,4,62.5,0.25,0.6,16
WAA/SAA,fbc,11,5,56.25,0.125,0.5607843137254902,16
WAA/SAA,fbc,12,1,62.5,0.25,0.625,16
WAA/SAA,fbc,12,2,56.25,0.125,0.5607843137254902,16
WAA/SAA,fbc,12,3,50.0,0.0,0.4181818181818182,16
WAA/SAA,fbc,12,4,43.75,-0.125,0.43529411764705883,16
WAA/SAA,fbc,12,5,50.0,0.0,0.4920634920634921,16
WAA/SAA,fbc,13,1,50.0,0.0,0.4666666666666667,16
WAA/SAA,fbc,13,2,62.5,0.25,0.6190476190476191,16
WAA/SAA,fbc,13,3,43.75,-0.125,0.41700404858299595,16
WAA/SAA,fbc,13,4,56.25,0.125,0.5607843137254902,16
WAA/SAA,fbc,13,5,93.75,0.875,0.9372549019607843,16
WAA/SAA,fbc,14,1,62.5,0.25,0.6,16
WAA/SAA,fbc,14,2,75.0,0.5,0.746031746031746,16
WAA/SAA,fbc,14,3,62.5,0.25,0.6,16
WAA/SAA,fbc,14,4,56.25,0.125,0.5607843137254902,16
WAA/SAA,fbc,14,5,43.75,-0.125,0.41700404858299595,16
WAA/SAA,fbc,15,1,31.25,-0.375,0.2874493927125506,16
WAA/SAA,fbc,15,2,50.0,0.0,0.4666666666666667,16
WAA/SAA,fbc,15,3,37.5,-0.25,0.36507936507936506,16
WAA/SAA,fbc,15,4,56.25,0.125,0.5607843137254902,16
WAA/SAA,fbc,15,5,43.75,-0.125,0.43529411764705883,16
WAA/SAA,fbc,16,1,62.5,0.25,0.6,16
WAA/SAA,fbc,16,2,43.75,-0.125,0.43529411764705883,16
WAA/SAA,fbc,16,3,56.25,0.125,0.5607843137254902,16
WAA/SAA,fbc,16,4,75.0,0.5,0.7333333333333334,16
WAA/SAA,fbc,16,5,50.0,0.0,0.4920634920634921,16
WAA/SAA,fbc,17,1,56.25,0.125,0.5607843137254902,16
WAA/SAA,fbc,17,2,68.75,0.375,0.6761133603238867,16
WAA/SAA,fbc,17,3,68.75,0.375,0.6761133603238867,16
WAA/SAA,fbc,17,4,62.5,0.25,0.625,16
WAA/SAA,fbc,17,5,62.5,0.25,0.625,16
WAA/SAA,fbc,18,1,81.25,0.625,0.8117647058823529,16
WAA/SAA,fbc,18,2,62.5,0.25,0.6190476190476191,16
WAA/SAA,fbc,18,3,81.25,0.625,0.8117647058823529,16
WAA/SAA,fbc,18,4,75.0,0.5,0.7333333333333334,16
WAA/SAA,fbc,18,5,75.0,0.5,0.746031746031746,16
WAA/SAA,raw,1,1,72.22222222222221,0.4444444444444444,0.7142857142857142,18
WAA/SAA,raw,1,2,77.77777777777779,0.5555555555555556,0.775,18
WAA/SAA,raw,1,3,55.55555555555556,0.11111111111111116,0.5324675324675324,18
WAA/SAA,raw,1,4,55.55555555555556,0.11111111111111116,0.55,18
WAA/SAA,raw,1,5,61.111111111111114,0.22222222222222232,0.6,18
WAA/SAA,raw,2,1,62.5,0.25,0.6190476190476191,16
WAA/SAA,raw,2,2,56.25,0.125,0.5607843137254902,16
WAA/SAA,raw,2,3,75.0,0.5,0.746031746031746,16
WAA/SAA,raw,2,4,50.0,0.0,0.5,16
WAA/SAA,raw,2,5,43.75,-0.125,0.41700404858299595,16
WAA/SAA,raw,3,1,87.5,0.75,0.875,16
WAA/SAA,raw,3,2,93.75,0.875,0.9372549019607843,16
WAA/SAA,raw,3,3,87.5,0.75,0.875,16
WAA/SAA,raw,3,4,93.75,0.875,0.9372549019607843,16
WAA/SAA,raw,3,5,68.75,0.375,0.6862745098039216,16
WAA/SAA,raw,4,1,93.75,0.875,0.9372549019607843,16
WAA/SAA,raw,4,2,93.75,0.875,0.9372549019607843,16
WAA/SAA,raw,4,3,93.75,0.875,0.9372549019607843,16
WAA/SAA,raw,4,4,87.5,0.75,0.873015873015873,16
WAA/SAA,raw,4,5,68.75,0.375,0.6761133603238867,16
WAA/SAA,raw,5,1,62.5,0.25,0.6,16
WAA/SAA,raw,5,2,50.0,0.0,0.4920634920634921,16
WAA/SAA,raw,5,3,25.0,-0.5,0.23809523809523808,16
WAA/SAA,raw,5,4,18.75,-0.625,0.1843137254901961,16
WAA/SAA,raw,5,5,37.5,-0.25,0.36507936507936506,16
WAA/SAA,raw,6,1,81.25,0.625,0.8117647058823529,16
WAA/SAA,raw,6,2,68.75,0.375,0.6761133603238867,16
WAA/SAA,raw,6,3,56.25,0.125,0.5465587044534412,16
WAA/SAA,raw,6,4,62.5,0.25,0.6,16
WAA/SAA,raw,6,5,81.25,0.625,0.8117647058823529,16
WAA/SAA,raw,7,1,68.75,0.375,0.6761133603238867,16
WAA/SAA,raw,7,2,87.5,0.75,0.873015873015873,16
WAA/SAA,raw,7,3,68.75,0.375,0.6862745098039216,16
WAA/SAA,raw,7,4,68.75,0.375,0.6862745098039216,16
WAA/SAA,raw,7,5,81.25,0.625,0.8117647058823529,16
WAA/SAA,raw,8,1,43.75,-0.125,0.43529411764705883,16
WAA/SAA,raw,8,2,31.25,-0.375,0.30980392156862746,16
WAA/SAA,raw,8,3,56.25,0.125,0.5607843137254902,16
WAA/SAA,raw,8,4,37.5,-0.25,0.3333333333333333,16
WAA/SAA,raw,8,5,37.5,-0.25,0.36507936507936506,16
WAA/SAA,raw,9,1,56.25,0.125,0.5607843137254902,16
WAA/SAA,raw,9,2,75.0,0.5,0.7333333333333334,16
WAA/SAA,raw,9,3,43.75,-0.125,0.43529411764705883,16
WAA/SAA,raw,9,4,56.25,0.125,0.5607843137254902,16
WAA/SAA,raw,9,5,62.5,0.25,0.6190476190476191,16
WAA/SAA,raw,10,1,62.5,0.25,0.6190476190476191,16
WAA/SAA,raw,10,2,56.25,0.125,0.5151515151515151,16
WAA/SAA,raw,10,3,43.75,-0.125,0.41700404858299595,16
WAA/SAA,raw,10,4,56.25,0.125,0.45893719806763283,16
WAA/SAA,raw,10,5,43.75,-0.125,0.41700404858299595,16
WAA/SAA,raw,11,1,68.75,0.375,0.6862745098039216,16
WAA/SAA,raw,11,2,37.5,-0.25,0.3333333333333333,16
WAA/SAA,raw,11,3,75.0,0.5,0.746031746031746,16
WAA/SAA,raw,11,4,31.25,-0.375,0.30980392156862746,16
WAA/SAA,raw,11,5,75.0,0.5,0.746031746031746,16
WAA/SAA,raw,12,1,56.25,0.125,0.5607843137254902,16
WAA/SAA,raw,12,2,56.25,0.125,0.5151515151515151,16
WAA/SAA,raw,12,3,62.5,0.25,0.6,16
WAA/SAA,raw,12,4,43.75,-0.125,0.43529411764705883,16
WAA/SAA,raw,12,5,62.5,0.25,0.625,16
WAA/SAA,raw,13,1,56.25,0.125,0.5607843137254902,16
WAA/SAA,raw,13,2,56.25,0.125,0.5607843137254902,16
WAA/SAA,raw,13,3,25.0,-0.5,0.23809523809523808,16
WAA/SAA,raw,13,4,37.5,-0.25,0.3333333333333333,16
WAA/SAA,raw,13,5,56.25,0.125,0.5607843137254902,16
WAA/SAA,raw,14,1,75.0,0.5,0.746031746031746,16
WAA/SAA,raw,14,2,87.5,0.75,0.875,16
WAA/SAA,raw,14,3,25.0,-0.5,0.25,16
WAA/SAA,raw,14,4,75.0,0.5,0.746031746031746,16
WAA/SAA,raw,14,5,50.0,0.0,0.4666666666666667,16
WAA/SAA,raw,15,1,31.25,-0.375,0.23809523809523808,16
WAA/SAA,raw,15,2,62.5,0.25,0.6,16
WAA/SAA,raw,15,3,43.75,-0.125,0.43529411764705883,16
WAA/SAA,raw,15,4,25.0,-0.5,0.23809523809523808,16
WAA/SAA,raw,15,5,50.0,0.0,0.4920634920634921,16
WAA/SAA,raw,16,1,50.0,0.0,0.4666666666666667,16
WAA/SAA,raw,16,2,56.25,0.125,0.5465587044534412,16
WAA/SAA,raw,16,3,62.5,0.25,0.625,16
WAA/SAA,raw,16,4,56.25,0.125,0.5607843137254902,16
WAA/SAA,raw,16,5,62.5,0.25,0.6190476190476191,16
WAA/SAA,raw,17,1,68.75,0.375,0.6862745098039216,16
WAA/SAA,raw,17,2,68.75,0.375,0.6862745098039216,16
WAA/SAA,raw,17,3,68.75,0.375,0.6862745098039216,16
WAA/SAA,raw,17,4,50.0,0.0,0.5,16
WAA/SAA,raw,17,5,62.5,0.25,0.6190476190476191,16
WAA/SAA,raw,18,1,68.75,0.375,0.6862745098039216,16
WAA/SAA,raw,18,2,68.75,0.375,0.6862745098039216,16
WAA/SAA,raw,18,3,87.5,0.75,0.873015873015873,16
WAA/SAA,raw,18,4,87.5,0.75,0.873015873015873,16
WAA/SAA,raw,18,5,81.25,0.625,0.8117647058823529,16
WAA/SFE,fbc,1,1,50.0,0.0,0.4857142857142857,18
WAA/SFE,fbc,1,2,50.0,0.0,0.4984520123839009,18
WAA/SFE,fbc,1,3,72.22222222222221,0.4444444444444444,0.7142857142857142,18
WAA/SFE,fbc,1,4,44.44444444444444,-0.11111111111111116,0.4375,18
WAA/SFE,fbc,1,5,38.88888888888889,-0.2222222222222222,0.3377926421404682,18
WAA/SFE,fbc,2,1,31.25,-0.375,0.2874493927125506,16
WAA/SFE,fbc,2,2,37.5,-0.25,0.375,16
WAA/SFE,fbc,2,3,56.25,0.125,0.5607843137254902,16
WAA/SFE,fbc,2,4,31.25,-0.375,0.30980392156862746,16
WAA/SFE,fbc,2,5,37.5,-0.25,0.375,16
WAA/SFE,fbc,3,1,68.75,0.375,0.6862745098039216,16
WAA/SFE,fbc,3,2,50.0,0.0,0.4920634920634921,16
WAA/SFE,fbc,3,3,81.25,0.625,0.8117647058823529,16
WAA/SFE,fbc,3,4,81.25,0.625,0.8117647058823529,16
WAA/SFE,fbc,3,5,75.0,0.5,0.746031746031746,16
WAA/SFE,fbc,4,1,93.75,0.875,0.9372549019607843,16
WAA/SFE,fbc,4,2,81.25,0.625,0.8056680161943319,16
WAA/SFE,fbc,4,3,81.25,0.625,0.8117647058823529,16
WAA/SFE,fbc,4,4,75.0,0.5,0.746031746031746,16
WAA/SFE,fbc,4,5,75.0,0.5,0.75,16
WAA/SFE,fbc,5,1,76.47058823529412,0.5211267605633801,0.7571428571428571,17
WAA/SFE,fbc,5,2,68.75,0.375,0.6862745098039216,16
WAA/SFE,fbc,5,3,62.5,0.25,0.6190476190476191,16
WAA/SFE,fbc,5,4,62.5,0.25,0.625,16
WAA/SFE,fbc,5,5,50.0,0.0,0.5,16
WAA/SFE,fbc,6,1,68.75,0.375,0.6761133603238867,16
WAA/SFE,fbc,6,2,50.0,0.0,0.4920634920634921,16
WAA/SFE,fbc,6,3,62.5,0.25,0.6,16
WAA/SFE,fbc,6,4,50.0,0.0,0.5,16
WAA/SFE,fbc,6,5,56.25,0.125,0.5465587044534412,16
WAA/SFE,fbc,7,1,43.75,-0.125,0.37662337662337664,16
WAA/SFE,fbc,7,2,75.0,0.5,0.746031746031746,16
WAA/SFE,fbc,7,3,56.25,0.125,0.5465587044534412,16
WAA/SFE,fbc,7,4,43.75,-0.125,0.41700404858299595,16
WAA/SFE,fbc,7,5,62.5,0.25,0.6,16
WAA/SFE,fbc,8,1,37.5,-0.25,0.375,16
WAA/SFE,fbc,8,2,56.25,0.125,0.5151515151515151,16
WAA/SFE,fbc,8,3,62.5,0.25,0.6,16
WAA/SFE,fbc,8,4,50.0,0.0,0.5,16
WAA/SFE,fbc,8,5,50.0,0.0,0.4666666666666667,16
WAA/SFE,fbc,9,1,68.75,0.375,0.6761133603238867,16
WAA/SFE,fbc,9,2,56.25,0.125,0.5465587044534412,16
WAA/SFE,fbc,9,3,25.0,-0.5,0.23809523809523808,16
WAA/SFE,fbc,9,4,56.25,0.125,0.5607843137254902,16
WAA/SFE,fbc,9,5,62.5,0.25,0.5636363636363637,16
WAA/SFE,fbc,10,1,68.75,0.375,0.6862745098039216,16
WAA/SFE,fbc,10,2,87.5,0.75,0.873015873015873,16
WAA/SFE,fbc,10,3,56.25,0.125,0.45893719806763283,16
WAA/SFE,fbc,10,4,62.5,0.25,0.6,16
WAA/SFE,fbc,10,5,68.75,0.375,0.6761133603238867,16
WAA/SFE,fbc,11,1,50.0,0.0,0.4181818181818182,16
WAA/SFE,fbc,11,2,62.5,0.25,0.6190476190476191,16
WAA/SFE,fbc,11,3,56.25,0.125,0.5465587044534412,16
WAA/SFE,fbc,11,4,68.75,0.375,0.6761133603238867,16
WAA/SFE,fbc,11,5,62.5,0.25,0.6190476190476191,16
WAA/SFE,fbc,12,1,68.75,0.375,0.6862745098039216,16
WAA/SFE,fbc,12,2,37.5,-0.25,0.2727272727272727,16
WAA/SFE,fbc,12,3,37.5,-0.25,0.2727272727272727,16
WAA/SFE,fbc,12,4,50.0,0.0,0.5,16
WAA/SFE,fbc,12,5,37.5,-0.25,0.36507936507936506,16
WAA/SFE,fbc,13,1,56.25,0.125,0.5607843137254902,16
WAA/SFE,fbc,13,2,50.0,0.0,0.4920634920634921,16
WAA/SFE,fbc,13,3,43.75,-0.125,0.41700404858299595,16
WAA/SFE,fbc,13,4,62.5,0.25,0.6190476190476191,16
WAA/SFE,fbc,13,5,87.5,0.75,0.875,16
WAA/SFE,fbc,14,1,43.75,-0.125,0.43529411764705883,16
WAA/SFE,fbc,14,2,75.0,0.5,0.75,16
WAA/SFE,fbc,14,3,37.5,-0.25,0.375,16
WAA/SFE,fbc,14,4,62.5,0.25,0.6190476190476191,16
WAA/SFE,fbc,14,5,81.25,0.625,0.8117647058823529,16
WAA/SFE,fbc,15,1,62.5,0.25,0.6190476190476191,16
WAA/SFE,fbc,15,2,62.5,0.25,0.625,16
WAA/SFE,fbc,15,3,50.0,0.0,0.4920634920634921,16
WAA/SFE,fbc,15,4,68.75,0.375,0.6862745098039216,16
WAA/SFE,fbc,15,5,50.0,0.0,0.4920634920634921,16
WAA/SFE,fbc,16,1,56.25,0.125,0.5465587044534412,16
WAA/SFE,fbc,16,2,37.5,-0.25,0.36507936507936506,16
WAA/SFE,fbc,16,3,75.0,0.5,0.746031746031746,16
WAA/SFE,fbc,16,4,75.0,0.5,0.7333333333333334,16
WAA/SFE,fbc,16,5,56.25,0.125,0.5607843137254902,16
WAA/SFE,fbc,17,1,68.75,0.375,0.6862745098039216,16
WAA/SFE,fbc,17,2,75.0,0.5,0.7333333333333334,16
WAA/SFE,fbc,17,3,62.5,0.25,0.625,16
WAA/SFE,fbc,17,4,56.25,0.125,0.5607843137254902,16
WAA/SFE,fbc,17,5,68.75,0.375,0.6761133603238867,16
WAA/SFE,fbc,18,1,75.0,0.5,0.75,16
WAA/SFE,fbc,18,2,75.0,0.5,0.7333333333333334,16
WAA/SFE,fbc,18,3,87.5,0.75,0.873015873015873,16
WAA/SFE,fbc,18,4,68.75,0.375,0.6761133603238867,16
WAA/SFE,fbc,18,5,75.0,0.5,0.75,16
WAA/SFE,raw,1,1,50.0,0.0,0.4109090909090909,18
WAA/SFE,raw,1,2,72.22222222222221,0.4444444444444444,0.7213622291021672,18
WAA/SFE,raw,1,3,77.77777777777779,0.5555555555555556,0.775,18
WAA/SFE,raw,1,4,33.33333333333333,-0.33333333333333337,0.325,18
WAA/SFE,raw,1,5,61.111111111111114,0.22222222222222232,0.609907120743034,18
WAA/SFE,raw,2,1,50.0,0.0,0.4920634920634921,16
WAA/SFE,raw,2,2,50.0,0.0,0.4920634920634921,16
WAA/SFE,raw,2,3,50.0,0.0,0.5,16
WAA/SFE,raw,2,4,56.25,0.125,0.5607843137254902,16
WAA/SFE,raw,2,5,50.0,0.0,0.5,16
WAA/SFE,raw,3,1,75.0,0.5,0.75,16
WAA/SFE,raw,3,2,68.75,0.375,0.6862745098039216,16
WAA/SFE,raw,3,3,87.5,0.75,0.875,16
WAA/SFE,raw,3,4,87.5,0.75,0.875,16
WAA/SFE,raw,3,5,87.5,0.75,0.875,16
WAA/SFE,raw,4,1,87.5,0.75,0.873015873015873,16
WAA/SFE,raw,4,2,87.5,0.75,0.875,16
WAA/SFE,raw,4,3,75.0,0.5,0.75,16
WAA/SFE,raw,4,4,87.5,0.75,0.875,16
WAA/SFE,raw,4,5,62.5,0.25,0.6190476190476191,16
WAA/SFE,raw,5,1,29.411764705882355,-0.4366197183098592,0.27142857142857146,17
WAA/SFE,raw,5,2,81.25,0.625,0.8117647058823529,16
WAA/SFE,raw,5,3,50.0,0.0,0.5,16
WAA/SFE,raw,5,4,50.0,0.0,0.4666666666666667,16
WAA/SFE,raw,5,5,31.25,-0.375,0.30980392156862746,16
WAA/SFE,raw,6,1,68.75,0.375,0.6761133603238867,16
WAA/SFE,raw,6,2,56.25,0.125,0.5607843137254902,16
WAA/SFE,raw,6,3,87.5,0.75,0.873015873015873,16
WAA/SFE,raw,6,4,68.75,0.375,0.6862745098039216,16
WAA/SFE,raw,6,5,50.0,0.0,0.4920634920634921,16
WAA/SFE,raw,7,1,50.0,0.0,0.4920634920634921,16
WAA/SFE,raw,7,2,87.5,0.75,0.873015873015873,16
WAA/SFE,raw,7,3,75.0,0.5,0.75,16
WAA/SFE,raw,7,4,43.75,-0.125,0.43529411764705883,16
WAA/SFE,raw,7,5,62.5,0.25,0.6190476190476191,16
WAA/SFE,raw,8,1,68.75,0.375,0.6761133603238867,16
WAA/SFE,raw,8,2,56.25,0.125,0.5465587044534412,16
WAA/SFE,raw,8,3,56.25,0.125,0.5607843137254902,16
WAA/SFE,raw,8,4,56.25,0.125,0.5607843137254902,16
WAA/SFE,raw,8,5,56.25,0.125,0.5151515151515151,16
WAA/SFE,raw,9,1,62.5,0.25,0.6190476190476191,16
WAA/SFE,raw,9,2,62.5,0.25,0.6190476190476191,16
WAA/SFE,raw,9,3,50.0,0.0,0.5,16
WAA/SFE,raw,9,4,62.5,0.25,0.625,16
WAA/SFE,raw,9,5,37.5,-0.25,0.3333333333333333,16
WAA/SFE,raw,10,1,56.25,0.125,0.5607843137254902,16
WAA/SFE,raw,10,2,75.0,0.5,0.746031746031746,16
WAA/SFE,raw,10,3,56.25,0.125,0.5607843137254902,16
WAA/SFE,raw,10,4,62.5,0.25,0.6190476190476191,16
WAA/SFE,raw,10,5,43.75,-0.125,0.41700404858299595,16
WAA/SFE,raw,11,1,75.0,0.5,0.75,16
WAA/SFE,raw,11,2,50.0,0.0,0.4920634920634921,16
WAA/SFE,raw,11,3,56.25,0.125,0.5607843137254902,16
WAA/SFE,raw,11,4,87.5,0.75,0.873015873015873,16
WAA/SFE,raw,11,5,75.0,0.5,0.746031746031746,16
WAA/SFE,raw,12,1,43.75,-0.125,0.41700404858299595,16
WAA/SFE,raw,12,2,75.0,0.5,0.75,16
WAA/SFE,raw,12,3,43.75,-0.125,0.37662337662337664,16
WAA/SFE,raw,12,4,50.0,0.0,0.4666666666666667,16
WAA/SFE,raw,12,5,18.75,-0.625,0.15789473684210525,16
WAA/SFE,raw,13,1,68.75,0.375,0.6761133603238867,16
WAA/SFE,raw,13,2,68.75,0.375,0.6761133603238867,16
WAA/SFE,raw,13,3,75.0,0.5,0.746031746031746,16
WAA/SFE,raw,13,4,56.25,0.125,0.5607843137254902,16
WAA/SFE,raw,13,5,62.5,0.25,0.6190476190476191,16
WAA/SFE,raw,14,1,50.0,0.0,0.4920634920634921,16
WAA/SFE,raw,14,2,68.75,0.375,0.6761133603238867,16
WAA/SFE,raw,14,3,56.25,0.125,0.5151515151515151,16
WAA/SFE,raw,14,4,75.0,0.5,0.746031746031746,16
WAA/SFE,raw,14,5,81.25,0.625,0.8117647058823529,16
WAA/SFE,raw,15,1,31.25,-0.375,0.30980392156862746,16
WAA/SFE,raw,15,2,43.75,-0.125,0.43529411764705883,16
WAA/SFE,raw,15,3,62.5,0.25,0.625,16
WAA/SFE,raw,15,4,56.25,0.125,0.5607843137254902,16
WAA/SFE,raw,15,5,37.5,-0.25,0.375,16
WAA/SFE,raw,16,1,37.5,-0.25,0.375,16
WAA/SFE,raw,16,2,37.5,-0.25,0.36507936507936506,16
WAA/SFE,raw,16,3,68.75,0.375,0.6862745098039216,16
WAA/SFE,raw,16,4,50.0,0.0,0.4666666666666667,16
WAA/SFE,raw,16,5,50.0,0.0,0.5,16
WAA/SFE,raw,17,1,75.0,0.5,0.75,16
WAA/SFE,raw,17,2,75.0,0.5,0.746031746031746,16
WAA/SFE,raw,17,3,56.25,0.125,0.5607843137254902,16
WAA/SFE,raw,17,4,75.0,0.5,0.746031746031746,16
WAA/SFE,raw,17,5,75.0,0.5,0.746031746031746,16
WAA/SFE,raw,18,1,81.25,0.625,0.8117647058823529,16
WAA/SFE,raw,18,2,68.75,0.375,0.6862745098039216,16
WAA/SFE,raw,18,3,68.75,0.375,0.6862745098039216,16
WAA/SFE,raw,18,4,75.0,0.5,0.746031746031746,16
WAA/SFE,raw,18,5,81.25,0.625,0.8117647058823529,16
WAA/SPS,fbc,1,1,55.55555555555556,0.11111111111111116,0.55,18
WAA/SPS,fbc,1,2,50.0,0.0,0.4984520123839009,18
WAA/SPS,fbc,1,3,77.77777777777779,0.5555555555555556,0.7662337662337663,18
WAA/SPS,fbc,1,4,38.88888888888889,-0.2222222222222222,0.37142857142857144,18
WAA/SPS,fbc,1,5,44.44444444444444,-0.11111111111111116,0.375,18
WAA/SPS,fbc,2,1,43.75,-0.125,0.43529411764705883,16
WAA/SPS,fbc,2,2,43.75,-0.125,0.37662337662337664,16
WAA/SPS,fbc,2,3,56.25,0.125,0.5607843137254902,16
WAA/SPS,fbc,2,4,56.25,0.125,0.5465587044534412,16
WAA/SPS,fbc,2,5,37.5,-0.25,0.2727272727272727,16
WAA/SPS,fbc,3,1,68.75,0.375,0.6761133603238867,16
WAA/SPS,fbc,3,2,75.0,0.5,0.746031746031746,16
WAA/SPS,fbc,3,3,68.75,0.375,0.6536796536796536,16
WAA/SPS,fbc,3,4,68.75,0.375,0.6862745098039216,16
WAA/SPS,fbc,3,5,75.0,0.5,0.75,16
WAA/SPS,fbc,4,1,87.5,0.75,0.875,16
WAA/SPS,fbc,4,2,75.0,0.5,0.746031746031746,16
WAA/SPS,fbc,4,3,87.5,0.75,0.873015873015873,16
WAA/SPS,fbc,4,4,87.5,0.75,0.875,16
WAA/SPS,fbc,4,5,68.75,0.375,0.6761133603238867,16
WAA/SPS,fbc,5,1,68.75,0.375,0.6761133603238867,16
WAA/SPS,fbc,5,2,75.0,0.5,0.7333333333333334,16
WAA/SPS,fbc,5,3,68.75,0.375,0.6862745098039216,16
WAA/SPS,fbc,5,4,75.0,0.5,0.75,16
WAA/SPS,fbc,5,5,62.5,0.25,0.625,16
WAA/SPS,fbc,6,1,68.75,0.375,0.6862745098039216,16
WAA/SPS,fbc,6,2,50.0,0.0,0.5,16
WAA/SPS,fbc,6,3,81.25,0.625,0.8117647058823529,16
WAA/SPS,fbc,6,4,31.25,-0.375,0.30980392156862746,16
WAA/SPS,fbc,6,5,68.75,0.375,0.6761133603238867,16
WAA/SPS,fbc,7,1,43.75,-0.125,0.43529411764705883,16
WAA/SPS,fbc,7,2,62.5,0.25,0.6190476190476191,16
WAA/SPS,fbc,7,3,62.5,0.25,0.5636363636363637,16
WAA/SPS,fbc,7,4,37.5,-0.25,0.36507936507936506,16
WAA/SPS,fbc,7,5,37.5,-0.25,0.3333333333333333,16
WAA/SPS,fbc,8,1,56.25,0.125,0.5465587044534412,16
WAA/SPS,fbc,8,2,62.5,0.25,0.6190476190476191,16
WAA/SPS,fbc,8,3,43.75,-0.125,0.43529411764705883,16
WAA/SPS,fbc,8,4,43.75,-0.125,0.43529411764705883,16
WAA/SPS,fbc,8,5,50.0,0.0,0.4920634920634921,16
WAA/SPS,fbc,9,1,68.75,0.375,0.6862745098039216,16
WAA/SPS,fbc,9,2,68.75,0.375,0.6761133603238867,16
WAA/SPS,fbc,9,3,43.75,-0.125,0.43529411764705883,16
WAA/SPS,fbc,9,4,43.75,-0.125,0.43529411764705883,16
WAA/SPS,fbc,9,5,62.5,0.25,0.6,16
WAA/SPS,fbc,10,1,68.75,0.375,0.6862745098039216,16
WAA/SPS,fbc,10,2,62.5,0.25,0.6190476190476191,16
WAA/SPS,fbc,10,3,68.75,0.375,0.6761133603238867,16
WAA/SPS,fbc,10,4,68.75,0.375,0.6536796536796536,16
WAA/SPS,fbc,10,5,68.75,0.375,0.6536796536796536,16
WAA/SPS,fbc,11,1,50.0,0.0,0.4666666666666667,16
WAA/SPS,fbc,11,2,43.75,-0.125,0.41700404858299595,16
WAA/SPS,fbc,11,3,50.0,0.0,0.4666666666666667,16
WAA/SPS,fbc,11,4,43.75,-0.125,0.41700404858299595,16
WAA/SPS,fbc,11,5,68.75,0.375,0.6862745098039216,16
WAA/SPS,fbc,12,1,75.0,0.5,0.75,16
WAA/SPS,fbc,12,2,75.0,0.5,0.75,16
WAA/SPS,fbc,12,3,56.25,0.125,0.5465587044534412,16
WAA/SPS,fbc,12,4,75.0,0.5,0.75,16
WAA/SPS,fbc,12,5,50.0,0.0,0.4920634920634921,16
WAA/SPS,fbc,13,1,68.75,0.375,0.6761133603238867,16
WAA/SPS,fbc,13,2,50.0,0.0,0.5,16
WAA/SPS,fbc,13,3,50.0,0.0,0.4920634920634921,16
WAA/SPS,fbc,13,4,43.75,-0.125,0.41700404858299595,16
WAA/SPS,fbc,13,5,62.5,0.25,0.625,16
WAA/SPS,fbc,14,1,62.5,0.25,0.6,16
WAA/SPS,fbc,14,2,56.25,0.125,0.5607843137254902,16
WAA/SPS,fbc,14,3,50.0,0.0,0.4920634920634921,16
WAA/SPS,fbc,14,4,50.0,0.0,0.4920634920634921,16
WAA/SPS,fbc,14,5,62.5,0.25,0.6,16
WAA/SPS,fbc,15,1,56.25,0.125,0.5607843137254902,16
WAA/SPS,fbc,15,2,56.25,0.125,0.5465587044534412,16
WAA/SPS,fbc,15,3,75.0,0.5,0.746031746031746,16
WAA/SPS,fbc,15,4,31.25,-0.375,0.30980392156862746,16
WAA/SPS,fbc,15,5,43.75,-0.125,0.43529411764705883,16
WAA/SPS,fbc,16,1,56.25,0.125,0.5151515151515151,16
WAA/SPS,fbc,16,2,62.5,0.25,0.6190476190476191,16
WAA/SPS,fbc,16,3,50.0,0.0,0.4666666666666667,16
WAA/SPS,fbc,16,4,62.5,0.25,0.5636363636363637,16
WAA/SPS,fbc,16,5,62.5,0.25,0.6190476190476191,16
WAA/SPS,fbc,17,1,68.75,0.375,0.6862745098039216,16
WAA/SPS,fbc,17,2,75.0,0.5,0.746031746031746,16
WAA/SPS,fbc,17,3,62.5,0.25,0.6190476190476191,16
WAA/SPS,fbc,17,4,62.5,0.25,0.6190476190476191,16
WAA/SPS,fbc,17,5,56.25,0.125,0.5607843137254902,16
WAA/SPS,fbc,18,1,62.5,0.25,0.6,16
WAA/SPS,fbc,18,2,68.75,0.375,0.6862745098039216,16
WAA/SPS,fbc,18,3,56.25,0.125,0.5607843137254902,16
WAA/SPS,fbc,18,4,62.5,0.25,0.6190476190476191,16
WAA/SPS,fbc,18,5,75.0,0.5,0.746031746031746,16
WAA/SPS,raw,1,1,66.66666666666666,0.33333333333333326,0.6493506493506493,18
WAA/SPS,raw,1,2,61.111111111111114,0.22222222222222232,0.609907120743034,18
WAA/SPS,raw,1,3,72.22222222222221,0.4444444444444444,0.6989966555183946,18
WAA/SPS,raw,1,4,61.111111111111114,0.22222222222222232,0.6,18
WAA/SPS,raw,1,5,61.111111111111114,0.22222222222222232,0.609907120743034,18
WAA/SPS,raw,2,1,56.25,0.125,0.5607843137254902,16
WAA/SPS,raw,2,2,56.25,0.125,0.5607843137254902,16
WAA/SPS,raw,2,3,56.25,0.125,0.5465587044534412,16
WAA/SPS,raw,2,4,75.0,0.5,0.75,16
WAA/SPS,raw,2,5,50.0,0.0,0.4666666666666667,16
WAA/SPS,raw,3,1,62.5,0.25,0.6190476190476191,16
WAA/SPS,raw,3,2,56.25,0.125,0.5607843137254902,16
WAA/SPS,raw,3,3,56.25,0.125,0.5607843137254902,16
WAA/SPS,raw,3,4,56.25,0.125,0.5607843137254902,16
WAA/SPS,raw,3,5,62.5,0.25,0.6190476190476191,16
WAA/SPS,raw,4,1,87.5,0.75,0.875,16
WAA/SPS,raw,4,2,93.75,0.875,0.9372549019607843,16
WAA/SPS,raw,4,3,75.0,0.5,0.75,16
WAA/SPS,raw,4,4,100.0,1.0,1.0,16
WAA/SPS,raw,4,5,87.5,0.75,0.875,16
WAA/SPS,raw,5,1,56.25,0.125,0.5465587044534412,16
WAA/SPS,raw,5,2,75.0,0.5,0.746031746031746,16
WAA/SPS,raw,5,3,68.75,0.375,0.6761133603238867,16
WAA/SPS,raw,5,4,68.75,0.375,0.6862745098039216,16
WAA/SPS,raw,5,5,50.0,0.0,0.4920634920634921,16
WAA/SPS,raw,6,1,43.75,-0.125,0.41700404858299595,16
WAA/SPS,raw,6,2,56.25,0.125,0.5607843137254902,16
WAA/SPS,raw,6,3,56.25,0.125,0.5607843137254902,16
WAA/SPS,raw,6,4,43.75,-0.125,0.37662337662337664,16
WAA/SPS,raw,6,5,43.75,-0.125,0.43529411764705883,16
WAA/SPS,raw,7,1,62.5,0.25,0.625,16
WAA/SPS,raw,7,2,68.75,0.375,0.6862745098039216,16
WAA/SPS,raw,7,3,62.5,0.25,0.6,16
WAA/SPS,raw,7,4,75.0,0.5,0.746031746031746,16
WAA/SPS,raw,7,5,50.0,0.0,0.4666666666666667,16
WAA/SPS,raw,8,1,68.75,0.375,0.6862745098039216,16
WAA/SPS,raw,8,2,68.75,0.375,0.6862745098039216,16
WAA/SPS,raw,8,3,43.75,-0.125,0.41700404858299595,16
WAA/SPS,raw,8,4,43.75,-0.125,0.43529411764705883,16
WAA/SPS,raw,8,5,68.75,0.375,0.6862745098039216,16
WAA/SPS,raw,9,1,50.0,0.0,0.5,16
WAA/SPS,raw,9,2,68.75,0.375,0.6862745098039216,16
WAA/SPS,raw,9,3,56.25,0.125,0.5465587044534412,16
WAA/SPS,raw,9,4,75.0,0.5,0.75,16
WAA/SPS,raw,9,5,43.75,-0.125,0.41700404858299595,16
WAA/SPS,raw,10,1,43.75,-0.125,0.43529411764705883,16
WAA/SPS,raw,10,2,87.5,0.75,0.875,16
WAA/SPS,raw,10,3,56.25,0.125,0.5465587044534412,16
WAA/SPS,raw,10,4,68.75,0.375,0.6862745098039216,16
WAA/SPS,raw,10,5,87.5,0.75,0.873015873015873,16
WAA/SPS,raw,11,1,43.75,-0.125,0.43529411764705883,16
WAA/SPS,raw,11,2,37.5,-0.25,0.36507936507936506,16
WAA/SPS,raw,11,3,31.25,-0.375,0.23809523809523808,16
WAA/SPS,raw,11,4,68.75,0.375,0.6761133603238867,16
WAA/SPS,raw,11,5,68.75,0.375,0.6862745098039216,16
WAA/SPS,raw,12,1,56.25,0.125,0.5607843137254902,16
WAA/SPS,raw,12,2,68.75,0.375,0.6862745098039216,16
WAA/SPS,raw,12,3,62.5,0.25,0.6,16
WAA/SPS,raw,12,4,75.0,0.5,0.75,16
WAA/SPS,raw,12,5,56.25,0.125,0.5465587044534412,16
WAA/SPS,raw,13,1,68.75,0.375,0.6761133603238867,16
WAA/SPS,raw,13,2,81.25,0.625,0.8117647058823529,16
WAA/SPS,raw,13,3,50.0,0.0,0.5,16
WAA/SPS,raw,13,4,56.25,0.125,0.5607843137254902,16
WAA/SPS,raw,13,5,62.5,0.25,0.6,16
WAA/SPS,raw,14,1,62.5,0.25,0.6190476190476191,16
WAA/SPS,raw,14,2,75.0,0.5,0.7333333333333334,16
WAA/SPS,raw,14,3,50.0,0.0,0.4666666666666667,16
WAA/SPS,raw,14,4,81.25,0.625,0.8117647058823529,16
WAA/SPS,raw,14,5,62.5,0.25,0.6,16
WAA/SPS,raw,15,1,50.0,0.0,0.4666666666666667,16
WAA/SPS,raw,15,2,56.25,0.125,0.5607843137254902,16
WAA/SPS,raw,15,3,43.75,-0.125,0.43529411764705883,16
WAA/SPS,raw,15,4,43.75,-0.125,0.41700404858299595,16
WAA/SPS,raw,15,5,50.0,0.0,0.5,16
WAA/SPS,raw,16,1,68.75,0.375,0.6761133603238867,16
WAA/SPS,raw,16,2,62.5,0.25,0.625,16
WAA/SPS,raw,16,3,56.25,0.125,0.5465587044534412,16
WAA/SPS,raw,16,4,50.0,0.0,0.4666666666666667,16
WAA/SPS,raw,16,5,75.0,0.5,0.746031746031746,16
WAA/SPS,raw,17,1,68.75,0.375,0.6862745098039216,16
WAA/SPS,raw,17,2,62.5,0.25,0.625,16
WAA/SPS,raw,17,3,62.5,0.25,0.6190476190476191,16
WAA/SPS,raw,17,4,43.75,-0.125,0.43529411764705883,16
WAA/SPS,raw,17,5,68.75,0.375,0.6862745098039216,16
WAA/SPS,raw,18,1,50.0,0.0,0.4666666666666667,16
WAA/SPS,raw,18,2,50.0,0.0,0.4920634920634921,16
WAA/SPS,raw,18,3,56.25,0.125,0.5607843137254902,16
WAA/SPS,raw,18,4,81.25,0.625,0.8117647058823529,16
WAA/SPS,raw,18,5,62.5,0.25,0.6,16
WFE/EFE,fbc,1,1,44.44444444444444,-0.11111111111111116,0.4375,18
WFE/EFE,fbc,1,2,50.0,0.0,0.4581939799331104,18
WFE/EFE,fbc,1,3,66.66666666666666,0.33333333333333326,0.6666666666666666,18
WFE/EFE,fbc,1,4,50.0,0.0,0.4857142857142857,18
WFE/EFE,fbc,1,5,50.0,0.0,0.4984520123839009,18
WFE/EFE,fbc,2,1,50.0,0.0,0.5,16
WFE/EFE,fbc,2,2,62.5,0.25,0.6190476190476191,16
WFE/EFE,fbc,2,3,43.75,-0.125,0.37662337662337664,16
WFE/EFE,fbc,2,4,75.0,0.5,0.75,16
WFE/EFE,fbc,2,5,43.75,-0.125,0.43529411764705883,16
WFE/EFE,fbc,3,1,56.25,0.125,0.5465587044534412,16
WFE/EFE,fbc,3,2,50.0,0.0,0.4666666666666667,16
WFE/EFE,fbc,3,3,50.0,0.0,0.4920634920634921,16
WFE/EFE,fbc,3,4,43.75,-0.125,0.43529411764705883,16
WFE/EFE,fbc,3,5,37.5,-0.25,0.36507936507936506,16
WFE/EFE,fbc,4,1,75.0,0.5,0.75,16
WFE/EFE,fbc,4,2,50.0,0.0,0.4181818181818182,16
WFE/EFE,fbc,4,3,62.5,0.25,0.6,16
WFE/EFE,fbc,4,4,56.25,0.125,0.5151515151515151,16
WFE/EFE,fbc,4,5,56.25,0.125,0.5607843137254902,16
WFE/EFE,fbc,5,1,43.75,-0.125,0.37662337662337664,16
WFE/EFE,fbc,5,2,43.75,-0.125,0.41700404858299595,16
WFE/EFE,fbc,5,3,62.5,0.25,0.6190476190476191,16
WFE/EFE,fbc,5,4,43.75,-0.125,0.43529411764705883,16
WFE/EFE,fbc,5,5,56.25,0.125,0.5151515151515151,16
WFE/EFE,fbc,6,1,50.0,0.0,0.4920634920634921,16
WFE/EFE,fbc,6,2,56.25,0.125,0.5607843137254902,16
WFE/EFE,fbc,6,3,68.75,0.375,0.6761133603238867,16
WFE/EFE,fbc,6,4,62.5,0.25,0.625,16
WFE/EFE,fbc,6,5,43.75,-0.125,0.43529411764705883,16
WFE/EFE,fbc,7,1,56.25,0.125,0.5465587044534412,16
WFE/EFE,fbc,7,2,50.0,0.0,0.4666666666666667,16
WFE/EFE,fbc,7,3,62.5,0.25,0.6,16
WFE/EFE,fbc,7,4,50.0,0.0,0.4666666666666667,16
WFE/EFE,fbc,7,5,68.75,0.375,0.6761133603238867,16
WFE/EFE,fbc,8,1,37.5,-0.25,0.375,16
WFE/EFE,fbc,8,2,56.25,0.125,0.5607843137254902,16
WFE/EFE,fbc,8,3,62.5,0.25,0.6190476190476191,16
WFE/EFE,fbc,8,4,31.25,-0.375,0.2874493927125506,16
WFE/EFE,fbc,8,5,68.75,0.375,0.6761133603238867,16
WFE/EFE,fbc,9,1,50.0,0.0,0.4920634920634921,16
WFE/EFE,fbc,9,2,68.75,0.375,0.6862745098039216,16
WFE/EFE,fbc,9,3,75.0,0.5,0.75,16
WFE/EFE,fbc,9,4,56.25,0.125,0.5607843137254902,16
WFE/EFE,fbc,9,5,75.0,0.5,0.7333333333333334,16
WFE/EFE,fbc,10,1,56.25,0.125,0.5607843137254902,16
WFE/EFE,fbc,10,2,68.75,0.375,0.6862745098039216,16
WFE/EFE,fbc,10,3,62.5,0.25,0.6190476190476191,16
WFE/EFE,fbc,10,4,68.75,0.375,0.6761133603238867,16
WFE/EFE,fbc,10,5,50.0,0.0,0.4920634920634921,16
WFE/EFE,fbc,11,1,25.0,-0.5,0.2,16
WFE/EFE,fbc,11,2,56.25,0.125,0.5607843137254902,16
WFE/EFE,fbc,11,3,56.25,0.125,0.5607843137254902,16
WFE/EFE,fbc,11,4,50.0,0.0,0.5,16
WFE/EFE,fbc,11,5,43.75,-0.125,0.37662337662337664,16
WFE/EFE,fbc,12,1,56.25,0.125,0.5607843137254902,16
WFE/EFE,fbc,12,2,50.0,0.0,0.4920634920634921,16
WFE/EFE,fbc,12,3,25.0,-0.5,0.23809523809523808,16
WFE/EFE,fbc,12,4,68.75,0.375,0.6536796536796536,16
WFE/EFE,fbc,12,5,43.75,-0.125,0.43529411764705883,16
WFE/EFE,fbc,13,1,37.5,-0.25,0.36507936507936506,16
WFE/EFE,fbc,13,2,56.25,0.125,0.5151515151515151,16
WFE/EFE,fbc,13,3,25.0,-0.5,0.2,16
WFE/EFE,fbc,13,4,50.0,0.0,0.4181818181818182,16
WFE/EFE,fbc,13,5,31.25,-0.375,0.30980392156862746,16
WFE/EFE,fbc,14,1,50.0,0.0,0.4920634920634921,16
WFE/EFE,fbc,14,2,75.0,0.5,0.7333333333333334,16
WFE/EFE,fbc,14,3,56.25,0.125,0.5607843137254902,16
WFE/EFE,fbc,14,4,56.25,0.125,0.5607843137254902,16
WFE/EFE,fbc,14,5,62.5,0.25,0.625,16
WFE/EFE,fbc,15,1,43.75,-0.125,0.30434782608695654,16
WFE/EFE,fbc,15,2,43.75,-0.125,0.37662337662337664,16
WFE/EFE,fbc,15,3,56.25,0.125,0.5151515151515151,16
WFE/EFE,fbc,15,4,56.25,0.125,0.5151515151515151,16
WFE/EFE,fbc,15,5,50.0,0.0,0.4920634920634921,16
WFE/EFE,fbc,16,1,43.75,-0.125,0.41700404858299595,16
WFE/EFE,fbc,16,2,50.0,0.0,0.4920634920634921,16
WFE/EFE,fbc,16,3,75.0,0.5,0.746031746031746,16
WFE/EFE,fbc,16,4,62.5,0.25,0.5636363636363637,16
WFE/EFE,fbc,16,5,50.0,0.0,0.4666666666666667,16
WFE/EFE,fbc,17,1,43.75,-0.125,0.41700404858299595,16
WFE/EFE,fbc,17,2,56.25,0.125,0.5151515151515151,16
WFE/EFE,fbc,17,3,50.0,0.0,0.4920634920634921,16
WFE/EFE,fbc,17,4,37.5,-0.25,0.375,16
WFE/EFE,fbc,17,5,62.5,0.25,0.6,16
WFE/EFE,fbc,18,1,37.5,-0.25,0.375,16
WFE/EFE,fbc,18,2,50.0,0.0,0.5,16
WFE/EFE,fbc,18,3,43.75,-0.125,0.37662337662337664,16
WFE/EFE,fbc,18,4,50.0,0.0,0.4666666666666667,16
WFE/EFE,fbc,18,5,43.75,-0.125,0.43529411764705883,16
WFE/EFE,raw,1,1,72.22222222222221,0.4444444444444444,0.7142857142857142,18
WFE/EFE,raw,1,2,22.22222222222222,-0.5555555555555556,0.2222222222222222,18
WFE/EFE,raw,1,3,66.66666666666666,0.33333333333333326,0.6666666666666666,18
WFE/EFE,raw,1,4,50.0,0.0,0.4581939799331104,18
WFE/EFE,raw,1,5,50.0,0.0,0.4857142857142857,18
WFE/EFE,raw,2,1,68.75,0.375,0.6862745098039216,16
WFE/EFE,raw,2,2,37.5,-0.25,0.36507936507936506,16
WFE/EFE,raw,2,3,62.5,0.25,0.6190476190476191,16
WFE/EFE,raw,2,4,43.75,-0.125,0.41700404858299595,16
WFE/EFE,raw,2,5,62.5,0.25,0.6190476190476191,16
WFE/EFE,raw,3,1,62.5,0.25,0.6190476190476191,16
WFE/EFE,raw,3,2,75.0,0.5,0.746031746031746,16
WFE/EFE,raw,3,3,56.25,0.125,0.5607843137254902,16
WFE/EFE,raw,3,4,68.75,0.375,0.6536796536796536,16
WFE/EFE,raw,3,5,43.75,-0.125,0.43529411764705883,16
WFE/EFE,raw,4,1,56.25,0.125,0.5465587044534412,16
WFE/EFE,raw,4,2,50.0,0.0,0.4920634920634921,16
WFE/EFE,raw,4,3,56.25,0.125,0.5465587044534412,16
WFE/EFE,raw,4,4,87.5,0.75,0.873015873015873,16
WFE/EFE,raw,4,5,43.75,-0.125,0.41700404858299595,16
WFE/EFE,raw,5,1,62.5,0.25,0.6,16
WFE/EFE,raw,5,2,68.75,0.375,0.6862745098039216,16
WFE/EFE,raw,5,3,31.25,-0.375,0.23809523809523808,16
WFE/EFE,raw,5,4,50.0,0.0,0.4666666666666667,16
WFE/EFE,raw,5,5,37.5,-0.25,0.3333333333333333,16
WFE/EFE,raw,6,1,43.75,-0.125,0.43529411764705883,16
WFE/EFE,raw,6,2,56.25,0.125,0.5151515151515151,16
WFE/EFE,raw,6,3,68.75,0.375,0.6862745098039216,16
WFE/EFE,raw,6,4,68.75,0.375,0.6862745098039216,16
WFE/EFE,raw,6,5,56.25,0.125,0.5607843137254902,16
WFE/EFE,raw,7,1,87.5,0.75,0.875,16
WFE/EFE,raw,7,2,43.75,-0.125,0.43529411764705883,16
WFE/EFE,raw,7,3,81.25,0.625,0.8117647058823529,16
WFE/EFE,raw,7,4,62.5,0.25,0.6190476190476191,16
WFE/EFE,raw,7,5,56.25,0.125,0.5607843137254902,16
WFE/EFE,raw,8,1,37.5,-0.25,0.36507936507936506,16
WFE/EFE,raw,8,2,62.5,0.25,0.6190476190476191,16
WFE/EFE,raw,8,3,50.0,0.0,0.5,16
WFE/EFE,raw,8,4,43.75,-0.125,0.43529411764705883,16
WFE/EFE,raw,8,5,68.75,0.375,0.6761133603238867,16
WFE/EFE,raw,9,1,50.0,0.0,0.4920634920634921,16
WFE/EFE,raw,9,2,56.25,0.125,0.5607843137254902,16
WFE/EFE,raw,9,3,62.5,0.25,0.625,16
WFE/EFE,raw,9,4,43.75,-0.125,0.43529411764705883,16
WFE/EFE,raw,9,5,75.0,0.5,0.75,16
WFE/EFE,raw,10,1,68.75,0.375,0.6862745098039216,16
WFE/EFE,raw,10,2,75.0,0.5,0.746031746031746,16
WFE/EFE,raw,10,3,62.5,0.25,0.6190476190476191,16
WFE/EFE,raw,10,4,68.75,0.375,0.6761133603238867,16
WFE/EFE,raw,10,5,68.75,0.375,0.6761133603238867,16
WFE/EFE,raw,11,1,68.75,0.375,0.6862745098039216,16
WFE/EFE,raw,11,2,50.0,0.0,0.4920634920634921,16
WFE/EFE,raw,11,3,50.0,0.0,0.5,16
WFE/EFE,raw,11,4,43.75,-0.125,0.43529411764705883,16
WFE/EFE,raw,11,5,56.25,0.125,0.5607843137254902,16
WFE/EFE,raw,12,1,56.25,0.125,0.5151515151515151,16
WFE/EFE,raw,12,2,37.5,-0.25,0.375,16
WFE/EFE,raw,12,3,31.25,-0.375,0.2874493927125506,16
WFE/EFE,raw,12,4,75.0,0.5,0.7333333333333334,16
WFE/EFE,raw,12,5,62.5,0.25,0.625,16
WFE/EFE,raw,13,1,56.25,0.125,0.5607843137254902,16
WFE/EFE,raw,13,2,50.0,0.0,0.4181818181818182,16
WFE/EFE,raw,13,3,25.0,-0.5,0.23809523809523808,16
WFE/EFE,raw,13,4,56.25,0.125,0.5607843137254902,16
WFE/EFE,raw,13,5,37.5,-0.25,0.3333333333333333,16
WFE/EFE,raw,14,1,43.75,-0.125,0.37662337662337664,16
WFE/EFE,raw,14,2,68.75,0.375,0.6761133603238867,16
WFE/EFE,raw,14,3,75.0,0.5,0.746031746031746,16
WFE/EFE,raw,14,4,56.25,0.125,0.5607843137254902,16
WFE/EFE,raw,14,5,50.0,0.0,0.5,16
WFE/EFE,raw,15,1,56.25,0.125,0.5465587044534412,16
WFE/EFE,raw,15,2,56.25,0.125,0.5465587044534412,16
WFE/EFE,raw,15,3,37.5,-0.25,0.3333333333333333,16
WFE/EFE,raw,15,4,50.0,0.0,0.4666666666666667,16
WFE/EFE,raw,15,5,37.5,-0.25,0.36507936507936506,16
WFE/EFE,raw,16,1,75.0,0.5,0.746031746031746,16
WFE/EFE,raw,16,2,56.25,0.125,0.5607843137254902,16
WFE/EFE,raw,16,3,62.5,0.25,0.6,16
WFE/EFE,raw,16,4,62.5,0.25,0.6,16
WFE/EFE,raw,16,5,75.0,0.5,0.746031746031746,16
WFE/EFE,raw,17,1,56.25,0.125,0.5607843137254902,16
WFE/EFE,raw,17,2,56.25,0.125,0.5607843137254902,16
WFE/EFE,raw,17,3,37.5,-0.25,0.375,16
WFE/EFE,raw,17,4,43.75,-0.125,0.43529411764705883,16
WFE/EFE,raw,17,5,18.75,-0.625,0.1843137254901961,16
WFE/EFE,raw,18,1,50.0,0.0,0.4920634920634921,16
WFE/EFE,raw,18,2,31.25,-0.375,0.2874493927125506,16
WFE/EFE,raw,18,3,68.75,0.375,0.6536796536796536,16
WFE/EFE,raw,18,4,50.0,0.0,0.4666666666666667,16
WFE/EFE,raw,18,5,56.25,0.125,0.5465587044534412,16
WFE/EPS,fbc,1,1,66.66666666666666,0.33333333333333326,0.6625,18
WFE/EPS,fbc,1,2,44.44444444444444,-0.11111111111111116,0.375,18
WFE/EPS,fbc,1,3,61.111111111111114,0.22222222222222232,0.6,18
WFE/EPS,fbc,1,4,38.88888888888889,-0.2222222222222222,0.38699690402476783,18
WFE/EPS,fbc,1,5,50.0,0.0,0.4984520123839009,18
WFE/EPS,fbc,2,1,31.25,-0.375,0.30980392156862746,16
WFE/EPS,fbc,2,2,31.25,-0.375,0.2874493927125506,16
WFE/EPS,fbc,2,3,50.0,0.0,0.4920634920634921,16
WFE/EPS,fbc,2,4,50.0,0.0,0.4666666666666667,16
WFE/EPS,fbc,2,5,50.0,0.0,0.5,16
WFE/EPS,fbc,3,1,50.0,0.0,0.4666666666666667,16
WFE/EPS,fbc,3,2,50.0,0.0,0.4181818181818182,16
WFE/EPS,fbc,3,3,68.75,0.375,0.6862745098039216,16
WFE/EPS,fbc,3,4,56.25,0.125,0.5151515151515151,16
WFE/EPS,fbc,3,5,43.75,-0.125,0.41700404858299595,16
WFE/EPS,fbc,4,1,31.25,-0.375,0.2874493927125506,16
WFE/EPS,fbc,4,2,56.25,0.125,0.5151515151515151,16
WFE/EPS,fbc,4,3,56.25,0.125,0.5151515151515151,16
WFE/EPS,fbc,4,4,50.0,0.0,0.4666666666666667,16
WFE/EPS,fbc,4,5,68.75,0.375,0.6862745098039216,16
WFE/EPS,fbc,5,1,62.5,0.25,0.6190476190476191,16
WFE/EPS,fbc,5,2,75.0,0.5,0.746031746031746,16
WFE/EPS,fbc,5,3,56.25,0.125,0.5607843137254902,16
WFE/EPS,fbc,5,4,62.5,0.25,0.6190476190476191,16
WFE/EPS,fbc,5,5,43.75,-0.125,0.41700404858299595,16
WFE/EPS,fbc,6,1,50.0,0.0,0.4920634920634921,16
WFE/EPS,fbc,6,2,43.75,-0.125,0.43529411764705883,16
WFE/EPS,fbc,6,3,37.5,-0.25,0.375,16
WFE/EPS,fbc,6,4,68.75,0.375,0.6862745098039216,16
WFE/EPS,fbc,6,5,68.75,0.375,0.6862745098039216,16
WFE/EPS,fbc,7,1,62.5,0.25,0.6190476190476191,16
WFE/EPS,fbc,7,2,75.0,0.5,0.75,16
WFE/EPS,fbc,7,3,68.75,0.375,0.6862745098039216,16
WFE/EPS,fbc,7,4,56.25,0.125,0.5151515151515151,16
WFE/EPS,fbc,7,5,43.75,-0.125,0.37662337662337664,16
WFE/EPS,fbc,8,1,50.0,0.0,0.4666666666666667,16
WFE/EPS,fbc,8,2,56.25,0.125,0.5151515151515151,16
WFE/EPS,fbc,8,3,56.25,0.125,0.5607843137254902,16
WFE/EPS,fbc,8,4,37.5,-0.25,0.375,16
WFE/EPS,fbc,8,5,56.25,0.125,0.5465587044534412,16
WFE/EPS,fbc,9,1,56.25,0.125,0.5465587044534412,16
WFE/EPS,fbc,9,2,50.0,0.0,0.4666666666666667,16
WFE/EPS,fbc,9,3,56.25,0.125,0.5607843137254902,16
WFE/EPS,fbc,9,4,87.5,0.75,0.873015873015873,16
WFE/EPS,fbc,9,5,43.75,-0.125,0.30434782608695654,16
WFE/EPS,fbc,10,1,50.0,0.0,0.4920634920634921,16
WFE/EPS,fbc,10,2,68.75,0.375,0.6862745098039216,16
WFE/EPS,fbc,10,3,62.5,0.25,0.6190476190476191,16
WFE/EPS,fbc,10,4,43.75,-0.125,0.43529411764705883,16
WFE/EPS,fbc,10,5,37.5,-0.25,0.36507936507936506,16
WFE/EPS,fbc,11,1,50.0,0.0,0.4181818181818182,16
WFE/EPS,fbc,11,2,43.75,-0.125,0.43529411764705883,16
WFE/EPS,fbc,11,3,43.75,-0.125,0.43529411764705883,16
WFE/EPS,fbc,11,4,50.0,0.0,0.4666666666666667,16
WFE/EPS,fbc,11,5,56.25,0.125,0.5465587044534412,16
WFE/EPS,fbc,12,1,37.5,-0.25,0.2727272727272727,16
WFE/EPS,fbc,12,2,50.0,0.0,0.4666666666666667,16
WFE/EPS,fbc,12,3,43.75,-0.125,0.41700404858299595,16
WFE/EPS,fbc,12,4,68.75,0.375,0.6862745098039216,16
WFE/EPS,fbc,12,5,56.25,0.125,0.5607843137254902,16
WFE/EPS,fbc,13,1,68.75,0.375,0.6862745098039216,16
WFE/EPS,fbc,13,2,56.25,0.125,0.45893719806763283,16
WFE/EPS,fbc,13,3,56.25,0.125,0.5607843137254902,16
WFE/EPS,fbc,13,4,43.75,-0.125,0.43529411764705883,16
WFE/EPS,fbc,13,5,56.25,0.125,0.5465587044534412,16
WFE/EPS,fbc,14,1,37.5,-0.25,0.36507936507936506,16
WFE/EPS,fbc,14,2,50.0,0.0,0.4666666666666667,16
WFE/EPS,fbc,14,3,56.25,0.125,0.5607843137254902,16
WFE/EPS,fbc,14,4,56.25,0.125,0.5465587044534412,16
WFE/EPS,fbc,14,5,50.0,0.0,0.4920634920634921,16
WFE/EPS,fbc,15,1,62.5,0.25,0.6,16
WFE/EPS,fbc,15,2,56.25,0.125,0.5151515151515151,16
WFE/EPS,fbc,15,3,50.0,0.0,0.4920634920634921,16
WFE/EPS,fbc,15,4,37.5,-0.25,0.3333333333333333,16
WFE/EPS,fbc,15,5,68.75,0.375,0.6862745098039216,16
WFE/EPS,fbc,16,1,50.0,0.0,0.5,16
WFE/EPS,fbc,16,2,68.75,0.375,0.6862745098039216,16
WFE/EPS,fbc,16,3,62.5,0.25,0.6190476190476191,16
WFE/EPS,fbc,16,4,62.5,0.25,0.6190476190476191,16
WFE/EPS,fbc,16,5,43.75,-0.125,0.37662337662337664,16
WFE/EPS,fbc,17,1,31.25,-0.375,0.30980392156862746,16
WFE/EPS,fbc,17,2,50.0,0.0,0.4181818181818182,16
WFE/EPS,fbc,17,3,50.0,0.0,0.4920634920634921,16
WFE/EPS,fbc,17,4,62.5,0.25,0.6190476190476191,16
WFE/EPS,fbc,17,5,43.75,-0.125,0.41700404858299595,16
WFE/EPS,fbc,18,1,50.0,0.0,0.3333333333333333,16
WFE/EPS,fbc,18,2,62.5,0.25,0.6,16
WFE/EPS,fbc,18,3,50.0,0.0,0.4920634920634921,16
WFE/EPS,fbc,18,4,62.5,0.25,0.6,16
WFE/EPS,fbc,18,5,43.75,-0.125,0.43529411764705883,16
WFE/EPS,raw,1,1,61.111111111111114,0.22222222222222232,0.5785953177257526,18
WFE/EPS,raw,1,2,33.33333333333333,-0.33333333333333337,0.3333333333333333,18
WFE/EPS,raw,1,3,61.111111111111114,0.22222222222222232,0.609907120743034,18
WFE/EPS,raw,1,4,55.55555555555556,0.11111111111111116,0.5324675324675324,18
WFE/EPS,raw,1,5,38.88888888888889,-0.2222222222222222,0.37142857142857144,18
WFE/EPS,raw,2,1,43.75,-0.125,0.43529411764705883,16
WFE/EPS,raw,2,2,31.25,-0.375,0.30980392156862746,16
WFE/EPS,raw,2,3,62.5,0.25,0.625,16
WFE/EPS,raw,2,4,62.5,0.25,0.625,16
WFE/EPS,raw,2,5,68.75,0.375,0.6862745098039216,16
WFE/EPS,raw,3,1,50.0,0.0,0.4920634920634921,16
WFE/EPS,raw,3,2,75.0,0.5,0.746031746031746,16
WFE/EPS,raw,3,3,62.5,0.25,0.6,16
WFE/EPS,raw,3,4,68.75,0.375,0.6761133603238867,16
WFE/EPS,raw,3,5,56.25,0.125,0.5607843137254902,16
WFE/EPS,raw,4,1,50.0,0.0,0.4181818181818182,16
WFE/EPS,raw,4,2,50.0,0.0,0.4666666666666667,16
WFE/EPS,raw,4,3,68.75,0.375,0.6761133603238867,16
WFE/EPS,raw,4,4,62.5,0.25,0.6190476190476191,16
WFE/EPS,raw,4,5,81.25,0.625,0.8117647058823529,16
WFE/EPS,raw,5,1,50.0,0.0,0.4920634920634921,16
WFE/EPS,raw,5,2,56.25,0.125,0.5607843137254902,16
WFE/EPS,raw,5,3,31.25,-0.375,0.2874493927125506,16
WFE/EPS,raw,5,4,43.75,-0.125,0.43529411764705883,16
WFE/EPS,raw,5,5,31.25,-0.375,0.30980392156862746,16
WFE/EPS,raw,6,1,50.0,0.0,0.4920634920634921,16
WFE/EPS,raw,6,2,56.25,0.125,0.5607843137254902,16
WFE/EPS,raw,6,3,50.0,0.0,0.4920634920634921,16
WFE/EPS,raw,6,4,56.25,0.125,0.5465587044534412,16
WFE/EPS,raw,6,5,62.5,0.25,0.625,16
WFE/EPS,raw,7,1,50.0,0.0,0.5,16
WFE/EPS,raw,7,2,62.5,0.25,0.6,16
WFE/EPS,raw,7,3,81.25,0.625,0.8117647058823529,16
WFE/EPS,raw,7,4,62.5,0.25,0.625,16
WFE/EPS,raw,7,5,43.75,-0.125,0.43529411764705883,16
WFE/EPS,raw,8,1,43.75,-0.125,0.41700404858299595,16
WFE/EPS,raw,8,2,50.0,0.0,0.4920634920634921,16
WFE/EPS,raw,8,3,37.5,-0.25,0.36507936507936506,16
WFE/EPS,raw,8,4,56.25,0.125,0.5465587044534412,16
WFE/EPS,raw,8,5,37.5,-0.25,0.36507936507936506,16
WFE/EPS,raw,9,1,62.5,0.25,0.625,16
WFE/EPS,raw,9,2,56.25,0.125,0.5465587044534412,16
WFE/EPS,raw,9,3,50.0,0.0,0.4920634920634921,16
WFE/EPS,raw,9,4,62.5,0.25,0.6,16
WFE/EPS,raw,9,5,37.5,-0.25,0.36507936507936506,16
WFE/EPS,raw,10,1,56.25,0.125,0.5607843137254902,16
WFE/EPS,raw,10,2,62.5,0.25,0.6,16
WFE/EPS,raw,10,3,50.0,0.0,0.4920634920634921,16
WFE/EPS,raw,10,4,68.75,0.375,0.6761133603238867,16
WFE/EPS,raw,10,5,62.5,0.25,0.6190476190476191,16
WFE/EPS,raw,11,1,37.5,-0.25,0.375,16
WFE/EPS,raw,11,2,56.25,0.125,0.5465587044534412,16
WFE/EPS,raw,11,3,43.75,-0.125,0.41700404858299595,16
WFE/EPS,raw,11,4,50.0,0.0,0.4666666666666667,16
WFE/EPS,raw,11,5,31.25,-0.375,0.2874493927125506,16
WFE/EPS,raw,12,1,81.25,0.625,0.8117647058823529,16
WFE/EPS,raw,12,2,50.0,0.0,0.5,16
WFE/EPS,raw,12,3,56.25,0.125,0.5465587044534412,16
WFE/EPS,raw,12,4,62.5,0.25,0.625,16
WFE/EPS,raw,12,5,68.75,0.375,0.6862745098039216,16
WFE/EPS,raw,13,1,50.0,0.0,0.4920634920634921,16
WFE/EPS,raw,13,2,62.5,0.25,0.6190476190476191,16
WFE/EPS,raw,13,3,43.75,-0.125,0.41700404858299595,16
WFE/EPS,raw,13,4,50.0,0.0,0.5,16
WFE/EPS,raw,13,5,43.75,-0.125,0.41700404858299595,16
WFE/EPS,raw,14,1,62.5,0.25,0.6190476190476191,16
WFE/EPS,raw,14,2,37.5,-0.25,0.3333333333333333,16
WFE/EPS,raw,14,3,56.25,0.125,0.5465587044534412,16
WFE/EPS,raw,14,4,43.75,-0.125,0.43529411764705883,16
WFE/EPS,raw,14,5,56.25,0.125,0.5607843137254902,16
WFE/EPS,raw,15,1,50.0,0.0,0.4920634920634921,16
WFE/EPS,raw,15,2,62.5,0.25,0.5636363636363637,16
WFE/EPS,raw,15,3,37.5,-0.25,0.375,16
WFE/EPS,raw,15,4,56.25,0.125,0.45893719806763283,16
WFE/EPS,raw,15,5,43.75,-0.125,0.43529411764705883,16
WFE/EPS,raw,16,1,50.0,0.0,0.4666666666666667,16
WFE/EPS,raw,16,2,68.75,0.375,0.6761133603238867,16
WFE/EPS,raw,16,3,75.0,0.5,0.75,16
WFE/EPS,raw,16,4,68.75,0.375,0.6761133603238867,16
WFE/EPS,raw,16,5,43.75,-0.125,0.37662337662337664,16
WFE/EPS,raw,17,1,31.25,-0.375,0.30980392156862746,16
WFE/EPS,raw,17,2,43.75,-0.125,0.37662337662337664,16
WFE/EPS,raw,17,3,62.5,0.25,0.6190476190476191,16
WFE/EPS,raw,17,4,56.25,0.125,0.5465587044534412,16
WFE/EPS,raw,17,5,31.25,-0.375,0.30980392156862746,16
WFE/EPS,raw,18,1,37.5,-0.25,0.3333333333333333,16
WFE/EPS,raw,18,2,56.25,0.125,0.5607843137254902,16
WFE/EPS,raw,18,3,62.5,0.25,0.6190476190476191,16
WFE/EPS,raw,18,4,62.5,0.25,0.6190476190476191,16
WFE/EPS,raw,18,5,75.0,0.5,0.75,16
WFE/SAA,fbc,1,1,83.33333333333334,0.6666666666666667,0.8328173374613003,18
WFE/SAA,fbc,1,2,55.55555555555556,0.11111111111111116,0.55,18
WFE/SAA,fbc,1,3,55.55555555555556,0.11111111111111116,0.5,18
WFE/SAA,fbc,1,4,72.22222222222221,0.4444444444444444,0.7142857142857142,18
WFE/SAA,fbc,1,5,66.66666666666666,0.33333333333333326,0.6625,18
WFE/SAA,fbc,2,1,43.75,-0.125,0.43529411764705883,16
WFE/SAA,fbc,2,2,50.0,0.0,0.4666666666666667,16
WFE/SAA,fbc,2,3,56.25,0.125,0.5151515151515151,16
WFE/SAA,fbc,2,4,56.25,0.125,0.5607843137254902,16
WFE/SAA,fbc,2,5,31.25,-0.375,0.30980392156862746,16
WFE/SAA,fbc,3,1,87.5,0.75,0.875,16
WFE/SAA,fbc,3,2,75.0,0.5,0.746031746031746,16
WFE/SAA,fbc,3,3,87.5,0.75,0.875,16
WFE/SAA,fbc,3,4,68.75,0.375,0.6761133603238867,16
WFE/SAA,fbc,3,5,87.5,0.75,0.873015873015873,16
WFE/SAA,fbc,4,1,87.5,0.75,0.875,16
WFE/SAA,fbc,4,2,62.5,0.25,0.5636363636363637,16
WFE/SAA,fbc,4,3,75.0,0.5,0.746031746031746,16
WFE/SAA,fbc,4,4,81.25,0.625,0.8117647058823529,16
WFE/SAA,fbc,4,5,68.75,0.375,0.6761133603238867,16
WFE/SAA,fbc,5,1,56.25,0.125,0.5607843137254902,16
WFE/SAA,fbc,5,2,56.25,0.125,0.5465587044534412,16
WFE/SAA,fbc,5,3,50.0,0.0,0.4666666666666667,16
WFE/SAA,fbc,5,4,43.75,-0.125,0.43529411764705883,16
WFE/SAA,fbc,5,5,62.5,0.25,0.6,16
WFE/SAA,fbc,6,1,62.5,0.25,0.625,16
WFE/SAA,fbc,6,2,50.0,0.0,0.4920634920634921,16
WFE/SAA,fbc,6,3,31.25,-0.375,0.30980392156862746,16
WFE/SAA,fbc,6,4,50.0,0.0,0.4920634920634921,16
WFE/SAA,fbc,6,5,68.75,0.375,0.6862745098039216,16
WFE/SAA,fbc,7,1,50.0,0.0,0.5,16
WFE/SAA,fbc,7,2,68.75,0.375,0.6862745098039216,16
WFE/SAA,fbc,7,3,75.0,0.5,0.746031746031746,16
WFE/SAA,fbc,7,4,62.5,0.25,0.5636363636363637,16
WFE/SAA,fbc,7,5,62.5,0.25,0.625,16
WFE/SAA,fbc,8,1,62.5,0.25,0.6,16
WFE/SAA,fbc,8,2,68.75,0.375,0.6862745098039216,16
WFE/SAA,fbc,8,3,56.25,0.125,0.5607843137254902,16
WFE/SAA,fbc,8,4,31.25,-0.375,0.2874493927125506,16
WFE/SAA,fbc,8,5,56.25,0.125,0.5607843137254902,16
WFE/SAA,fbc,9,1,43.75,-0.125,0.37662337662337664,16
WFE/SAA,fbc,9,2,50.0,0.0,0.4920634920634921,16
WFE/SAA,fbc,9,3,62.5,0.25,0.625,16
WFE/SAA,fbc,9,4,56.25,0.125,0.5465587044534412,16
WFE/SAA,fbc,9,5,43.75,-0.125,0.43529411764705883,16
WFE/SAA,fbc,10,1,56.25,0.125,0.5607843137254902,16
WFE/SAA,fbc,10,2,75.0,0.5,0.7333333333333334,16
WFE/SAA,fbc,10,3,62.5,0.25,0.6190476190476191,16
WFE/SAA,fbc,10,4,50.0,0.0,0.4920634920634921,16
WFE/SAA,fbc,10,5,56.25,0.125,0.5607843137254902,16
WFE/SAA,fbc,11,1,43.75,-0.125,0.37662337662337664,16
WFE/SAA,fbc,11,2,50.0,0.0,0.4920634920634921,16
WFE/SAA,fbc,11,3,62.5,0.25,0.625,16
WFE/SAA,fbc,11,4,75.0,0.5,0.75,16
WFE/SAA,fbc,11,5,56.25,0.125,0.5465587044534412,16
WFE/SAA,fbc,12,1,50.0,0.0,0.4666666666666667,16
WFE/SAA,fbc,12,2,50.0,0.0,0.4920634920634921,16
WFE/SAA,fbc,12,3,50.0,0.0,0.4666666666666667,16
WFE/SAA,fbc,12,4,93.75,0.875,0.9372549019607843,16
WFE/SAA,fbc,12,5,75.0,0.5,0.75,16
WFE/SAA,fbc,13,1,37.5,-0.25,0.3333333333333333,16
WFE/SAA,fbc,13,2,68.75,0.375,0.6862745098039216,16
WFE/SAA,fbc,13,3,43.75,-0.125,0.41700404858299595,16
WFE/SAA,fbc,13,4,62.5,0.25,0.6190476190476191,16
WFE/SAA,fbc,13,5,43.75,-0.125,0.43529411764705883,16
WFE/SAA,fbc,14,1,50.0,0.0,0.5,16
WFE/SAA,fbc,14,2,50.0,0.0,0.5,16
WFE/SAA,fbc,14,3,68.75,0.375,0.6862745098039216,16
WFE/SAA,fbc,14,4,31.25,-0.375,0.30980392156862746,16
WFE/SAA,fbc,14,5,43.75,-0.125,0.41700404858299595,16
WFE/SAA,fbc,15,1,50.0,0.0,0.4920634920634921,16
WFE/SAA,fbc,15,2,31.25,-0.375,0.30980392156862746,16
WFE/SAA,fbc,15,3,68.75,0.375,0.6536796536796536,16
WFE/SAA,fbc,15,4,37.5,-0.25,0.36507936507936506,16
WFE/SAA,fbc,15,5,75.0,0.5,0.746031746031746,16
WFE/SAA,fbc,16,1,43.75,-0.125,0.37662337662337664,16
WFE/SAA,fbc,16,2,50.0,0.0,0.5,16
WFE/SAA,fbc,16,3,56.25,0.125,0.5465587044534412,16
WFE/SAA,fbc,16,4,75.0,0.5,0.7333333333333334,16
WFE/SAA,fbc,16,5,43.75,-0.125,0.41700404858299595,16
WFE/SAA,fbc,17,1,56.25,0.125,0.5465587044534412,16
WFE/SAA,fbc,17,2,56.25,0.125,0.5151515151515151,16
WFE/SAA,fbc,17,3,50.0,0.0,0.4920634920634921,16
WFE/SAA,fbc,17,4,37.5,-0.25,0.36507936507936506,16
WFE/SAA,fbc,17,5,62.5,0.25,0.625,16
WFE/SAA,fbc,18,1,68.75,0.375,0.6862745098039216,16
WFE/SAA,fbc,18,2,62.5,0.25,0.6190476190476191,16
WFE/SAA,fbc,18,3,75.0,0.5,0.746031746031746,16
WFE/SAA,fbc,18,4,75.0,0.5,0.746031746031746,16
WFE/SAA,fbc,18,5,50.0,0.0,0.4181818181818182,16
WFE/SAA,raw,1,1,77.77777777777779,0.5555555555555556,0.775,18
WFE/SAA,raw,1,2,61.111111111111114,0.22222222222222232,0.6,18
WFE/SAA,raw,1,3,61.111111111111114,0.22222222222222232,0.6,18
WFE/SAA,raw,1,4,66.66666666666666,0.33333333333333326,0.6625,18
WFE/SAA,raw,1,5,55.55555555555556,0.11111111111111116,0.5555555555555556,18
WFE/SAA,raw,2,1,50.0,0.0,0.4666666666666667,16
WFE/SAA,raw,2,2,50.0,0.0,0.5,16
WFE/SAA,raw,2,3,56.25,0.125,0.5607843137254902,16
WFE/SAA,raw,2,4,43.75,-0.125,0.43529411764705883,16
WFE/SAA,raw,2,5,50.0,0.0,0.4666666666666667,16
WFE/SAA,raw,3,1,81.25,0.625,0.8117647058823529,16
WFE/SAA,raw,3,2,62.5,0.25,0.5636363636363637,16
WFE/SAA,raw,3,3,75.0,0.5,0.75,16
WFE/SAA,raw,3,4,93.75,0.875,0.9372549019607843,16
WFE/SAA,raw,3,5,75.0,0.5,0.746031746031746,16
WFE/SAA,raw,4,1,93.75,0.875,0.9372549019607843,16
WFE/SAA,raw,4,2,75.0,0.5,0.746031746031746,16
WFE/SAA,raw,4,3,87.5,0.75,0.875,16
WFE/SAA,raw,4,4,87.5,0.75,0.873015873015873,16
WFE/SAA,raw,4,5,68.75,0.375,0.6761133603238867,16
WFE/SAA,raw,5,1,56.25,0.125,0.5607843137254902,16
WFE/SAA,raw,5,2,56.25,0.125,0.5465587044534412,16
WFE/SAA,raw,5,3,50.0,0.0,0.4666666666666667,16
WFE/SAA,raw,5,4,43.75,-0.125,0.37662337662337664,16
WFE/SAA,raw,5,5,25.0,-0.5,0.23809523809523808,16
WFE/SAA,raw,6,1,87.5,0.75,0.873015873015873,16
WFE/SAA,raw,6,2,56.25,0.125,0.5151515151515151,16
WFE/SAA,raw,6,3,87.5,0.75,0.875,16
WFE/SAA,raw,6,4,50.0,0.0,0.4666666666666667,16
WFE/SAA,raw,6,5,50.0,0.0,0.5,16
WFE/SAA,raw,7,1,43.75,-0.125,0.43529411764705883,16
WFE/SAA,raw,7,2,68.75,0.375,0.6761133603238867,16
WFE/SAA,raw,7,3,62.5,0.25,0.6,16
WFE/SAA,raw,7,4,62.5,0.25,0.6,16
WFE/SAA,raw,7,5,62.5,0.25,0.625,16
WFE/SAA,raw,8,1,62.5,0.25,0.6190476190476191,16
WFE/SAA,raw,8,2,56.25,0.125,0.5607843137254902,16
WFE/SAA,raw,8,3,62.5,0.25,0.6,16
WFE/SAA,raw,8,4,43.75,-0.125,0.43529411764705883,16
WFE/SAA,raw,8,5,37.5,-0.25,0.36507936507936506,16
WFE/SAA,raw,9,1,62.5,0.25,0.6190476190476191,16
WFE/SAA,raw,9,2,50.0,0.0,0.4920634920634921,16
WFE/SAA,raw,9,3,50.0,0.0,0.5,16
WFE/SAA,raw,9,4,56.25,0.125,0.5465587044534412,16
WFE/SAA,raw,9,5,56.25,0.125,0.5607843137254902,16
WFE/SAA,raw,10,1,56.25,0.125,0.5465587044534412,16
WFE/SAA,raw,10,2,62.5,0.25,0.5636363636363637,16
WFE/SAA,raw,10,3,62.5,0.25,0.625,16
WFE/SAA,raw,10,4,50.0,0.0,0.5,16
WFE/SAA,raw,10,5,62.5,0.25,0.6,16
WFE/SAA,raw,11,1,68.75,0.375,0.6761133603238867,16
WFE/SAA,raw,11,2,68.75,0.375,0.6862745098039216,16
WFE/SAA,raw,11,3,50.0,0.0,0.5,16
WFE/SAA,raw,11,4,56.25,0.125,0.5607843137254902,16
WFE/SAA,raw,11,5,62.5,0.25,0.625,16
WFE/SAA,raw,12,1,81.25,0.625,0.8056680161943319,16
WFE/SAA,raw,12,2,62.5,0.25,0.6190476190476191,16
WFE/SAA,raw,12,3,43.75,-0.125,0.43529411764705883,16
WFE/SAA,raw,12,4,81.25,0.625,0.8117647058823529,16
WFE/SAA,raw,12,5,81.25,0.625,0.8117647058823529,16
WFE/SAA,raw,13,1,56.25,0.125,0.5607843137254902,16
WFE/SAA,raw,13,2,62.5,0.25,0.6190476190476191,16
WFE/SAA,raw,13,3,37.5,-0.25,0.375,16
WFE/SAA,raw,13,4,37.5,-0.25,0.375,16
WFE/SAA,raw,13,5,56.25,0.125,0.5607843137254902,16
WFE/SAA,raw,14,1,43.75,-0.125,0.37662337662337664,16
WFE/SAA,raw,14,2,50.0,0.0,0.5,16
WFE/SAA,raw,14,3,50.0,0.0,0.5,16
WFE/SAA,raw,14,4,75.0,0.5,0.746031746031746,16
WFE/SAA,raw,14,5,50.0,0.0,0.5,16
WFE/SAA,raw,15,1,50.0,0.0,0.4920634920634921,16
WFE/SAA,raw,15,2,56.25,0.125,0.5607843137254902,16
WFE/SAA,raw,15,3,43.75,-0.125,0.41700404858299595,16
WFE/SAA,raw,15,4,43.75,-0.125,0.43529411764705883,16
WFE/SAA,raw,15,5,50.0,0.0,0.5,16
WFE/SAA,raw,16,1,43.75,-0.125,0.43529411764705883,16
WFE/SAA,raw,16,2,62.5,0.25,0.6190476190476191,16
WFE/SAA,raw,16,3,68.75,0.375,0.6761133603238867,16
WFE/SAA,raw,16,4,62.5,0.25,0.6190476190476191,16
WFE/SAA,raw,16,5,62.5,0.25,0.625,16
WFE/SAA,raw,17,1,50.0,0.0,0.3333333333333333,16
WFE/SAA,raw,17,2,56.25,0.125,0.5465587044534412,16
WFE/SAA,raw,17,3,62.5,0.25,0.6190476190476191,16
WFE/SAA,raw,17,4,37.5,-0.25,0.375,16
WFE/SAA,raw,17,5,56.25,0.125,0.5607843137254902,16
WFE/SAA,raw,18,1,93.75,0.875,0.9372549019607843,16
WFE/SAA,raw,18,2,81.25,0.625,0.8117647058823529,16
WFE/SAA,raw,18,3,87.5,0.75,0.873015873015873,16
WFE/SAA,raw,18,4,75.0,0.5,0.7333333333333334,16
WFE/SAA,raw,18,5,62.5,0.25,0.6190476190476191,16
WFE/SFE,fbc,1,1,55.55555555555556,0.11111111111111116,0.5324675324675324,18
WFE/SFE,fbc,1,2,38.88888888888889,-0.2222222222222222,0.3377926421404682,18
WFE/SFE,fbc,1,3,61.111111111111114,0.22222222222222232,0.5785953177257526,18
WFE/SFE,fbc,1,4,33.33333333333333,-0.33333333333333337,0.3333333333333333,18
WFE/SFE,fbc,1,5,66.66666666666666,0.33333333333333326,0.6625,18
WFE/SFE,fbc,2,1,68.75,0.375,0.6862745098039216,16
WFE/SFE,fbc,2,2,43.75,-0.125,0.37662337662337664,16
WFE/SFE,fbc,2,3,43.75,-0.125,0.37662337662337664,16
WFE/SFE,fbc,2,4,50.0,0.0,0.4666666666666667,16
WFE/SFE,fbc,2,5,50.0,0.0,0.5,16
WFE/SFE,fbc,3,1,75.0,0.5,0.746031746031746,16
WFE/SFE,fbc,3,2,56.25,0.125,0.5465587044534412,16
WFE/SFE,fbc,3,3,75.0,0.5,0.75,16
WFE/SFE,fbc,3,4,75.0,0.5,0.746031746031746,16
WFE/SFE,fbc,3,5,62.5,0.25,0.625,16
WFE/SFE,fbc,4,1,75.0,0.5,0.746031746031746,16
WFE/SFE,fbc,4,2,62.5,0.25,0.6,16
WFE/SFE,fbc,4,3,81.25,0.625,0.8056680161943319,16
WFE/SFE,fbc,4,4,75.0,0.5,0.746031746031746,16
WFE/SFE,fbc,4,5,75.0,0.5,0.7333333333333334,16
WFE/SFE,fbc,5,1,70.58823529411765,0.40559440559440574,0.7017543859649122,17
WFE/SFE,fbc,5,2,43.75,-0.125,0.41700404858299595,16
WFE/SFE,fbc,5,3,68.75,0.375,0.6761133603238867,16
WFE/SFE,fbc,5,4,68.75,0.375,0.6761133603238867,16
WFE/SFE,fbc,5,5,68.75,0.375,0.6536796536796536,16
WFE/SFE,fbc,6,1,75.0,0.5,0.746031746031746,16
WFE/SFE,fbc,6,2,56.25,0.125,0.5465587044534412,16
WFE/SFE,fbc,6,3,56.25,0.125,0.5151515151515151,16
WFE/SFE,fbc,6,4,62.5,0.25,0.6190476190476191,16
WFE/SFE,fbc,6,5,68.75,0.375,0.6862745098039216,16
WFE/SFE,fbc,7,1,62.5,0.25,0.6190476190476191,16
WFE/SFE,fbc,7,2,68.75,0.375,0.6761133603238867,16
WFE/SFE,fbc,7,3,56.25,0.125,0.5151515151515151,16
WFE/SFE,fbc,7,4,56.25,0.125,0.5151515151515151,16
WFE/SFE,fbc,7,5,56.25,0.125,0.5607843137254902,16
WFE/SFE,fbc,8,1,50.0,0.0,0.5,16
WFE/SFE,fbc,8,2,62.5,0.25,0.6,16
WFE/SFE,fbc,8,3,50.0,0.0,0.4920634920634921,16
WFE/SFE,fbc,8,4,50.0,0.0,0.4666666666666667,16
WFE/SFE,fbc,8,5,50.0,0.0,0.4666666666666667,16
WFE/SFE,fbc,9,1,75.0,0.5,0.746031746031746,16
WFE/SFE,fbc,9,2,50.0,0.0,0.5,16
WFE/SFE,fbc,9,3,43.75,-0.125,0.41700404858299595,16
WFE/SFE,fbc,9,4,56.25,0.125,0.5151515151515151,16
WFE/SFE,fbc,9,5,50.0,0.0,0.4181818181818182,16
WFE/SFE,fbc,10,1,68.75,0.375,0.6862745098039216,16
WFE/SFE,fbc,10,2,50.0,0.0,0.5,16
WFE/SFE,fbc,10,3,81.25,0.625,0.8117647058823529,16
WFE/SFE,fbc,10,4,43.75,-0.125,0.43529411764705883,16
WFE/SFE,fbc,10,5,37.5,-0.25,0.375,16
WFE/SFE,fbc,11,1,43.75,-0.125,0.37662337662337664,16
WFE/SFE,fbc,11,2,50.0,0.0,0.4920634920634921,16
WFE/SFE,fbc,11,3,56.25,0.125,0.5607843137254902,16
WFE/SFE,fbc,11,4,68.75,0.375,0.6761133603238867,16
WFE/SFE,fbc,11,5,56.25,0.125,0.5607843137254902,16
WFE/SFE,fbc,12,1,62.5,0.25,0.6190476190476191,16
WFE/SFE,fbc,12,2,56.25,0.125,0.5151515151515151,16
WFE/SFE,fbc,12,3,43.75,-0.125,0.43529411764705883,16
WFE/SFE,fbc,12,4,50.0,0.0,0.5,16
WFE/SFE,fbc,12,5,50.0,0.0,0.5,16
WFE/SFE,fbc,13,1,75.0,0.5,0.746031746031746,16
WFE/SFE,fbc,13,2,75.0,0.5,0.7333333333333334,16
WFE/SFE,fbc,13,3,56.25,0.125,0.5465587044534412,16
WFE/SFE,fbc,13,4,43.75,-0.125,0.43529411764705883,16
WFE/SFE,fbc,13,5,68.75,0.375,0.6862745098039216,16
WFE/SFE,fbc,14,1,43.75,-0.125,0.41700404858299595,16
WFE/SFE,fbc,14,2,43.75,-0.125,0.41700404858299595,16
WFE/SFE,fbc,14,3,62.5,0.25,0.6190476190476191,16
WFE/SFE,fbc,14,4,37.5,-0.25,0.375,16
WFE/SFE,fbc,14,5,56.25,0.125,0.5465587044534412,16
WFE/SFE,fbc,15,1,56.25,0.125,0.5151515151515151,16
WFE/SFE,fbc,15,2,56.25,0.125,0.5465587044534412,16
WFE/SFE,fbc,15,3,56.25,0.125,0.5465587044534412,16
WFE/SFE,fbc,15,4,43.75,-0.125,0.30434782608695654,16
WFE/SFE,fbc,15,5,43.75,-0.125,0.43529411764705883,16
WFE/SFE,fbc,16,1,37.5,-0.25,0.375,16
WFE/SFE,fbc,16,2,50.0,0.0,0.4920634920634921,16
WFE/SFE,fbc,16,3,75.0,0.5,0.75,16
WFE/SFE,fbc,16,4,50.0,0.0,0.3333333333333333,16
WFE/SFE,fbc,16,5,62.5,0.25,0.6190476190476191,16
WFE/SFE,fbc,17,1,43.75,-0.125,0.41700404858299595,16
WFE/SFE,fbc,17,2,37.5,-0.25,0.3333333333333333,16
WFE/SFE,fbc,17,3,62.5,0.25,0.6190476190476191,16
WFE/SFE,fbc,17,4,56.25,0.125,0.5151515151515151,16
WFE/SFE,fbc,17,5,43.75,-0.125,0.43529411764705883,16
WFE/SFE,fbc,18,1,68.75,0.375,0.6862745098039216,16
WFE/SFE,fbc,18,2,75.0,0.5,0.75,16
WFE/SFE,fbc,18,3,87.5,0.75,0.875,16
WFE/SFE,fbc,18,4,81.25,0.625,0.8056680161943319,16
WFE/SFE,fbc,18,5,62.5,0.25,0.625,16
WFE/SFE,raw,1,1,50.0,0.0,0.4109090909090909,18
WFE/SFE,raw,1,2,55.55555555555556,0.11111111111111116,0.55,18
WFE/SFE,raw,1,3,77.77777777777779,0.5555555555555556,0.7662337662337663,18
WFE/SFE,raw,1,4,55.55555555555556,0.11111111111111116,0.55,18
WFE/SFE,raw,1,5,55.55555555555556,0.11111111111111116,0.5555555555555556,18
WFE/SFE,raw,2,1,68.75,0.375,0.6862745098039216,16
WFE/SFE,raw,2,2,50.0,0.0,0.4920634920634921,16
WFE/SFE,raw,2,3,68.75,0.375,0.6761133603238867,16
WFE/SFE,raw,2,4,50.0,0.0,0.4920634920634921,16
WFE/SFE,raw,2,5,56.25,0.125,0.5607843137254902,16
WFE/SFE,raw,3,1,62.5,0.25,0.6190476190476191,16
WFE/SFE,raw,3,2,87.5,0.75,0.873015873015873,16
WFE/SFE,raw,3,3,75.0,0.5,0.746031746031746,16
WFE/SFE,raw,3,4,87.5,0.75,0.873015873015873,16
WFE/SFE,raw,3,5,68.75,0.375,0.6862745098039216,16
WFE/SFE,raw,4,1,87.5,0.75,0.875,16
WFE/SFE,raw,4,2,62.5,0.25,0.6190476190476191,16
WFE/SFE,raw,4,3,75.0,0.5,0.75,16
WFE/SFE,raw,4,4,75.0,0.5,0.746031746031746,16
WFE/SFE,raw,4,5,75.0,0.5,0.746031746031746,16
WFE/SFE,raw,5,1,52.94117647058824,0.05555555555555552,0.5277777777777778,17
WFE/SFE,raw,5,2,62.5,0.25,0.625,16
WFE/SFE,raw,5,3,62.5,0.25,0.625,16
WFE/SFE,raw,5,4,56.25,0.125,0.5465587044534412,16
WFE/SFE,raw,5,5,62.5,0.25,0.6,16
WFE/SFE,raw,6,1,75.0,0.5,0.7333333333333334,16
WFE/SFE,raw,6,2,68.75,0.375,0.6862745098039216,16
WFE/SFE,raw,6,3,68.75,0.375,0.6862745098039216,16
WFE/SFE,raw,6,4,56.25,0.125,0.5607843137254902,16
WFE/SFE,raw,6,5,50.0,0.0,0.4666666666666667,16
WFE/SFE,raw,7,1,62.5,0.25,0.625,16
WFE/SFE,raw,7,2,50.0,0.0,0.5,16
WFE/SFE,raw,7,3,62.5,0.25,0.6190476190476191,16
WFE/SFE,raw,7,4,50.0,0.0,0.4666666666666667,16
WFE/SFE,raw,7,5,37.5,-0.25,0.36507936507936506,16
WFE/SFE,raw,8,1,62.5,0.25,0.6190476190476191,16
WFE/SFE,raw,8,2,68.75,0.375,0.6862745098039216,16
WFE/SFE,raw,8,3,62.5,0.25,0.6190476190476191,16
WFE/SFE,raw,8,4,62.5,0.25,0.6,16
WFE/SFE,raw,8,5,68.75,0.375,0.6761133603238867,16
WFE/SFE,raw,9,1,68.75,0.375,0.6862745098039216,16
WFE/SFE,raw,9,2,50.0,0.0,0.4920634920634921,16
WFE/SFE,raw,9,3,56.25,0.125,0.5151515151515151,16
WFE/SFE,raw,9,4,75.0,0.5,0.75,16
WFE/SFE,raw,9,5,68.75,0.375,0.6761133603238867,16
WFE/SFE,raw,10,1,62.5,0.25,0.6190476190476191,16
WFE/SFE,raw,10,2,50.0,0.0,0.4920634920634921,16
WFE/SFE,raw,10,3,68.75,0.375,0.6862745098039216,16
WFE/SFE,raw,10,4,43.75,-0.125,0.43529411764705883,16
WFE/SFE,raw,10,5,56.25,0.125,0.5607843137254902,16
WFE/SFE,raw,11,1,43.75,-0.125,0.43529411764705883,16
WFE/SFE,raw,11,2,56.25,0.125,0.5465587044534412,16
WFE/SFE,raw,11,3,56.25,0.125,0.5607843137254902,16
WFE/SFE,raw,11,4,50.0,0.0,0.4666666666666667,16
WFE/SFE,raw,11,5,62.5,0.25,0.6190476190476191,16
WFE/SFE,raw,12,1,62.5,0.25,0.625,16
WFE/SFE,raw,12,2,62.5,0.25,0.6190476190476191,16
WFE/SFE,raw,12,3,75.0,0.5,0.75,16
WFE/SFE,raw,12,4,56.25,0.125,0.5465587044534412,16
WFE/SFE,raw,12,5,56.25,0.125,0.5607843137254902,16
WFE/SFE,raw,13,1,68.75,0.375,0.6862745098039216,16
WFE/SFE,raw,13,2,81.25,0.625,0.8056680161943319,16
WFE/SFE,raw,13,3,50.0,0.0,0.4920634920634921,16
WFE/SFE,raw,13,4,50.0,0.0,0.5,16
WFE/SFE,raw,13,5,56.25,0.125,0.5607843137254902,16
WFE/SFE,raw,14,1,43.75,-0.125,0.41700404858299595,16
WFE/SFE,raw,14,2,50.0,0.0,0.4920634920634921,16
WFE/SFE,raw,14,3,56.25,0.125,0.5607843137254902,16
WFE/SFE,raw,14,4,50.0,0.0,0.5,16
WFE/SFE,raw,14,5,68.75,0.375,0.6761133603238867,16
WFE/SFE,raw,15,1,50.0,0.0,0.4666666666666667,16
WFE/SFE,raw,15,2,62.5,0.25,0.625,16
WFE/SFE,raw,15,3,37.5,-0.25,0.36507936507936506,16
WFE/SFE,raw,15,4,37.5,-0.25,0.2727272727272727,16
WFE/SFE,raw,15,5,43.75,-0.125,0.43529411764705883,16
WFE/SFE,raw,16,1,43.75,-0.125,0.41700404858299595,16
WFE/SFE,raw,16,2,56.25,0.125,0.5465587044534412,16
WFE/SFE,raw,16,3,56.25,0.125,0.5607843137254902,16
WFE/SFE,raw,16,4,62.5,0.25,0.5636363636363637,16
WFE/SFE,raw,16,5,62.5,0.25,0.625,16
WFE/SFE,raw,17,1,56.25,0.125,0.5465587044534412,16
WFE/SFE,raw,17,2,37.5,-0.25,0.375,16
WFE/SFE,raw,17,3,75.0,0.5,0.75,16
WFE/SFE,raw,17,4,37.5,-0.25,0.375,16
WFE/SFE,raw,17,5,31.25,-0.375,0.2874493927125506,16
WFE/SFE,raw,18,1,81.25,0.625,0.8117647058823529,16
WFE/SFE,raw,18,2,87.5,0.75,0.873015873015873,16
WFE/SFE,raw,18,3,75.0,0.5,0.746031746031746,16
WFE/SFE,raw,18,4,81.25,0.625,0.8056680161943319,16
WFE/SFE,raw,18,5,68.75,0.375,0.6862745098039216,16
WFE/SPS,fbc,1,1,55.55555555555556,0.11111111111111116,0.55,18
WFE/SPS,fbc,1,2,66.66666666666666,0.33333333333333326,0.6666666666666666,18
WFE/SPS,fbc,1,3,72.22222222222221,0.4444444444444444,0.6989966555183946,18
WFE/SPS,fbc,1,4,55.55555555555556,0.11111111111111116,0.55,18
WFE/SPS,fbc,1,5,44.44444444444444,-0.11111111111111116,0.375,18
WFE/SPS,fbc,2,1,68.75,0.375,0.6761133603238867,16
WFE/SPS,fbc,2,2,43.75,-0.125,0.41700404858299595,16
WFE/SPS,fbc,2,3,43.75,-0.125,0.41700404858299595,16
WFE/SPS,fbc,2,4,56.25,0.125,0.5607843137254902,16
WFE/SPS,fbc,2,5,37.5,-0.25,0.3333333333333333,16
WFE/SPS,fbc,3,1,50.0,0.0,0.5,16
WFE/SPS,fbc,3,2,81.25,0.625,0.8056680161943319,16
WFE/SPS,fbc,3,3,68.75,0.375,0.6862745098039216,16
WFE/SPS,fbc,3,4,68.75,0.375,0.6536796536796536,16
WFE/SPS,fbc,3,5,81.25,0.625,0.8117647058823529,16
WFE/SPS,fbc,4,1,81.25,0.625,0.8117647058823529,16
WFE/SPS,fbc,4,2,56.25,0.125,0.5151515151515151,16
WFE/SPS,fbc,4,3,75.0,0.5,0.746031746031746,16
WFE/SPS,fbc,4,4,81.25,0.625,0.8117647058823529,16
WFE/SPS,fbc,4,5,75.0,0.5,0.75,16
WFE/SPS,fbc,5,1,75.0,0.5,0.7333333333333334,16
WFE/SPS,fbc,5,2,50.0,0.0,0.4181818181818182,16
WFE/SPS,fbc,5,3,56.25,0.125,0.5607843137254902,16
WFE/SPS,fbc,5,4,75.0,0.5,0.746031746031746,16
WFE/SPS,fbc,5,5,56.25,0.125,0.5465587044534412,16
WFE/SPS,fbc,6,1,62.5,0.25,0.6190476190476191,16
WFE/SPS,fbc,6,2,56.25,0.125,0.5607843137254902,16
WFE/SPS,fbc,6,3,56.25,0.125,0.5607843137254902,16
WFE/SPS,fbc,6,4,37.5,-0.25,0.36507936507936506,16
WFE/SPS,fbc,6,5,56.25,0.125,0.5607843137254902,16
WFE/SPS,fbc,7,1,62.5,0.25,0.6190476190476191,16
WFE/SPS,fbc,7,2,81.25,0.625,0.8117647058823529,16
WFE/SPS,fbc,7,3,68.75,0.375,0.6761133603238867,16
WFE/SPS,fbc,7,4,87.5,0.75,0.873015873015873,16
WFE/SPS,fbc,7,5,62.5,0.25,0.6,16
WFE/SPS,fbc,8,1,50.0,0.0,0.4920634920634921,16
WFE/SPS,fbc,8,2,62.5,0.25,0.6190476190476191,16
WFE/SPS,fbc,8,3,50.0,0.0,0.4920634920634921,16
WFE/SPS,fbc,8,4,31.25,-0.375,0.30980392156862746,16
WFE/SPS,fbc,8,5,56.25,0.125,0.5465587044534412,16
WFE/SPS,fbc,9,1,43.75,-0.125,0.43529411764705883,16
WFE/SPS,fbc,9,2,50.0,0.0,0.4920634920634921,16
WFE/SPS,fbc,9,3,62.5,0.25,0.6190476190476191,16
WFE/SPS,fbc,9,4,56.25,0.125,0.5465587044534412,16
WFE/SPS,fbc,9,5,68.75,0.375,0.6536796536796536,16
WFE/SPS,fbc,10,1,62.5,0.25,0.625,16
WFE/SPS,fbc,10,2,50.0,0.0,0.4920634920634921,16
WFE/SPS,fbc,10,3,87.5,0.75,0.875,16
WFE/SPS,fbc,10,4,50.0,0.0,0.5,16
WFE/SPS,fbc,10,5,43.75,-0.125,0.41700404858299595,16
WFE/SPS,fbc,11,1,62.5,0.25,0.6190476190476191,16
WFE/SPS,fbc,11,2,50.0,0.0,0.4920634920634921,16
WFE/SPS,fbc,11,3,68.75,0.375,0.6862745098039216,16
WFE/SPS,fbc,11,4,62.5,0.25,0.6190476190476191,16
WFE/SPS,fbc,11,5,62.5,0.25,0.6190476190476191,16
WFE/SPS,fbc,12,1,62.5,0.25,0.6190476190476191,16
WFE/SPS,fbc,12,2,81.25,0.625,0.8117647058823529,16
WFE/SPS,fbc,12,3,62.5,0.25,0.6190476190476191,16
WFE/SPS,fbc,12,4,81.25,0.625,0.8117647058823529,16
WFE/SPS,fbc,12,5,68.75,0.375,0.6862745098039216,16
WFE/SPS,fbc,13,1,75.0,0.5,0.75,16
WFE/SPS,fbc,13,2,62.5,0.25,0.625,16
WFE/SPS,fbc,13,3,68.75,0.375,0.6862745098039216,16
WFE/SPS,fbc,13,4,62.5,0.25,0.625,16
WFE/SPS,fbc,13,5,62.5,0.25,0.6190476190476191,16
WFE/SPS,fbc,14,1,56.25,0.125,0.5465587044534412,16
WFE/SPS,fbc,14,2,37.5,-0.25,0.375,16
WFE/SPS,fbc,14,3,56.25,0.125,0.5465587044534412,16
WFE/SPS,fbc,14,4,50.0,0.0,0.4666666666666667,16
WFE/SPS,fbc,14,5,62.5,0.25,0.625,16
WFE/SPS,fbc,15,1,43.75,-0.125,0.43529411764705883,16
WFE/SPS,fbc,15,2,50.0,0.0,0.4666666666666667,16
WFE/SPS,fbc,15,3,62.5,0.25,0.6190476190476191,16
WFE/SPS,fbc,15,4,31.25,-0.375,0.30980392156862746,16
WFE/SPS,fbc,15,5,50.0,0.0,0.4920634920634921,16
WFE/SPS,fbc,16,1,56.25,0.125,0.5151515151515151,16
WFE/SPS,fbc,16,2,37.5,-0.25,0.375,16
WFE/SPS,fbc,16,3,37.5,-0.25,0.375,16
WFE/SPS,fbc,16,4,50.0,0.0,0.4920634920634921,16
WFE/SPS,fbc,16,5,50.0,0.0,0.5,16
WFE/SPS,fbc,17,1,75.0,0.5,0.75,16
WFE/SPS,fbc,17,2,62.5,0.25,0.5636363636363637,16
WFE/SPS,fbc,17,3,68.75,0.375,0.6761133603238867,16
WFE/SPS,fbc,17,4,56.25,0.125,0.5465587044534412,16
WFE/SPS,fbc,17,5,43.75,-0.125,0.41700404858299595,16
WFE/SPS,fbc,18,1,68.75,0.375,0.6862745098039216,16
WFE/SPS,fbc,18,2,81.25,0.625,0.8117647058823529,16
WFE/SPS,fbc,18,3,62.5,0.25,0.625,16
WFE/SPS,fbc,18,4,56.25,0.125,0.45893719806763283,16
WFE/SPS,fbc,18,5,62.5,0.25,0.6190476190476191,16
WFE/SPS,raw,1,1,55.55555555555556,0.11111111111111116,0.55,18
WFE/SPS,raw,1,2,61.111111111111114,0.22222222222222232,0.6,18
WFE/SPS,raw,1,3,66.66666666666666,0.33333333333333326,0.6625,18
WFE/SPS,raw,1,4,66.66666666666666,0.33333333333333326,0.6666666666666666,18
WFE/SPS,raw,1,5,66.66666666666666,0.33333333333333326,0.6666666666666666,18
WFE/SPS,raw,2,1,31.25,-0.375,0.23809523809523808,16
WFE/SPS,raw,2,2,50.0,0.0,0.4920634920634921,16
WFE/SPS,raw,2,3,50.0,0.0,0.4920634920634921,16
WFE/SPS,raw,2,4,56.25,0.125,0.5607843137254902,16
WFE/SPS,raw,2,5,43.75,-0.125,0.37662337662337664,16
WFE/SPS,raw,3,1,62.5,0.25,0.625,16
WFE/SPS,raw,3,2,75.0,0.5,0.746031746031746,16
WFE/SPS,raw,3,3,68.75,0.375,0.6862745098039216,16
WFE/SPS,raw,3,4,87.5,0.75,0.873015873015873,16
WFE/SPS,raw,3,5,75.0,0.5,0.746031746031746,16
WFE/SPS,raw,4,1,81.25,0.625,0.8117647058823529,16
WFE/SPS,raw,4,2,56.25,0.125,0.5151515151515151,16
WFE/SPS,raw,4,3,81.25,0.625,0.8117647058823529,16
WFE/SPS,raw,4,4,100.0,1.0,1.0,16
WFE/SPS,raw,4,5,75.0,0.5,0.746031746031746,16
WFE/SPS,raw,5,1,56.25,0.125,0.5465587044534412,16
WFE/SPS,raw,5,2,25.0,-0.5,0.2,16
WFE/SPS,raw,5,3,62.5,0.25,0.6,16
WFE/SPS,raw,5,4,62.5,0.25,0.6,16
WFE/SPS,raw,5,5,62.5,0.25,0.6190476190476191,16
WFE/SPS,raw,6,1,56.25,0.125,0.5607843137254902,16
WFE/SPS,raw,6,2,43.75,-0.125,0.43529411764705883,16
WFE/SPS,raw,6,3,68.75,0.375,0.6761133603238867,16
WFE/SPS,raw,6,4,50.0,0.0,0.4666666666666667,16
WFE/SPS,raw,6,5,56.25,0.125,0.5151515151515151,16
WFE/SPS,raw,7,1,56.25,0.125,0.5607843137254902,16
WFE/SPS,raw,7,2,81.25,0.625,0.8117647058823529,16
WFE/SPS,raw,7,3,68.75,0.375,0.6862745098039216,16
WFE/SPS,raw,7,4,81.25,0.625,0.8117647058823529,16
WFE/SPS,raw,7,5,68.75,0.375,0.6761133603238867,16
WFE/SPS,raw,8,1,50.0,0.0,0.4666666666666667,16
WFE/SPS,raw,8,2,81.25,0.625,0.8117647058823529,16
WFE/SPS,raw,8,3,50.0,0.0,0.4920634920634921,16
WFE/SPS,raw,8,4,50.0,0.0,0.5,16
WFE/SPS,raw,8,5,68.75,0.375,0.6862745098039216,16
WFE/SPS,raw,9,1,50.0,0.0,0.4666666666666667,16
WFE/SPS,raw,9,2,56.25,0.125,0.5151515151515151,16
WFE/SPS,raw,9,3,50.0,0.0,0.4920634920634921,16
WFE/SPS,raw,9,4,50.0,0.0,0.4920634920634921,16
WFE/SPS,raw,9,5,56.25,0.125,0.5465587044534412,16
WFE/SPS,raw,10,1,81.25,0.625,0.8056680161943319,16
WFE/SPS,raw,10,2,50.0,0.0,0.4920634920634921,16
WFE/SPS,raw,10,3,81.25,0.625,0.8117647058823529,16
WFE/SPS,raw,10,4,62.5,0.25,0.625,16
WFE/SPS,raw,10,5,75.0,0.5,0.746031746031746,16
WFE/SPS,raw,11,1,62.5,0.25,0.625,16
WFE/SPS,raw,11,2,56.25,0.125,0.5607843137254902,16
WFE/SPS,raw,11,3,50.0,0.0,0.4920634920634921,16
WFE/SPS,raw,11,4,50.0,0.0,0.5,16
WFE/SPS,raw,11,5,62.5,0.25,0.6190476190476191,16
WFE/SPS,raw,12,1,56.25,0.125,0.5465587044534412,16
WFE/SPS,raw,12,2,81.25,0.625,0.8056680161943319,16
WFE/SPS,raw,12,3,62.5,0.25,0.6190476190476191,16
WFE/SPS,raw,12,4,81.25,0.625,0.8117647058823529,16
WFE/SPS,raw,12,5,68.75,0.375,0.6862745098039216,16
WFE/SPS,raw,13,1,68.75,0.375,0.6862745098039216,16
WFE/SPS,raw,13,2,62.5,0.25,0.6,16
WFE/SPS,raw,13,3,50.0,0.0,0.4920634920634921,16
WFE/SPS,raw,13,4,56.25,0.125,0.5465587044534412,16
WFE/SPS,raw,13,5,43.75,-0.125,0.37662337662337664,16
WFE/SPS,raw,14,1,68.75,0.375,0.6536796536796536,16
WFE/SPS,raw,14,2,56.25,0.125,0.5607843137254902,16
WFE/SPS,raw,14,3,43.75,-0.125,0.41700404858299595,16
WFE/SPS,raw,14,4,68.75,0.375,0.6862745098039216,16
WFE/SPS,raw,14,5,68.75,0.375,0.6761133603238867,16
WFE/SPS,raw,15,1,62.5,0.25,0.625,16
WFE/SPS,raw,15,2,43.75,-0.125,0.43529411764705883,16
WFE/SPS,raw,15,3,37.5,-0.25,0.36507936507936506,16
WFE/SPS,raw,15,4,62.5,0.25,0.625,16
WFE/SPS,raw,15,5,25.0,-0.5,0.23809523809523808,16
WFE/SPS,raw,16,1,68.75,0.375,0.6862745098039216,16
WFE/SPS,raw,16,2,68.75,0.375,0.6862745098039216,16
WFE/SPS,raw,16,3,68.75,0.375,0.6761133603238867,16
WFE/SPS,raw,16,4,75.0,0.5,0.7333333333333334,16
WFE/SPS,raw,16,5,50.0,0.0,0.5,16
WFE/SPS,raw,17,1,68.75,0.375,0.6862745098039216,16
WFE/SPS,raw,17,2,68.75,0.375,0.6862745098039216,16
WFE/SPS,raw,17,3,50.0,0.0,0.5,16
WFE/SPS,raw,17,4,43.75,-0.125,0.43529411764705883,16
WFE/SPS,raw,17,5,62.5,0.25,0.6,16
WFE/SPS,raw,18,1,75.0,0.5,0.746031746031746,16
WFE/SPS,raw,18,2,75.0,0.5,0.746031746031746,16
WFE/SPS,raw,18,3,75.0,0.5,0.746031746031746,16
WFE/SPS,raw,18,4,68.75,0.375,0.6862745098039216,16
WFE/SPS,raw,18,5,43.75,-0.125,0.43529411764705883,16
WFE/WAA,fbc,1,1,61.111111111111114,0.22222222222222232,0.609907120743034,18
WFE/WAA,fbc,1,2,61.111111111111114,0.22222222222222232,0.5785953177257526,18
WFE/WAA,fbc,1,3,50.0,0.0,0.4984520123839009,18
WFE/WAA,fbc,1,4,44.44444444444444,-0.11111111111111116,0.4444444444444444,18
WFE/WAA,fbc,1,5,55.55555555555556,0.11111111111111116,0.55,18
WFE/WAA,fbc,2,1,43.75,-0.125,0.37662337662337664,16
WFE/WAA,fbc,2,2,43.75,-0.125,0.43529411764705883,16
WFE/WAA,fbc,2,3,62.5,0.25,0.6,16
WFE/WAA,fbc,2,4,56.25,0.125,0.5607843137254902,16
WFE/WAA,fbc,2,5,68.75,0.375,0.6761133603238867,16
WFE/WAA,fbc,3,1,56.25,0.125,0.5465587044534412,16
WFE/WAA,fbc,3,2,62.5,0.25,0.6190476190476191,16
WFE/WAA,fbc,3,3,50.0,0.0,0.4920634920634921,16
WFE/WAA,fbc,3,4,68.75,0.375,0.6536796536796536,16
WFE/WAA,fbc,3,5,43.75,-0.125,0.37662337662337664,16
WFE/WAA,fbc,4,1,62.5,0.25,0.6,16
WFE/WAA,fbc,4,2,50.0,0.0,0.4181818181818182,16
WFE/WAA,fbc,4,3,75.0,0.5,0.746031746031746,16
WFE/WAA,fbc,4,4,25.0,-0.5,0.23809523809523808,16
WFE/WAA,fbc,4,5,43.75,-0.125,0.41700404858299595,16
WFE/WAA,fbc,5,1,62.5,0.25,0.625,16
WFE/WAA,fbc,5,2,68.75,0.375,0.6862745098039216,16
WFE/WAA,fbc,5,3,50.0,0.0,0.4920634920634921,16
WFE/WAA,fbc,5,4,50.0,0.0,0.4920634920634921,16
WFE/WAA,fbc,5,5,62.5,0.25,0.6190476190476191,16
WFE/WAA,fbc,6,1,50.0,0.0,0.4920634920634921,16
WFE/WAA,fbc,6,2,62.5,0.25,0.6190476190476191,16
WFE/WAA,fbc,6,3,56.25,0.125,0.5607843137254902,16
WFE/WAA,fbc,6,4,68.75,0.375,0.6761133603238867,16
WFE/WAA,fbc,6,5,75.0,0.5,0.75,16
WFE/WAA,fbc,7,1,56.25,0.125,0.5607843137254902,16
WFE/WAA,fbc,7,2,62.5,0.25,0.6190476190476191,16
WFE/WAA,fbc,7,3,62.5,0.25,0.6190476190476191,16
WFE/WAA,fbc,7,4,62.5,0.25,0.5636363636363637,16
WFE/WAA,fbc,7,5,50.0,0.0,0.4920634920634921,16
WFE/WAA,fbc,8,1,50.0,0.0,0.4920634920634921,16
WFE/WAA,fbc,8,2,68.75,0.375,0.6862745098039216,16
WFE/WAA,fbc,8,3,62.5,0.25,0.6190476190476191,16
WFE/WAA,fbc,8,4,56.25,0.125,0.5465587044534412,16
WFE/WAA,fbc,8,5,43.75,-0.125,0.41700404858299595,16
WFE/WAA,fbc,9,1,62.5,0.25,0.625,16
WFE/WAA,fbc,9,2,56.25,0.125,0.5465587044534412,16
WFE/WAA,fbc,9,3,50.0,0.0,0.4920634920634921,16
WFE/WAA,fbc,9,4,62.5,0.25,0.625,16
WFE/WAA,fbc,9,5,62.5,0.25,0.6190476190476191,16
WFE/WAA,fbc,10,1,50.0,0.0,0.5,16
WFE/WAA,fbc,10,2,75.0,0.5,0.746031746031746,16
WFE/WAA,fbc,10,3,81.25,0.625,0.8117647058823529,16
WFE/WAA,fbc,10,4,37.5,-0.25,0.3333333333333333,16
WFE/WAA,fbc,10,5,50.0,0.0,0.4920634920634921,16
WFE/WAA,fbc,11,1,43.75,-0.125,0.41700404858299595,16
WFE/WAA,fbc,11,2,62.5,0.25,0.6190476190476191,16
WFE/WAA,fbc,11,3,56.25,0.125,0.5465587044534412,16
WFE/WAA,fbc,11,4,68.75,0.375,0.6862745098039216,16
WFE/WAA,fbc,11,5,68.75,0.375,0.6862745098039216,16
WFE/WAA,fbc,12,1,62.5,0.25,0.6190476190476191,16
WFE/WAA,fbc,12,2,62.5,0.25,0.6190476190476191,16
WFE/WAA,fbc,12,3,50.0,0.0,0.4920634920634921,16
WFE/WAA,fbc,12,4,68.75,0.375,0.6862745098039216,16
WFE/WAA,fbc,12,5,56.25,0.125,0.5465587044534412,16
WFE/WAA,fbc,13,1,62.5,0.25,0.6,16
WFE/WAA,fbc,13,2,37.5,-0.25,0.36507936507936506,16
WFE/WAA,fbc,13,3,75.0,0.5,0.7333333333333334,16
WFE/WAA,fbc,13,4,56.25,0.125,0.5607843137254902,16
WFE/WAA,fbc,13,5,56.25,0.125,0.5151515151515151,16
WFE/WAA,fbc,14,1,50.0,0.0,0.5,16
WFE/WAA,fbc,14,2,62.5,0.25,0.6,16
WFE/WAA,fbc,14,3,50.0,0.0,0.4920634920634921,16
WFE/WAA,fbc,14,4,50.0,0.0,0.4920634920634921,16
WFE/WAA,fbc,14,5,62.5,0.25,0.6190476190476191,16
WFE/WAA,fbc,15,1,56.25,0.125,0.5607843137254902,16
WFE/WAA,fbc,15,2,50.0,0.0,0.4920634920634921,16
WFE/WAA,fbc,15,3,50.0,0.0,0.4666666666666667,16
WFE/WAA,fbc,15,4,43.75,-0.125,0.41700404858299595,16
WFE/WAA,fbc,15,5,56.25,0.125,0.5151515151515151,16
WFE/WAA,fbc,16,1,50.0,0.0,0.5,16
WFE/WAA,fbc,16,2,56.25,0.125,0.5607843137254902,16
WFE/WAA,fbc,16,3,62.5,0.25,0.5636363636363637,16
WFE/WAA,fbc,16,4,56.25,0.125,0.5151515151515151,16
WFE/WAA,fbc,16,5,62.5,0.25,0.6190476190476191,16
WFE/WAA,fbc,17,1,56.25,0.125,0.5151515151515151,16
WFE/WAA,fbc,17,2,62.5,0.25,0.6190476190476191,16
WFE/WAA,fbc,17,3,68.75,0.375,0.6761133603238867,16
WFE/WAA,fbc,17,4,43.75,-0.125,0.43529411764705883,16
WFE/WAA,fbc,17,5,68.75,0.375,0.6862745098039216,16
WFE/WAA,fbc,18,1,68.75,0.375,0.6536796536796536,16
WFE/WAA,fbc,18,2,75.0,0.5,0.746031746031746,16
WFE/WAA,fbc,18,3,62.5,0.25,0.5636363636363637,16
WFE/WAA,fbc,18,4,81.25,0.625,0.8117647058823529,16
WFE/WAA,fbc,18,5,62.5,0.25,0.6190476190476191,16
WFE/WAA,raw,1,1,66.66666666666666,0.33333333333333326,0.6493506493506493,18
WFE/WAA,raw,1,2,55.55555555555556,0.11111111111111116,0.55,18
WFE/WAA,raw,1,3,66.66666666666666,0.33333333333333326,0.6625,18
WFE/WAA,raw,1,4,55.55555555555556,0.11111111111111116,0.5324675324675324,18
WFE/WAA,raw,1,5,61.111111111111114,0.22222222222222232,0.6,18
WFE/WAA,raw,2,1,68.75,0.375,0.6761133603238867,16
WFE/WAA,raw,2,2,43.75,-0.125,0.37662337662337664,16
WFE/WAA,raw,2,3,75.0,0.5,0.7333333333333334,16
WFE/WAA,raw,2,4,62.5,0.25,0.6190476190476191,16
WFE/WAA,raw,2,5,56.25,0.125,0.5465587044534412,16
WFE/WAA,raw,3,1,75.0,0.5,0.7333333333333334,16
WFE/WAA,raw,3,2,81.25,0.625,0.8117647058823529,16
WFE/WAA,raw,3,3,62.5,0.25,0.6190476190476191,16
WFE/WAA,raw,3,4,68.75,0.375,0.6536796536796536,16
WFE/WAA,raw,3,5,43.75,-0.125,0.41700404858299595,16
WFE/WAA,raw,4,1,75.0,0.5,0.746031746031746,16
WFE/WAA,raw,4,2,50.0,0.0,0.4920634920634921,16
WFE/WAA,raw,4,3,81.25,0.625,0.8117647058823529,16
WFE/WAA,raw,4,4,31.25,-0.375,0.30980392156862746,16
WFE/WAA,raw,4,5,75.0,0.5,0.7333333333333334,16
WFE/WAA,raw,5,1,62.5,0.25,0.625,16
WFE/WAA,raw,5,2,68.75,0.375,0.6862745098039216,16
WFE/WAA,raw,5,3,68.75,0.375,0.6761133603238867,16
WFE/WAA,raw,5,4,50.0,0.0,0.4920634920634921,16
WFE/WAA,raw,5,5,87.5,0.75,0.875,16
WFE/WAA,raw,6,1,62.5,0.25,0.625,16
WFE/WAA,raw,6,2,56.25,0.125,0.5607843137254902,16
WFE/WAA,raw,6,3,68.75,0.375,0.6862745098039216,16
WFE/WAA,raw,6,4,56.25,0.125,0.5607843137254902,16
WFE/WAA,raw,6,5,62.5,0.25,0.6,16
WFE/WAA,raw,7,1,50.0,0.0,0.5,16
WFE/WAA,raw,7,2,87.5,0.75,0.873015873015873,16
WFE/WAA,raw,7,3,75.0,0.5,0.746031746031746,16
WFE/WAA,raw,7,4,43.75,-0.125,0.41700404858299595,16
WFE/WAA,raw,7,5,68.75,0.375,0.6761133603238867,16
WFE/WAA,raw,8,1,68.75,0.375,0.6862745098039216,16
WFE/WAA,raw,8,2,68.75,0.375,0.6862745098039216,16
WFE/WAA,raw,8,3,75.0,0.5,0.75,16
WFE/WAA,raw,8,4,43.75,-0.125,0.41700404858299595,16
WFE/WAA,raw,8,5,50.0,0.0,0.5,16
WFE/WAA,raw,9,1,50.0,0.0,0.4920634920634921,16
WFE/WAA,raw,9,2,68.75,0.375,0.6862745098039216,16
WFE/WAA,raw,9,3,50.0,0.0,0.4920634920634921,16
WFE/WAA,raw,9,4,37.5,-0.25,0.375,16
WFE/WAA,raw,9,5,56.25,0.125,0.5607843137254902,16
WFE/WAA,raw,10,1,50.0,0.0,0.4666666666666667,16
WFE/WAA,raw,10,2,68.75,0.375,0.6761133603238867,16
WFE/WAA,raw,10,3,62.5,0.25,0.625,16
WFE/WAA,raw,10,4,31.25,-0.375,0.2874493927125506,16
WFE/WAA,raw,10,5,31.25,-0.375,0.30980392156862746,16
WFE/WAA,raw,11,1,56.25,0.125,0.5607843137254902,16
WFE/WAA,raw,11,2,62.5,0.25,0.625,16
WFE/WAA,raw,11,3,75.0,0.5,0.746031746031746,16
WFE/WAA,raw,11,4,68.75,0.375,0.6862745098039216,16
WFE/WAA,raw,11,5,75.0,0.5,0.746031746031746,16
WFE/WAA,raw,12,1,50.0,0.0,0.4920634920634921,16
WFE/WAA,raw,12,2,50.0,0.0,0.4920634920634921,16
WFE/WAA,raw,12,3,43.75,-0.125,0.43529411764705883,16
WFE/WAA,raw,12,4,68.75,0.375,0.6862745098039216,16
WFE/WAA,raw,12,5,50.0,0.0,0.4920634920634921,16
WFE/WAA,raw,13,1,50.0,0.0,0.4920634920634921,16
WFE/WAA,raw,13,2,43.75,-0.125,0.43529411764705883,16
WFE/WAA,raw,13,3,56.25,0.125,0.45893719806763283,16
WFE/WAA,raw,13,4,50.0,0.0,0.4666666666666667,16
WFE/WAA,raw,13,5,50.0,0.0,0.4666666666666667,16
WFE/WAA,raw,14,1,68.75,0.375,0.6862745098039216,16
WFE/WAA,raw,14,2,56.25,0.125,0.5607843137254902,16
WFE/WAA,raw,14,3,62.5,0.25,0.6190476190476191,16
WFE/WAA,raw,14,4,56.25,0.125,0.5607843137254902,16
WFE/WAA,raw,14,5,62.5,0.25,0.6,16
WFE/WAA,raw,15,1,43.75,-0.125,0.37662337662337664,16
WFE/WAA,raw,15,2,62.5,0.25,0.6190476190476191,16
WFE/WAA,raw,15,3,62.5,0.25,0.6190476190476191,16
WFE/WAA,raw,15,4,31.25,-0.375,0.2874493927125506,16
WFE/WAA,raw,15,5,56.25,0.125,0.5607843137254902,16
WFE/WAA,raw,16,1,43.75,-0.125,0.41700404858299595,16
WFE/WAA,raw,16,2,56.25,0.125,0.5607843137254902,16
WFE/WAA,raw,16,3,68.75,0.375,0.6761133603238867,16
WFE/WAA,raw,16,4,68.75,0.375,0.6761133603238867,16
WFE/WAA,raw,16,5,56.25,0.125,0.5607843137254902,16
WFE/WAA,raw,17,1,50.0,0.0,0.4181818181818182,16
WFE/WAA,raw,17,2,56.25,0.125,0.5465587044534412,16
WFE/WAA,raw,17,3,62.5,0.25,0.6190476190476191,16
WFE/WAA,raw,17,4,68.75,0.375,0.6761133603238867,16
WFE/WAA,raw,17,5,50.0,0.0,0.4920634920634921,16
WFE/WAA,raw,18,1,68.75,0.375,0.6862745098039216,16
WFE/WAA,raw,18,2,56.25,0.125,0.5607843137254902,16
WFE/WAA,raw,18,3,75.0,0.5,0.75,16
WFE/WAA,raw,18,4,75.0,0.5,0.75,16
WFE/WAA,raw,18,5,62.5,0.25,0.6190476190476191,16
