run_pairs_range: model=conformer_b mode=full range=[0, 10) -> pairs [0, 1, 2, 3, 4, 5, 6, 7, 8, 9]
  dataset_root=/scratch/11862/rmaahin/finemi-dataset/FineMI
  results_root=/work/11862/rmaahin/ls6/FineMI-enhancements/ConformerEEG/experiments/option_b/results/full
  config=/work/11862/rmaahin/ls6/FineMI-enhancements/ConformerEEG/experiments/option_b/config_full.json

##### pair_idx=0 (HOC_WFE) #####

Using device: cuda | gpu=NVIDIA A100-PCIE-40GB | torch=2.8.0+cu128
NOTE: determinism holds per-GPU-model. Record this GPU name.

PAIR: HOC/WFE  (classes 0 vs 1)  model=conformer_b  mode=full
Test time windows: [800, 1500, 3000, 4000] ms
Test time windows (samples): [200, 375, 750, 1000]

Found 0 subject folders
No subject folders; found 18 subject .npz files

BINARY CLASSIFICATION: Class 0 vs Class 1  (HOC/WFE)
  Class 0 (original 0): 725 trials
  Class 1 (original 1): 725 trials

Extracted time windows:
  800ms (200 samples): shape (1450, 62, 200)
  1500ms (375 samples): shape (1450, 62, 375)
  3000ms (750 samples): shape (1450, 62, 750)
  4000ms (1000 samples): shape (1450, 62, 1000)

Model configuration:
  Model: conformer_b
  Channels: 62
  Subjects: [1, 2, 3, 4, 5, 6, 7, 8, 9, 10, 11, 12, 13, 14, 15, 16, 17, 18]
  Time windows: [800, 1500, 3000, 4000] ms
  Classes: 2 (Binary: Class 0 vs Class 1)
  Folds: 5
  Batch size: 32
  Epochs per subject per time window: 50
  S1 800ms fold1/5: best_val= 66.67% (ep14) test= 50.00%
  S1 800ms fold2/5: best_val= 72.22% (ep18) test= 61.11%
  S1 800ms fold3/5: best_val= 72.22% (ep9) test= 55.56%
  S1 800ms fold4/5: best_val= 83.33% (ep14) test= 50.00%
  S1 800ms fold5/5: best_val= 77.78% (ep10) test= 61.11%
  S1 1500ms fold1/5: best_val= 77.78% (ep11) test= 50.00%
  S1 1500ms fold2/5: best_val= 72.22% (ep1) test= 44.44%
  S1 1500ms fold3/5: best_val= 83.33% (ep14) test= 61.11%
  S1 1500ms fold4/5: best_val= 66.67% (ep5) test= 55.56%
  S1 1500ms fold5/5: best_val= 55.56% (ep4) test= 66.67%
  S1 3000ms fold1/5: best_val= 83.33% (ep14) test= 61.11%
  S1 3000ms fold2/5: best_val= 72.22% (ep19) test= 61.11%
  S1 3000ms fold3/5: best_val= 72.22% (ep5) test= 66.67%
  S1 3000ms fold4/5: best_val= 72.22% (ep4) test= 66.67%
  S1 3000ms fold5/5: best_val= 72.22% (ep9) test= 50.00%
  S1 4000ms fold1/5: best_val= 83.33% (ep11) test= 55.56%
  S1 4000ms fold2/5: best_val= 77.78% (ep8) test= 66.67%
  S1 4000ms fold3/5: best_val= 77.78% (ep20) test= 66.67%
  S1 4000ms fold4/5: best_val= 66.67% (ep9) test= 61.11%
  S1 4000ms fold5/5: best_val= 83.33% (ep25) test= 55.56%
S 1: 800ms= 55.56%  1500ms= 55.56%  3000ms= 61.11%  4000ms= 61.11%   (65s)
  S2 800ms fold1/5: best_val= 62.50% (ep1) test= 56.25%
  S2 800ms fold2/5: best_val= 75.00% (ep7) test= 81.25%
  S2 800ms fold3/5: best_val= 56.25% (ep8) test= 31.25%
  S2 800ms fold4/5: best_val= 56.25% (ep1) test= 43.75%
  S2 800ms fold5/5: best_val= 50.00% (ep1) test= 50.00%
  S2 1500ms fold1/5: best_val= 68.75% (ep8) test= 68.75%
  S2 1500ms fold2/5: best_val= 68.75% (ep7) test= 43.75%
  S2 1500ms fold3/5: best_val= 56.25% (ep10) test= 37.50%
  S2 1500ms fold4/5: best_val= 62.50% (ep7) test= 43.75%
  S2 1500ms fold5/5: best_val= 56.25% (ep3) test= 43.75%
  S2 3000ms fold1/5: best_val= 62.50% (ep10) test= 43.75%
  S2 3000ms fold2/5: best_val= 68.75% (ep4) test= 43.75%
  S2 3000ms fold3/5: best_val= 50.00% (ep1) test= 50.00%
  S2 3000ms fold4/5: best_val= 75.00% (ep11) test= 56.25%
  S2 3000ms fold5/5: best_val= 68.75% (ep10) test= 37.50%
  S2 4000ms fold1/5: best_val= 62.50% (ep1) test= 31.25%
  S2 4000ms fold2/5: best_val= 62.50% (ep6) test= 56.25%
  S2 4000ms fold3/5: best_val= 50.00% (ep1) test= 50.00%
  S2 4000ms fold4/5: best_val= 68.75% (ep14) test= 56.25%
  S2 4000ms fold5/5: best_val= 50.00% (ep1) test= 50.00%
S 2: 800ms= 52.50%  1500ms= 47.50%  3000ms= 46.25%  4000ms= 48.75%   (46s)
  S3 800ms fold1/5: best_val= 81.25% (ep4) test= 56.25%
  S3 800ms fold2/5: best_val= 75.00% (ep6) test= 81.25%
  S3 800ms fold3/5: best_val= 87.50% (ep23) test= 81.25%
  S3 800ms fold4/5: best_val= 81.25% (ep9) test= 68.75%
  S3 800ms fold5/5: best_val= 87.50% (ep13) test= 87.50%
  S3 1500ms fold1/5: best_val= 75.00% (ep12) test= 62.50%
  S3 1500ms fold2/5: best_val= 75.00% (ep8) test= 62.50%
  S3 1500ms fold3/5: best_val= 81.25% (ep11) test= 75.00%
  S3 1500ms fold4/5: best_val= 68.75% (ep6) test= 56.25%
  S3 1500ms fold5/5: best_val= 81.25% (ep8) test= 56.25%
  S3 3000ms fold1/5: best_val= 56.25% (ep4) test= 50.00%
  S3 3000ms fold2/5: best_val= 68.75% (ep20) test= 68.75%
  S3 3000ms fold3/5: best_val= 75.00% (ep14) test= 50.00%
  S3 3000ms fold4/5: best_val= 81.25% (ep20) test= 37.50%
  S3 3000ms fold5/5: best_val= 62.50% (ep19) test= 43.75%
  S3 4000ms fold1/5: best_val= 62.50% (ep7) test= 43.75%
  S3 4000ms fold2/5: best_val= 68.75% (ep26) test= 75.00%
  S3 4000ms fold3/5: best_val= 75.00% (ep16) test= 56.25%
  S3 4000ms fold4/5: best_val= 68.75% (ep4) test= 31.25%
  S3 4000ms fold5/5: best_val= 62.50% (ep11) test= 50.00%
S 3: 800ms= 75.00%  1500ms= 62.50%  3000ms= 50.00%  4000ms= 51.25%   (47s)
  S4 800ms fold1/5: best_val= 56.25% (ep2) test= 50.00%
  S4 800ms fold2/5: best_val= 68.75% (ep19) test= 56.25%
  S4 800ms fold3/5: best_val= 56.25% (ep1) test= 68.75%
  S4 800ms fold4/5: best_val= 50.00% (ep2) test= 43.75%
  S4 800ms fold5/5: best_val= 56.25% (ep12) test= 37.50%
  S4 1500ms fold1/5: best_val= 56.25% (ep1) test= 56.25%
  S4 1500ms fold2/5: best_val= 50.00% (ep1) test= 50.00%
  S4 1500ms fold3/5: best_val= 50.00% (ep1) test= 50.00%
  S4 1500ms fold4/5: best_val= 68.75% (ep3) test= 43.75%
  S4 1500ms fold5/5: best_val= 50.00% (ep1) test= 50.00%
  S4 3000ms fold1/5: best_val= 50.00% (ep1) test= 50.00%
  S4 3000ms fold2/5: best_val= 50.00% (ep1) test= 50.00%
  S4 3000ms fold3/5: best_val= 50.00% (ep1) test= 50.00%
  S4 3000ms fold4/5: best_val= 56.25% (ep5) test= 50.00%
  S4 3000ms fold5/5: best_val= 56.25% (ep12) test= 62.50%
  S4 4000ms fold1/5: best_val= 50.00% (ep1) test= 50.00%
  S4 4000ms fold2/5: best_val= 50.00% (ep1) test= 50.00%
  S4 4000ms fold3/5: best_val= 75.00% (ep11) test= 56.25%
  S4 4000ms fold4/5: best_val= 56.25% (ep9) test= 62.50%
  S4 4000ms fold5/5: best_val= 68.75% (ep14) test= 75.00%
S 4: 800ms= 51.25%  1500ms= 50.00%  3000ms= 52.50%  4000ms= 58.75%   (46s)
  S5 800ms fold1/5: best_val= 56.25% (ep1) test= 56.25%
  S5 800ms fold2/5: best_val= 56.25% (ep8) test= 62.50%
  S5 800ms fold3/5: best_val= 68.75% (ep1) test= 50.00%
  S5 800ms fold4/5: best_val= 68.75% (ep1) test= 62.50%
  S5 800ms fold5/5: best_val= 75.00% (ep9) test= 43.75%
  S5 1500ms fold1/5: best_val= 68.75% (ep1) test= 62.50%
  S5 1500ms fold2/5: best_val= 56.25% (ep3) test= 68.75%
  S5 1500ms fold3/5: best_val= 56.25% (ep11) test= 50.00%
  S5 1500ms fold4/5: best_val= 81.25% (ep12) test= 37.50%
  S5 1500ms fold5/5: best_val= 62.50% (ep4) test= 50.00%
  S5 3000ms fold1/5: best_val= 50.00% (ep1) test= 50.00%
  S5 3000ms fold2/5: best_val= 56.25% (ep4) test= 50.00%
  S5 3000ms fold3/5: best_val= 56.25% (ep15) test= 25.00%
  S5 3000ms fold4/5: best_val= 62.50% (ep12) test= 43.75%
  S5 3000ms fold5/5: best_val= 62.50% (ep6) test= 62.50%
  S5 4000ms fold1/5: best_val= 56.25% (ep6) test= 50.00%
  S5 4000ms fold2/5: best_val= 75.00% (ep7) test= 62.50%
  S5 4000ms fold3/5: best_val= 50.00% (ep1) test= 50.00%
  S5 4000ms fold4/5: best_val= 56.25% (ep11) test= 43.75%
  S5 4000ms fold5/5: best_val= 68.75% (ep31) test= 56.25%
S 5: 800ms= 55.00%  1500ms= 53.75%  3000ms= 46.25%  4000ms= 52.50%   (46s)
  S6 800ms fold1/5: best_val= 62.50% (ep8) test= 50.00%
  S6 800ms fold2/5: best_val= 62.50% (ep9) test= 62.50%
  S6 800ms fold3/5: best_val= 75.00% (ep4) test= 81.25%
  S6 800ms fold4/5: best_val= 75.00% (ep7) test= 50.00%
  S6 800ms fold5/5: best_val= 62.50% (ep11) test= 56.25%
  S6 1500ms fold1/5: best_val= 68.75% (ep9) test= 37.50%
  S6 1500ms fold2/5: best_val= 56.25% (ep2) test= 50.00%
  S6 1500ms fold3/5: best_val= 75.00% (ep4) test= 50.00%
  S6 1500ms fold4/5: best_val= 68.75% (ep37) test= 43.75%
  S6 1500ms fold5/5: best_val= 56.25% (ep8) test= 62.50%
  S6 3000ms fold1/5: best_val= 81.25% (ep8) test= 37.50%
  S6 3000ms fold2/5: best_val= 68.75% (ep12) test= 62.50%
  S6 3000ms fold3/5: best_val= 50.00% (ep1) test= 50.00%
  S6 3000ms fold4/5: best_val= 62.50% (ep32) test= 56.25%
  S6 3000ms fold5/5: best_val= 62.50% (ep7) test= 31.25%
  S6 4000ms fold1/5: best_val= 56.25% (ep10) test= 37.50%
  S6 4000ms fold2/5: best_val= 50.00% (ep1) test= 50.00%
  S6 4000ms fold3/5: best_val= 62.50% (ep16) test= 50.00%
  S6 4000ms fold4/5: best_val= 50.00% (ep1) test= 50.00%
  S6 4000ms fold5/5: best_val= 87.50% (ep12) test= 50.00%
S 6: 800ms= 60.00%  1500ms= 48.75%  3000ms= 47.50%  4000ms= 47.50%   (46s)
  S7 800ms fold1/5: best_val= 56.25% (ep5) test= 62.50%
  S7 800ms fold2/5: best_val= 50.00% (ep1) test= 50.00%
  S7 800ms fold3/5: best_val= 50.00% (ep1) test= 50.00%
  S7 800ms fold4/5: best_val= 62.50% (ep5) test= 37.50%
  S7 800ms fold5/5: best_val= 50.00% (ep1) test= 43.75%
  S7 1500ms fold1/5: best_val= 56.25% (ep18) test= 62.50%
  S7 1500ms fold2/5: best_val= 62.50% (ep8) test= 37.50%
  S7 1500ms fold3/5: best_val= 56.25% (ep3) test= 50.00%
  S7 1500ms fold4/5: best_val= 68.75% (ep24) test= 56.25%
  S7 1500ms fold5/5: best_val= 62.50% (ep7) test= 56.25%
  S7 3000ms fold1/5: best_val= 75.00% (ep5) test= 62.50%
  S7 3000ms fold2/5: best_val= 56.25% (ep4) test= 50.00%
  S7 3000ms fold3/5: best_val= 62.50% (ep1) test= 50.00%
  S7 3000ms fold4/5: best_val= 50.00% (ep1) test= 50.00%
  S7 3000ms fold5/5: best_val= 50.00% (ep1) test= 50.00%
  S7 4000ms fold1/5: best_val= 56.25% (ep1) test= 43.75%
  S7 4000ms fold2/5: best_val= 56.25% (ep12) test= 43.75%
  S7 4000ms fold3/5: best_val= 50.00% (ep1) test= 50.00%
  S7 4000ms fold4/5: best_val= 56.25% (ep12) test= 56.25%
  S7 4000ms fold5/5: best_val= 50.00% (ep1) test= 50.00%
S 7: 800ms= 48.75%  1500ms= 52.50%  3000ms= 52.50%  4000ms= 48.75%   (46s)
  S8 800ms fold1/5: best_val= 62.50% (ep7) test= 68.75%
  S8 800ms fold2/5: best_val= 56.25% (ep11) test= 68.75%
  S8 800ms fold3/5: best_val= 75.00% (ep8) test= 68.75%
  S8 800ms fold4/5: best_val= 68.75% (ep16) test= 56.25%
  S8 800ms fold5/5: best_val= 56.25% (ep3) test= 56.25%
  S8 1500ms fold1/5: best_val= 62.50% (ep5) test= 56.25%
  S8 1500ms fold2/5: best_val= 56.25% (ep1) test= 56.25%
  S8 1500ms fold3/5: best_val= 81.25% (ep3) test= 62.50%
  S8 1500ms fold4/5: best_val= 68.75% (ep12) test= 43.75%
  S8 1500ms fold5/5: best_val= 56.25% (ep2) test= 56.25%
  S8 3000ms fold1/5: best_val= 75.00% (ep16) test= 37.50%
  S8 3000ms fold2/5: best_val= 62.50% (ep3) test= 62.50%
  S8 3000ms fold3/5: best_val= 56.25% (ep3) test= 68.75%
  S8 3000ms fold4/5: best_val= 50.00% (ep4) test= 50.00%
  S8 3000ms fold5/5: best_val= 62.50% (ep4) test= 50.00%
  S8 4000ms fold1/5: best_val= 62.50% (ep1) test= 50.00%
  S8 4000ms fold2/5: best_val= 56.25% (ep3) test= 62.50%
  S8 4000ms fold3/5: best_val= 62.50% (ep8) test= 62.50%
  S8 4000ms fold4/5: best_val= 68.75% (ep18) test= 56.25%
  S8 4000ms fold5/5: best_val= 68.75% (ep5) test= 56.25%
S 8: 800ms= 63.75%  1500ms= 55.00%  3000ms= 53.75%  4000ms= 57.50%   (46s)
  S9 800ms fold1/5: best_val= 68.75% (ep7) test= 62.50%
  S9 800ms fold2/5: best_val= 68.75% (ep9) test= 43.75%
  S9 800ms fold3/5: best_val= 81.25% (ep20) test= 50.00%
  S9 800ms fold4/5: best_val= 68.75% (ep1) test= 56.25%
  S9 800ms fold5/5: best_val= 68.75% (ep13) test= 37.50%
  S9 1500ms fold1/5: best_val= 68.75% (ep6) test= 56.25%
  S9 1500ms fold2/5: best_val= 56.25% (ep4) test= 31.25%
  S9 1500ms fold3/5: best_val= 81.25% (ep9) test= 37.50%
  S9 1500ms fold4/5: best_val= 56.25% (ep1) test= 62.50%
  S9 1500ms fold5/5: best_val= 62.50% (ep5) test= 31.25%
  S9 3000ms fold1/5: best_val= 81.25% (ep6) test= 43.75%
  S9 3000ms fold2/5: best_val= 81.25% (ep4) test= 50.00%
  S9 3000ms fold3/5: best_val= 68.75% (ep7) test= 43.75%
  S9 3000ms fold4/5: best_val= 68.75% (ep8) test= 75.00%
  S9 3000ms fold5/5: best_val= 68.75% (ep6) test= 62.50%
  S9 4000ms fold1/5: best_val= 81.25% (ep5) test= 68.75%
  S9 4000ms fold2/5: best_val= 81.25% (ep17) test= 56.25%
  S9 4000ms fold3/5: best_val= 68.75% (ep4) test= 50.00%
  S9 4000ms fold4/5: best_val= 75.00% (ep4) test= 68.75%
  S9 4000ms fold5/5: best_val= 68.75% (ep4) test= 62.50%
S 9: 800ms= 50.00%  1500ms= 43.75%  3000ms= 55.00%  4000ms= 61.25%   (47s)
  S10 800ms fold1/5: best_val= 62.50% (ep6) test= 56.25%
  S10 800ms fold2/5: best_val= 56.25% (ep12) test= 56.25%
  S10 800ms fold3/5: best_val= 62.50% (ep1) test= 62.50%
  S10 800ms fold4/5: best_val= 62.50% (ep8) test= 43.75%
  S10 800ms fold5/5: best_val= 68.75% (ep7) test= 68.75%
  S10 1500ms fold1/5: best_val= 56.25% (ep1) test= 50.00%
  S10 1500ms fold2/5: best_val= 75.00% (ep11) test= 68.75%
  S10 1500ms fold3/5: best_val= 50.00% (ep2) test= 50.00%
  S10 1500ms fold4/5: best_val= 62.50% (ep12) test= 43.75%
  S10 1500ms fold5/5: best_val= 68.75% (ep3) test= 43.75%
  S10 3000ms fold1/5: best_val= 50.00% (ep1) test= 25.00%
  S10 3000ms fold2/5: best_val= 56.25% (ep8) test= 43.75%
  S10 3000ms fold3/5: best_val= 56.25% (ep8) test= 56.25%
  S10 3000ms fold4/5: best_val= 75.00% (ep1) test= 62.50%
  S10 3000ms fold5/5: best_val= 50.00% (ep1) test= 50.00%
  S10 4000ms fold1/5: best_val= 50.00% (ep1) test= 50.00%
  S10 4000ms fold2/5: best_val= 56.25% (ep3) test= 43.75%
  S10 4000ms fold3/5: best_val= 50.00% (ep1) test= 56.25%
  S10 4000ms fold4/5: best_val= 75.00% (ep21) test= 31.25%
  S10 4000ms fold5/5: best_val= 56.25% (ep6) test= 50.00%
S10: 800ms= 57.50%  1500ms= 51.25%  3000ms= 47.50%  4000ms= 46.25%   (46s)
  S11 800ms fold1/5: best_val= 50.00% (ep1) test= 50.00%
  S11 800ms fold2/5: best_val= 50.00% (ep1) test= 50.00%
  S11 800ms fold3/5: best_val= 68.75% (ep14) test= 43.75%
  S11 800ms fold4/5: best_val= 50.00% (ep1) test= 50.00%
  S11 800ms fold5/5: best_val= 75.00% (ep10) test= 62.50%
  S11 1500ms fold1/5: best_val= 62.50% (ep6) test= 37.50%
  S11 1500ms fold2/5: best_val= 50.00% (ep1) test= 43.75%
  S11 1500ms fold3/5: best_val= 50.00% (ep1) test= 50.00%
  S11 1500ms fold4/5: best_val= 50.00% (ep1) test= 50.00%
  S11 1500ms fold5/5: best_val= 56.25% (ep3) test= 50.00%
  S11 3000ms fold1/5: best_val= 56.25% (ep9) test= 50.00%
  S11 3000ms fold2/5: best_val= 50.00% (ep1) test= 50.00%
  S11 3000ms fold3/5: best_val= 56.25% (ep4) test= 43.75%
  S11 3000ms fold4/5: best_val= 75.00% (ep1) test= 50.00%
  S11 3000ms fold5/5: best_val= 56.25% (ep16) test= 56.25%
  S11 4000ms fold1/5: best_val= 56.25% (ep8) test= 56.25%
  S11 4000ms fold2/5: best_val= 62.50% (ep5) test= 62.50%
  S11 4000ms fold3/5: best_val= 56.25% (ep8) test= 43.75%
  S11 4000ms fold4/5: best_val= 75.00% (ep5) test= 37.50%
  S11 4000ms fold5/5: best_val= 56.25% (ep7) test= 43.75%
S11: 800ms= 51.25%  1500ms= 46.25%  3000ms= 50.00%  4000ms= 48.75%   (46s)
  S12 800ms fold1/5: best_val= 62.50% (ep6) test= 56.25%
  S12 800ms fold2/5: best_val= 62.50% (ep8) test= 68.75%
  S12 800ms fold3/5: best_val= 68.75% (ep20) test= 68.75%
  S12 800ms fold4/5: best_val= 81.25% (ep7) test= 56.25%
  S12 800ms fold5/5: best_val= 87.50% (ep5) test= 56.25%
  S12 1500ms fold1/5: best_val= 81.25% (ep15) test= 68.75%
  S12 1500ms fold2/5: best_val= 62.50% (ep9) test= 75.00%
  S12 1500ms fold3/5: best_val= 56.25% (ep7) test= 62.50%
  S12 1500ms fold4/5: best_val= 75.00% (ep6) test= 56.25%
  S12 1500ms fold5/5: best_val= 68.75% (ep6) test= 56.25%
  S12 3000ms fold1/5: best_val= 62.50% (ep2) test= 50.00%
  S12 3000ms fold2/5: best_val= 50.00% (ep1) test= 50.00%
  S12 3000ms fold3/5: best_val= 62.50% (ep18) test= 62.50%
  S12 3000ms fold4/5: best_val= 56.25% (ep8) test= 62.50%
  S12 3000ms fold5/5: best_val= 68.75% (ep3) test= 56.25%
  S12 4000ms fold1/5: best_val= 75.00% (ep7) test= 56.25%
  S12 4000ms fold2/5: best_val= 56.25% (ep7) test= 50.00%
  S12 4000ms fold3/5: best_val= 62.50% (ep8) test= 43.75%
  S12 4000ms fold4/5: best_val= 62.50% (ep18) test= 56.25%
  S12 4000ms fold5/5: best_val= 56.25% (ep20) test= 68.75%
S12: 800ms= 61.25%  1500ms= 63.75%  3000ms= 56.25%  4000ms= 55.00%   (46s)
  S13 800ms fold1/5: best_val= 62.50% (ep5) test= 81.25%
  S13 800ms fold2/5: best_val= 62.50% (ep3) test= 43.75%
  S13 800ms fold3/5: best_val= 68.75% (ep3) test= 50.00%
  S13 800ms fold4/5: best_val= 62.50% (ep2) test= 68.75%
  S13 800ms fold5/5: best_val= 62.50% (ep4) test= 68.75%
  S13 1500ms fold1/5: best_val= 68.75% (ep33) test= 56.25%
  S13 1500ms fold2/5: best_val= 56.25% (ep6) test= 75.00%
  S13 1500ms fold3/5: best_val= 81.25% (ep1) test= 43.75%
  S13 1500ms fold4/5: best_val= 81.25% (ep3) test= 56.25%
  S13 1500ms fold5/5: best_val= 56.25% (ep6) test= 56.25%
  S13 3000ms fold1/5: best_val= 68.75% (ep10) test= 43.75%
  S13 3000ms fold2/5: best_val= 68.75% (ep1) test= 62.50%
  S13 3000ms fold3/5: best_val= 62.50% (ep7) test= 50.00%
  S13 3000ms fold4/5: best_val= 62.50% (ep6) test= 37.50%
  S13 3000ms fold5/5: best_val= 56.25% (ep5) test= 43.75%
  S13 4000ms fold1/5: best_val= 62.50% (ep6) test= 62.50%
  S13 4000ms fold2/5: best_val= 56.25% (ep4) test= 50.00%
  S13 4000ms fold3/5: best_val= 68.75% (ep7) test= 31.25%
  S13 4000ms fold4/5: best_val= 62.50% (ep4) test= 50.00%
  S13 4000ms fold5/5: best_val= 62.50% (ep5) test= 25.00%
S13: 800ms= 62.50%  1500ms= 57.50%  3000ms= 47.50%  4000ms= 43.75%   (46s)
  S14 800ms fold1/5: best_val= 50.00% (ep1) test= 56.25%
  S14 800ms fold2/5: best_val= 75.00% (ep6) test= 50.00%
  S14 800ms fold3/5: best_val= 68.75% (ep8) test= 43.75%
  S14 800ms fold4/5: best_val= 81.25% (ep2) test= 43.75%
  S14 800ms fold5/5: best_val= 68.75% (ep8) test= 56.25%
  S14 1500ms fold1/5: best_val= 62.50% (ep15) test= 56.25%
  S14 1500ms fold2/5: best_val= 87.50% (ep19) test= 37.50%
  S14 1500ms fold3/5: best_val= 62.50% (ep5) test= 50.00%
  S14 1500ms fold4/5: best_val= 68.75% (ep5) test= 31.25%
  S14 1500ms fold5/5: best_val= 75.00% (ep5) test= 50.00%
  S14 3000ms fold1/5: best_val= 50.00% (ep1) test= 50.00%
  S14 3000ms fold2/5: best_val= 62.50% (ep42) test= 43.75%
  S14 3000ms fold3/5: best_val= 68.75% (ep3) test= 56.25%
  S14 3000ms fold4/5: best_val= 50.00% (ep1) test= 50.00%
  S14 3000ms fold5/5: best_val= 62.50% (ep8) test= 31.25%
  S14 4000ms fold1/5: best_val= 50.00% (ep4) test= 56.25%
  S14 4000ms fold2/5: best_val= 68.75% (ep9) test= 31.25%
  S14 4000ms fold3/5: best_val= 75.00% (ep6) test= 37.50%
  S14 4000ms fold4/5: best_val= 56.25% (ep5) test= 43.75%
  S14 4000ms fold5/5: best_val= 75.00% (ep18) test= 68.75%
S14: 800ms= 50.00%  1500ms= 45.00%  3000ms= 46.25%  4000ms= 47.50%   (46s)
  S15 800ms fold1/5: best_val= 56.25% (ep7) test= 25.00%
  S15 800ms fold2/5: best_val= 50.00% (ep3) test= 50.00%
  S15 800ms fold3/5: best_val= 50.00% (ep1) test= 50.00%
  S15 800ms fold4/5: best_val= 50.00% (ep1) test= 50.00%
  S15 800ms fold5/5: best_val= 50.00% (ep1) test= 50.00%
  S15 1500ms fold1/5: best_val= 62.50% (ep5) test= 43.75%
  S15 1500ms fold2/5: best_val= 56.25% (ep8) test= 56.25%
  S15 1500ms fold3/5: best_val= 75.00% (ep14) test= 37.50%
  S15 1500ms fold4/5: best_val= 56.25% (ep9) test= 50.00%
  S15 1500ms fold5/5: best_val= 68.75% (ep6) test= 37.50%
  S15 3000ms fold1/5: best_val= 62.50% (ep12) test= 50.00%
  S15 3000ms fold2/5: best_val= 56.25% (ep12) test= 56.25%
  S15 3000ms fold3/5: best_val= 56.25% (ep12) test= 43.75%
  S15 3000ms fold4/5: best_val= 50.00% (ep1) test= 43.75%
  S15 3000ms fold5/5: best_val= 68.75% (ep5) test= 50.00%
  S15 4000ms fold1/5: best_val= 68.75% (ep25) test= 62.50%
  S15 4000ms fold2/5: best_val= 62.50% (ep19) test= 50.00%
  S15 4000ms fold3/5: best_val= 68.75% (ep11) test= 50.00%
  S15 4000ms fold4/5: best_val= 62.50% (ep8) test= 68.75%
  S15 4000ms fold5/5: best_val= 62.50% (ep6) test= 68.75%
S15: 800ms= 45.00%  1500ms= 45.00%  3000ms= 48.75%  4000ms= 60.00%   (46s)
  S16 800ms fold1/5: best_val= 56.25% (ep1) test= 56.25%
  S16 800ms fold2/5: best_val= 50.00% (ep1) test= 50.00%
  S16 800ms fold3/5: best_val= 56.25% (ep5) test= 56.25%
  S16 800ms fold4/5: best_val= 62.50% (ep3) test= 50.00%
  S16 800ms fold5/5: best_val= 68.75% (ep6) test= 56.25%
  S16 1500ms fold1/5: best_val= 68.75% (ep17) test= 56.25%
  S16 1500ms fold2/5: best_val= 68.75% (ep11) test= 56.25%
  S16 1500ms fold3/5: best_val= 50.00% (ep1) test= 50.00%
  S16 1500ms fold4/5: best_val= 56.25% (ep6) test= 56.25%
  S16 1500ms fold5/5: best_val= 62.50% (ep7) test= 43.75%
  S16 3000ms fold1/5: best_val= 50.00% (ep1) test= 50.00%
  S16 3000ms fold2/5: best_val= 62.50% (ep9) test= 50.00%
  S16 3000ms fold3/5: best_val= 56.25% (ep10) test= 50.00%
  S16 3000ms fold4/5: best_val= 68.75% (ep7) test= 56.25%
  S16 3000ms fold5/5: best_val= 50.00% (ep1) test= 50.00%
  S16 4000ms fold1/5: best_val= 50.00% (ep1) test= 50.00%
  S16 4000ms fold2/5: best_val= 56.25% (ep6) test= 62.50%
  S16 4000ms fold3/5: best_val= 62.50% (ep5) test= 62.50%
  S16 4000ms fold4/5: best_val= 56.25% (ep12) test= 50.00%
  S16 4000ms fold5/5: best_val= 56.25% (ep5) test= 18.75%
S16: 800ms= 53.75%  1500ms= 52.50%  3000ms= 51.25%  4000ms= 48.75%   (46s)
  S17 800ms fold1/5: best_val= 62.50% (ep5) test= 37.50%
  S17 800ms fold2/5: best_val= 56.25% (ep7) test= 50.00%
  S17 800ms fold3/5: best_val= 75.00% (ep9) test= 68.75%
  S17 800ms fold4/5: best_val= 50.00% (ep1) test= 50.00%
  S17 800ms fold5/5: best_val= 68.75% (ep5) test= 68.75%
  S17 1500ms fold1/5: best_val= 68.75% (ep6) test= 25.00%
  S17 1500ms fold2/5: best_val= 62.50% (ep4) test= 50.00%
  S17 1500ms fold3/5: best_val= 81.25% (ep10) test= 62.50%
  S17 1500ms fold4/5: best_val= 81.25% (ep13) test= 62.50%
  S17 1500ms fold5/5: best_val= 75.00% (ep8) test= 81.25%
  S17 3000ms fold1/5: best_val= 75.00% (ep20) test= 50.00%
  S17 3000ms fold2/5: best_val= 75.00% (ep7) test= 62.50%
  S17 3000ms fold3/5: best_val= 68.75% (ep8) test= 56.25%
  S17 3000ms fold4/5: best_val= 62.50% (ep15) test= 87.50%
  S17 3000ms fold5/5: best_val= 75.00% (ep15) test= 56.25%
  S17 4000ms fold1/5: best_val= 87.50% (ep28) test= 56.25%
  S17 4000ms fold2/5: best_val= 68.75% (ep8) test= 50.00%
  S17 4000ms fold3/5: best_val= 68.75% (ep5) test= 68.75%
  S17 4000ms fold4/5: best_val= 75.00% (ep12) test= 81.25%
  S17 4000ms fold5/5: best_val= 75.00% (ep8) test= 56.25%
S17: 800ms= 55.00%  1500ms= 56.25%  3000ms= 62.50%  4000ms= 62.50%   (46s)
  S18 800ms fold1/5: best_val= 62.50% (ep10) test= 50.00%
  S18 800ms fold2/5: best_val= 62.50% (ep9) test= 68.75%
  S18 800ms fold3/5: best_val= 62.50% (ep5) test= 56.25%
  S18 800ms fold4/5: best_val= 68.75% (ep10) test= 50.00%
  S18 800ms fold5/5: best_val= 43.75% (ep2) test= 43.75%
  S18 1500ms fold1/5: best_val= 62.50% (ep7) test= 56.25%
  S18 1500ms fold2/5: best_val= 62.50% (ep9) test= 56.25%
  S18 1500ms fold3/5: best_val= 62.50% (ep3) test= 62.50%
  S18 1500ms fold4/5: best_val= 93.75% (ep6) test= 56.25%
  S18 1500ms fold5/5: best_val= 50.00% (ep1) test= 50.00%
  S18 3000ms fold1/5: best_val= 87.50% (ep7) test= 43.75%
  S18 3000ms fold2/5: best_val= 62.50% (ep10) test= 68.75%
  S18 3000ms fold3/5: best_val= 62.50% (ep8) test= 62.50%
  S18 3000ms fold4/5: best_val= 81.25% (ep4) test= 43.75%
  S18 3000ms fold5/5: best_val= 62.50% (ep4) test= 62.50%
  S18 4000ms fold1/5: best_val= 75.00% (ep12) test= 56.25%
  S18 4000ms fold2/5: best_val= 75.00% (ep5) test= 68.75%
  S18 4000ms fold3/5: best_val= 56.25% (ep8) test= 50.00%
  S18 4000ms fold4/5: best_val= 87.50% (ep19) test= 56.25%
  S18 4000ms fold5/5: best_val= 62.50% (ep11) test= 68.75%
S18: 800ms= 53.75%  1500ms= 56.25%  3000ms= 56.25%  4000ms= 60.00%   (46s)

ALL SUBJECTS COMPLETED — HOC/WFE  (852s)

====================================================================
SAVED HOC/WFE -> /work/11862/rmaahin/ls6/FineMI-enhancements/ConformerEEG/experiments/option_b/results/full/HOC_WFE
gpu=NVIDIA A100-PCIE-40GB | torch=2.8.0+cu128 | seed=42 | model=conformer_b | mode=full
====================================================================
window_ms   800    1500   3000   4000
subject                              
1          55.56  55.56  61.11  61.11
2          52.50  47.50  46.25  48.75
3          75.00  62.50  50.00  51.25
4          51.25  50.00  52.50  58.75
5          55.00  53.75  46.25  52.50
6          60.00  48.75  47.50  47.50
7          48.75  52.50  52.50  48.75
8          63.75  55.00  53.75  57.50
9          50.00  43.75  55.00  61.25
10         57.50  51.25  47.50  46.25
11         51.25  46.25  50.00  48.75
12         61.25  63.75  56.25  55.00
13         62.50  57.50  47.50  43.75
14         50.00  45.00  46.25  47.50
15         45.00  45.00  48.75  60.00
16         53.75  52.50  51.25  48.75
17         55.00  56.25  62.50  62.50
18         53.75  56.25  56.25  60.00

mean: {800: 55.66, 1500: 52.39, 3000: 51.73, 4000: 53.33}
sd  : {800: 6.95, 1500: 5.8, 3000: 4.97, 4000: 6.16}

Pairs saved so far in /work/11862/rmaahin/ls6/FineMI-enhancements/ConformerEEG/experiments/option_b/results/full: 3/28

##### pair_idx=1 (HOC_WAA) #####

Using device: cuda | gpu=NVIDIA A100-PCIE-40GB | torch=2.8.0+cu128
NOTE: determinism holds per-GPU-model. Record this GPU name.

PAIR: HOC/WAA  (classes 0 vs 2)  model=conformer_b  mode=full
Test time windows: [800, 1500, 3000, 4000] ms
Test time windows (samples): [200, 375, 750, 1000]

BINARY CLASSIFICATION: Class 0 vs Class 2  (HOC/WAA)
  Class 0 (original 0): 725 trials
  Class 1 (original 2): 725 trials

Extracted time windows:
  800ms (200 samples): shape (1450, 62, 200)
  1500ms (375 samples): shape (1450, 62, 375)
  3000ms (750 samples): shape (1450, 62, 750)
  4000ms (1000 samples): shape (1450, 62, 1000)

Model configuration:
  Model: conformer_b
  Channels: 62
  Subjects: [1, 2, 3, 4, 5, 6, 7, 8, 9, 10, 11, 12, 13, 14, 15, 16, 17, 18]
  Time windows: [800, 1500, 3000, 4000] ms
  Classes: 2 (Binary: Class 0 vs Class 2)
  Folds: 5
  Batch size: 32
  Epochs per subject per time window: 50
  S1 800ms fold1/5: best_val= 61.11% (ep1) test= 55.56%
  S1 800ms fold2/5: best_val= 55.56% (ep4) test= 61.11%
  S1 800ms fold3/5: best_val= 77.78% (ep16) test= 55.56%
  S1 800ms fold4/5: best_val= 77.78% (ep26) test= 50.00%
  S1 800ms fold5/5: best_val= 66.67% (ep5) test= 44.44%
  S1 1500ms fold1/5: best_val= 72.22% (ep3) test= 44.44%
  S1 1500ms fold2/5: best_val= 50.00% (ep1) test= 50.00%
  S1 1500ms fold3/5: best_val= 72.22% (ep8) test= 66.67%
  S1 1500ms fold4/5: best_val= 72.22% (ep8) test= 44.44%
  S1 1500ms fold5/5: best_val= 61.11% (ep1) test= 50.00%
  S1 3000ms fold1/5: best_val= 77.78% (ep7) test= 61.11%
  S1 3000ms fold2/5: best_val= 66.67% (ep5) test= 38.89%
  S1 3000ms fold3/5: best_val= 83.33% (ep26) test= 44.44%
  S1 3000ms fold4/5: best_val= 66.67% (ep23) test= 77.78%
  S1 3000ms fold5/5: best_val= 72.22% (ep12) test= 38.89%
  S1 4000ms fold1/5: best_val= 66.67% (ep6) test= 61.11%
  S1 4000ms fold2/5: best_val= 55.56% (ep4) test= 55.56%
  S1 4000ms fold3/5: best_val= 72.22% (ep4) test= 55.56%
  S1 4000ms fold4/5: best_val= 66.67% (ep25) test= 66.67%
  S1 4000ms fold5/5: best_val= 77.78% (ep13) test= 44.44%
S 1: 800ms= 53.33%  1500ms= 51.11%  3000ms= 52.22%  4000ms= 56.67%   (59s)
  S2 800ms fold1/5: best_val= 56.25% (ep8) test= 56.25%
  S2 800ms fold2/5: best_val= 62.50% (ep18) test= 43.75%
  S2 800ms fold3/5: best_val= 75.00% (ep7) test= 75.00%
  S2 800ms fold4/5: best_val= 87.50% (ep6) test= 43.75%
  S2 800ms fold5/5: best_val= 62.50% (ep2) test= 37.50%
  S2 1500ms fold1/5: best_val= 75.00% (ep9) test= 62.50%
  S2 1500ms fold2/5: best_val= 62.50% (ep2) test= 50.00%
  S2 1500ms fold3/5: best_val= 81.25% (ep21) test= 56.25%
  S2 1500ms fold4/5: best_val= 75.00% (ep11) test= 50.00%
  S2 1500ms fold5/5: best_val= 81.25% (ep12) test= 68.75%
  S2 3000ms fold1/5: best_val= 56.25% (ep8) test= 50.00%
  S2 3000ms fold2/5: best_val= 56.25% (ep5) test= 43.75%
  S2 3000ms fold3/5: best_val= 56.25% (ep3) test= 56.25%
  S2 3000ms fold4/5: best_val= 62.50% (ep1) test= 43.75%
  S2 3000ms fold5/5: best_val= 62.50% (ep7) test= 56.25%
  S2 4000ms fold1/5: best_val= 62.50% (ep1) test= 50.00%
  S2 4000ms fold2/5: best_val= 56.25% (ep4) test= 50.00%
  S2 4000ms fold3/5: best_val= 56.25% (ep4) test= 56.25%
  S2 4000ms fold4/5: best_val= 62.50% (ep6) test= 56.25%
  S2 4000ms fold5/5: best_val= 50.00% (ep1) test= 50.00%
S 2: 800ms= 51.25%  1500ms= 57.50%  3000ms= 50.00%  4000ms= 52.50%   (46s)
  S3 800ms fold1/5: best_val= 81.25% (ep10) test= 50.00%
  S3 800ms fold2/5: best_val= 93.75% (ep9) test= 56.25%
  S3 800ms fold3/5: best_val= 68.75% (ep13) test= 68.75%
  S3 800ms fold4/5: best_val= 75.00% (ep8) test= 50.00%
  S3 800ms fold5/5: best_val= 75.00% (ep13) test= 75.00%
  S3 1500ms fold1/5: best_val= 81.25% (ep18) test= 62.50%
  S3 1500ms fold2/5: best_val= 75.00% (ep9) test= 43.75%
  S3 1500ms fold3/5: best_val= 56.25% (ep7) test= 50.00%
  S3 1500ms fold4/5: best_val= 87.50% (ep17) test= 50.00%
  S3 1500ms fold5/5: best_val= 56.25% (ep4) test= 50.00%
  S3 3000ms fold1/5: best_val= 75.00% (ep3) test= 81.25%
  S3 3000ms fold2/5: best_val= 81.25% (ep4) test= 50.00%
  S3 3000ms fold3/5: best_val= 62.50% (ep7) test= 56.25%
  S3 3000ms fold4/5: best_val= 68.75% (ep4) test= 50.00%
  S3 3000ms fold5/5: best_val= 62.50% (ep5) test= 62.50%
  S3 4000ms fold1/5: best_val= 68.75% (ep19) test= 81.25%
  S3 4000ms fold2/5: best_val= 75.00% (ep15) test= 50.00%
  S3 4000ms fold3/5: best_val= 56.25% (ep9) test= 68.75%
  S3 4000ms fold4/5: best_val= 62.50% (ep2) test= 50.00%
  S3 4000ms fold5/5: best_val= 68.75% (ep5) test= 68.75%
S 3: 800ms= 60.00%  1500ms= 51.25%  3000ms= 60.00%  4000ms= 63.75%   (46s)
  S4 800ms fold1/5: best_val= 81.25% (ep6) test= 50.00%
  S4 800ms fold2/5: best_val= 68.75% (ep14) test= 62.50%
  S4 800ms fold3/5: best_val= 62.50% (ep1) test= 68.75%
  S4 800ms fold4/5: best_val= 56.25% (ep1) test= 62.50%
  S4 800ms fold5/5: best_val= 62.50% (ep7) test= 43.75%
  S4 1500ms fold1/5: best_val= 68.75% (ep20) test= 43.75%
  S4 1500ms fold2/5: best_val= 56.25% (ep5) test= 50.00%
  S4 1500ms fold3/5: best_val= 68.75% (ep19) test= 56.25%
  S4 1500ms fold4/5: best_val= 68.75% (ep16) test= 68.75%
  S4 1500ms fold5/5: best_val= 50.00% (ep1) test= 50.00%
  S4 3000ms fold1/5: best_val= 68.75% (ep19) test= 68.75%
  S4 3000ms fold2/5: best_val= 62.50% (ep11) test= 68.75%
  S4 3000ms fold3/5: best_val= 56.25% (ep7) test= 50.00%
  S4 3000ms fold4/5: best_val= 62.50% (ep14) test= 56.25%
  S4 3000ms fold5/5: best_val= 75.00% (ep12) test= 62.50%
  S4 4000ms fold1/5: best_val= 56.25% (ep7) test= 56.25%
  S4 4000ms fold2/5: best_val= 56.25% (ep12) test= 50.00%
  S4 4000ms fold3/5: best_val= 62.50% (ep13) test= 56.25%
  S4 4000ms fold4/5: best_val= 62.50% (ep18) test= 81.25%
  S4 4000ms fold5/5: best_val= 62.50% (ep7) test= 56.25%
S 4: 800ms= 57.50%  1500ms= 53.75%  3000ms= 61.25%  4000ms= 60.00%   (46s)
  S5 800ms fold1/5: best_val= 62.50% (ep2) test= 56.25%
  S5 800ms fold2/5: best_val= 62.50% (ep1) test= 56.25%
  S5 800ms fold3/5: best_val= 68.75% (ep5) test= 56.25%
  S5 800ms fold4/5: best_val= 75.00% (ep1) test= 56.25%
  S5 800ms fold5/5: best_val= 75.00% (ep25) test= 37.50%
  S5 1500ms fold1/5: best_val= 81.25% (ep9) test= 50.00%
  S5 1500ms fold2/5: best_val= 50.00% (ep1) test= 50.00%
  S5 1500ms fold3/5: best_val= 62.50% (ep2) test= 50.00%
  S5 1500ms fold4/5: best_val= 62.50% (ep1) test= 50.00%
  S5 1500ms fold5/5: best_val= 68.75% (ep10) test= 62.50%
  S5 3000ms fold1/5: best_val= 81.25% (ep3) test= 50.00%
  S5 3000ms fold2/5: best_val= 50.00% (ep1) test= 50.00%
  S5 3000ms fold3/5: best_val= 50.00% (ep1) test= 50.00%
  S5 3000ms fold4/5: best_val= 68.75% (ep10) test= 68.75%
  S5 3000ms fold5/5: best_val= 56.25% (ep2) test= 62.50%
  S5 4000ms fold1/5: best_val= 62.50% (ep12) test= 56.25%
  S5 4000ms fold2/5: best_val= 56.25% (ep6) test= 56.25%
  S5 4000ms fold3/5: best_val= 50.00% (ep1) test= 50.00%
  S5 4000ms fold4/5: best_val= 81.25% (ep14) test= 43.75%
  S5 4000ms fold5/5: best_val= 68.75% (ep9) test= 56.25%
S 5: 800ms= 52.50%  1500ms= 52.50%  3000ms= 56.25%  4000ms= 52.50%   (46s)
  S6 800ms fold1/5: best_val= 68.75% (ep9) test= 56.25%
  S6 800ms fold2/5: best_val= 81.25% (ep8) test= 75.00%
  S6 800ms fold3/5: best_val= 87.50% (ep28) test= 62.50%
  S6 800ms fold4/5: best_val= 68.75% (ep22) test= 37.50%
  S6 800ms fold5/5: best_val= 81.25% (ep12) test= 56.25%
  S6 1500ms fold1/5: best_val= 81.25% (ep12) test= 68.75%
  S6 1500ms fold2/5: best_val= 68.75% (ep5) test= 68.75%
  S6 1500ms fold3/5: best_val= 75.00% (ep19) test= 62.50%
  S6 1500ms fold4/5: best_val= 81.25% (ep13) test= 75.00%
  S6 1500ms fold5/5: best_val= 75.00% (ep10) test= 62.50%
  S6 3000ms fold1/5: best_val= 75.00% (ep14) test= 68.75%
  S6 3000ms fold2/5: best_val= 81.25% (ep8) test= 75.00%
  S6 3000ms fold3/5: best_val= 56.25% (ep2) test= 56.25%
  S6 3000ms fold4/5: best_val= 75.00% (ep8) test= 56.25%
  S6 3000ms fold5/5: best_val= 75.00% (ep3) test= 50.00%
  S6 4000ms fold1/5: best_val= 81.25% (ep8) test= 68.75%
  S6 4000ms fold2/5: best_val= 75.00% (ep20) test= 56.25%
  S6 4000ms fold3/5: best_val= 62.50% (ep5) test= 56.25%
  S6 4000ms fold4/5: best_val= 81.25% (ep19) test= 68.75%
  S6 4000ms fold5/5: best_val= 87.50% (ep18) test= 68.75%
S 6: 800ms= 57.50%  1500ms= 67.50%  3000ms= 61.25%  4000ms= 63.75%   (47s)
  S7 800ms fold1/5: best_val= 62.50% (ep3) test= 50.00%
  S7 800ms fold2/5: best_val= 62.50% (ep8) test= 37.50%
  S7 800ms fold3/5: best_val= 62.50% (ep8) test= 62.50%
  S7 800ms fold4/5: best_val= 50.00% (ep1) test= 50.00%
  S7 800ms fold5/5: best_val= 56.25% (ep6) test= 43.75%
  S7 1500ms fold1/5: best_val= 56.25% (ep25) test= 56.25%
  S7 1500ms fold2/5: best_val= 56.25% (ep9) test= 62.50%
  S7 1500ms fold3/5: best_val= 62.50% (ep40) test= 75.00%
  S7 1500ms fold4/5: best_val= 68.75% (ep6) test= 50.00%
  S7 1500ms fold5/5: best_val= 62.50% (ep6) test= 62.50%
  S7 3000ms fold1/5: best_val= 68.75% (ep15) test= 75.00%
  S7 3000ms fold2/5: best_val= 68.75% (ep4) test= 56.25%
  S7 3000ms fold3/5: best_val= 81.25% (ep16) test= 56.25%
  S7 3000ms fold4/5: best_val= 75.00% (ep8) test= 62.50%
  S7 3000ms fold5/5: best_val= 75.00% (ep17) test= 75.00%
  S7 4000ms fold1/5: best_val= 75.00% (ep1) test= 25.00%
  S7 4000ms fold2/5: best_val= 56.25% (ep6) test= 68.75%
  S7 4000ms fold3/5: best_val= 68.75% (ep10) test= 62.50%
  S7 4000ms fold4/5: best_val= 68.75% (ep1) test= 50.00%
  S7 4000ms fold5/5: best_val= 56.25% (ep4) test= 50.00%
S 7: 800ms= 48.75%  1500ms= 61.25%  3000ms= 65.00%  4000ms= 51.25%   (46s)
  S8 800ms fold1/5: best_val= 68.75% (ep8) test= 50.00%
  S8 800ms fold2/5: best_val= 62.50% (ep24) test= 62.50%
  S8 800ms fold3/5: best_val= 62.50% (ep12) test= 75.00%
  S8 800ms fold4/5: best_val= 87.50% (ep12) test= 62.50%
  S8 800ms fold5/5: best_val= 62.50% (ep3) test= 56.25%
  S8 1500ms fold1/5: best_val= 68.75% (ep3) test= 50.00%
  S8 1500ms fold2/5: best_val= 56.25% (ep1) test= 62.50%
  S8 1500ms fold3/5: best_val= 62.50% (ep3) test= 56.25%
  S8 1500ms fold4/5: best_val= 56.25% (ep5) test= 37.50%
  S8 1500ms fold5/5: best_val= 75.00% (ep5) test= 81.25%
  S8 3000ms fold1/5: best_val= 68.75% (ep14) test= 56.25%
  S8 3000ms fold2/5: best_val= 68.75% (ep6) test= 50.00%
  S8 3000ms fold3/5: best_val= 68.75% (ep13) test= 56.25%
  S8 3000ms fold4/5: best_val= 68.75% (ep10) test= 43.75%
  S8 3000ms fold5/5: best_val= 75.00% (ep15) test= 62.50%
  S8 4000ms fold1/5: best_val= 68.75% (ep6) test= 68.75%
  S8 4000ms fold2/5: best_val= 56.25% (ep1) test= 43.75%
  S8 4000ms fold3/5: best_val= 68.75% (ep4) test= 43.75%
  S8 4000ms fold4/5: best_val= 62.50% (ep19) test= 56.25%
  S8 4000ms fold5/5: best_val= 75.00% (ep7) test= 43.75%
S 8: 800ms= 61.25%  1500ms= 57.50%  3000ms= 53.75%  4000ms= 51.25%   (46s)
  S9 800ms fold1/5: best_val= 62.50% (ep2) test= 50.00%
  S9 800ms fold2/5: best_val= 75.00% (ep6) test= 56.25%
  S9 800ms fold3/5: best_val= 62.50% (ep10) test= 56.25%
  S9 800ms fold4/5: best_val= 62.50% (ep1) test= 56.25%
  S9 800ms fold5/5: best_val= 62.50% (ep1) test= 43.75%
  S9 1500ms fold1/5: best_val= 50.00% (ep1) test= 50.00%
  S9 1500ms fold2/5: best_val= 75.00% (ep9) test= 50.00%
  S9 1500ms fold3/5: best_val= 75.00% (ep9) test= 50.00%
  S9 1500ms fold4/5: best_val= 81.25% (ep10) test= 43.75%
  S9 1500ms fold5/5: best_val= 68.75% (ep7) test= 43.75%
  S9 3000ms fold1/5: best_val= 81.25% (ep1) test= 50.00%
  S9 3000ms fold2/5: best_val= 68.75% (ep7) test= 50.00%
  S9 3000ms fold3/5: best_val= 62.50% (ep5) test= 62.50%
  S9 3000ms fold4/5: best_val= 75.00% (ep6) test= 50.00%
  S9 3000ms fold5/5: best_val= 62.50% (ep16) test= 56.25%
  S9 4000ms fold1/5: best_val= 68.75% (ep20) test= 62.50%
  S9 4000ms fold2/5: best_val= 68.75% (ep11) test= 50.00%
  S9 4000ms fold3/5: best_val= 81.25% (ep9) test= 56.25%
  S9 4000ms fold4/5: best_val= 68.75% (ep10) test= 56.25%
  S9 4000ms fold5/5: best_val= 62.50% (ep10) test= 50.00%
S 9: 800ms= 52.50%  1500ms= 47.50%  3000ms= 53.75%  4000ms= 55.00%   (46s)
  S10 800ms fold1/5: best_val= 62.50% (ep9) test= 31.25%
  S10 800ms fold2/5: best_val= 56.25% (ep1) test= 43.75%
  S10 800ms fold3/5: best_val= 62.50% (ep5) test= 50.00%
  S10 800ms fold4/5: best_val= 56.25% (ep5) test= 50.00%
  S10 800ms fold5/5: best_val= 62.50% (ep6) test= 37.50%
  S10 1500ms fold1/5: best_val= 93.75% (ep15) test= 68.75%
  S10 1500ms fold2/5: best_val= 75.00% (ep11) test= 68.75%
  S10 1500ms fold3/5: best_val= 62.50% (ep6) test= 62.50%
  S10 1500ms fold4/5: best_val= 62.50% (ep10) test= 37.50%
  S10 1500ms fold5/5: best_val= 81.25% (ep20) test= 56.25%
  S10 3000ms fold1/5: best_val= 87.50% (ep23) test= 50.00%
  S10 3000ms fold2/5: best_val= 56.25% (ep4) test= 50.00%
  S10 3000ms fold3/5: best_val= 75.00% (ep12) test= 75.00%
  S10 3000ms fold4/5: best_val= 75.00% (ep25) test= 50.00%
  S10 3000ms fold5/5: best_val= 75.00% (ep11) test= 75.00%
  S10 4000ms fold1/5: best_val= 75.00% (ep21) test= 50.00%
  S10 4000ms fold2/5: best_val= 62.50% (ep5) test= 75.00%
  S10 4000ms fold3/5: best_val= 62.50% (ep7) test= 81.25%
  S10 4000ms fold4/5: best_val= 62.50% (ep16) test= 37.50%
  S10 4000ms fold5/5: best_val= 68.75% (ep6) test= 56.25%
S10: 800ms= 42.50%  1500ms= 58.75%  3000ms= 60.00%  4000ms= 60.00%   (46s)
  S11 800ms fold1/5: best_val= 50.00% (ep1) test= 50.00%
  S11 800ms fold2/5: best_val= 50.00% (ep1) test= 25.00%
  S11 800ms fold3/5: best_val= 62.50% (ep13) test= 56.25%
  S11 800ms fold4/5: best_val= 56.25% (ep13) test= 50.00%
  S11 800ms fold5/5: best_val= 56.25% (ep3) test= 50.00%
  S11 1500ms fold1/5: best_val= 56.25% (ep1) test= 50.00%
  S11 1500ms fold2/5: best_val= 62.50% (ep13) test= 37.50%
  S11 1500ms fold3/5: best_val= 56.25% (ep6) test= 50.00%
  S11 1500ms fold4/5: best_val= 68.75% (ep6) test= 56.25%
  S11 1500ms fold5/5: best_val= 56.25% (ep5) test= 68.75%
  S11 3000ms fold1/5: best_val= 62.50% (ep6) test= 62.50%
  S11 3000ms fold2/5: best_val= 62.50% (ep6) test= 43.75%
  S11 3000ms fold3/5: best_val= 62.50% (ep4) test= 50.00%
  S11 3000ms fold4/5: best_val= 56.25% (ep27) test= 56.25%
  S11 3000ms fold5/5: best_val= 56.25% (ep6) test= 43.75%
  S11 4000ms fold1/5: best_val= 62.50% (ep4) test= 50.00%
  S11 4000ms fold2/5: best_val= 75.00% (ep25) test= 62.50%
  S11 4000ms fold3/5: best_val= 68.75% (ep1) test= 50.00%
  S11 4000ms fold4/5: best_val= 62.50% (ep13) test= 75.00%
  S11 4000ms fold5/5: best_val= 62.50% (ep11) test= 62.50%
S11: 800ms= 46.25%  1500ms= 52.50%  3000ms= 51.25%  4000ms= 60.00%   (46s)
  S12 800ms fold1/5: best_val= 81.25% (ep12) test= 50.00%
  S12 800ms fold2/5: best_val= 68.75% (ep2) test= 31.25%
  S12 800ms fold3/5: best_val= 50.00% (ep1) test= 50.00%
  S12 800ms fold4/5: best_val= 62.50% (ep4) test= 50.00%
  S12 800ms fold5/5: best_val= 87.50% (ep9) test= 56.25%
  S12 1500ms fold1/5: best_val= 75.00% (ep9) test= 56.25%
  S12 1500ms fold2/5: best_val= 75.00% (ep5) test= 81.25%
  S12 1500ms fold3/5: best_val= 68.75% (ep18) test= 56.25%
  S12 1500ms fold4/5: best_val= 68.75% (ep32) test= 62.50%
  S12 1500ms fold5/5: best_val= 81.25% (ep9) test= 50.00%
  S12 3000ms fold1/5: best_val= 68.75% (ep8) test= 56.25%
  S12 3000ms fold2/5: best_val= 87.50% (ep9) test= 62.50%
  S12 3000ms fold3/5: best_val= 68.75% (ep18) test= 62.50%
  S12 3000ms fold4/5: best_val= 56.25% (ep26) test= 75.00%
  S12 3000ms fold5/5: best_val= 62.50% (ep4) test= 62.50%
  S12 4000ms fold1/5: best_val= 56.25% (ep10) test= 56.25%
  S12 4000ms fold2/5: best_val= 56.25% (ep7) test= 43.75%
  S12 4000ms fold3/5: best_val= 81.25% (ep3) test= 50.00%
  S12 4000ms fold4/5: best_val= 56.25% (ep4) test= 62.50%
  S12 4000ms fold5/5: best_val= 56.25% (ep3) test= 56.25%
S12: 800ms= 47.50%  1500ms= 61.25%  3000ms= 63.75%  4000ms= 53.75%   (46s)
  S13 800ms fold1/5: best_val= 62.50% (ep7) test= 68.75%
  S13 800ms fold2/5: best_val= 75.00% (ep4) test= 68.75%
  S13 800ms fold3/5: best_val= 75.00% (ep15) test= 43.75%
  S13 800ms fold4/5: best_val= 68.75% (ep8) test= 68.75%
  S13 800ms fold5/5: best_val= 62.50% (ep6) test= 56.25%
  S13 1500ms fold1/5: best_val= 75.00% (ep6) test= 56.25%
  S13 1500ms fold2/5: best_val= 68.75% (ep6) test= 25.00%
  S13 1500ms fold3/5: best_val= 75.00% (ep5) test= 75.00%
  S13 1500ms fold4/5: best_val= 75.00% (ep30) test= 62.50%
  S13 1500ms fold5/5: best_val= 62.50% (ep3) test= 68.75%
  S13 3000ms fold1/5: best_val= 68.75% (ep2) test= 56.25%
  S13 3000ms fold2/5: best_val= 50.00% (ep1) test= 50.00%
  S13 3000ms fold3/5: best_val= 87.50% (ep25) test= 56.25%
  S13 3000ms fold4/5: best_val= 75.00% (ep20) test= 37.50%
  S13 3000ms fold5/5: best_val= 75.00% (ep4) test= 68.75%
  S13 4000ms fold1/5: best_val= 68.75% (ep5) test= 56.25%
  S13 4000ms fold2/5: best_val= 62.50% (ep3) test= 62.50%
  S13 4000ms fold3/5: best_val= 81.25% (ep12) test= 75.00%
  S13 4000ms fold4/5: best_val= 68.75% (ep3) test= 50.00%
  S13 4000ms fold5/5: best_val= 62.50% (ep3) test= 50.00%
S13: 800ms= 61.25%  1500ms= 57.50%  3000ms= 53.75%  4000ms= 58.75%   (46s)
  S14 800ms fold1/5: best_val= 68.75% (ep11) test= 93.75%
  S14 800ms fold2/5: best_val= 87.50% (ep13) test= 93.75%
  S14 800ms fold3/5: best_val= 68.75% (ep7) test= 81.25%
  S14 800ms fold4/5: best_val= 87.50% (ep10) test= 68.75%
  S14 800ms fold5/5: best_val= 81.25% (ep12) test= 75.00%
  S14 1500ms fold1/5: best_val= 75.00% (ep13) test= 87.50%
  S14 1500ms fold2/5: best_val= 81.25% (ep21) test= 68.75%
  S14 1500ms fold3/5: best_val= 81.25% (ep14) test= 75.00%
  S14 1500ms fold4/5: best_val= 81.25% (ep11) test= 62.50%
  S14 1500ms fold5/5: best_val= 87.50% (ep5) test= 75.00%
  S14 3000ms fold1/5: best_val= 62.50% (ep13) test= 62.50%
  S14 3000ms fold2/5: best_val= 68.75% (ep7) test= 56.25%
  S14 3000ms fold3/5: best_val= 68.75% (ep8) test= 68.75%
  S14 3000ms fold4/5: best_val= 56.25% (ep4) test= 62.50%
  S14 3000ms fold5/5: best_val= 75.00% (ep11) test= 56.25%
  S14 4000ms fold1/5: best_val= 62.50% (ep11) test= 75.00%
  S14 4000ms fold2/5: best_val= 75.00% (ep12) test= 50.00%
  S14 4000ms fold3/5: best_val= 81.25% (ep8) test= 50.00%
  S14 4000ms fold4/5: best_val= 62.50% (ep25) test= 50.00%
  S14 4000ms fold5/5: best_val= 81.25% (ep11) test= 62.50%
S14: 800ms= 82.50%  1500ms= 73.75%  3000ms= 61.25%  4000ms= 57.50%   (47s)
  S15 800ms fold1/5: best_val= 50.00% (ep1) test= 50.00%
  S15 800ms fold2/5: best_val= 56.25% (ep11) test= 43.75%
  S15 800ms fold3/5: best_val= 68.75% (ep7) test= 50.00%
  S15 800ms fold4/5: best_val= 50.00% (ep1) test= 50.00%
  S15 800ms fold5/5: best_val= 62.50% (ep14) test= 62.50%
  S15 1500ms fold1/5: best_val= 75.00% (ep16) test= 75.00%
  S15 1500ms fold2/5: best_val= 50.00% (ep1) test= 50.00%
  S15 1500ms fold3/5: best_val= 68.75% (ep10) test= 50.00%
  S15 1500ms fold4/5: best_val= 62.50% (ep10) test= 56.25%
  S15 1500ms fold5/5: best_val= 56.25% (ep8) test= 56.25%
  S15 3000ms fold1/5: best_val= 68.75% (ep7) test= 68.75%
  S15 3000ms fold2/5: best_val= 75.00% (ep14) test= 43.75%
  S15 3000ms fold3/5: best_val= 62.50% (ep6) test= 56.25%
  S15 3000ms fold4/5: best_val= 56.25% (ep6) test= 43.75%
  S15 3000ms fold5/5: best_val= 81.25% (ep12) test= 56.25%
  S15 4000ms fold1/5: best_val= 75.00% (ep16) test= 62.50%
  S15 4000ms fold2/5: best_val= 87.50% (ep12) test= 43.75%
  S15 4000ms fold3/5: best_val= 62.50% (ep3) test= 50.00%
  S15 4000ms fold4/5: best_val= 75.00% (ep29) test= 68.75%
  S15 4000ms fold5/5: best_val= 62.50% (ep9) test= 56.25%
S15: 800ms= 51.25%  1500ms= 57.50%  3000ms= 53.75%  4000ms= 56.25%   (46s)
  S16 800ms fold1/5: best_val= 62.50% (ep5) test= 50.00%
  S16 800ms fold2/5: best_val= 50.00% (ep1) test= 50.00%
  S16 800ms fold3/5: best_val= 62.50% (ep12) test= 68.75%
  S16 800ms fold4/5: best_val= 56.25% (ep9) test= 81.25%
  S16 800ms fold5/5: best_val= 56.25% (ep6) test= 43.75%
  S16 1500ms fold1/5: best_val= 62.50% (ep16) test= 81.25%
  S16 1500ms fold2/5: best_val= 56.25% (ep3) test= 50.00%
  S16 1500ms fold3/5: best_val= 68.75% (ep9) test= 62.50%
  S16 1500ms fold4/5: best_val= 75.00% (ep8) test= 62.50%
  S16 1500ms fold5/5: best_val= 68.75% (ep13) test= 56.25%
  S16 3000ms fold1/5: best_val= 75.00% (ep11) test= 68.75%
  S16 3000ms fold2/5: best_val= 81.25% (ep14) test= 56.25%
  S16 3000ms fold3/5: best_val= 62.50% (ep15) test= 62.50%
  S16 3000ms fold4/5: best_val= 62.50% (ep10) test= 62.50%
  S16 3000ms fold5/5: best_val= 75.00% (ep11) test= 68.75%
  S16 4000ms fold1/5: best_val= 68.75% (ep6) test= 75.00%
  S16 4000ms fold2/5: best_val= 62.50% (ep11) test= 56.25%
  S16 4000ms fold3/5: best_val= 87.50% (ep25) test= 50.00%
  S16 4000ms fold4/5: best_val= 62.50% (ep10) test= 75.00%
  S16 4000ms fold5/5: best_val= 62.50% (ep16) test= 68.75%
S16: 800ms= 58.75%  1500ms= 62.50%  3000ms= 63.75%  4000ms= 65.00%   (46s)
  S17 800ms fold1/5: best_val= 68.75% (ep5) test= 31.25%
  S17 800ms fold2/5: best_val= 56.25% (ep5) test= 50.00%
  S17 800ms fold3/5: best_val= 68.75% (ep6) test= 56.25%
  S17 800ms fold4/5: best_val= 50.00% (ep1) test= 50.00%
  S17 800ms fold5/5: best_val= 56.25% (ep3) test= 50.00%
  S17 1500ms fold1/5: best_val= 68.75% (ep8) test= 62.50%
  S17 1500ms fold2/5: best_val= 56.25% (ep5) test= 68.75%
  S17 1500ms fold3/5: best_val= 56.25% (ep1) test= 50.00%
  S17 1500ms fold4/5: best_val= 87.50% (ep7) test= 50.00%
  S17 1500ms fold5/5: best_val= 75.00% (ep9) test= 81.25%
  S17 3000ms fold1/5: best_val= 68.75% (ep20) test= 50.00%
  S17 3000ms fold2/5: best_val= 62.50% (ep4) test= 56.25%
  S17 3000ms fold3/5: best_val= 75.00% (ep11) test= 50.00%
  S17 3000ms fold4/5: best_val= 62.50% (ep12) test= 50.00%
  S17 3000ms fold5/5: best_val= 75.00% (ep7) test= 62.50%
  S17 4000ms fold1/5: best_val= 50.00% (ep1) test= 56.25%
  S17 4000ms fold2/5: best_val= 56.25% (ep6) test= 56.25%
  S17 4000ms fold3/5: best_val= 68.75% (ep12) test= 43.75%
  S17 4000ms fold4/5: best_val= 75.00% (ep7) test= 56.25%
  S17 4000ms fold5/5: best_val= 68.75% (ep11) test= 62.50%
S17: 800ms= 47.50%  1500ms= 62.50%  3000ms= 53.75%  4000ms= 55.00%   (46s)
  S18 800ms fold1/5: best_val= 68.75% (ep9) test= 37.50%
  S18 800ms fold2/5: best_val= 68.75% (ep6) test= 43.75%
  S18 800ms fold3/5: best_val= 56.25% (ep6) test= 68.75%
  S18 800ms fold4/5: best_val= 62.50% (ep5) test= 37.50%
  S18 800ms fold5/5: best_val= 56.25% (ep1) test= 37.50%
  S18 1500ms fold1/5: best_val= 56.25% (ep2) test= 56.25%
  S18 1500ms fold2/5: best_val= 62.50% (ep3) test= 75.00%
  S18 1500ms fold3/5: best_val= 56.25% (ep6) test= 56.25%
  S18 1500ms fold4/5: best_val= 62.50% (ep8) test= 62.50%
  S18 1500ms fold5/5: best_val= 50.00% (ep1) test= 50.00%
  S18 3000ms fold1/5: best_val= 68.75% (ep1) test= 62.50%
  S18 3000ms fold2/5: best_val= 68.75% (ep2) test= 68.75%
  S18 3000ms fold3/5: best_val= 68.75% (ep3) test= 68.75%
  S18 3000ms fold4/5: best_val= 87.50% (ep11) test= 75.00%
  S18 3000ms fold5/5: best_val= 68.75% (ep13) test= 50.00%
  S18 4000ms fold1/5: best_val= 68.75% (ep6) test= 68.75%
  S18 4000ms fold2/5: best_val= 75.00% (ep4) test= 50.00%
  S18 4000ms fold3/5: best_val= 56.25% (ep11) test= 68.75%
  S18 4000ms fold4/5: best_val= 75.00% (ep10) test= 62.50%
  S18 4000ms fold5/5: best_val= 75.00% (ep28) test= 43.75%
S18: 800ms= 45.00%  1500ms= 60.00%  3000ms= 65.00%  4000ms= 58.75%   (46s)

ALL SUBJECTS COMPLETED — HOC/WAA  (848s)

====================================================================
SAVED HOC/WAA -> /work/11862/rmaahin/ls6/FineMI-enhancements/ConformerEEG/experiments/option_b/results/full/HOC_WAA
gpu=NVIDIA A100-PCIE-40GB | torch=2.8.0+cu128 | seed=42 | model=conformer_b | mode=full
====================================================================
window_ms   800    1500   3000   4000
subject                              
1          53.33  51.11  52.22  56.67
2          51.25  57.50  50.00  52.50
3          60.00  51.25  60.00  63.75
4          57.50  53.75  61.25  60.00
5          52.50  52.50  56.25  52.50
6          57.50  67.50  61.25  63.75
7          48.75  61.25  65.00  51.25
8          61.25  57.50  53.75  51.25
9          52.50  47.50  53.75  55.00
10         42.50  58.75  60.00  60.00
11         46.25  52.50  51.25  60.00
12         47.50  61.25  63.75  53.75
13         61.25  57.50  53.75  58.75
14         82.50  73.75  61.25  57.50
15         51.25  57.50  53.75  56.25
16         58.75  62.50  63.75  65.00
17         47.50  62.50  53.75  55.00
18         45.00  60.00  65.00  58.75

mean: {800: 54.28, 1500: 58.12, 3000: 57.76, 4000: 57.31}
sd  : {800: 9.09, 1500: 6.36, 3000: 5.08, 4000: 4.29}

Pairs saved so far in /work/11862/rmaahin/ls6/FineMI-enhancements/ConformerEEG/experiments/option_b/results/full: 6/28

##### pair_idx=2 (HOC_EPS) #####

Using device: cuda | gpu=NVIDIA A100-PCIE-40GB | torch=2.8.0+cu128
NOTE: determinism holds per-GPU-model. Record this GPU name.

PAIR: HOC/EPS  (classes 0 vs 3)  model=conformer_b  mode=full
Test time windows: [800, 1500, 3000, 4000] ms
Test time windows (samples): [200, 375, 750, 1000]

BINARY CLASSIFICATION: Class 0 vs Class 3  (HOC/EPS)
  Class 0 (original 0): 725 trials
  Class 1 (original 3): 725 trials

Extracted time windows:
  800ms (200 samples): shape (1450, 62, 200)
  1500ms (375 samples): shape (1450, 62, 375)
  3000ms (750 samples): shape (1450, 62, 750)
  4000ms (1000 samples): shape (1450, 62, 1000)

Model configuration:
  Model: conformer_b
  Channels: 62
  Subjects: [1, 2, 3, 4, 5, 6, 7, 8, 9, 10, 11, 12, 13, 14, 15, 16, 17, 18]
  Time windows: [800, 1500, 3000, 4000] ms
  Classes: 2 (Binary: Class 0 vs Class 3)
  Folds: 5
  Batch size: 32
  Epochs per subject per time window: 50
  S1 800ms fold1/5: best_val= 61.11% (ep1) test= 44.44%
  S1 800ms fold2/5: best_val= 72.22% (ep10) test= 55.56%
  S1 800ms fold3/5: best_val= 72.22% (ep15) test= 50.00%
  S1 800ms fold4/5: best_val= 66.67% (ep5) test= 44.44%
  S1 800ms fold5/5: best_val= 83.33% (ep12) test= 55.56%
  S1 1500ms fold1/5: best_val= 83.33% (ep49) test= 50.00%
  S1 1500ms fold2/5: best_val= 55.56% (ep4) test= 61.11%
  S1 1500ms fold3/5: best_val= 72.22% (ep4) test= 50.00%
  S1 1500ms fold4/5: best_val= 66.67% (ep3) test= 61.11%
  S1 1500ms fold5/5: best_val= 55.56% (ep10) test= 38.89%
  S1 3000ms fold1/5: best_val= 77.78% (ep12) test= 72.22%
  S1 3000ms fold2/5: best_val= 61.11% (ep4) test= 50.00%
  S1 3000ms fold3/5: best_val= 77.78% (ep10) test= 55.56%
  S1 3000ms fold4/5: best_val= 72.22% (ep16) test= 61.11%
  S1 3000ms fold5/5: best_val= 61.11% (ep19) test= 61.11%
  S1 4000ms fold1/5: best_val= 77.78% (ep4) test= 55.56%
  S1 4000ms fold2/5: best_val= 77.78% (ep21) test= 50.00%
  S1 4000ms fold3/5: best_val= 66.67% (ep4) test= 55.56%
  S1 4000ms fold4/5: best_val= 72.22% (ep20) test= 55.56%
  S1 4000ms fold5/5: best_val= 72.22% (ep4) test= 33.33%
S 1: 800ms= 50.00%  1500ms= 52.22%  3000ms= 60.00%  4000ms= 50.00%   (60s)
  S2 800ms fold1/5: best_val= 56.25% (ep1) test= 56.25%
  S2 800ms fold2/5: best_val= 43.75% (ep1) test= 43.75%
  S2 800ms fold3/5: best_val= 68.75% (ep8) test= 43.75%
  S2 800ms fold4/5: best_val= 56.25% (ep2) test= 50.00%
  S2 800ms fold5/5: best_val= 62.50% (ep1) test= 43.75%
  S2 1500ms fold1/5: best_val= 56.25% (ep1) test= 56.25%
  S2 1500ms fold2/5: best_val= 56.25% (ep4) test= 68.75%
  S2 1500ms fold3/5: best_val= 75.00% (ep30) test= 43.75%
  S2 1500ms fold4/5: best_val= 75.00% (ep17) test= 62.50%
  S2 1500ms fold5/5: best_val= 62.50% (ep5) test= 50.00%
  S2 3000ms fold1/5: best_val= 62.50% (ep4) test= 43.75%
  S2 3000ms fold2/5: best_val= 56.25% (ep21) test= 25.00%
  S2 3000ms fold3/5: best_val= 68.75% (ep12) test= 37.50%
  S2 3000ms fold4/5: best_val= 56.25% (ep1) test= 50.00%
  S2 3000ms fold5/5: best_val= 50.00% (ep1) test= 50.00%
  S2 4000ms fold1/5: best_val= 81.25% (ep9) test= 50.00%
  S2 4000ms fold2/5: best_val= 50.00% (ep1) test= 50.00%
  S2 4000ms fold3/5: best_val= 62.50% (ep11) test= 43.75%
  S2 4000ms fold4/5: best_val= 56.25% (ep6) test= 37.50%
  S2 4000ms fold5/5: best_val= 56.25% (ep4) test= 56.25%
S 2: 800ms= 47.50%  1500ms= 56.25%  3000ms= 41.25%  4000ms= 47.50%   (46s)
  S3 800ms fold1/5: best_val= 75.00% (ep9) test= 50.00%
  S3 800ms fold2/5: best_val= 56.25% (ep5) test= 50.00%
  S3 800ms fold3/5: best_val= 56.25% (ep4) test= 37.50%
  S3 800ms fold4/5: best_val= 62.50% (ep1) test= 68.75%
  S3 800ms fold5/5: best_val= 75.00% (ep9) test= 75.00%
  S3 1500ms fold1/5: best_val= 75.00% (ep6) test= 18.75%
  S3 1500ms fold2/5: best_val= 68.75% (ep5) test= 43.75%
  S3 1500ms fold3/5: best_val= 56.25% (ep12) test= 37.50%
  S3 1500ms fold4/5: best_val= 62.50% (ep4) test= 31.25%
  S3 1500ms fold5/5: best_val= 75.00% (ep9) test= 50.00%
  S3 3000ms fold1/5: best_val= 68.75% (ep10) test= 43.75%
  S3 3000ms fold2/5: best_val= 50.00% (ep1) test= 50.00%
  S3 3000ms fold3/5: best_val= 56.25% (ep1) test= 56.25%
  S3 3000ms fold4/5: best_val= 68.75% (ep3) test= 50.00%
  S3 3000ms fold5/5: best_val= 62.50% (ep9) test= 43.75%
  S3 4000ms fold1/5: best_val= 68.75% (ep8) test= 31.25%
  S3 4000ms fold2/5: best_val= 56.25% (ep16) test= 56.25%
  S3 4000ms fold3/5: best_val= 56.25% (ep13) test= 62.50%
  S3 4000ms fold4/5: best_val= 62.50% (ep4) test= 50.00%
  S3 4000ms fold5/5: best_val= 68.75% (ep3) test= 43.75%
S 3: 800ms= 56.25%  1500ms= 36.25%  3000ms= 48.75%  4000ms= 48.75%   (46s)
  S4 800ms fold1/5: best_val= 75.00% (ep17) test= 37.50%
  S4 800ms fold2/5: best_val= 62.50% (ep5) test= 43.75%
  S4 800ms fold3/5: best_val= 50.00% (ep1) test= 50.00%
  S4 800ms fold4/5: best_val= 68.75% (ep1) test= 37.50%
  S4 800ms fold5/5: best_val= 50.00% (ep1) test= 50.00%
  S4 1500ms fold1/5: best_val= 62.50% (ep5) test= 68.75%
  S4 1500ms fold2/5: best_val= 56.25% (ep1) test= 43.75%
  S4 1500ms fold3/5: best_val= 62.50% (ep5) test= 62.50%
  S4 1500ms fold4/5: best_val= 68.75% (ep18) test= 37.50%
  S4 1500ms fold5/5: best_val= 75.00% (ep21) test= 50.00%
  S4 3000ms fold1/5: best_val= 68.75% (ep14) test= 75.00%
  S4 3000ms fold2/5: best_val= 75.00% (ep13) test= 56.25%
  S4 3000ms fold3/5: best_val= 81.25% (ep14) test= 68.75%
  S4 3000ms fold4/5: best_val= 93.75% (ep32) test= 75.00%
  S4 3000ms fold5/5: best_val= 81.25% (ep12) test= 75.00%
  S4 4000ms fold1/5: best_val= 62.50% (ep14) test= 87.50%
  S4 4000ms fold2/5: best_val= 75.00% (ep18) test= 81.25%
  S4 4000ms fold3/5: best_val= 81.25% (ep9) test= 56.25%
  S4 4000ms fold4/5: best_val=100.00% (ep16) test= 68.75%
  S4 4000ms fold5/5: best_val= 81.25% (ep7) test= 62.50%
S 4: 800ms= 43.75%  1500ms= 52.50%  3000ms= 70.00%  4000ms= 71.25%   (47s)
  S5 800ms fold1/5: best_val= 75.00% (ep15) test= 50.00%
  S5 800ms fold2/5: best_val= 81.25% (ep15) test= 37.50%
  S5 800ms fold3/5: best_val= 68.75% (ep2) test= 50.00%
  S5 800ms fold4/5: best_val= 56.25% (ep2) test= 62.50%
  S5 800ms fold5/5: best_val= 75.00% (ep21) test= 50.00%
  S5 1500ms fold1/5: best_val= 68.75% (ep6) test= 43.75%
  S5 1500ms fold2/5: best_val= 56.25% (ep4) test= 68.75%
  S5 1500ms fold3/5: best_val= 75.00% (ep6) test= 68.75%
  S5 1500ms fold4/5: best_val= 68.75% (ep6) test= 62.50%
  S5 1500ms fold5/5: best_val= 75.00% (ep16) test= 62.50%
  S5 3000ms fold1/5: best_val= 68.75% (ep26) test= 43.75%
  S5 3000ms fold2/5: best_val= 56.25% (ep4) test= 43.75%
  S5 3000ms fold3/5: best_val= 50.00% (ep2) test= 50.00%
  S5 3000ms fold4/5: best_val= 62.50% (ep1) test= 50.00%
  S5 3000ms fold5/5: best_val= 68.75% (ep8) test= 37.50%
  S5 4000ms fold1/5: best_val= 68.75% (ep14) test= 56.25%
  S5 4000ms fold2/5: best_val= 56.25% (ep6) test= 50.00%
  S5 4000ms fold3/5: best_val= 50.00% (ep1) test= 50.00%
  S5 4000ms fold4/5: best_val= 68.75% (ep6) test= 56.25%
  S5 4000ms fold5/5: best_val= 68.75% (ep8) test= 56.25%
S 5: 800ms= 50.00%  1500ms= 61.25%  3000ms= 45.00%  4000ms= 53.75%   (46s)
  S6 800ms fold1/5: best_val= 68.75% (ep8) test= 43.75%
  S6 800ms fold2/5: best_val= 75.00% (ep8) test= 62.50%
  S6 800ms fold3/5: best_val= 75.00% (ep4) test= 56.25%
  S6 800ms fold4/5: best_val= 50.00% (ep1) test= 50.00%
  S6 800ms fold5/5: best_val= 62.50% (ep3) test= 37.50%
  S6 1500ms fold1/5: best_val= 56.25% (ep16) test= 56.25%
  S6 1500ms fold2/5: best_val= 56.25% (ep4) test= 43.75%
  S6 1500ms fold3/5: best_val= 62.50% (ep6) test= 31.25%
  S6 1500ms fold4/5: best_val= 62.50% (ep8) test= 68.75%
  S6 1500ms fold5/5: best_val= 56.25% (ep3) test= 56.25%
  S6 3000ms fold1/5: best_val= 81.25% (ep12) test= 50.00%
  S6 3000ms fold2/5: best_val= 56.25% (ep1) test= 56.25%
  S6 3000ms fold3/5: best_val= 75.00% (ep21) test= 25.00%
  S6 3000ms fold4/5: best_val= 68.75% (ep1) test= 50.00%
  S6 3000ms fold5/5: best_val= 62.50% (ep3) test= 62.50%
  S6 4000ms fold1/5: best_val= 87.50% (ep48) test= 56.25%
  S6 4000ms fold2/5: best_val= 56.25% (ep3) test= 37.50%
  S6 4000ms fold3/5: best_val= 81.25% (ep4) test= 37.50%
  S6 4000ms fold4/5: best_val= 56.25% (ep4) test= 43.75%
  S6 4000ms fold5/5: best_val= 68.75% (ep2) test= 37.50%
S 6: 800ms= 50.00%  1500ms= 51.25%  3000ms= 48.75%  4000ms= 42.50%   (46s)
  S7 800ms fold1/5: best_val= 56.25% (ep7) test= 62.50%
  S7 800ms fold2/5: best_val= 68.75% (ep14) test= 68.75%
  S7 800ms fold3/5: best_val= 50.00% (ep2) test= 50.00%
  S7 800ms fold4/5: best_val= 68.75% (ep4) test= 62.50%
  S7 800ms fold5/5: best_val= 81.25% (ep14) test= 25.00%
  S7 1500ms fold1/5: best_val= 56.25% (ep7) test= 68.75%
  S7 1500ms fold2/5: best_val= 62.50% (ep12) test= 68.75%
  S7 1500ms fold3/5: best_val= 62.50% (ep4) test= 50.00%
  S7 1500ms fold4/5: best_val= 81.25% (ep22) test= 75.00%
  S7 1500ms fold5/5: best_val= 81.25% (ep10) test= 50.00%
  S7 3000ms fold1/5: best_val= 68.75% (ep7) test= 81.25%
  S7 3000ms fold2/5: best_val= 56.25% (ep15) test= 68.75%
  S7 3000ms fold3/5: best_val= 62.50% (ep1) test= 68.75%
  S7 3000ms fold4/5: best_val= 50.00% (ep1) test= 50.00%
  S7 3000ms fold5/5: best_val= 68.75% (ep6) test= 50.00%
  S7 4000ms fold1/5: best_val= 68.75% (ep9) test= 37.50%
  S7 4000ms fold2/5: best_val= 50.00% (ep1) test= 50.00%
  S7 4000ms fold3/5: best_val= 56.25% (ep11) test= 56.25%
  S7 4000ms fold4/5: best_val= 56.25% (ep3) test= 68.75%
  S7 4000ms fold5/5: best_val= 62.50% (ep5) test= 37.50%
S 7: 800ms= 53.75%  1500ms= 62.50%  3000ms= 63.75%  4000ms= 50.00%   (46s)
  S8 800ms fold1/5: best_val= 62.50% (ep5) test= 75.00%
  S8 800ms fold2/5: best_val= 56.25% (ep1) test= 50.00%
  S8 800ms fold3/5: best_val= 62.50% (ep7) test= 50.00%
  S8 800ms fold4/5: best_val= 62.50% (ep3) test= 68.75%
  S8 800ms fold5/5: best_val= 68.75% (ep7) test= 43.75%
  S8 1500ms fold1/5: best_val= 62.50% (ep23) test= 68.75%
  S8 1500ms fold2/5: best_val= 50.00% (ep1) test= 62.50%
  S8 1500ms fold3/5: best_val= 56.25% (ep1) test= 43.75%
  S8 1500ms fold4/5: best_val= 75.00% (ep7) test= 56.25%
  S8 1500ms fold5/5: best_val= 68.75% (ep6) test= 37.50%
  S8 3000ms fold1/5: best_val= 68.75% (ep8) test= 68.75%
  S8 3000ms fold2/5: best_val= 62.50% (ep3) test= 56.25%
  S8 3000ms fold3/5: best_val= 75.00% (ep6) test= 81.25%
  S8 3000ms fold4/5: best_val= 75.00% (ep23) test= 75.00%
  S8 3000ms fold5/5: best_val= 75.00% (ep33) test= 62.50%
  S8 4000ms fold1/5: best_val= 68.75% (ep17) test= 75.00%
  S8 4000ms fold2/5: best_val= 50.00% (ep1) test= 43.75%
  S8 4000ms fold3/5: best_val= 68.75% (ep19) test= 62.50%
  S8 4000ms fold4/5: best_val= 68.75% (ep3) test= 43.75%
  S8 4000ms fold5/5: best_val= 75.00% (ep5) test= 68.75%
S 8: 800ms= 57.50%  1500ms= 53.75%  3000ms= 68.75%  4000ms= 58.75%   (47s)
  S9 800ms fold1/5: best_val= 56.25% (ep7) test= 37.50%
  S9 800ms fold2/5: best_val= 62.50% (ep9) test= 50.00%
  S9 800ms fold3/5: best_val= 56.25% (ep4) test= 56.25%
  S9 800ms fold4/5: best_val= 68.75% (ep2) test= 37.50%
  S9 800ms fold5/5: best_val= 62.50% (ep5) test= 43.75%
  S9 1500ms fold1/5: best_val= 56.25% (ep4) test= 43.75%
  S9 1500ms fold2/5: best_val= 62.50% (ep5) test= 56.25%
  S9 1500ms fold3/5: best_val= 62.50% (ep10) test= 50.00%
  S9 1500ms fold4/5: best_val= 56.25% (ep6) test= 43.75%
  S9 1500ms fold5/5: best_val= 68.75% (ep4) test= 37.50%
  S9 3000ms fold1/5: best_val= 93.75% (ep8) test= 43.75%
  S9 3000ms fold2/5: best_val= 75.00% (ep2) test= 62.50%
  S9 3000ms fold3/5: best_val= 75.00% (ep5) test= 43.75%
  S9 3000ms fold4/5: best_val= 68.75% (ep10) test= 56.25%
  S9 3000ms fold5/5: best_val= 56.25% (ep17) test= 50.00%
  S9 4000ms fold1/5: best_val= 62.50% (ep5) test= 37.50%
  S9 4000ms fold2/5: best_val= 75.00% (ep9) test= 50.00%
  S9 4000ms fold3/5: best_val= 68.75% (ep6) test= 37.50%
  S9 4000ms fold4/5: best_val= 68.75% (ep16) test= 43.75%
  S9 4000ms fold5/5: best_val= 68.75% (ep25) test= 31.25%
S 9: 800ms= 45.00%  1500ms= 46.25%  3000ms= 51.25%  4000ms= 40.00%   (46s)
  S10 800ms fold1/5: best_val= 68.75% (ep8) test= 68.75%
  S10 800ms fold2/5: best_val= 62.50% (ep4) test= 81.25%
  S10 800ms fold3/5: best_val= 56.25% (ep14) test= 62.50%
  S10 800ms fold4/5: best_val= 75.00% (ep10) test= 56.25%
  S10 800ms fold5/5: best_val= 56.25% (ep5) test= 56.25%
  S10 1500ms fold1/5: best_val= 81.25% (ep16) test= 68.75%
  S10 1500ms fold2/5: best_val= 56.25% (ep10) test= 50.00%
  S10 1500ms fold3/5: best_val= 56.25% (ep13) test= 43.75%
  S10 1500ms fold4/5: best_val= 62.50% (ep10) test= 75.00%
  S10 1500ms fold5/5: best_val= 56.25% (ep8) test= 50.00%
  S10 3000ms fold1/5: best_val= 81.25% (ep12) test= 68.75%
  S10 3000ms fold2/5: best_val= 50.00% (ep1) test= 50.00%
  S10 3000ms fold3/5: best_val= 56.25% (ep14) test= 50.00%
  S10 3000ms fold4/5: best_val= 62.50% (ep9) test= 56.25%
  S10 3000ms fold5/5: best_val= 56.25% (ep10) test= 50.00%
  S10 4000ms fold1/5: best_val= 68.75% (ep5) test= 62.50%
  S10 4000ms fold2/5: best_val= 62.50% (ep8) test= 68.75%
  S10 4000ms fold3/5: best_val= 75.00% (ep12) test= 37.50%
  S10 4000ms fold4/5: best_val= 56.25% (ep8) test= 50.00%
  S10 4000ms fold5/5: best_val= 68.75% (ep8) test= 68.75%
S10: 800ms= 65.00%  1500ms= 57.50%  3000ms= 55.00%  4000ms= 57.50%   (46s)
  S11 800ms fold1/5: best_val= 62.50% (ep5) test= 56.25%
  S11 800ms fold2/5: best_val= 50.00% (ep2) test= 50.00%
  S11 800ms fold3/5: best_val= 62.50% (ep2) test= 50.00%
  S11 800ms fold4/5: best_val= 62.50% (ep9) test= 37.50%
  S11 800ms fold5/5: best_val= 62.50% (ep18) test= 56.25%
  S11 1500ms fold1/5: best_val= 62.50% (ep3) test= 50.00%
  S11 1500ms fold2/5: best_val= 50.00% (ep1) test= 50.00%
  S11 1500ms fold3/5: best_val= 56.25% (ep1) test= 50.00%
  S11 1500ms fold4/5: best_val= 75.00% (ep10) test= 43.75%
  S11 1500ms fold5/5: best_val= 56.25% (ep4) test= 50.00%
  S11 3000ms fold1/5: best_val= 68.75% (ep5) test= 56.25%
  S11 3000ms fold2/5: best_val= 62.50% (ep5) test= 56.25%
  S11 3000ms fold3/5: best_val= 68.75% (ep7) test= 62.50%
  S11 3000ms fold4/5: best_val= 68.75% (ep13) test= 50.00%
  S11 3000ms fold5/5: best_val= 62.50% (ep9) test= 81.25%
  S11 4000ms fold1/5: best_val= 68.75% (ep4) test= 62.50%
  S11 4000ms fold2/5: best_val= 62.50% (ep15) test= 75.00%
  S11 4000ms fold3/5: best_val= 62.50% (ep2) test= 50.00%
  S11 4000ms fold4/5: best_val= 68.75% (ep4) test= 50.00%
  S11 4000ms fold5/5: best_val= 50.00% (ep1) test= 50.00%
S11: 800ms= 50.00%  1500ms= 48.75%  3000ms= 61.25%  4000ms= 57.50%   (46s)
  S12 800ms fold1/5: best_val= 50.00% (ep1) test= 56.25%
  S12 800ms fold2/5: best_val= 68.75% (ep7) test= 37.50%
  S12 800ms fold3/5: best_val= 62.50% (ep11) test= 50.00%
  S12 800ms fold4/5: best_val= 62.50% (ep6) test= 56.25%
  S12 800ms fold5/5: best_val= 50.00% (ep2) test= 50.00%
  S12 1500ms fold1/5: best_val= 56.25% (ep5) test= 56.25%
  S12 1500ms fold2/5: best_val= 62.50% (ep2) test= 62.50%
  S12 1500ms fold3/5: best_val= 81.25% (ep5) test= 56.25%
  S12 1500ms fold4/5: best_val= 68.75% (ep13) test= 37.50%
  S12 1500ms fold5/5: best_val= 50.00% (ep2) test= 50.00%
  S12 3000ms fold1/5: best_val= 62.50% (ep1) test= 62.50%
  S12 3000ms fold2/5: best_val= 56.25% (ep6) test= 56.25%
  S12 3000ms fold3/5: best_val= 68.75% (ep14) test= 50.00%
  S12 3000ms fold4/5: best_val= 50.00% (ep1) test= 56.25%
  S12 3000ms fold5/5: best_val= 56.25% (ep12) test= 56.25%
  S12 4000ms fold1/5: best_val= 68.75% (ep25) test= 43.75%
  S12 4000ms fold2/5: best_val= 50.00% (ep1) test= 50.00%
  S12 4000ms fold3/5: best_val= 62.50% (ep9) test= 68.75%
  S12 4000ms fold4/5: best_val= 56.25% (ep1) test= 62.50%
  S12 4000ms fold5/5: best_val= 56.25% (ep2) test= 43.75%
S12: 800ms= 50.00%  1500ms= 52.50%  3000ms= 56.25%  4000ms= 53.75%   (46s)
  S13 800ms fold1/5: best_val= 75.00% (ep5) test= 56.25%
  S13 800ms fold2/5: best_val= 50.00% (ep1) test= 50.00%
  S13 800ms fold3/5: best_val= 68.75% (ep8) test= 68.75%
  S13 800ms fold4/5: best_val= 75.00% (ep22) test= 43.75%
  S13 800ms fold5/5: best_val= 62.50% (ep4) test= 62.50%
  S13 1500ms fold1/5: best_val= 62.50% (ep1) test= 43.75%
  S13 1500ms fold2/5: best_val= 62.50% (ep8) test= 43.75%
  S13 1500ms fold3/5: best_val= 62.50% (ep2) test= 25.00%
  S13 1500ms fold4/5: best_val= 68.75% (ep5) test= 43.75%
  S13 1500ms fold5/5: best_val= 68.75% (ep12) test= 31.25%
  S13 3000ms fold1/5: best_val= 56.25% (ep3) test= 50.00%
  S13 3000ms fold2/5: best_val= 50.00% (ep1) test= 50.00%
  S13 3000ms fold3/5: best_val= 62.50% (ep34) test= 43.75%
  S13 3000ms fold4/5: best_val= 68.75% (ep19) test= 37.50%
  S13 3000ms fold5/5: best_val= 62.50% (ep23) test= 31.25%
  S13 4000ms fold1/5: best_val= 56.25% (ep8) test= 68.75%
  S13 4000ms fold2/5: best_val= 50.00% (ep1) test= 50.00%
  S13 4000ms fold3/5: best_val= 68.75% (ep23) test=  6.25%
  S13 4000ms fold4/5: best_val= 62.50% (ep7) test= 50.00%
  S13 4000ms fold5/5: best_val= 75.00% (ep21) test= 62.50%
S13: 800ms= 56.25%  1500ms= 37.50%  3000ms= 42.50%  4000ms= 47.50%   (47s)
  S14 800ms fold1/5: best_val= 56.25% (ep2) test= 56.25%
  S14 800ms fold2/5: best_val= 50.00% (ep1) test= 62.50%
  S14 800ms fold3/5: best_val= 93.75% (ep9) test= 62.50%
  S14 800ms fold4/5: best_val= 87.50% (ep32) test= 43.75%
  S14 800ms fold5/5: best_val= 68.75% (ep6) test= 56.25%
  S14 1500ms fold1/5: best_val= 62.50% (ep5) test= 62.50%
  S14 1500ms fold2/5: best_val= 68.75% (ep5) test= 50.00%
  S14 1500ms fold3/5: best_val= 68.75% (ep9) test= 68.75%
  S14 1500ms fold4/5: best_val= 81.25% (ep6) test= 56.25%
  S14 1500ms fold5/5: best_val= 87.50% (ep4) test= 56.25%
  S14 3000ms fold1/5: best_val= 56.25% (ep1) test= 50.00%
  S14 3000ms fold2/5: best_val= 56.25% (ep12) test= 56.25%
  S14 3000ms fold3/5: best_val= 81.25% (ep16) test= 56.25%
  S14 3000ms fold4/5: best_val= 75.00% (ep16) test= 50.00%
  S14 3000ms fold5/5: best_val= 68.75% (ep10) test= 50.00%
  S14 4000ms fold1/5: best_val= 56.25% (ep4) test= 56.25%
  S14 4000ms fold2/5: best_val= 56.25% (ep14) test= 50.00%
  S14 4000ms fold3/5: best_val= 87.50% (ep7) test= 50.00%
  S14 4000ms fold4/5: best_val= 68.75% (ep14) test= 43.75%
  S14 4000ms fold5/5: best_val= 56.25% (ep4) test= 62.50%
S14: 800ms= 56.25%  1500ms= 58.75%  3000ms= 52.50%  4000ms= 52.50%   (46s)
  S15 800ms fold1/5: best_val= 68.75% (ep11) test= 43.75%
  S15 800ms fold2/5: best_val= 50.00% (ep1) test= 43.75%
  S15 800ms fold3/5: best_val= 56.25% (ep3) test= 50.00%
  S15 800ms fold4/5: best_val= 62.50% (ep2) test= 37.50%
  S15 800ms fold5/5: best_val= 50.00% (ep1) test= 50.00%
  S15 1500ms fold1/5: best_val= 56.25% (ep5) test= 31.25%
  S15 1500ms fold2/5: best_val= 50.00% (ep1) test= 50.00%
  S15 1500ms fold3/5: best_val= 62.50% (ep7) test= 37.50%
  S15 1500ms fold4/5: best_val= 62.50% (ep14) test= 75.00%
  S15 1500ms fold5/5: best_val= 62.50% (ep10) test= 43.75%
  S15 3000ms fold1/5: best_val= 75.00% (ep13) test= 43.75%
  S15 3000ms fold2/5: best_val= 62.50% (ep9) test= 50.00%
  S15 3000ms fold3/5: best_val= 50.00% (ep1) test= 50.00%
  S15 3000ms fold4/5: best_val= 62.50% (ep10) test= 68.75%
  S15 3000ms fold5/5: best_val= 68.75% (ep6) test= 50.00%
  S15 4000ms fold1/5: best_val= 62.50% (ep10) test= 37.50%
  S15 4000ms fold2/5: best_val= 56.25% (ep5) test= 50.00%
  S15 4000ms fold3/5: best_val= 62.50% (ep13) test= 81.25%
  S15 4000ms fold4/5: best_val= 62.50% (ep12) test= 68.75%
  S15 4000ms fold5/5: best_val= 68.75% (ep13) test= 43.75%
S15: 800ms= 45.00%  1500ms= 47.50%  3000ms= 52.50%  4000ms= 56.25%   (46s)
  S16 800ms fold1/5: best_val= 62.50% (ep4) test= 56.25%
  S16 800ms fold2/5: best_val= 62.50% (ep10) test= 62.50%
  S16 800ms fold3/5: best_val= 56.25% (ep15) test= 56.25%
  S16 800ms fold4/5: best_val= 50.00% (ep1) test= 50.00%
  S16 800ms fold5/5: best_val= 62.50% (ep11) test= 68.75%
  S16 1500ms fold1/5: best_val= 62.50% (ep6) test= 56.25%
  S16 1500ms fold2/5: best_val= 62.50% (ep7) test= 31.25%
  S16 1500ms fold3/5: best_val= 56.25% (ep5) test= 56.25%
  S16 1500ms fold4/5: best_val= 62.50% (ep7) test= 62.50%
  S16 1500ms fold5/5: best_val= 56.25% (ep10) test= 50.00%
  S16 3000ms fold1/5: best_val= 68.75% (ep7) test= 56.25%
  S16 3000ms fold2/5: best_val= 68.75% (ep8) test= 56.25%
  S16 3000ms fold3/5: best_val= 75.00% (ep13) test= 68.75%
  S16 3000ms fold4/5: best_val= 62.50% (ep8) test= 62.50%
  S16 3000ms fold5/5: best_val= 62.50% (ep6) test= 43.75%
  S16 4000ms fold1/5: best_val= 68.75% (ep6) test= 68.75%
  S16 4000ms fold2/5: best_val= 81.25% (ep9) test= 62.50%
  S16 4000ms fold3/5: best_val= 75.00% (ep8) test= 50.00%
  S16 4000ms fold4/5: best_val= 75.00% (ep30) test= 93.75%
  S16 4000ms fold5/5: best_val= 68.75% (ep7) test= 50.00%
S16: 800ms= 58.75%  1500ms= 51.25%  3000ms= 57.50%  4000ms= 65.00%   (46s)
  S17 800ms fold1/5: best_val= 68.75% (ep8) test= 43.75%
  S17 800ms fold2/5: best_val= 75.00% (ep16) test= 62.50%
  S17 800ms fold3/5: best_val= 75.00% (ep2) test= 50.00%
  S17 800ms fold4/5: best_val= 56.25% (ep1) test= 50.00%
  S17 800ms fold5/5: best_val= 75.00% (ep10) test= 62.50%
  S17 1500ms fold1/5: best_val= 75.00% (ep3) test= 50.00%
  S17 1500ms fold2/5: best_val= 68.75% (ep5) test= 50.00%
  S17 1500ms fold3/5: best_val= 68.75% (ep12) test= 56.25%
  S17 1500ms fold4/5: best_val= 68.75% (ep17) test= 50.00%
  S17 1500ms fold5/5: best_val= 62.50% (ep6) test= 68.75%
  S17 3000ms fold1/5: best_val= 75.00% (ep19) test= 56.25%
  S17 3000ms fold2/5: best_val= 68.75% (ep3) test= 56.25%
  S17 3000ms fold3/5: best_val= 75.00% (ep16) test= 43.75%
  S17 3000ms fold4/5: best_val= 62.50% (ep13) test= 56.25%
  S17 3000ms fold5/5: best_val= 93.75% (ep17) test= 68.75%
  S17 4000ms fold1/5: best_val= 62.50% (ep7) test= 62.50%
  S17 4000ms fold2/5: best_val= 68.75% (ep7) test= 68.75%
  S17 4000ms fold3/5: best_val= 68.75% (ep15) test= 37.50%
  S17 4000ms fold4/5: best_val= 56.25% (ep3) test= 50.00%
  S17 4000ms fold5/5: best_val= 62.50% (ep5) test= 68.75%
S17: 800ms= 53.75%  1500ms= 55.00%  3000ms= 56.25%  4000ms= 57.50%   (46s)
  S18 800ms fold1/5: best_val= 62.50% (ep4) test= 50.00%
  S18 800ms fold2/5: best_val= 62.50% (ep6) test= 62.50%
  S18 800ms fold3/5: best_val= 50.00% (ep1) test= 50.00%
  S18 800ms fold4/5: best_val= 50.00% (ep1) test= 56.25%
  S18 800ms fold5/5: best_val= 50.00% (ep1) test= 50.00%
  S18 1500ms fold1/5: best_val= 56.25% (ep11) test= 62.50%
  S18 1500ms fold2/5: best_val= 81.25% (ep6) test= 43.75%
  S18 1500ms fold3/5: best_val= 56.25% (ep8) test= 56.25%
  S18 1500ms fold4/5: best_val= 68.75% (ep15) test= 56.25%
  S18 1500ms fold5/5: best_val= 56.25% (ep6) test= 56.25%
  S18 3000ms fold1/5: best_val= 62.50% (ep10) test= 56.25%
  S18 3000ms fold2/5: best_val= 68.75% (ep5) test= 50.00%
  S18 3000ms fold3/5: best_val= 62.50% (ep14) test= 62.50%
  S18 3000ms fold4/5: best_val= 62.50% (ep18) test= 62.50%
  S18 3000ms fold5/5: best_val= 68.75% (ep13) test= 62.50%
  S18 4000ms fold1/5: best_val= 50.00% (ep1) test= 56.25%
  S18 4000ms fold2/5: best_val= 75.00% (ep5) test= 56.25%
  S18 4000ms fold3/5: best_val= 56.25% (ep9) test= 56.25%
  S18 4000ms fold4/5: best_val= 68.75% (ep17) test= 68.75%
  S18 4000ms fold5/5: best_val= 56.25% (ep4) test= 50.00%
S18: 800ms= 53.75%  1500ms= 55.00%  3000ms= 58.75%  4000ms= 57.50%   (46s)

ALL SUBJECTS COMPLETED — HOC/EPS  (845s)

====================================================================
SAVED HOC/EPS -> /work/11862/rmaahin/ls6/FineMI-enhancements/ConformerEEG/experiments/option_b/results/full/HOC_EPS
gpu=NVIDIA A100-PCIE-40GB | torch=2.8.0+cu128 | seed=42 | model=conformer_b | mode=full
====================================================================
window_ms   800    1500   3000   4000
subject                              
1          50.00  52.22  60.00  50.00
2          47.50  56.25  41.25  47.50
3          56.25  36.25  48.75  48.75
4          43.75  52.50  70.00  71.25
5          50.00  61.25  45.00  53.75
6          50.00  51.25  48.75  42.50
7          53.75  62.50  63.75  50.00
8          57.50  53.75  68.75  58.75
9          45.00  46.25  51.25  40.00
10         65.00  57.50  55.00  57.50
11         50.00  48.75  61.25  57.50
12         50.00  52.50  56.25  53.75
13         56.25  37.50  42.50  47.50
14         56.25  58.75  52.50  52.50
15         45.00  47.50  52.50  56.25
16         58.75  51.25  57.50  65.00
17         53.75  55.00  56.25  57.50
18         53.75  55.00  58.75  57.50

mean: {800: 52.36, 1500: 52.0, 3000: 55.0, 4000: 53.75}
sd  : {800: 5.49, 1500: 7.01, 3000: 8.15, 4000: 7.55}

Pairs saved so far in /work/11862/rmaahin/ls6/FineMI-enhancements/ConformerEEG/experiments/option_b/results/full: 9/28

##### pair_idx=3 (HOC_EFE) #####

Using device: cuda | gpu=NVIDIA A100-PCIE-40GB | torch=2.8.0+cu128
NOTE: determinism holds per-GPU-model. Record this GPU name.

PAIR: HOC/EFE  (classes 0 vs 4)  model=conformer_b  mode=full
Test time windows: [800, 1500, 3000, 4000] ms
Test time windows (samples): [200, 375, 750, 1000]

BINARY CLASSIFICATION: Class 0 vs Class 4  (HOC/EFE)
  Class 0 (original 0): 725 trials
  Class 1 (original 4): 725 trials

Extracted time windows:
  800ms (200 samples): shape (1450, 62, 200)
  1500ms (375 samples): shape (1450, 62, 375)
  3000ms (750 samples): shape (1450, 62, 750)
  4000ms (1000 samples): shape (1450, 62, 1000)

Model configuration:
  Model: conformer_b
  Channels: 62
  Subjects: [1, 2, 3, 4, 5, 6, 7, 8, 9, 10, 11, 12, 13, 14, 15, 16, 17, 18]
  Time windows: [800, 1500, 3000, 4000] ms
  Classes: 2 (Binary: Class 0 vs Class 4)
  Folds: 5
  Batch size: 32
  Epochs per subject per time window: 50
  S1 800ms fold1/5: best_val= 66.67% (ep5) test= 55.56%
  S1 800ms fold2/5: best_val= 61.11% (ep10) test= 55.56%
  S1 800ms fold3/5: best_val= 72.22% (ep13) test= 55.56%
  S1 800ms fold4/5: best_val= 66.67% (ep11) test= 50.00%
  S1 800ms fold5/5: best_val= 66.67% (ep5) test= 66.67%
  S1 1500ms fold1/5: best_val= 72.22% (ep13) test= 61.11%
  S1 1500ms fold2/5: best_val= 66.67% (ep8) test= 61.11%
  S1 1500ms fold3/5: best_val= 77.78% (ep5) test= 55.56%
  S1 1500ms fold4/5: best_val= 77.78% (ep9) test= 72.22%
  S1 1500ms fold5/5: best_val= 66.67% (ep8) test= 72.22%
  S1 3000ms fold1/5: best_val= 83.33% (ep7) test= 77.78%
  S1 3000ms fold2/5: best_val= 83.33% (ep12) test= 72.22%
  S1 3000ms fold3/5: best_val= 88.89% (ep5) test= 66.67%
  S1 3000ms fold4/5: best_val= 88.89% (ep5) test= 77.78%
  S1 3000ms fold5/5: best_val= 83.33% (ep9) test= 72.22%
  S1 4000ms fold1/5: best_val= 88.89% (ep11) test= 88.89%
  S1 4000ms fold2/5: best_val= 83.33% (ep11) test= 61.11%
  S1 4000ms fold3/5: best_val= 88.89% (ep11) test= 66.67%
  S1 4000ms fold4/5: best_val= 94.44% (ep6) test= 72.22%
  S1 4000ms fold5/5: best_val= 83.33% (ep10) test= 66.67%
S 1: 800ms= 56.67%  1500ms= 64.44%  3000ms= 73.33%  4000ms= 71.11%   (58s)
  S2 800ms fold1/5: best_val= 62.50% (ep7) test= 18.75%
  S2 800ms fold2/5: best_val= 93.75% (ep1) test= 56.25%
  S2 800ms fold3/5: best_val= 75.00% (ep10) test= 56.25%
  S2 800ms fold4/5: best_val= 56.25% (ep8) test= 56.25%
  S2 800ms fold5/5: best_val= 62.50% (ep3) test= 50.00%
  S2 1500ms fold1/5: best_val= 81.25% (ep7) test= 50.00%
  S2 1500ms fold2/5: best_val= 56.25% (ep11) test= 56.25%
  S2 1500ms fold3/5: best_val= 68.75% (ep14) test= 56.25%
  S2 1500ms fold4/5: best_val= 75.00% (ep9) test= 62.50%
  S2 1500ms fold5/5: best_val= 56.25% (ep2) test= 50.00%
  S2 3000ms fold1/5: best_val= 75.00% (ep21) test= 43.75%
  S2 3000ms fold2/5: best_val= 68.75% (ep13) test= 50.00%
  S2 3000ms fold3/5: best_val= 68.75% (ep11) test= 62.50%
  S2 3000ms fold4/5: best_val= 68.75% (ep13) test= 56.25%
  S2 3000ms fold5/5: best_val= 50.00% (ep1) test= 50.00%
  S2 4000ms fold1/5: best_val= 68.75% (ep8) test= 50.00%
  S2 4000ms fold2/5: best_val= 56.25% (ep12) test= 50.00%
  S2 4000ms fold3/5: best_val= 68.75% (ep2) test= 56.25%
  S2 4000ms fold4/5: best_val= 68.75% (ep22) test= 62.50%
  S2 4000ms fold5/5: best_val= 50.00% (ep1) test= 50.00%
S 2: 800ms= 47.50%  1500ms= 55.00%  3000ms= 52.50%  4000ms= 53.75%   (46s)
  S3 800ms fold1/5: best_val= 87.50% (ep10) test= 62.50%
  S3 800ms fold2/5: best_val= 75.00% (ep7) test= 50.00%
  S3 800ms fold3/5: best_val= 68.75% (ep11) test= 75.00%
  S3 800ms fold4/5: best_val= 62.50% (ep12) test= 75.00%
  S3 800ms fold5/5: best_val= 75.00% (ep7) test= 50.00%
  S3 1500ms fold1/5: best_val= 62.50% (ep7) test= 62.50%
  S3 1500ms fold2/5: best_val= 68.75% (ep9) test= 68.75%
  S3 1500ms fold3/5: best_val= 81.25% (ep13) test= 75.00%
  S3 1500ms fold4/5: best_val= 81.25% (ep32) test= 75.00%
  S3 1500ms fold5/5: best_val= 81.25% (ep8) test= 50.00%
  S3 3000ms fold1/5: best_val= 68.75% (ep5) test= 56.25%
  S3 3000ms fold2/5: best_val= 68.75% (ep6) test= 75.00%
  S3 3000ms fold3/5: best_val= 56.25% (ep3) test= 37.50%
  S3 3000ms fold4/5: best_val= 62.50% (ep8) test= 43.75%
  S3 3000ms fold5/5: best_val= 68.75% (ep19) test= 56.25%
  S3 4000ms fold1/5: best_val= 68.75% (ep9) test= 37.50%
  S3 4000ms fold2/5: best_val= 62.50% (ep10) test= 81.25%
  S3 4000ms fold3/5: best_val= 56.25% (ep1) test= 43.75%
  S3 4000ms fold4/5: best_val= 68.75% (ep5) test= 37.50%
  S3 4000ms fold5/5: best_val= 62.50% (ep19) test= 68.75%
S 3: 800ms= 62.50%  1500ms= 66.25%  3000ms= 53.75%  4000ms= 53.75%   (46s)
  S4 800ms fold1/5: best_val= 50.00% (ep1) test= 50.00%
  S4 800ms fold2/5: best_val= 75.00% (ep13) test= 37.50%
  S4 800ms fold3/5: best_val= 56.25% (ep1) test= 56.25%
  S4 800ms fold4/5: best_val= 62.50% (ep3) test= 43.75%
  S4 800ms fold5/5: best_val= 56.25% (ep6) test= 62.50%
  S4 1500ms fold1/5: best_val= 56.25% (ep10) test= 50.00%
  S4 1500ms fold2/5: best_val= 56.25% (ep7) test= 50.00%
  S4 1500ms fold3/5: best_val= 81.25% (ep11) test= 50.00%
  S4 1500ms fold4/5: best_val= 75.00% (ep7) test= 56.25%
  S4 1500ms fold5/5: best_val= 68.75% (ep14) test= 37.50%
  S4 3000ms fold1/5: best_val= 68.75% (ep11) test= 87.50%
  S4 3000ms fold2/5: best_val= 75.00% (ep13) test= 62.50%
  S4 3000ms fold3/5: best_val= 75.00% (ep9) test= 75.00%
  S4 3000ms fold4/5: best_val= 81.25% (ep14) test= 87.50%
  S4 3000ms fold5/5: best_val= 87.50% (ep20) test= 62.50%
  S4 4000ms fold1/5: best_val= 75.00% (ep18) test= 93.75%
  S4 4000ms fold2/5: best_val= 68.75% (ep16) test= 75.00%
  S4 4000ms fold3/5: best_val= 81.25% (ep11) test= 75.00%
  S4 4000ms fold4/5: best_val= 93.75% (ep14) test= 93.75%
  S4 4000ms fold5/5: best_val= 87.50% (ep12) test= 37.50%
S 4: 800ms= 50.00%  1500ms= 48.75%  3000ms= 75.00%  4000ms= 75.00%   (46s)
  S5 800ms fold1/5: best_val= 62.50% (ep4) test= 50.00%
  S5 800ms fold2/5: best_val= 62.50% (ep10) test= 62.50%
  S5 800ms fold3/5: best_val= 62.50% (ep1) test= 43.75%
  S5 800ms fold4/5: best_val= 81.25% (ep11) test= 43.75%
  S5 800ms fold5/5: best_val= 75.00% (ep17) test= 75.00%
  S5 1500ms fold1/5: best_val= 81.25% (ep7) test= 68.75%
  S5 1500ms fold2/5: best_val= 75.00% (ep10) test= 68.75%
  S5 1500ms fold3/5: best_val= 68.75% (ep7) test= 50.00%
  S5 1500ms fold4/5: best_val= 87.50% (ep13) test= 68.75%
  S5 1500ms fold5/5: best_val= 81.25% (ep23) test= 75.00%
  S5 3000ms fold1/5: best_val= 62.50% (ep9) test= 62.50%
  S5 3000ms fold2/5: best_val= 87.50% (ep7) test= 56.25%
  S5 3000ms fold3/5: best_val= 56.25% (ep8) test= 56.25%
  S5 3000ms fold4/5: best_val= 68.75% (ep4) test= 56.25%
  S5 3000ms fold5/5: best_val= 68.75% (ep5) test= 68.75%
  S5 4000ms fold1/5: best_val= 68.75% (ep12) test= 62.50%
  S5 4000ms fold2/5: best_val= 87.50% (ep9) test= 62.50%
  S5 4000ms fold3/5: best_val= 56.25% (ep7) test= 37.50%
  S5 4000ms fold4/5: best_val= 62.50% (ep10) test= 62.50%
  S5 4000ms fold5/5: best_val= 68.75% (ep33) test= 56.25%
S 5: 800ms= 55.00%  1500ms= 66.25%  3000ms= 60.00%  4000ms= 56.25%   (46s)
  S6 800ms fold1/5: best_val= 50.00% (ep1) test= 50.00%
  S6 800ms fold2/5: best_val= 75.00% (ep5) test= 37.50%
  S6 800ms fold3/5: best_val= 75.00% (ep7) test= 43.75%
  S6 800ms fold4/5: best_val= 56.25% (ep3) test= 56.25%
  S6 800ms fold5/5: best_val= 50.00% (ep1) test= 50.00%
  S6 1500ms fold1/5: best_val= 68.75% (ep7) test= 68.75%
  S6 1500ms fold2/5: best_val= 68.75% (ep6) test= 43.75%
  S6 1500ms fold3/5: best_val= 75.00% (ep17) test= 43.75%
  S6 1500ms fold4/5: best_val= 56.25% (ep5) test= 50.00%
  S6 1500ms fold5/5: best_val= 50.00% (ep1) test= 50.00%
  S6 3000ms fold1/5: best_val= 68.75% (ep8) test= 50.00%
  S6 3000ms fold2/5: best_val= 56.25% (ep30) test= 18.75%
  S6 3000ms fold3/5: best_val= 68.75% (ep9) test= 81.25%
  S6 3000ms fold4/5: best_val= 62.50% (ep9) test= 43.75%
  S6 3000ms fold5/5: best_val= 75.00% (ep14) test= 62.50%
  S6 4000ms fold1/5: best_val= 68.75% (ep5) test= 56.25%
  S6 4000ms fold2/5: best_val= 56.25% (ep15) test= 43.75%
  S6 4000ms fold3/5: best_val= 75.00% (ep21) test= 50.00%
  S6 4000ms fold4/5: best_val= 56.25% (ep11) test= 43.75%
  S6 4000ms fold5/5: best_val= 56.25% (ep2) test= 50.00%
S 6: 800ms= 47.50%  1500ms= 51.25%  3000ms= 51.25%  4000ms= 48.75%   (46s)
  S7 800ms fold1/5: best_val= 87.50% (ep9) test= 62.50%
  S7 800ms fold2/5: best_val= 62.50% (ep6) test= 62.50%
  S7 800ms fold3/5: best_val= 62.50% (ep6) test= 50.00%
  S7 800ms fold4/5: best_val= 75.00% (ep10) test= 81.25%
  S7 800ms fold5/5: best_val= 56.25% (ep1) test= 37.50%
  S7 1500ms fold1/5: best_val= 62.50% (ep8) test= 68.75%
  S7 1500ms fold2/5: best_val= 75.00% (ep10) test= 68.75%
  S7 1500ms fold3/5: best_val= 56.25% (ep3) test= 50.00%
  S7 1500ms fold4/5: best_val= 56.25% (ep5) test= 50.00%
  S7 1500ms fold5/5: best_val= 56.25% (ep18) test= 75.00%
  S7 3000ms fold1/5: best_val= 68.75% (ep9) test= 68.75%
  S7 3000ms fold2/5: best_val= 56.25% (ep4) test= 68.75%
  S7 3000ms fold3/5: best_val= 56.25% (ep1) test= 62.50%
  S7 3000ms fold4/5: best_val= 56.25% (ep5) test= 50.00%
  S7 3000ms fold5/5: best_val= 56.25% (ep4) test= 56.25%
  S7 4000ms fold1/5: best_val= 68.75% (ep4) test= 37.50%
  S7 4000ms fold2/5: best_val= 50.00% (ep1) test= 50.00%
  S7 4000ms fold3/5: best_val= 75.00% (ep14) test= 62.50%
  S7 4000ms fold4/5: best_val= 62.50% (ep5) test= 68.75%
  S7 4000ms fold5/5: best_val= 50.00% (ep2) test= 50.00%
S 7: 800ms= 58.75%  1500ms= 62.50%  3000ms= 61.25%  4000ms= 53.75%   (46s)
  S8 800ms fold1/5: best_val= 56.25% (ep5) test= 43.75%
  S8 800ms fold2/5: best_val= 56.25% (ep10) test= 75.00%
  S8 800ms fold3/5: best_val= 62.50% (ep11) test= 68.75%
  S8 800ms fold4/5: best_val= 62.50% (ep9) test= 50.00%
  S8 800ms fold5/5: best_val= 56.25% (ep5) test= 50.00%
  S8 1500ms fold1/5: best_val= 56.25% (ep5) test= 50.00%
  S8 1500ms fold2/5: best_val= 56.25% (ep1) test= 56.25%
  S8 1500ms fold3/5: best_val= 50.00% (ep1) test= 37.50%
  S8 1500ms fold4/5: best_val= 62.50% (ep3) test= 31.25%
  S8 1500ms fold5/5: best_val= 62.50% (ep11) test= 43.75%
  S8 3000ms fold1/5: best_val= 62.50% (ep10) test= 56.25%
  S8 3000ms fold2/5: best_val= 56.25% (ep3) test= 56.25%
  S8 3000ms fold3/5: best_val= 50.00% (ep1) test= 50.00%
  S8 3000ms fold4/5: best_val= 75.00% (ep3) test= 50.00%
  S8 3000ms fold5/5: best_val= 62.50% (ep7) test= 62.50%
  S8 4000ms fold1/5: best_val= 56.25% (ep1) test= 31.25%
  S8 4000ms fold2/5: best_val= 50.00% (ep6) test= 62.50%
  S8 4000ms fold3/5: best_val= 56.25% (ep5) test= 31.25%
  S8 4000ms fold4/5: best_val= 81.25% (ep6) test= 62.50%
  S8 4000ms fold5/5: best_val= 68.75% (ep19) test= 68.75%
S 8: 800ms= 57.50%  1500ms= 43.75%  3000ms= 55.00%  4000ms= 51.25%   (46s)
  S9 800ms fold1/5: best_val= 75.00% (ep5) test= 50.00%
  S9 800ms fold2/5: best_val= 75.00% (ep13) test= 68.75%
  S9 800ms fold3/5: best_val= 68.75% (ep14) test= 31.25%
  S9 800ms fold4/5: best_val= 68.75% (ep11) test= 68.75%
  S9 800ms fold5/5: best_val= 75.00% (ep6) test= 56.25%
  S9 1500ms fold1/5: best_val= 62.50% (ep9) test= 50.00%
  S9 1500ms fold2/5: best_val= 81.25% (ep13) test= 43.75%
  S9 1500ms fold3/5: best_val= 75.00% (ep11) test= 50.00%
  S9 1500ms fold4/5: best_val= 68.75% (ep16) test= 81.25%
  S9 1500ms fold5/5: best_val= 62.50% (ep5) test= 43.75%
  S9 3000ms fold1/5: best_val= 93.75% (ep17) test= 62.50%
  S9 3000ms fold2/5: best_val= 75.00% (ep13) test= 62.50%
  S9 3000ms fold3/5: best_val= 87.50% (ep36) test= 43.75%
  S9 3000ms fold4/5: best_val= 62.50% (ep5) test= 56.25%
  S9 3000ms fold5/5: best_val= 62.50% (ep7) test= 62.50%
  S9 4000ms fold1/5: best_val= 68.75% (ep21) test= 62.50%
  S9 4000ms fold2/5: best_val= 81.25% (ep19) test= 75.00%
  S9 4000ms fold3/5: best_val= 75.00% (ep7) test= 62.50%
  S9 4000ms fold4/5: best_val= 68.75% (ep7) test= 62.50%
  S9 4000ms fold5/5: best_val= 62.50% (ep6) test= 75.00%
S 9: 800ms= 55.00%  1500ms= 53.75%  3000ms= 57.50%  4000ms= 67.50%   (46s)
  S10 800ms fold1/5: best_val= 62.50% (ep3) test= 43.75%
  S10 800ms fold2/5: best_val= 56.25% (ep19) test= 37.50%
  S10 800ms fold3/5: best_val= 56.25% (ep1) test= 50.00%
  S10 800ms fold4/5: best_val= 56.25% (ep4) test= 56.25%
  S10 800ms fold5/5: best_val= 50.00% (ep1) test= 50.00%
  S10 1500ms fold1/5: best_val= 75.00% (ep11) test= 56.25%
  S10 1500ms fold2/5: best_val= 62.50% (ep16) test= 56.25%
  S10 1500ms fold3/5: best_val= 62.50% (ep10) test= 56.25%
  S10 1500ms fold4/5: best_val= 68.75% (ep9) test= 62.50%
  S10 1500ms fold5/5: best_val= 81.25% (ep15) test= 68.75%
  S10 3000ms fold1/5: best_val= 75.00% (ep7) test= 62.50%
  S10 3000ms fold2/5: best_val= 75.00% (ep6) test= 81.25%
  S10 3000ms fold3/5: best_val= 68.75% (ep12) test= 68.75%
  S10 3000ms fold4/5: best_val= 75.00% (ep14) test= 68.75%
  S10 3000ms fold5/5: best_val= 68.75% (ep8) test= 56.25%
  S10 4000ms fold1/5: best_val= 81.25% (ep6) test= 68.75%
  S10 4000ms fold2/5: best_val= 81.25% (ep22) test= 75.00%
  S10 4000ms fold3/5: best_val= 81.25% (ep7) test= 81.25%
  S10 4000ms fold4/5: best_val= 68.75% (ep21) test= 62.50%
  S10 4000ms fold5/5: best_val= 81.25% (ep15) test= 43.75%
S10: 800ms= 47.50%  1500ms= 60.00%  3000ms= 67.50%  4000ms= 66.25%   (46s)
  S11 800ms fold1/5: best_val= 81.25% (ep9) test= 68.75%
  S11 800ms fold2/5: best_val= 62.50% (ep8) test= 62.50%
  S11 800ms fold3/5: best_val= 62.50% (ep1) test= 37.50%
  S11 800ms fold4/5: best_val= 56.25% (ep1) test= 50.00%
  S11 800ms fold5/5: best_val= 68.75% (ep6) test= 56.25%
  S11 1500ms fold1/5: best_val= 68.75% (ep4) test= 50.00%
  S11 1500ms fold2/5: best_val= 68.75% (ep7) test= 50.00%
  S11 1500ms fold3/5: best_val= 56.25% (ep5) test= 43.75%
  S11 1500ms fold4/5: best_val= 68.75% (ep9) test= 50.00%
  S11 1500ms fold5/5: best_val= 62.50% (ep15) test= 31.25%
  S11 3000ms fold1/5: best_val= 62.50% (ep10) test= 68.75%
  S11 3000ms fold2/5: best_val= 68.75% (ep10) test= 56.25%
  S11 3000ms fold3/5: best_val= 62.50% (ep7) test= 50.00%
  S11 3000ms fold4/5: best_val= 62.50% (ep9) test= 62.50%
  S11 3000ms fold5/5: best_val= 56.25% (ep4) test= 56.25%
  S11 4000ms fold1/5: best_val= 68.75% (ep14) test= 56.25%
  S11 4000ms fold2/5: best_val= 75.00% (ep14) test= 68.75%
  S11 4000ms fold3/5: best_val= 62.50% (ep18) test= 31.25%
  S11 4000ms fold4/5: best_val= 62.50% (ep17) test= 62.50%
  S11 4000ms fold5/5: best_val= 68.75% (ep18) test= 43.75%
S11: 800ms= 55.00%  1500ms= 45.00%  3000ms= 58.75%  4000ms= 52.50%   (46s)
  S12 800ms fold1/5: best_val= 68.75% (ep10) test= 31.25%
  S12 800ms fold2/5: best_val= 62.50% (ep11) test= 62.50%
  S12 800ms fold3/5: best_val= 56.25% (ep3) test= 43.75%
  S12 800ms fold4/5: best_val= 56.25% (ep5) test= 75.00%
  S12 800ms fold5/5: best_val= 56.25% (ep2) test= 56.25%
  S12 1500ms fold1/5: best_val= 68.75% (ep8) test= 43.75%
  S12 1500ms fold2/5: best_val= 81.25% (ep9) test= 62.50%
  S12 1500ms fold3/5: best_val= 62.50% (ep13) test= 56.25%
  S12 1500ms fold4/5: best_val= 75.00% (ep6) test= 62.50%
  S12 1500ms fold5/5: best_val= 50.00% (ep1) test= 50.00%
  S12 3000ms fold1/5: best_val= 62.50% (ep5) test= 50.00%
  S12 3000ms fold2/5: best_val= 68.75% (ep9) test= 62.50%
  S12 3000ms fold3/5: best_val= 62.50% (ep5) test= 50.00%
  S12 3000ms fold4/5: best_val= 68.75% (ep39) test= 43.75%
  S12 3000ms fold5/5: best_val= 56.25% (ep9) test= 62.50%
  S12 4000ms fold1/5: best_val= 56.25% (ep2) test= 37.50%
  S12 4000ms fold2/5: best_val= 68.75% (ep18) test= 56.25%
  S12 4000ms fold3/5: best_val= 56.25% (ep2) test= 50.00%
  S12 4000ms fold4/5: best_val= 68.75% (ep9) test= 43.75%
  S12 4000ms fold5/5: best_val= 50.00% (ep1) test= 50.00%
S12: 800ms= 53.75%  1500ms= 55.00%  3000ms= 53.75%  4000ms= 47.50%   (46s)
  S13 800ms fold1/5: best_val= 62.50% (ep15) test= 62.50%
  S13 800ms fold2/5: best_val= 81.25% (ep7) test= 68.75%
  S13 800ms fold3/5: best_val= 50.00% (ep1) test= 50.00%
  S13 800ms fold4/5: best_val= 62.50% (ep14) test= 68.75%
  S13 800ms fold5/5: best_val= 75.00% (ep15) test= 50.00%
  S13 1500ms fold1/5: best_val= 56.25% (ep8) test= 50.00%
  S13 1500ms fold2/5: best_val= 56.25% (ep4) test= 43.75%
  S13 1500ms fold3/5: best_val= 62.50% (ep6) test= 68.75%
  S13 1500ms fold4/5: best_val= 56.25% (ep4) test= 68.75%
  S13 1500ms fold5/5: best_val= 81.25% (ep10) test= 62.50%
  S13 3000ms fold1/5: best_val= 50.00% (ep1) test= 50.00%
  S13 3000ms fold2/5: best_val= 68.75% (ep8) test= 62.50%
  S13 3000ms fold3/5: best_val= 68.75% (ep8) test= 56.25%
  S13 3000ms fold4/5: best_val= 50.00% (ep2) test= 43.75%
  S13 3000ms fold5/5: best_val= 68.75% (ep31) test= 56.25%
  S13 4000ms fold1/5: best_val= 50.00% (ep1) test= 50.00%
  S13 4000ms fold2/5: best_val= 56.25% (ep10) test= 37.50%
  S13 4000ms fold3/5: best_val= 62.50% (ep10) test= 50.00%
  S13 4000ms fold4/5: best_val= 50.00% (ep1) test= 50.00%
  S13 4000ms fold5/5: best_val= 62.50% (ep4) test= 50.00%
S13: 800ms= 60.00%  1500ms= 58.75%  3000ms= 53.75%  4000ms= 47.50%   (46s)
  S14 800ms fold1/5: best_val= 68.75% (ep1) test= 68.75%
  S14 800ms fold2/5: best_val= 75.00% (ep12) test= 56.25%
  S14 800ms fold3/5: best_val= 75.00% (ep10) test= 75.00%
  S14 800ms fold4/5: best_val= 68.75% (ep4) test= 43.75%
  S14 800ms fold5/5: best_val= 62.50% (ep5) test= 56.25%
  S14 1500ms fold1/5: best_val= 62.50% (ep6) test= 50.00%
  S14 1500ms fold2/5: best_val= 68.75% (ep9) test= 62.50%
  S14 1500ms fold3/5: best_val= 62.50% (ep16) test= 56.25%
  S14 1500ms fold4/5: best_val= 68.75% (ep5) test= 62.50%
  S14 1500ms fold5/5: best_val= 68.75% (ep7) test= 75.00%
  S14 3000ms fold1/5: best_val= 56.25% (ep2) test= 43.75%
  S14 3000ms fold2/5: best_val= 68.75% (ep23) test= 43.75%
  S14 3000ms fold3/5: best_val= 68.75% (ep10) test= 50.00%
  S14 3000ms fold4/5: best_val= 75.00% (ep6) test= 68.75%
  S14 3000ms fold5/5: best_val= 81.25% (ep10) test= 50.00%
  S14 4000ms fold1/5: best_val= 56.25% (ep2) test= 50.00%
  S14 4000ms fold2/5: best_val= 62.50% (ep31) test= 68.75%
  S14 4000ms fold3/5: best_val= 75.00% (ep5) test= 43.75%
  S14 4000ms fold4/5: best_val= 68.75% (ep8) test= 50.00%
  S14 4000ms fold5/5: best_val= 87.50% (ep17) test= 56.25%
S14: 800ms= 60.00%  1500ms= 61.25%  3000ms= 51.25%  4000ms= 53.75%   (46s)
  S15 800ms fold1/5: best_val= 50.00% (ep5) test= 68.75%
  S15 800ms fold2/5: best_val= 56.25% (ep1) test= 50.00%
  S15 800ms fold3/5: best_val= 68.75% (ep17) test= 50.00%
  S15 800ms fold4/5: best_val= 50.00% (ep1) test= 50.00%
  S15 800ms fold5/5: best_val= 81.25% (ep5) test= 56.25%
  S15 1500ms fold1/5: best_val= 68.75% (ep8) test= 43.75%
  S15 1500ms fold2/5: best_val= 50.00% (ep1) test= 50.00%
  S15 1500ms fold3/5: best_val= 56.25% (ep4) test= 43.75%
  S15 1500ms fold4/5: best_val= 50.00% (ep1) test= 50.00%
  S15 1500ms fold5/5: best_val= 56.25% (ep15) test= 75.00%
  S15 3000ms fold1/5: best_val= 50.00% (ep1) test= 43.75%
  S15 3000ms fold2/5: best_val= 50.00% (ep1) test= 50.00%
  S15 3000ms fold3/5: best_val= 62.50% (ep6) test= 50.00%
  S15 3000ms fold4/5: best_val= 68.75% (ep15) test= 43.75%
  S15 3000ms fold5/5: best_val= 68.75% (ep3) test= 37.50%
  S15 4000ms fold1/5: best_val= 56.25% (ep6) test= 50.00%
  S15 4000ms fold2/5: best_val= 50.00% (ep1) test= 50.00%
  S15 4000ms fold3/5: best_val= 62.50% (ep4) test= 56.25%
  S15 4000ms fold4/5: best_val= 62.50% (ep9) test= 43.75%
  S15 4000ms fold5/5: best_val= 87.50% (ep7) test= 62.50%
S15: 800ms= 55.00%  1500ms= 52.50%  3000ms= 45.00%  4000ms= 52.50%   (46s)
  S16 800ms fold1/5: best_val= 68.75% (ep11) test= 50.00%
  S16 800ms fold2/5: best_val= 62.50% (ep6) test= 56.25%
  S16 800ms fold3/5: best_val= 68.75% (ep12) test= 37.50%
  S16 800ms fold4/5: best_val= 62.50% (ep7) test= 50.00%
  S16 800ms fold5/5: best_val= 75.00% (ep6) test= 56.25%
  S16 1500ms fold1/5: best_val= 62.50% (ep7) test= 56.25%
  S16 1500ms fold2/5: best_val= 62.50% (ep3) test= 62.50%
  S16 1500ms fold3/5: best_val= 81.25% (ep3) test= 56.25%
  S16 1500ms fold4/5: best_val= 81.25% (ep18) test= 68.75%
  S16 1500ms fold5/5: best_val= 81.25% (ep15) test= 68.75%
  S16 3000ms fold1/5: best_val= 62.50% (ep6) test= 68.75%
  S16 3000ms fold2/5: best_val= 62.50% (ep10) test= 68.75%
  S16 3000ms fold3/5: best_val= 75.00% (ep9) test= 56.25%
  S16 3000ms fold4/5: best_val= 56.25% (ep28) test= 43.75%
  S16 3000ms fold5/5: best_val= 62.50% (ep5) test= 68.75%
  S16 4000ms fold1/5: best_val= 62.50% (ep3) test= 50.00%
  S16 4000ms fold2/5: best_val= 62.50% (ep4) test= 56.25%
  S16 4000ms fold3/5: best_val= 75.00% (ep6) test= 25.00%
  S16 4000ms fold4/5: best_val= 75.00% (ep30) test= 62.50%
  S16 4000ms fold5/5: best_val= 68.75% (ep13) test= 56.25%
S16: 800ms= 50.00%  1500ms= 62.50%  3000ms= 61.25%  4000ms= 50.00%   (46s)
  S17 800ms fold1/5: best_val= 75.00% (ep8) test= 75.00%
  S17 800ms fold2/5: best_val= 50.00% (ep1) test= 50.00%
  S17 800ms fold3/5: best_val= 75.00% (ep4) test= 43.75%
  S17 800ms fold4/5: best_val= 75.00% (ep24) test= 75.00%
  S17 800ms fold5/5: best_val= 75.00% (ep4) test= 68.75%
  S17 1500ms fold1/5: best_val= 56.25% (ep11) test= 62.50%
  S17 1500ms fold2/5: best_val= 62.50% (ep10) test= 75.00%
  S17 1500ms fold3/5: best_val= 87.50% (ep17) test= 43.75%
  S17 1500ms fold4/5: best_val= 75.00% (ep12) test= 43.75%
  S17 1500ms fold5/5: best_val= 68.75% (ep12) test= 50.00%
  S17 3000ms fold1/5: best_val= 56.25% (ep15) test= 43.75%
  S17 3000ms fold2/5: best_val= 81.25% (ep12) test= 62.50%
  S17 3000ms fold3/5: best_val= 81.25% (ep7) test= 62.50%
  S17 3000ms fold4/5: best_val= 68.75% (ep12) test= 56.25%
  S17 3000ms fold5/5: best_val= 81.25% (ep6) test= 43.75%
  S17 4000ms fold1/5: best_val= 75.00% (ep10) test= 62.50%
  S17 4000ms fold2/5: best_val= 81.25% (ep22) test= 75.00%
  S17 4000ms fold3/5: best_val= 93.75% (ep12) test= 75.00%
  S17 4000ms fold4/5: best_val= 75.00% (ep12) test= 56.25%
  S17 4000ms fold5/5: best_val= 87.50% (ep23) test= 56.25%
S17: 800ms= 62.50%  1500ms= 55.00%  3000ms= 53.75%  4000ms= 65.00%   (46s)
  S18 800ms fold1/5: best_val= 62.50% (ep14) test= 68.75%
  S18 800ms fold2/5: best_val= 75.00% (ep10) test= 56.25%
  S18 800ms fold3/5: best_val= 68.75% (ep23) test= 56.25%
  S18 800ms fold4/5: best_val= 75.00% (ep18) test= 43.75%
  S18 800ms fold5/5: best_val= 56.25% (ep2) test= 50.00%
  S18 1500ms fold1/5: best_val= 62.50% (ep11) test= 50.00%
  S18 1500ms fold2/5: best_val= 75.00% (ep26) test= 81.25%
  S18 1500ms fold3/5: best_val= 68.75% (ep3) test= 56.25%
  S18 1500ms fold4/5: best_val= 50.00% (ep1) test= 50.00%
  S18 1500ms fold5/5: best_val= 68.75% (ep18) test= 75.00%
  S18 3000ms fold1/5: best_val= 75.00% (ep19) test= 81.25%
  S18 3000ms fold2/5: best_val= 81.25% (ep10) test= 62.50%
  S18 3000ms fold3/5: best_val= 81.25% (ep11) test= 68.75%
  S18 3000ms fold4/5: best_val= 62.50% (ep15) test= 75.00%
  S18 3000ms fold5/5: best_val= 56.25% (ep7) test= 68.75%
  S18 4000ms fold1/5: best_val= 68.75% (ep3) test= 62.50%
  S18 4000ms fold2/5: best_val= 75.00% (ep15) test= 62.50%
  S18 4000ms fold3/5: best_val= 75.00% (ep9) test= 56.25%
  S18 4000ms fold4/5: best_val= 62.50% (ep6) test= 56.25%
  S18 4000ms fold5/5: best_val= 81.25% (ep8) test= 62.50%
S18: 800ms= 55.00%  1500ms= 62.50%  3000ms= 71.25%  4000ms= 60.00%   (47s)

ALL SUBJECTS COMPLETED — HOC/EFE  (841s)

====================================================================
SAVED HOC/EFE -> /work/11862/rmaahin/ls6/FineMI-enhancements/ConformerEEG/experiments/option_b/results/full/HOC_EFE
gpu=NVIDIA A100-PCIE-40GB | torch=2.8.0+cu128 | seed=42 | model=conformer_b | mode=full
====================================================================
window_ms   800    1500   3000   4000
subject                              
1          56.67  64.44  73.33  71.11
2          47.50  55.00  52.50  53.75
3          62.50  66.25  53.75  53.75
4          50.00  48.75  75.00  75.00
5          55.00  66.25  60.00  56.25
6          47.50  51.25  51.25  48.75
7          58.75  62.50  61.25  53.75
8          57.50  43.75  55.00  51.25
9          55.00  53.75  57.50  67.50
10         47.50  60.00  67.50  66.25
11         55.00  45.00  58.75  52.50
12         53.75  55.00  53.75  47.50
13         60.00  58.75  53.75  47.50
14         60.00  61.25  51.25  53.75
15         55.00  52.50  45.00  52.50
16         50.00  62.50  61.25  50.00
17         62.50  55.00  53.75  65.00
18         55.00  62.50  71.25  60.00

mean: {800: 54.95, 1500: 56.91, 3000: 58.66, 4000: 57.01}
sd  : {800: 4.89, 1500: 6.91, 3000: 8.33, 4000: 8.42}

Pairs saved so far in /work/11862/rmaahin/ls6/FineMI-enhancements/ConformerEEG/experiments/option_b/results/full: 12/28

##### pair_idx=4 (HOC_SPS) #####

Using device: cuda | gpu=NVIDIA A100-PCIE-40GB | torch=2.8.0+cu128
NOTE: determinism holds per-GPU-model. Record this GPU name.

PAIR: HOC/SPS  (classes 0 vs 5)  model=conformer_b  mode=full
Test time windows: [800, 1500, 3000, 4000] ms
Test time windows (samples): [200, 375, 750, 1000]

BINARY CLASSIFICATION: Class 0 vs Class 5  (HOC/SPS)
  Class 0 (original 0): 725 trials
  Class 1 (original 5): 725 trials

Extracted time windows:
  800ms (200 samples): shape (1450, 62, 200)
  1500ms (375 samples): shape (1450, 62, 375)
  3000ms (750 samples): shape (1450, 62, 750)
  4000ms (1000 samples): shape (1450, 62, 1000)

Model configuration:
  Model: conformer_b
  Channels: 62
  Subjects: [1, 2, 3, 4, 5, 6, 7, 8, 9, 10, 11, 12, 13, 14, 15, 16, 17, 18]
  Time windows: [800, 1500, 3000, 4000] ms
  Classes: 2 (Binary: Class 0 vs Class 5)
  Folds: 5
  Batch size: 32
  Epochs per subject per time window: 50
  S1 800ms fold1/5: best_val= 77.78% (ep7) test= 50.00%
  S1 800ms fold2/5: best_val= 72.22% (ep15) test= 61.11%
  S1 800ms fold3/5: best_val= 77.78% (ep27) test= 44.44%
  S1 800ms fold4/5: best_val= 83.33% (ep32) test= 55.56%
  S1 800ms fold5/5: best_val= 77.78% (ep10) test= 55.56%
  S1 1500ms fold1/5: best_val= 66.67% (ep4) test= 50.00%
  S1 1500ms fold2/5: best_val= 66.67% (ep15) test= 44.44%
  S1 1500ms fold3/5: best_val= 83.33% (ep4) test= 33.33%
  S1 1500ms fold4/5: best_val= 72.22% (ep4) test= 61.11%
  S1 1500ms fold5/5: best_val= 72.22% (ep4) test= 50.00%
  S1 3000ms fold1/5: best_val= 77.78% (ep12) test= 61.11%
  S1 3000ms fold2/5: best_val= 72.22% (ep24) test= 77.78%
  S1 3000ms fold3/5: best_val= 94.44% (ep6) test= 55.56%
  S1 3000ms fold4/5: best_val= 88.89% (ep23) test= 88.89%
  S1 3000ms fold5/5: best_val= 88.89% (ep8) test= 66.67%
  S1 4000ms fold1/5: best_val= 77.78% (ep7) test= 66.67%
  S1 4000ms fold2/5: best_val= 72.22% (ep15) test= 66.67%
  S1 4000ms fold3/5: best_val= 88.89% (ep5) test= 50.00%
  S1 4000ms fold4/5: best_val= 83.33% (ep7) test= 77.78%
  S1 4000ms fold5/5: best_val= 83.33% (ep6) test= 61.11%
S 1: 800ms= 53.33%  1500ms= 47.78%  3000ms= 70.00%  4000ms= 64.44%   (54s)
  S2 800ms fold1/5: best_val= 81.25% (ep8) test= 50.00%
  S2 800ms fold2/5: best_val= 50.00% (ep1) test= 50.00%
  S2 800ms fold3/5: best_val= 62.50% (ep4) test= 43.75%
  S2 800ms fold4/5: best_val= 68.75% (ep4) test= 50.00%
  S2 800ms fold5/5: best_val= 75.00% (ep15) test= 75.00%
  S2 1500ms fold1/5: best_val= 81.25% (ep24) test= 50.00%
  S2 1500ms fold2/5: best_val= 62.50% (ep8) test= 50.00%
  S2 1500ms fold3/5: best_val= 75.00% (ep15) test= 56.25%
  S2 1500ms fold4/5: best_val= 75.00% (ep31) test= 81.25%
  S2 1500ms fold5/5: best_val= 81.25% (ep23) test= 68.75%
  S2 3000ms fold1/5: best_val= 68.75% (ep16) test= 37.50%
  S2 3000ms fold2/5: best_val= 62.50% (ep2) test= 31.25%
  S2 3000ms fold3/5: best_val= 81.25% (ep4) test= 50.00%
  S2 3000ms fold4/5: best_val= 75.00% (ep7) test= 62.50%
  S2 3000ms fold5/5: best_val= 68.75% (ep12) test= 62.50%
  S2 4000ms fold1/5: best_val= 75.00% (ep11) test= 50.00%
  S2 4000ms fold2/5: best_val= 68.75% (ep10) test= 62.50%
  S2 4000ms fold3/5: best_val= 75.00% (ep12) test= 56.25%
  S2 4000ms fold4/5: best_val= 68.75% (ep7) test= 81.25%
  S2 4000ms fold5/5: best_val= 75.00% (ep3) test= 56.25%
S 2: 800ms= 53.75%  1500ms= 61.25%  3000ms= 48.75%  4000ms= 61.25%   (42s)
  S3 800ms fold1/5: best_val= 87.50% (ep12) test= 81.25%
  S3 800ms fold2/5: best_val= 68.75% (ep13) test= 87.50%
  S3 800ms fold3/5: best_val= 75.00% (ep6) test= 56.25%
  S3 800ms fold4/5: best_val= 93.75% (ep11) test= 68.75%
  S3 800ms fold5/5: best_val= 93.75% (ep10) test= 68.75%
  S3 1500ms fold1/5: best_val= 68.75% (ep5) test= 56.25%
  S3 1500ms fold2/5: best_val= 81.25% (ep10) test= 87.50%
  S3 1500ms fold3/5: best_val= 87.50% (ep20) test= 87.50%
  S3 1500ms fold4/5: best_val= 87.50% (ep11) test= 68.75%
  S3 1500ms fold5/5: best_val= 87.50% (ep17) test= 81.25%
  S3 3000ms fold1/5: best_val= 87.50% (ep11) test= 75.00%
  S3 3000ms fold2/5: best_val= 93.75% (ep7) test= 75.00%
  S3 3000ms fold3/5: best_val= 81.25% (ep14) test=100.00%
  S3 3000ms fold4/5: best_val= 75.00% (ep3) test= 62.50%
  S3 3000ms fold5/5: best_val= 81.25% (ep14) test= 81.25%
  S3 4000ms fold1/5: best_val= 68.75% (ep7) test= 56.25%
  S3 4000ms fold2/5: best_val= 87.50% (ep16) test= 81.25%
  S3 4000ms fold3/5: best_val= 81.25% (ep11) test= 75.00%
  S3 4000ms fold4/5: best_val= 87.50% (ep14) test= 62.50%
  S3 4000ms fold5/5: best_val= 56.25% (ep9) test= 68.75%
S 3: 800ms= 72.50%  1500ms= 76.25%  3000ms= 78.75%  4000ms= 68.75%   (42s)
  S4 800ms fold1/5: best_val= 62.50% (ep8) test= 62.50%
  S4 800ms fold2/5: best_val= 68.75% (ep4) test= 56.25%
  S4 800ms fold3/5: best_val= 68.75% (ep13) test= 56.25%
  S4 800ms fold4/5: best_val= 68.75% (ep6) test= 43.75%
  S4 800ms fold5/5: best_val= 62.50% (ep4) test= 50.00%
  S4 1500ms fold1/5: best_val= 68.75% (ep10) test= 62.50%
  S4 1500ms fold2/5: best_val= 56.25% (ep6) test= 50.00%
  S4 1500ms fold3/5: best_val= 75.00% (ep6) test= 68.75%
  S4 1500ms fold4/5: best_val= 81.25% (ep19) test= 62.50%
  S4 1500ms fold5/5: best_val= 75.00% (ep13) test= 62.50%
  S4 3000ms fold1/5: best_val= 81.25% (ep18) test= 93.75%
  S4 3000ms fold2/5: best_val= 87.50% (ep15) test= 75.00%
  S4 3000ms fold3/5: best_val= 87.50% (ep12) test= 56.25%
  S4 3000ms fold4/5: best_val= 87.50% (ep17) test= 93.75%
  S4 3000ms fold5/5: best_val= 87.50% (ep15) test= 87.50%
  S4 4000ms fold1/5: best_val= 81.25% (ep20) test= 93.75%
  S4 4000ms fold2/5: best_val= 87.50% (ep18) test= 75.00%
  S4 4000ms fold3/5: best_val= 87.50% (ep10) test= 68.75%
  S4 4000ms fold4/5: best_val=100.00% (ep14) test= 87.50%
  S4 4000ms fold5/5: best_val= 87.50% (ep16) test= 81.25%
S 4: 800ms= 53.75%  1500ms= 61.25%  3000ms= 81.25%  4000ms= 81.25%   (43s)
  S5 800ms fold1/5: best_val= 75.00% (ep13) test= 87.50%
  S5 800ms fold2/5: best_val= 62.50% (ep11) test= 56.25%
  S5 800ms fold3/5: best_val= 62.50% (ep7) test= 81.25%
  S5 800ms fold4/5: best_val= 62.50% (ep11) test= 56.25%
  S5 800ms fold5/5: best_val= 93.75% (ep14) test= 68.75%
  S5 1500ms fold1/5: best_val= 62.50% (ep26) test= 93.75%
  S5 1500ms fold2/5: best_val= 50.00% (ep1) test= 50.00%
  S5 1500ms fold3/5: best_val= 62.50% (ep1) test= 62.50%
  S5 1500ms fold4/5: best_val= 75.00% (ep19) test= 56.25%
  S5 1500ms fold5/5: best_val= 87.50% (ep36) test= 50.00%
  S5 3000ms fold1/5: best_val= 75.00% (ep16) test= 62.50%
  S5 3000ms fold2/5: best_val= 68.75% (ep5) test= 75.00%
  S5 3000ms fold3/5: best_val= 50.00% (ep1) test= 62.50%
  S5 3000ms fold4/5: best_val= 87.50% (ep18) test= 62.50%
  S5 3000ms fold5/5: best_val=100.00% (ep21) test= 68.75%
  S5 4000ms fold1/5: best_val= 68.75% (ep10) test= 87.50%
  S5 4000ms fold2/5: best_val= 81.25% (ep10) test= 75.00%
  S5 4000ms fold3/5: best_val= 68.75% (ep13) test= 81.25%
  S5 4000ms fold4/5: best_val= 81.25% (ep26) test= 81.25%
  S5 4000ms fold5/5: best_val=100.00% (ep7) test= 56.25%
S 5: 800ms= 70.00%  1500ms= 62.50%  3000ms= 66.25%  4000ms= 76.25%   (42s)
  S6 800ms fold1/5: best_val= 50.00% (ep1) test= 50.00%
  S6 800ms fold2/5: best_val= 56.25% (ep5) test= 62.50%
  S6 800ms fold3/5: best_val= 81.25% (ep27) test= 62.50%
  S6 800ms fold4/5: best_val= 68.75% (ep8) test= 68.75%
  S6 800ms fold5/5: best_val= 81.25% (ep4) test= 68.75%
  S6 1500ms fold1/5: best_val= 62.50% (ep8) test= 56.25%
  S6 1500ms fold2/5: best_val= 62.50% (ep7) test= 75.00%
  S6 1500ms fold3/5: best_val= 75.00% (ep10) test= 62.50%
  S6 1500ms fold4/5: best_val= 75.00% (ep9) test= 56.25%
  S6 1500ms fold5/5: best_val= 87.50% (ep6) test= 62.50%
  S6 3000ms fold1/5: best_val= 68.75% (ep6) test= 56.25%
  S6 3000ms fold2/5: best_val= 56.25% (ep6) test= 68.75%
  S6 3000ms fold3/5: best_val= 75.00% (ep11) test= 50.00%
  S6 3000ms fold4/5: best_val= 81.25% (ep17) test= 62.50%
  S6 3000ms fold5/5: best_val= 75.00% (ep5) test= 62.50%
  S6 4000ms fold1/5: best_val= 56.25% (ep1) test= 50.00%
  S6 4000ms fold2/5: best_val= 56.25% (ep4) test= 50.00%
  S6 4000ms fold3/5: best_val= 62.50% (ep7) test= 68.75%
  S6 4000ms fold4/5: best_val= 56.25% (ep7) test= 62.50%
  S6 4000ms fold5/5: best_val= 68.75% (ep5) test= 56.25%
S 6: 800ms= 62.50%  1500ms= 62.50%  3000ms= 60.00%  4000ms= 57.50%   (42s)
  S7 800ms fold1/5: best_val= 62.50% (ep7) test= 62.50%
  S7 800ms fold2/5: best_val= 56.25% (ep1) test= 56.25%
  S7 800ms fold3/5: best_val= 68.75% (ep1) test= 68.75%
  S7 800ms fold4/5: best_val= 50.00% (ep1) test= 50.00%
  S7 800ms fold5/5: best_val= 50.00% (ep1) test= 50.00%
  S7 1500ms fold1/5: best_val= 62.50% (ep8) test= 87.50%
  S7 1500ms fold2/5: best_val= 50.00% (ep1) test= 50.00%
  S7 1500ms fold3/5: best_val= 62.50% (ep7) test= 62.50%
  S7 1500ms fold4/5: best_val= 75.00% (ep6) test= 43.75%
  S7 1500ms fold5/5: best_val= 62.50% (ep13) test= 56.25%
  S7 3000ms fold1/5: best_val= 81.25% (ep6) test= 81.25%
  S7 3000ms fold2/5: best_val= 68.75% (ep6) test= 56.25%
  S7 3000ms fold3/5: best_val= 68.75% (ep14) test= 75.00%
  S7 3000ms fold4/5: best_val= 75.00% (ep8) test= 75.00%
  S7 3000ms fold5/5: best_val= 75.00% (ep8) test= 68.75%
  S7 4000ms fold1/5: best_val= 87.50% (ep4) test= 68.75%
  S7 4000ms fold2/5: best_val= 56.25% (ep6) test= 43.75%
  S7 4000ms fold3/5: best_val= 62.50% (ep6) test= 56.25%
  S7 4000ms fold4/5: best_val= 68.75% (ep15) test= 50.00%
  S7 4000ms fold5/5: best_val= 75.00% (ep13) test= 43.75%
S 7: 800ms= 57.50%  1500ms= 60.00%  3000ms= 71.25%  4000ms= 52.50%   (42s)
  S8 800ms fold1/5: best_val= 62.50% (ep7) test= 43.75%
  S8 800ms fold2/5: best_val= 81.25% (ep10) test= 62.50%
  S8 800ms fold3/5: best_val= 56.25% (ep8) test= 50.00%
  S8 800ms fold4/5: best_val= 75.00% (ep9) test= 50.00%
  S8 800ms fold5/5: best_val= 75.00% (ep4) test= 68.75%
  S8 1500ms fold1/5: best_val= 62.50% (ep5) test= 56.25%
  S8 1500ms fold2/5: best_val= 75.00% (ep11) test= 43.75%
  S8 1500ms fold3/5: best_val= 68.75% (ep10) test= 68.75%
  S8 1500ms fold4/5: best_val= 81.25% (ep22) test= 43.75%
  S8 1500ms fold5/5: best_val= 62.50% (ep10) test= 56.25%
  S8 3000ms fold1/5: best_val= 50.00% (ep1) test= 50.00%
  S8 3000ms fold2/5: best_val= 62.50% (ep1) test= 50.00%
  S8 3000ms fold3/5: best_val= 50.00% (ep1) test= 50.00%
  S8 3000ms fold4/5: best_val= 81.25% (ep11) test= 50.00%
  S8 3000ms fold5/5: best_val= 56.25% (ep1) test= 37.50%
  S8 4000ms fold1/5: best_val= 62.50% (ep6) test= 43.75%
  S8 4000ms fold2/5: best_val= 56.25% (ep4) test= 56.25%
  S8 4000ms fold3/5: best_val= 68.75% (ep6) test= 56.25%
  S8 4000ms fold4/5: best_val= 68.75% (ep6) test= 56.25%
  S8 4000ms fold5/5: best_val= 62.50% (ep7) test= 68.75%
S 8: 800ms= 55.00%  1500ms= 53.75%  3000ms= 47.50%  4000ms= 56.25%   (42s)
  S9 800ms fold1/5: best_val= 75.00% (ep10) test= 50.00%
  S9 800ms fold2/5: best_val= 75.00% (ep11) test= 62.50%
  S9 800ms fold3/5: best_val= 62.50% (ep7) test= 62.50%
  S9 800ms fold4/5: best_val= 81.25% (ep12) test= 62.50%
  S9 800ms fold5/5: best_val= 62.50% (ep6) test= 75.00%
  S9 1500ms fold1/5: best_val= 68.75% (ep4) test= 50.00%
  S9 1500ms fold2/5: best_val= 62.50% (ep2) test= 50.00%
  S9 1500ms fold3/5: best_val= 62.50% (ep5) test= 50.00%
  S9 1500ms fold4/5: best_val= 68.75% (ep7) test= 75.00%
  S9 1500ms fold5/5: best_val= 62.50% (ep10) test= 56.25%
  S9 3000ms fold1/5: best_val= 93.75% (ep11) test= 62.50%
  S9 3000ms fold2/5: best_val= 81.25% (ep20) test= 93.75%
  S9 3000ms fold3/5: best_val= 81.25% (ep6) test= 68.75%
  S9 3000ms fold4/5: best_val= 81.25% (ep4) test= 62.50%
  S9 3000ms fold5/5: best_val= 75.00% (ep17) test= 56.25%
  S9 4000ms fold1/5: best_val= 87.50% (ep15) test= 56.25%
  S9 4000ms fold2/5: best_val= 75.00% (ep7) test= 62.50%
  S9 4000ms fold3/5: best_val= 93.75% (ep16) test= 62.50%
  S9 4000ms fold4/5: best_val= 87.50% (ep6) test= 75.00%
  S9 4000ms fold5/5: best_val= 81.25% (ep6) test= 81.25%
S 9: 800ms= 62.50%  1500ms= 56.25%  3000ms= 68.75%  4000ms= 67.50%   (43s)
  S10 800ms fold1/5: best_val= 81.25% (ep18) test= 81.25%
  S10 800ms fold2/5: best_val= 87.50% (ep11) test= 75.00%
  S10 800ms fold3/5: best_val= 93.75% (ep6) test= 68.75%
  S10 800ms fold4/5: best_val= 87.50% (ep47) test= 68.75%
  S10 800ms fold5/5: best_val= 93.75% (ep8) test= 62.50%
  S10 1500ms fold1/5: best_val= 81.25% (ep5) test=100.00%
  S10 1500ms fold2/5: best_val= 93.75% (ep4) test= 75.00%
  S10 1500ms fold3/5: best_val= 93.75% (ep3) test= 68.75%
  S10 1500ms fold4/5: best_val= 87.50% (ep5) test= 62.50%
  S10 1500ms fold5/5: best_val= 81.25% (ep8) test= 81.25%
  S10 3000ms fold1/5: best_val= 87.50% (ep10) test= 87.50%
  S10 3000ms fold2/5: best_val= 93.75% (ep9) test= 87.50%
  S10 3000ms fold3/5: best_val= 93.75% (ep6) test= 93.75%
  S10 3000ms fold4/5: best_val=100.00% (ep4) test= 68.75%
  S10 3000ms fold5/5: best_val= 68.75% (ep6) test= 75.00%
  S10 4000ms fold1/5: best_val= 87.50% (ep7) test= 93.75%
  S10 4000ms fold2/5: best_val= 93.75% (ep12) test= 81.25%
  S10 4000ms fold3/5: best_val= 93.75% (ep12) test= 87.50%
  S10 4000ms fold4/5: best_val= 93.75% (ep7) test= 62.50%
  S10 4000ms fold5/5: best_val= 81.25% (ep8) test= 75.00%
S10: 800ms= 71.25%  1500ms= 77.50%  3000ms= 82.50%  4000ms= 80.00%   (42s)
  S11 800ms fold1/5: best_val= 75.00% (ep3) test= 50.00%
  S11 800ms fold2/5: best_val= 56.25% (ep8) test= 62.50%
  S11 800ms fold3/5: best_val= 68.75% (ep4) test= 50.00%
  S11 800ms fold4/5: best_val= 68.75% (ep4) test= 43.75%
  S11 800ms fold5/5: best_val= 56.25% (ep7) test= 31.25%
  S11 1500ms fold1/5: best_val= 62.50% (ep7) test= 43.75%
  S11 1500ms fold2/5: best_val= 56.25% (ep5) test= 50.00%
  S11 1500ms fold3/5: best_val= 50.00% (ep1) test= 50.00%
  S11 1500ms fold4/5: best_val= 62.50% (ep6) test= 62.50%
  S11 1500ms fold5/5: best_val= 75.00% (ep16) test= 37.50%
  S11 3000ms fold1/5: best_val= 75.00% (ep11) test= 50.00%
  S11 3000ms fold2/5: best_val= 62.50% (ep13) test= 62.50%
  S11 3000ms fold3/5: best_val= 62.50% (ep5) test= 68.75%
  S11 3000ms fold4/5: best_val= 62.50% (ep9) test= 50.00%
  S11 3000ms fold5/5: best_val= 62.50% (ep3) test= 56.25%
  S11 4000ms fold1/5: best_val= 68.75% (ep4) test= 50.00%
  S11 4000ms fold2/5: best_val= 68.75% (ep18) test= 56.25%
  S11 4000ms fold3/5: best_val= 68.75% (ep25) test= 75.00%
  S11 4000ms fold4/5: best_val= 50.00% (ep1) test= 50.00%
  S11 4000ms fold5/5: best_val= 62.50% (ep4) test= 62.50%
S11: 800ms= 47.50%  1500ms= 48.75%  3000ms= 57.50%  4000ms= 58.75%   (42s)
  S12 800ms fold1/5: best_val= 62.50% (ep8) test= 50.00%
  S12 800ms fold2/5: best_val= 62.50% (ep6) test= 50.00%
  S12 800ms fold3/5: best_val= 68.75% (ep4) test= 62.50%
  S12 800ms fold4/5: best_val= 50.00% (ep1) test= 50.00%
  S12 800ms fold5/5: best_val= 50.00% (ep1) test= 50.00%
  S12 1500ms fold1/5: best_val= 75.00% (ep31) test= 50.00%
  S12 1500ms fold2/5: best_val= 56.25% (ep3) test= 50.00%
  S12 1500ms fold3/5: best_val= 68.75% (ep7) test= 62.50%
  S12 1500ms fold4/5: best_val= 56.25% (ep11) test= 50.00%
  S12 1500ms fold5/5: best_val= 62.50% (ep14) test= 62.50%
  S12 3000ms fold1/5: best_val= 50.00% (ep1) test= 50.00%
  S12 3000ms fold2/5: best_val= 56.25% (ep14) test= 50.00%
  S12 3000ms fold3/5: best_val= 62.50% (ep5) test= 37.50%
  S12 3000ms fold4/5: best_val= 56.25% (ep33) test= 62.50%
  S12 3000ms fold5/5: best_val= 56.25% (ep5) test= 68.75%
  S12 4000ms fold1/5: best_val= 56.25% (ep9) test= 62.50%
  S12 4000ms fold2/5: best_val= 50.00% (ep1) test= 50.00%
  S12 4000ms fold3/5: best_val= 62.50% (ep10) test= 50.00%
  S12 4000ms fold4/5: best_val= 62.50% (ep25) test= 56.25%
  S12 4000ms fold5/5: best_val= 56.25% (ep3) test= 56.25%
S12: 800ms= 52.50%  1500ms= 55.00%  3000ms= 53.75%  4000ms= 55.00%   (42s)
  S13 800ms fold1/5: best_val= 75.00% (ep2) test= 75.00%
  S13 800ms fold2/5: best_val= 81.25% (ep5) test= 56.25%
  S13 800ms fold3/5: best_val= 75.00% (ep11) test= 62.50%
  S13 800ms fold4/5: best_val= 68.75% (ep7) test= 50.00%
  S13 800ms fold5/5: best_val= 62.50% (ep1) test= 50.00%
  S13 1500ms fold1/5: best_val= 62.50% (ep15) test= 43.75%
  S13 1500ms fold2/5: best_val= 62.50% (ep6) test= 56.25%
  S13 1500ms fold3/5: best_val= 56.25% (ep5) test= 50.00%
  S13 1500ms fold4/5: best_val= 62.50% (ep8) test= 62.50%
  S13 1500ms fold5/5: best_val= 75.00% (ep9) test= 50.00%
  S13 3000ms fold1/5: best_val= 62.50% (ep13) test= 50.00%
  S13 3000ms fold2/5: best_val= 68.75% (ep18) test= 68.75%
  S13 3000ms fold3/5: best_val= 68.75% (ep6) test= 62.50%
  S13 3000ms fold4/5: best_val= 68.75% (ep20) test= 75.00%
  S13 3000ms fold5/5: best_val= 81.25% (ep30) test= 43.75%
  S13 4000ms fold1/5: best_val= 62.50% (ep9) test= 56.25%
  S13 4000ms fold2/5: best_val= 56.25% (ep5) test= 43.75%
  S13 4000ms fold3/5: best_val= 68.75% (ep10) test= 62.50%
  S13 4000ms fold4/5: best_val= 68.75% (ep4) test= 43.75%
  S13 4000ms fold5/5: best_val= 75.00% (ep18) test= 56.25%
S13: 800ms= 58.75%  1500ms= 52.50%  3000ms= 60.00%  4000ms= 52.50%   (42s)
  S14 800ms fold1/5: best_val= 62.50% (ep4) test= 50.00%
  S14 800ms fold2/5: best_val= 62.50% (ep4) test= 56.25%
  S14 800ms fold3/5: best_val= 81.25% (ep16) test= 62.50%
  S14 800ms fold4/5: best_val= 68.75% (ep1) test= 50.00%
  S14 800ms fold5/5: best_val= 56.25% (ep4) test= 50.00%
  S14 1500ms fold1/5: best_val= 75.00% (ep12) test= 62.50%
  S14 1500ms fold2/5: best_val= 62.50% (ep6) test= 62.50%
  S14 1500ms fold3/5: best_val= 81.25% (ep13) test= 75.00%
  S14 1500ms fold4/5: best_val= 75.00% (ep14) test= 56.25%
  S14 1500ms fold5/5: best_val= 81.25% (ep6) test= 68.75%
  S14 3000ms fold1/5: best_val= 68.75% (ep10) test= 68.75%
  S14 3000ms fold2/5: best_val= 62.50% (ep10) test= 68.75%
  S14 3000ms fold3/5: best_val= 81.25% (ep21) test= 50.00%
  S14 3000ms fold4/5: best_val= 68.75% (ep4) test= 62.50%
  S14 3000ms fold5/5: best_val= 68.75% (ep6) test= 62.50%
  S14 4000ms fold1/5: best_val= 75.00% (ep2) test= 56.25%
  S14 4000ms fold2/5: best_val= 75.00% (ep3) test= 50.00%
  S14 4000ms fold3/5: best_val= 81.25% (ep7) test= 62.50%
  S14 4000ms fold4/5: best_val= 81.25% (ep7) test= 62.50%
  S14 4000ms fold5/5: best_val= 75.00% (ep5) test= 68.75%
S14: 800ms= 53.75%  1500ms= 65.00%  3000ms= 62.50%  4000ms= 60.00%   (42s)
  S15 800ms fold1/5: best_val= 56.25% (ep5) test= 56.25%
  S15 800ms fold2/5: best_val= 50.00% (ep2) test= 43.75%
  S15 800ms fold3/5: best_val= 75.00% (ep3) test= 43.75%
  S15 800ms fold4/5: best_val= 56.25% (ep2) test= 50.00%
  S15 800ms fold5/5: best_val= 50.00% (ep1) test= 50.00%
  S15 1500ms fold1/5: best_val= 56.25% (ep7) test= 50.00%
  S15 1500ms fold2/5: best_val= 50.00% (ep1) test= 50.00%
  S15 1500ms fold3/5: best_val= 75.00% (ep4) test= 31.25%
  S15 1500ms fold4/5: best_val= 50.00% (ep2) test= 50.00%
  S15 1500ms fold5/5: best_val= 62.50% (ep8) test= 56.25%
  S15 3000ms fold1/5: best_val= 62.50% (ep27) test= 50.00%
  S15 3000ms fold2/5: best_val= 56.25% (ep2) test= 43.75%
  S15 3000ms fold3/5: best_val= 75.00% (ep7) test= 31.25%
  S15 3000ms fold4/5: best_val= 81.25% (ep2) test= 62.50%
  S15 3000ms fold5/5: best_val= 68.75% (ep12) test= 43.75%
  S15 4000ms fold1/5: best_val= 68.75% (ep6) test= 62.50%
  S15 4000ms fold2/5: best_val= 62.50% (ep7) test= 50.00%
  S15 4000ms fold3/5: best_val= 50.00% (ep1) test= 50.00%
  S15 4000ms fold4/5: best_val= 68.75% (ep15) test= 75.00%
  S15 4000ms fold5/5: best_val= 62.50% (ep3) test= 31.25%
S15: 800ms= 48.75%  1500ms= 47.50%  3000ms= 46.25%  4000ms= 53.75%   (43s)
  S16 800ms fold1/5: best_val= 50.00% (ep1) test= 50.00%
  S16 800ms fold2/5: best_val= 50.00% (ep1) test= 50.00%
  S16 800ms fold3/5: best_val= 56.25% (ep3) test= 50.00%
  S16 800ms fold4/5: best_val= 50.00% (ep2) test= 50.00%
  S16 800ms fold5/5: best_val= 56.25% (ep6) test= 56.25%
  S16 1500ms fold1/5: best_val= 56.25% (ep14) test= 56.25%
  S16 1500ms fold2/5: best_val= 68.75% (ep16) test= 62.50%
  S16 1500ms fold3/5: best_val= 68.75% (ep1) test= 50.00%
  S16 1500ms fold4/5: best_val= 56.25% (ep5) test= 68.75%
  S16 1500ms fold5/5: best_val= 68.75% (ep22) test= 56.25%
  S16 3000ms fold1/5: best_val= 68.75% (ep7) test= 68.75%
  S16 3000ms fold2/5: best_val= 62.50% (ep5) test= 50.00%
  S16 3000ms fold3/5: best_val= 68.75% (ep17) test= 56.25%
  S16 3000ms fold4/5: best_val= 62.50% (ep5) test= 50.00%
  S16 3000ms fold5/5: best_val= 87.50% (ep7) test= 68.75%
  S16 4000ms fold1/5: best_val= 68.75% (ep7) test= 68.75%
  S16 4000ms fold2/5: best_val= 68.75% (ep11) test= 62.50%
  S16 4000ms fold3/5: best_val= 56.25% (ep1) test= 50.00%
  S16 4000ms fold4/5: best_val= 68.75% (ep31) test= 62.50%
  S16 4000ms fold5/5: best_val= 93.75% (ep21) test= 50.00%
S16: 800ms= 51.25%  1500ms= 58.75%  3000ms= 58.75%  4000ms= 58.75%   (43s)
  S17 800ms fold1/5: best_val= 75.00% (ep7) test= 81.25%
  S17 800ms fold2/5: best_val= 62.50% (ep13) test= 75.00%
  S17 800ms fold3/5: best_val= 75.00% (ep6) test= 75.00%
  S17 800ms fold4/5: best_val= 81.25% (ep10) test= 43.75%
  S17 800ms fold5/5: best_val= 81.25% (ep12) test= 75.00%
  S17 1500ms fold1/5: best_val= 62.50% (ep11) test= 68.75%
  S17 1500ms fold2/5: best_val= 68.75% (ep11) test= 68.75%
  S17 1500ms fold3/5: best_val= 81.25% (ep16) test= 68.75%
  S17 1500ms fold4/5: best_val= 75.00% (ep6) test= 62.50%
  S17 1500ms fold5/5: best_val= 62.50% (ep14) test= 75.00%
  S17 3000ms fold1/5: best_val= 81.25% (ep21) test= 68.75%
  S17 3000ms fold2/5: best_val= 81.25% (ep10) test= 81.25%
  S17 3000ms fold3/5: best_val= 87.50% (ep15) test= 56.25%
  S17 3000ms fold4/5: best_val= 81.25% (ep22) test= 75.00%
  S17 3000ms fold5/5: best_val= 81.25% (ep7) test= 75.00%
  S17 4000ms fold1/5: best_val= 87.50% (ep6) test= 75.00%
  S17 4000ms fold2/5: best_val= 81.25% (ep8) test= 81.25%
  S17 4000ms fold3/5: best_val= 93.75% (ep21) test= 68.75%
  S17 4000ms fold4/5: best_val= 87.50% (ep5) test= 62.50%
  S17 4000ms fold5/5: best_val= 93.75% (ep28) test= 62.50%
S17: 800ms= 70.00%  1500ms= 68.75%  3000ms= 71.25%  4000ms= 70.00%   (43s)
  S18 800ms fold1/5: best_val= 56.25% (ep2) test= 43.75%
  S18 800ms fold2/5: best_val= 75.00% (ep18) test= 50.00%
  S18 800ms fold3/5: best_val= 87.50% (ep11) test= 50.00%
  S18 800ms fold4/5: best_val= 68.75% (ep18) test= 62.50%
  S18 800ms fold5/5: best_val= 68.75% (ep14) test= 50.00%
  S18 1500ms fold1/5: best_val= 56.25% (ep5) test= 43.75%
  S18 1500ms fold2/5: best_val= 50.00% (ep1) test= 50.00%
  S18 1500ms fold3/5: best_val= 68.75% (ep3) test= 56.25%
  S18 1500ms fold4/5: best_val= 68.75% (ep15) test= 56.25%
  S18 1500ms fold5/5: best_val= 81.25% (ep23) test= 62.50%
  S18 3000ms fold1/5: best_val= 75.00% (ep15) test= 50.00%
  S18 3000ms fold2/5: best_val= 62.50% (ep16) test= 62.50%
  S18 3000ms fold3/5: best_val= 68.75% (ep29) test= 81.25%
  S18 3000ms fold4/5: best_val= 87.50% (ep14) test= 56.25%
  S18 3000ms fold5/5: best_val= 81.25% (ep20) test= 68.75%
  S18 4000ms fold1/5: best_val= 75.00% (ep20) test= 56.25%
  S18 4000ms fold2/5: best_val= 62.50% (ep12) test= 62.50%
  S18 4000ms fold3/5: best_val= 62.50% (ep13) test= 62.50%
  S18 4000ms fold4/5: best_val= 81.25% (ep13) test= 68.75%
  S18 4000ms fold5/5: best_val= 62.50% (ep14) test= 75.00%
S18: 800ms= 51.25%  1500ms= 53.75%  3000ms= 63.75%  4000ms= 65.00%   (42s)

ALL SUBJECTS COMPLETED — HOC/SPS  (775s)

====================================================================
SAVED HOC/SPS -> /work/11862/rmaahin/ls6/FineMI-enhancements/ConformerEEG/experiments/option_b/results/full/HOC_SPS
gpu=NVIDIA A100-PCIE-40GB | torch=2.8.0+cu128 | seed=42 | model=conformer_b | mode=full
====================================================================
window_ms   800    1500   3000   4000
subject                              
1          53.33  47.78  70.00  64.44
2          53.75  61.25  48.75  61.25
3          72.50  76.25  78.75  68.75
4          53.75  61.25  81.25  81.25
5          70.00  62.50  66.25  76.25
6          62.50  62.50  60.00  57.50
7          57.50  60.00  71.25  52.50
8          55.00  53.75  47.50  56.25
9          62.50  56.25  68.75  67.50
10         71.25  77.50  82.50  80.00
11         47.50  48.75  57.50  58.75
12         52.50  55.00  53.75  55.00
13         58.75  52.50  60.00  52.50
14         53.75  65.00  62.50  60.00
15         48.75  47.50  46.25  53.75
16         51.25  58.75  58.75  58.75
17         70.00  68.75  71.25  70.00
18         51.25  53.75  63.75  65.00

mean: {800: 58.1, 1500: 59.39, 3000: 63.82, 4000: 63.3}
sd  : {800: 8.11, 1500: 8.7, 3000: 10.99, 4000: 9.07}

Pairs saved so far in /work/11862/rmaahin/ls6/FineMI-enhancements/ConformerEEG/experiments/option_b/results/full: 15/28

##### pair_idx=5 (HOC_SAA) #####

Using device: cuda | gpu=NVIDIA A100-PCIE-40GB | torch=2.8.0+cu128
NOTE: determinism holds per-GPU-model. Record this GPU name.

PAIR: HOC/SAA  (classes 0 vs 6)  model=conformer_b  mode=full
Test time windows: [800, 1500, 3000, 4000] ms
Test time windows (samples): [200, 375, 750, 1000]

BINARY CLASSIFICATION: Class 0 vs Class 6  (HOC/SAA)
  Class 0 (original 0): 725 trials
  Class 1 (original 6): 725 trials

Extracted time windows:
  800ms (200 samples): shape (1450, 62, 200)
  1500ms (375 samples): shape (1450, 62, 375)
  3000ms (750 samples): shape (1450, 62, 750)
  4000ms (1000 samples): shape (1450, 62, 1000)

Model configuration:
  Model: conformer_b
  Channels: 62
  Subjects: [1, 2, 3, 4, 5, 6, 7, 8, 9, 10, 11, 12, 13, 14, 15, 16, 17, 18]
  Time windows: [800, 1500, 3000, 4000] ms
  Classes: 2 (Binary: Class 0 vs Class 6)
  Folds: 5
  Batch size: 32
  Epochs per subject per time window: 50
  S1 800ms fold1/5: best_val= 61.11% (ep5) test= 38.89%
  S1 800ms fold2/5: best_val= 72.22% (ep3) test= 44.44%
  S1 800ms fold3/5: best_val= 83.33% (ep27) test= 72.22%
  S1 800ms fold4/5: best_val= 66.67% (ep9) test= 50.00%
  S1 800ms fold5/5: best_val= 61.11% (ep5) test= 61.11%
  S1 1500ms fold1/5: best_val= 77.78% (ep27) test= 50.00%
  S1 1500ms fold2/5: best_val= 77.78% (ep19) test= 61.11%
  S1 1500ms fold3/5: best_val= 88.89% (ep9) test= 44.44%
  S1 1500ms fold4/5: best_val= 72.22% (ep29) test= 66.67%
  S1 1500ms fold5/5: best_val= 66.67% (ep10) test= 50.00%
  S1 3000ms fold1/5: best_val= 83.33% (ep6) test= 88.89%
  S1 3000ms fold2/5: best_val= 83.33% (ep23) test= 66.67%
  S1 3000ms fold3/5: best_val= 94.44% (ep16) test= 50.00%
  S1 3000ms fold4/5: best_val= 72.22% (ep5) test= 77.78%
  S1 3000ms fold5/5: best_val= 83.33% (ep10) test= 77.78%
  S1 4000ms fold1/5: best_val= 77.78% (ep6) test= 72.22%
  S1 4000ms fold2/5: best_val= 83.33% (ep8) test= 44.44%
  S1 4000ms fold3/5: best_val= 88.89% (ep8) test= 61.11%
  S1 4000ms fold4/5: best_val= 72.22% (ep6) test= 77.78%
  S1 4000ms fold5/5: best_val= 66.67% (ep4) test= 72.22%
S 1: 800ms= 53.33%  1500ms= 54.44%  3000ms= 72.22%  4000ms= 65.56%   (54s)
  S2 800ms fold1/5: best_val= 62.50% (ep9) test= 50.00%
  S2 800ms fold2/5: best_val= 68.75% (ep8) test= 68.75%
  S2 800ms fold3/5: best_val= 75.00% (ep5) test= 68.75%
  S2 800ms fold4/5: best_val= 81.25% (ep11) test= 43.75%
  S2 800ms fold5/5: best_val= 62.50% (ep8) test= 62.50%
  S2 1500ms fold1/5: best_val= 62.50% (ep1) test= 43.75%
  S2 1500ms fold2/5: best_val= 81.25% (ep25) test= 50.00%
  S2 1500ms fold3/5: best_val= 62.50% (ep20) test= 87.50%
  S2 1500ms fold4/5: best_val= 68.75% (ep2) test= 50.00%
  S2 1500ms fold5/5: best_val= 50.00% (ep1) test= 50.00%
  S2 3000ms fold1/5: best_val= 81.25% (ep10) test= 75.00%
  S2 3000ms fold2/5: best_val= 50.00% (ep1) test= 50.00%
  S2 3000ms fold3/5: best_val= 56.25% (ep1) test= 56.25%
  S2 3000ms fold4/5: best_val= 81.25% (ep11) test= 75.00%
  S2 3000ms fold5/5: best_val= 62.50% (ep6) test= 56.25%
  S2 4000ms fold1/5: best_val= 75.00% (ep1) test= 56.25%
  S2 4000ms fold2/5: best_val= 62.50% (ep8) test= 68.75%
  S2 4000ms fold3/5: best_val= 81.25% (ep17) test= 75.00%
  S2 4000ms fold4/5: best_val= 81.25% (ep16) test= 62.50%
  S2 4000ms fold5/5: best_val= 68.75% (ep10) test= 68.75%
S 2: 800ms= 58.75%  1500ms= 56.25%  3000ms= 62.50%  4000ms= 66.25%   (42s)
  S3 800ms fold1/5: best_val=100.00% (ep12) test= 87.50%
  S3 800ms fold2/5: best_val= 87.50% (ep4) test= 62.50%
  S3 800ms fold3/5: best_val= 87.50% (ep11) test= 93.75%
  S3 800ms fold4/5: best_val= 81.25% (ep10) test=100.00%
  S3 800ms fold5/5: best_val= 93.75% (ep11) test= 81.25%
  S3 1500ms fold1/5: best_val= 93.75% (ep16) test= 75.00%
  S3 1500ms fold2/5: best_val= 93.75% (ep19) test= 81.25%
  S3 1500ms fold3/5: best_val=100.00% (ep10) test= 81.25%
  S3 1500ms fold4/5: best_val= 81.25% (ep13) test= 81.25%
  S3 1500ms fold5/5: best_val=100.00% (ep9) test= 87.50%
  S3 3000ms fold1/5: best_val=100.00% (ep12) test= 93.75%
  S3 3000ms fold2/5: best_val=100.00% (ep5) test= 62.50%
  S3 3000ms fold3/5: best_val= 93.75% (ep15) test= 87.50%
  S3 3000ms fold4/5: best_val= 81.25% (ep8) test= 93.75%
  S3 3000ms fold5/5: best_val= 87.50% (ep8) test= 93.75%
  S3 4000ms fold1/5: best_val= 81.25% (ep3) test= 75.00%
  S3 4000ms fold2/5: best_val= 81.25% (ep8) test= 75.00%
  S3 4000ms fold3/5: best_val= 93.75% (ep7) test= 75.00%
  S3 4000ms fold4/5: best_val= 81.25% (ep7) test= 87.50%
  S3 4000ms fold5/5: best_val= 87.50% (ep19) test= 81.25%
S 3: 800ms= 85.00%  1500ms= 81.25%  3000ms= 86.25%  4000ms= 78.75%   (42s)
  S4 800ms fold1/5: best_val= 81.25% (ep13) test= 75.00%
  S4 800ms fold2/5: best_val= 56.25% (ep23) test= 75.00%
  S4 800ms fold3/5: best_val= 62.50% (ep6) test= 62.50%
  S4 800ms fold4/5: best_val= 50.00% (ep1) test= 50.00%
  S4 800ms fold5/5: best_val= 87.50% (ep19) test= 43.75%
  S4 1500ms fold1/5: best_val= 62.50% (ep14) test= 68.75%
  S4 1500ms fold2/5: best_val= 68.75% (ep11) test= 56.25%
  S4 1500ms fold3/5: best_val= 81.25% (ep12) test= 56.25%
  S4 1500ms fold4/5: best_val= 81.25% (ep13) test= 75.00%
  S4 1500ms fold5/5: best_val= 93.75% (ep14) test= 75.00%
  S4 3000ms fold1/5: best_val= 93.75% (ep14) test= 93.75%
  S4 3000ms fold2/5: best_val= 81.25% (ep15) test= 68.75%
  S4 3000ms fold3/5: best_val= 81.25% (ep15) test=100.00%
  S4 3000ms fold4/5: best_val= 87.50% (ep12) test= 87.50%
  S4 3000ms fold5/5: best_val= 93.75% (ep26) test= 81.25%
  S4 4000ms fold1/5: best_val= 75.00% (ep13) test= 93.75%
  S4 4000ms fold2/5: best_val= 81.25% (ep14) test= 75.00%
  S4 4000ms fold3/5: best_val= 81.25% (ep9) test= 68.75%
  S4 4000ms fold4/5: best_val= 93.75% (ep12) test= 81.25%
  S4 4000ms fold5/5: best_val= 93.75% (ep12) test= 87.50%
S 4: 800ms= 61.25%  1500ms= 66.25%  3000ms= 86.25%  4000ms= 81.25%   (42s)
  S5 800ms fold1/5: best_val= 81.25% (ep13) test= 81.25%
  S5 800ms fold2/5: best_val= 81.25% (ep13) test= 62.50%
  S5 800ms fold3/5: best_val= 68.75% (ep16) test= 68.75%
  S5 800ms fold4/5: best_val= 75.00% (ep15) test= 62.50%
  S5 800ms fold5/5: best_val= 87.50% (ep21) test= 62.50%
  S5 1500ms fold1/5: best_val= 68.75% (ep9) test= 93.75%
  S5 1500ms fold2/5: best_val= 56.25% (ep4) test= 50.00%
  S5 1500ms fold3/5: best_val= 75.00% (ep11) test= 43.75%
  S5 1500ms fold4/5: best_val= 81.25% (ep4) test= 31.25%
  S5 1500ms fold5/5: best_val= 81.25% (ep11) test= 62.50%
  S5 3000ms fold1/5: best_val= 68.75% (ep9) test= 62.50%
  S5 3000ms fold2/5: best_val= 81.25% (ep4) test= 62.50%
  S5 3000ms fold3/5: best_val= 68.75% (ep16) test= 56.25%
  S5 3000ms fold4/5: best_val= 62.50% (ep7) test= 50.00%
  S5 3000ms fold5/5: best_val= 62.50% (ep6) test= 50.00%
  S5 4000ms fold1/5: best_val= 75.00% (ep6) test= 50.00%
  S5 4000ms fold2/5: best_val= 75.00% (ep23) test= 43.75%
  S5 4000ms fold3/5: best_val= 62.50% (ep7) test= 56.25%
  S5 4000ms fold4/5: best_val= 62.50% (ep8) test= 62.50%
  S5 4000ms fold5/5: best_val= 75.00% (ep18) test= 56.25%
S 5: 800ms= 67.50%  1500ms= 56.25%  3000ms= 56.25%  4000ms= 53.75%   (42s)
  S6 800ms fold1/5: best_val= 56.25% (ep22) test= 75.00%
  S6 800ms fold2/5: best_val= 68.75% (ep4) test= 62.50%
  S6 800ms fold3/5: best_val= 75.00% (ep4) test= 50.00%
  S6 800ms fold4/5: best_val= 68.75% (ep7) test= 75.00%
  S6 800ms fold5/5: best_val= 56.25% (ep4) test= 75.00%
  S6 1500ms fold1/5: best_val= 62.50% (ep7) test= 62.50%
  S6 1500ms fold2/5: best_val= 68.75% (ep8) test= 75.00%
  S6 1500ms fold3/5: best_val= 93.75% (ep13) test= 50.00%
  S6 1500ms fold4/5: best_val= 68.75% (ep9) test= 62.50%
  S6 1500ms fold5/5: best_val= 68.75% (ep12) test= 75.00%
  S6 3000ms fold1/5: best_val= 68.75% (ep21) test= 62.50%
  S6 3000ms fold2/5: best_val= 75.00% (ep11) test= 68.75%
  S6 3000ms fold3/5: best_val= 75.00% (ep18) test= 50.00%
  S6 3000ms fold4/5: best_val= 68.75% (ep6) test= 56.25%
  S6 3000ms fold5/5: best_val= 75.00% (ep22) test= 75.00%
  S6 4000ms fold1/5: best_val= 68.75% (ep1) test= 43.75%
  S6 4000ms fold2/5: best_val= 75.00% (ep8) test= 56.25%
  S6 4000ms fold3/5: best_val= 68.75% (ep19) test= 62.50%
  S6 4000ms fold4/5: best_val= 62.50% (ep13) test= 50.00%
  S6 4000ms fold5/5: best_val= 56.25% (ep12) test= 75.00%
S 6: 800ms= 67.50%  1500ms= 65.00%  3000ms= 62.50%  4000ms= 57.50%   (42s)
  S7 800ms fold1/5: best_val= 81.25% (ep5) test= 43.75%
  S7 800ms fold2/5: best_val= 68.75% (ep3) test= 50.00%
  S7 800ms fold3/5: best_val= 56.25% (ep13) test= 43.75%
  S7 800ms fold4/5: best_val= 68.75% (ep9) test= 62.50%
  S7 800ms fold5/5: best_val= 50.00% (ep1) test= 43.75%
  S7 1500ms fold1/5: best_val= 68.75% (ep5) test= 75.00%
  S7 1500ms fold2/5: best_val= 75.00% (ep12) test= 62.50%
  S7 1500ms fold3/5: best_val= 56.25% (ep15) test= 87.50%
  S7 1500ms fold4/5: best_val= 75.00% (ep8) test= 56.25%
  S7 1500ms fold5/5: best_val= 56.25% (ep3) test= 62.50%
  S7 3000ms fold1/5: best_val= 68.75% (ep5) test= 62.50%
  S7 3000ms fold2/5: best_val= 50.00% (ep1) test= 50.00%
  S7 3000ms fold3/5: best_val= 56.25% (ep4) test= 75.00%
  S7 3000ms fold4/5: best_val= 81.25% (ep8) test= 68.75%
  S7 3000ms fold5/5: best_val= 62.50% (ep9) test= 75.00%
  S7 4000ms fold1/5: best_val= 68.75% (ep9) test= 56.25%
  S7 4000ms fold2/5: best_val= 56.25% (ep5) test= 62.50%
  S7 4000ms fold3/5: best_val= 56.25% (ep7) test= 75.00%
  S7 4000ms fold4/5: best_val= 81.25% (ep4) test= 56.25%
  S7 4000ms fold5/5: best_val= 75.00% (ep2) test= 50.00%
S 7: 800ms= 48.75%  1500ms= 68.75%  3000ms= 66.25%  4000ms= 60.00%   (42s)
  S8 800ms fold1/5: best_val= 68.75% (ep5) test= 50.00%
  S8 800ms fold2/5: best_val= 56.25% (ep4) test= 50.00%
  S8 800ms fold3/5: best_val= 62.50% (ep11) test= 50.00%
  S8 800ms fold4/5: best_val= 62.50% (ep3) test= 56.25%
  S8 800ms fold5/5: best_val= 62.50% (ep2) test= 50.00%
  S8 1500ms fold1/5: best_val= 56.25% (ep3) test= 68.75%
  S8 1500ms fold2/5: best_val= 62.50% (ep1) test= 68.75%
  S8 1500ms fold3/5: best_val= 62.50% (ep2) test= 31.25%
  S8 1500ms fold4/5: best_val= 56.25% (ep9) test= 56.25%
  S8 1500ms fold5/5: best_val= 56.25% (ep3) test= 56.25%
  S8 3000ms fold1/5: best_val= 75.00% (ep18) test= 68.75%
  S8 3000ms fold2/5: best_val= 68.75% (ep2) test= 62.50%
  S8 3000ms fold3/5: best_val= 68.75% (ep13) test= 50.00%
  S8 3000ms fold4/5: best_val= 68.75% (ep9) test= 62.50%
  S8 3000ms fold5/5: best_val= 75.00% (ep9) test= 56.25%
  S8 4000ms fold1/5: best_val= 62.50% (ep25) test= 75.00%
  S8 4000ms fold2/5: best_val= 62.50% (ep1) test= 68.75%
  S8 4000ms fold3/5: best_val= 62.50% (ep2) test= 56.25%
  S8 4000ms fold4/5: best_val= 68.75% (ep7) test= 68.75%
  S8 4000ms fold5/5: best_val= 75.00% (ep7) test= 68.75%
S 8: 800ms= 51.25%  1500ms= 56.25%  3000ms= 60.00%  4000ms= 67.50%   (42s)
  S9 800ms fold1/5: best_val= 62.50% (ep5) test= 62.50%
  S9 800ms fold2/5: best_val= 93.75% (ep5) test= 56.25%
  S9 800ms fold3/5: best_val= 75.00% (ep22) test= 50.00%
  S9 800ms fold4/5: best_val= 75.00% (ep26) test= 62.50%
  S9 800ms fold5/5: best_val= 56.25% (ep2) test= 62.50%
  S9 1500ms fold1/5: best_val= 50.00% (ep2) test= 50.00%
  S9 1500ms fold2/5: best_val= 81.25% (ep4) test= 68.75%
  S9 1500ms fold3/5: best_val= 68.75% (ep21) test= 37.50%
  S9 1500ms fold4/5: best_val= 75.00% (ep5) test= 68.75%
  S9 1500ms fold5/5: best_val= 56.25% (ep11) test= 68.75%
  S9 3000ms fold1/5: best_val= 75.00% (ep6) test= 75.00%
  S9 3000ms fold2/5: best_val= 81.25% (ep5) test= 68.75%
  S9 3000ms fold3/5: best_val= 81.25% (ep17) test= 50.00%
  S9 3000ms fold4/5: best_val=100.00% (ep3) test= 75.00%
  S9 3000ms fold5/5: best_val= 81.25% (ep12) test= 87.50%
  S9 4000ms fold1/5: best_val= 68.75% (ep11) test= 87.50%
  S9 4000ms fold2/5: best_val= 75.00% (ep14) test= 93.75%
  S9 4000ms fold3/5: best_val= 81.25% (ep10) test= 68.75%
  S9 4000ms fold4/5: best_val=100.00% (ep9) test= 75.00%
  S9 4000ms fold5/5: best_val= 75.00% (ep15) test= 87.50%
S 9: 800ms= 58.75%  1500ms= 58.75%  3000ms= 71.25%  4000ms= 82.50%   (42s)
  S10 800ms fold1/5: best_val= 75.00% (ep20) test= 81.25%
  S10 800ms fold2/5: best_val= 75.00% (ep46) test= 62.50%
  S10 800ms fold3/5: best_val= 81.25% (ep7) test= 68.75%
  S10 800ms fold4/5: best_val= 87.50% (ep9) test= 81.25%
  S10 800ms fold5/5: best_val= 93.75% (ep7) test= 43.75%
  S10 1500ms fold1/5: best_val= 87.50% (ep8) test= 87.50%
  S10 1500ms fold2/5: best_val= 81.25% (ep2) test= 68.75%
  S10 1500ms fold3/5: best_val= 68.75% (ep11) test= 81.25%
  S10 1500ms fold4/5: best_val= 81.25% (ep14) test= 50.00%
  S10 1500ms fold5/5: best_val= 75.00% (ep12) test= 62.50%
  S10 3000ms fold1/5: best_val= 87.50% (ep9) test= 75.00%
  S10 3000ms fold2/5: best_val= 75.00% (ep9) test= 68.75%
  S10 3000ms fold3/5: best_val= 75.00% (ep12) test= 75.00%
  S10 3000ms fold4/5: best_val= 81.25% (ep5) test= 62.50%
  S10 3000ms fold5/5: best_val= 87.50% (ep9) test= 68.75%
  S10 4000ms fold1/5: best_val= 87.50% (ep6) test= 81.25%
  S10 4000ms fold2/5: best_val= 75.00% (ep4) test= 56.25%
  S10 4000ms fold3/5: best_val= 81.25% (ep6) test= 81.25%
  S10 4000ms fold4/5: best_val= 81.25% (ep7) test= 50.00%
  S10 4000ms fold5/5: best_val= 81.25% (ep6) test= 75.00%
S10: 800ms= 67.50%  1500ms= 70.00%  3000ms= 70.00%  4000ms= 68.75%   (42s)
  S11 800ms fold1/5: best_val= 56.25% (ep18) test= 37.50%
  S11 800ms fold2/5: best_val= 50.00% (ep2) test= 50.00%
  S11 800ms fold3/5: best_val= 62.50% (ep3) test= 43.75%
  S11 800ms fold4/5: best_val= 50.00% (ep1) test= 50.00%
  S11 800ms fold5/5: best_val= 56.25% (ep5) test= 37.50%
  S11 1500ms fold1/5: best_val= 68.75% (ep7) test= 43.75%
  S11 1500ms fold2/5: best_val= 50.00% (ep1) test= 50.00%
  S11 1500ms fold3/5: best_val= 56.25% (ep4) test= 56.25%
  S11 1500ms fold4/5: best_val= 62.50% (ep3) test= 62.50%
  S11 1500ms fold5/5: best_val= 50.00% (ep1) test= 56.25%
  S11 3000ms fold1/5: best_val= 81.25% (ep10) test= 56.25%
  S11 3000ms fold2/5: best_val= 62.50% (ep25) test= 62.50%
  S11 3000ms fold3/5: best_val= 56.25% (ep5) test= 62.50%
  S11 3000ms fold4/5: best_val= 62.50% (ep1) test= 56.25%
  S11 3000ms fold5/5: best_val= 62.50% (ep8) test= 62.50%
  S11 4000ms fold1/5: best_val= 75.00% (ep5) test= 50.00%
  S11 4000ms fold2/5: best_val= 75.00% (ep10) test= 62.50%
  S11 4000ms fold3/5: best_val= 62.50% (ep13) test= 75.00%
  S11 4000ms fold4/5: best_val= 75.00% (ep6) test= 56.25%
  S11 4000ms fold5/5: best_val= 75.00% (ep11) test= 31.25%
S11: 800ms= 43.75%  1500ms= 53.75%  3000ms= 60.00%  4000ms= 55.00%   (42s)
  S12 800ms fold1/5: best_val= 62.50% (ep19) test= 62.50%
  S12 800ms fold2/5: best_val= 56.25% (ep1) test= 50.00%
  S12 800ms fold3/5: best_val= 68.75% (ep2) test= 43.75%
  S12 800ms fold4/5: best_val= 50.00% (ep1) test= 50.00%
  S12 800ms fold5/5: best_val= 62.50% (ep17) test= 56.25%
  S12 1500ms fold1/5: best_val= 62.50% (ep7) test= 43.75%
  S12 1500ms fold2/5: best_val= 68.75% (ep13) test= 62.50%
  S12 1500ms fold3/5: best_val= 75.00% (ep31) test= 56.25%
  S12 1500ms fold4/5: best_val= 75.00% (ep7) test= 43.75%
  S12 1500ms fold5/5: best_val= 81.25% (ep9) test= 68.75%
  S12 3000ms fold1/5: best_val= 56.25% (ep12) test= 56.25%
  S12 3000ms fold2/5: best_val= 56.25% (ep16) test= 68.75%
  S12 3000ms fold3/5: best_val= 62.50% (ep7) test= 50.00%
  S12 3000ms fold4/5: best_val= 56.25% (ep8) test= 56.25%
  S12 3000ms fold5/5: best_val= 68.75% (ep1) test= 50.00%
  S12 4000ms fold1/5: best_val= 56.25% (ep6) test= 62.50%
  S12 4000ms fold2/5: best_val= 56.25% (ep4) test= 68.75%
  S12 4000ms fold3/5: best_val= 68.75% (ep7) test= 56.25%
  S12 4000ms fold4/5: best_val= 62.50% (ep12) test= 56.25%
  S12 4000ms fold5/5: best_val= 68.75% (ep5) test= 62.50%
S12: 800ms= 52.50%  1500ms= 55.00%  3000ms= 56.25%  4000ms= 61.25%   (42s)
  S13 800ms fold1/5: best_val= 62.50% (ep8) test= 56.25%
  S13 800ms fold2/5: best_val= 75.00% (ep5) test= 37.50%
  S13 800ms fold3/5: best_val= 56.25% (ep5) test= 56.25%
  S13 800ms fold4/5: best_val= 56.25% (ep1) test= 56.25%
  S13 800ms fold5/5: best_val= 87.50% (ep18) test= 68.75%
  S13 1500ms fold1/5: best_val= 56.25% (ep3) test= 50.00%
  S13 1500ms fold2/5: best_val= 75.00% (ep6) test= 50.00%
  S13 1500ms fold3/5: best_val= 62.50% (ep10) test= 75.00%
  S13 1500ms fold4/5: best_val= 75.00% (ep16) test= 62.50%
  S13 1500ms fold5/5: best_val= 81.25% (ep22) test= 75.00%
  S13 3000ms fold1/5: best_val= 56.25% (ep5) test= 56.25%
  S13 3000ms fold2/5: best_val= 75.00% (ep16) test= 62.50%
  S13 3000ms fold3/5: best_val= 81.25% (ep6) test= 62.50%
  S13 3000ms fold4/5: best_val= 62.50% (ep12) test= 37.50%
  S13 3000ms fold5/5: best_val= 68.75% (ep9) test= 56.25%
  S13 4000ms fold1/5: best_val= 56.25% (ep2) test= 50.00%
  S13 4000ms fold2/5: best_val= 56.25% (ep8) test= 50.00%
  S13 4000ms fold3/5: best_val= 81.25% (ep10) test= 56.25%
  S13 4000ms fold4/5: best_val= 62.50% (ep7) test= 50.00%
  S13 4000ms fold5/5: best_val= 62.50% (ep14) test= 62.50%
S13: 800ms= 55.00%  1500ms= 62.50%  3000ms= 55.00%  4000ms= 53.75%   (42s)
  S14 800ms fold1/5: best_val= 56.25% (ep7) test= 50.00%
  S14 800ms fold2/5: best_val= 68.75% (ep8) test= 81.25%
  S14 800ms fold3/5: best_val= 56.25% (ep8) test= 62.50%
  S14 800ms fold4/5: best_val= 87.50% (ep14) test= 50.00%
  S14 800ms fold5/5: best_val= 62.50% (ep6) test= 43.75%
  S14 1500ms fold1/5: best_val= 62.50% (ep6) test= 56.25%
  S14 1500ms fold2/5: best_val= 81.25% (ep9) test= 68.75%
  S14 1500ms fold3/5: best_val= 93.75% (ep7) test= 93.75%
  S14 1500ms fold4/5: best_val= 81.25% (ep7) test= 75.00%
  S14 1500ms fold5/5: best_val= 93.75% (ep13) test= 68.75%
  S14 3000ms fold1/5: best_val= 68.75% (ep7) test= 56.25%
  S14 3000ms fold2/5: best_val= 62.50% (ep6) test= 50.00%
  S14 3000ms fold3/5: best_val= 81.25% (ep32) test= 75.00%
  S14 3000ms fold4/5: best_val= 62.50% (ep6) test= 43.75%
  S14 3000ms fold5/5: best_val= 68.75% (ep9) test= 43.75%
  S14 4000ms fold1/5: best_val= 68.75% (ep16) test= 62.50%
  S14 4000ms fold2/5: best_val= 62.50% (ep4) test= 50.00%
  S14 4000ms fold3/5: best_val= 68.75% (ep12) test= 56.25%
  S14 4000ms fold4/5: best_val= 62.50% (ep7) test= 56.25%
  S14 4000ms fold5/5: best_val= 68.75% (ep8) test= 62.50%
S14: 800ms= 57.50%  1500ms= 72.50%  3000ms= 53.75%  4000ms= 57.50%   (42s)
  S15 800ms fold1/5: best_val= 81.25% (ep9) test= 50.00%
  S15 800ms fold2/5: best_val= 75.00% (ep11) test= 56.25%
  S15 800ms fold3/5: best_val= 75.00% (ep7) test= 56.25%
  S15 800ms fold4/5: best_val= 68.75% (ep20) test= 75.00%
  S15 800ms fold5/5: best_val= 56.25% (ep6) test= 50.00%
  S15 1500ms fold1/5: best_val= 56.25% (ep12) test= 62.50%
  S15 1500ms fold2/5: best_val= 50.00% (ep1) test= 50.00%
  S15 1500ms fold3/5: best_val= 56.25% (ep4) test= 43.75%
  S15 1500ms fold4/5: best_val= 62.50% (ep13) test= 37.50%
  S15 1500ms fold5/5: best_val= 62.50% (ep9) test= 62.50%
  S15 3000ms fold1/5: best_val= 56.25% (ep12) test= 56.25%
  S15 3000ms fold2/5: best_val= 68.75% (ep10) test= 50.00%
  S15 3000ms fold3/5: best_val= 81.25% (ep14) test= 50.00%
  S15 3000ms fold4/5: best_val= 62.50% (ep7) test= 50.00%
  S15 3000ms fold5/5: best_val= 68.75% (ep13) test= 62.50%
  S15 4000ms fold1/5: best_val= 75.00% (ep5) test= 56.25%
  S15 4000ms fold2/5: best_val= 68.75% (ep11) test= 50.00%
  S15 4000ms fold3/5: best_val= 56.25% (ep5) test= 50.00%
  S15 4000ms fold4/5: best_val= 62.50% (ep26) test= 62.50%
  S15 4000ms fold5/5: best_val= 68.75% (ep10) test= 43.75%
S15: 800ms= 57.50%  1500ms= 51.25%  3000ms= 53.75%  4000ms= 52.50%   (42s)
  S16 800ms fold1/5: best_val= 62.50% (ep7) test= 50.00%
  S16 800ms fold2/5: best_val= 56.25% (ep2) test= 50.00%
  S16 800ms fold3/5: best_val= 56.25% (ep2) test= 56.25%
  S16 800ms fold4/5: best_val= 56.25% (ep6) test= 56.25%
  S16 800ms fold5/5: best_val= 75.00% (ep6) test= 43.75%
  S16 1500ms fold1/5: best_val= 62.50% (ep7) test= 37.50%
  S16 1500ms fold2/5: best_val= 50.00% (ep1) test= 50.00%
  S16 1500ms fold3/5: best_val= 50.00% (ep1) test= 50.00%
  S16 1500ms fold4/5: best_val= 75.00% (ep6) test= 43.75%
  S16 1500ms fold5/5: best_val= 56.25% (ep8) test= 43.75%
  S16 3000ms fold1/5: best_val= 62.50% (ep7) test= 37.50%
  S16 3000ms fold2/5: best_val= 62.50% (ep7) test= 43.75%
  S16 3000ms fold3/5: best_val= 75.00% (ep1) test= 50.00%
  S16 3000ms fold4/5: best_val= 81.25% (ep29) test= 50.00%
  S16 3000ms fold5/5: best_val= 56.25% (ep12) test= 43.75%
  S16 4000ms fold1/5: best_val= 75.00% (ep8) test= 50.00%
  S16 4000ms fold2/5: best_val= 62.50% (ep6) test= 56.25%
  S16 4000ms fold3/5: best_val= 68.75% (ep19) test= 81.25%
  S16 4000ms fold4/5: best_val= 75.00% (ep21) test= 50.00%
  S16 4000ms fold5/5: best_val= 68.75% (ep8) test= 62.50%
S16: 800ms= 51.25%  1500ms= 45.00%  3000ms= 45.00%  4000ms= 60.00%   (42s)
  S17 800ms fold1/5: best_val= 68.75% (ep1) test= 43.75%
  S17 800ms fold2/5: best_val= 68.75% (ep14) test= 81.25%
  S17 800ms fold3/5: best_val= 81.25% (ep15) test= 81.25%
  S17 800ms fold4/5: best_val= 68.75% (ep20) test= 75.00%
  S17 800ms fold5/5: best_val= 81.25% (ep14) test= 81.25%
  S17 1500ms fold1/5: best_val= 68.75% (ep7) test= 68.75%
  S17 1500ms fold2/5: best_val= 81.25% (ep24) test= 87.50%
  S17 1500ms fold3/5: best_val= 81.25% (ep9) test= 75.00%
  S17 1500ms fold4/5: best_val= 75.00% (ep11) test= 75.00%
  S17 1500ms fold5/5: best_val= 87.50% (ep8) test= 75.00%
  S17 3000ms fold1/5: best_val= 62.50% (ep15) test= 75.00%
  S17 3000ms fold2/5: best_val= 81.25% (ep5) test= 68.75%
  S17 3000ms fold3/5: best_val= 62.50% (ep11) test= 56.25%
  S17 3000ms fold4/5: best_val= 68.75% (ep7) test= 75.00%
  S17 3000ms fold5/5: best_val= 87.50% (ep13) test= 75.00%
  S17 4000ms fold1/5: best_val= 81.25% (ep15) test= 75.00%
  S17 4000ms fold2/5: best_val= 93.75% (ep16) test= 87.50%
  S17 4000ms fold3/5: best_val= 68.75% (ep9) test= 75.00%
  S17 4000ms fold4/5: best_val= 68.75% (ep17) test= 87.50%
  S17 4000ms fold5/5: best_val= 87.50% (ep8) test= 75.00%
S17: 800ms= 72.50%  1500ms= 76.25%  3000ms= 70.00%  4000ms= 80.00%   (42s)
  S18 800ms fold1/5: best_val=100.00% (ep10) test= 56.25%
  S18 800ms fold2/5: best_val= 93.75% (ep2) test= 68.75%
  S18 800ms fold3/5: best_val= 75.00% (ep13) test= 87.50%
  S18 800ms fold4/5: best_val= 81.25% (ep7) test= 68.75%
  S18 800ms fold5/5: best_val= 75.00% (ep16) test= 81.25%
  S18 1500ms fold1/5: best_val= 93.75% (ep3) test= 87.50%
  S18 1500ms fold2/5: best_val= 93.75% (ep7) test= 87.50%
  S18 1500ms fold3/5: best_val= 93.75% (ep20) test= 87.50%
  S18 1500ms fold4/5: best_val= 81.25% (ep10) test= 75.00%
  S18 1500ms fold5/5: best_val= 81.25% (ep13) test= 81.25%
  S18 3000ms fold1/5: best_val=100.00% (ep4) test= 68.75%
  S18 3000ms fold2/5: best_val= 87.50% (ep17) test= 93.75%
  S18 3000ms fold3/5: best_val= 62.50% (ep13) test= 62.50%
  S18 3000ms fold4/5: best_val= 87.50% (ep6) test= 87.50%
  S18 3000ms fold5/5: best_val= 81.25% (ep13) test= 87.50%
  S18 4000ms fold1/5: best_val= 93.75% (ep15) test= 81.25%
  S18 4000ms fold2/5: best_val= 93.75% (ep34) test= 87.50%
  S18 4000ms fold3/5: best_val= 87.50% (ep24) test= 75.00%
  S18 4000ms fold4/5: best_val= 81.25% (ep8) test= 87.50%
  S18 4000ms fold5/5: best_val= 75.00% (ep16) test= 68.75%
S18: 800ms= 72.50%  1500ms= 83.75%  3000ms= 80.00%  4000ms= 80.00%   (42s)

ALL SUBJECTS COMPLETED — HOC/SAA  (768s)

====================================================================
SAVED HOC/SAA -> /work/11862/rmaahin/ls6/FineMI-enhancements/ConformerEEG/experiments/option_b/results/full/HOC_SAA
gpu=NVIDIA A100-PCIE-40GB | torch=2.8.0+cu128 | seed=42 | model=conformer_b | mode=full
====================================================================
window_ms   800    1500   3000   4000
subject                              
1          53.33  54.44  72.22  65.56
2          58.75  56.25  62.50  66.25
3          85.00  81.25  86.25  78.75
4          61.25  66.25  86.25  81.25
5          67.50  56.25  56.25  53.75
6          67.50  65.00  62.50  57.50
7          48.75  68.75  66.25  60.00
8          51.25  56.25  60.00  67.50
9          58.75  58.75  71.25  82.50
10         67.50  70.00  70.00  68.75
11         43.75  53.75  60.00  55.00
12         52.50  55.00  56.25  61.25
13         55.00  62.50  55.00  53.75
14         57.50  72.50  53.75  57.50
15         57.50  51.25  53.75  52.50
16         51.25  45.00  45.00  60.00
17         72.50  76.25  70.00  80.00
18         72.50  83.75  80.00  80.00

mean: {800: 60.12, 1500: 62.96, 3000: 64.85, 4000: 65.66}
sd  : {800: 10.27, 1500: 10.75, 3000: 11.48, 4000: 10.6}

Pairs saved so far in /work/11862/rmaahin/ls6/FineMI-enhancements/ConformerEEG/experiments/option_b/results/full: 18/28

##### pair_idx=6 (HOC_SFE) #####

Using device: cuda | gpu=NVIDIA A100-PCIE-40GB | torch=2.8.0+cu128
NOTE: determinism holds per-GPU-model. Record this GPU name.

PAIR: HOC/SFE  (classes 0 vs 7)  model=conformer_b  mode=full
Test time windows: [800, 1500, 3000, 4000] ms
Test time windows (samples): [200, 375, 750, 1000]

BINARY CLASSIFICATION: Class 0 vs Class 7  (HOC/SFE)
  Class 0 (original 0): 725 trials
  Class 1 (original 7): 726 trials

Extracted time windows:
  800ms (200 samples): shape (1451, 62, 200)
  1500ms (375 samples): shape (1451, 62, 375)
  3000ms (750 samples): shape (1451, 62, 750)
  4000ms (1000 samples): shape (1451, 62, 1000)

Model configuration:
  Model: conformer_b
  Channels: 62
  Subjects: [1, 2, 3, 4, 5, 6, 7, 8, 9, 10, 11, 12, 13, 14, 15, 16, 17, 18]
  Time windows: [800, 1500, 3000, 4000] ms
  Classes: 2 (Binary: Class 0 vs Class 7)
  Folds: 5
  Batch size: 32
  Epochs per subject per time window: 50
  S1 800ms fold1/5: best_val= 77.78% (ep24) test= 50.00%
  S1 800ms fold2/5: best_val= 72.22% (ep22) test= 77.78%
  S1 800ms fold3/5: best_val= 77.78% (ep5) test= 72.22%
  S1 800ms fold4/5: best_val= 66.67% (ep8) test= 50.00%
  S1 800ms fold5/5: best_val= 61.11% (ep30) test= 44.44%
  S1 1500ms fold1/5: best_val= 77.78% (ep10) test= 50.00%
  S1 1500ms fold2/5: best_val= 55.56% (ep3) test= 50.00%
  S1 1500ms fold3/5: best_val= 66.67% (ep3) test= 55.56%
  S1 1500ms fold4/5: best_val= 88.89% (ep23) test= 66.67%
  S1 1500ms fold5/5: best_val= 55.56% (ep5) test= 55.56%
  S1 3000ms fold1/5: best_val= 77.78% (ep5) test= 61.11%
  S1 3000ms fold2/5: best_val= 72.22% (ep14) test= 66.67%
  S1 3000ms fold3/5: best_val= 88.89% (ep18) test= 61.11%
  S1 3000ms fold4/5: best_val= 88.89% (ep14) test= 66.67%
  S1 3000ms fold5/5: best_val= 66.67% (ep9) test= 61.11%
  S1 4000ms fold1/5: best_val= 83.33% (ep7) test= 72.22%
  S1 4000ms fold2/5: best_val= 72.22% (ep6) test= 61.11%
  S1 4000ms fold3/5: best_val= 83.33% (ep7) test= 55.56%
  S1 4000ms fold4/5: best_val= 77.78% (ep6) test= 66.67%
  S1 4000ms fold5/5: best_val= 66.67% (ep4) test= 72.22%
S 1: 800ms= 58.89%  1500ms= 55.56%  3000ms= 63.33%  4000ms= 65.56%   (55s)
  S2 800ms fold1/5: best_val= 68.75% (ep3) test= 43.75%
  S2 800ms fold2/5: best_val= 56.25% (ep1) test= 62.50%
  S2 800ms fold3/5: best_val= 50.00% (ep2) test= 43.75%
  S2 800ms fold4/5: best_val= 56.25% (ep3) test= 50.00%
  S2 800ms fold5/5: best_val= 81.25% (ep11) test= 62.50%
  S2 1500ms fold1/5: best_val= 75.00% (ep22) test= 56.25%
  S2 1500ms fold2/5: best_val= 62.50% (ep10) test= 62.50%
  S2 1500ms fold3/5: best_val= 56.25% (ep8) test= 50.00%
  S2 1500ms fold4/5: best_val= 75.00% (ep16) test= 31.25%
  S2 1500ms fold5/5: best_val= 62.50% (ep15) test= 50.00%
  S2 3000ms fold1/5: best_val= 62.50% (ep6) test= 62.50%
  S2 3000ms fold2/5: best_val= 50.00% (ep1) test= 50.00%
  S2 3000ms fold3/5: best_val= 62.50% (ep6) test= 43.75%
  S2 3000ms fold4/5: best_val= 81.25% (ep8) test= 56.25%
  S2 3000ms fold5/5: best_val= 75.00% (ep6) test= 50.00%
  S2 4000ms fold1/5: best_val= 81.25% (ep1) test= 56.25%
  S2 4000ms fold2/5: best_val= 50.00% (ep1) test= 50.00%
  S2 4000ms fold3/5: best_val= 56.25% (ep4) test= 50.00%
  S2 4000ms fold4/5: best_val= 75.00% (ep5) test= 50.00%
  S2 4000ms fold5/5: best_val= 62.50% (ep3) test= 68.75%
S 2: 800ms= 52.50%  1500ms= 50.00%  3000ms= 52.50%  4000ms= 55.00%   (42s)
  S3 800ms fold1/5: best_val=100.00% (ep11) test= 56.25%
  S3 800ms fold2/5: best_val=100.00% (ep12) test= 93.75%
  S3 800ms fold3/5: best_val= 93.75% (ep12) test= 81.25%
  S3 800ms fold4/5: best_val=100.00% (ep19) test=100.00%
  S3 800ms fold5/5: best_val=100.00% (ep15) test= 81.25%
  S3 1500ms fold1/5: best_val= 93.75% (ep15) test= 68.75%
  S3 1500ms fold2/5: best_val=100.00% (ep13) test= 68.75%
  S3 1500ms fold3/5: best_val= 93.75% (ep15) test= 81.25%
  S3 1500ms fold4/5: best_val= 93.75% (ep11) test= 93.75%
  S3 1500ms fold5/5: best_val=100.00% (ep25) test= 81.25%
  S3 3000ms fold1/5: best_val= 93.75% (ep8) test= 68.75%
  S3 3000ms fold2/5: best_val=100.00% (ep29) test= 68.75%
  S3 3000ms fold3/5: best_val= 87.50% (ep22) test= 81.25%
  S3 3000ms fold4/5: best_val= 81.25% (ep27) test=100.00%
  S3 3000ms fold5/5: best_val= 93.75% (ep28) test= 62.50%
  S3 4000ms fold1/5: best_val=100.00% (ep10) test= 75.00%
  S3 4000ms fold2/5: best_val= 93.75% (ep17) test= 81.25%
  S3 4000ms fold3/5: best_val= 93.75% (ep10) test= 75.00%
  S3 4000ms fold4/5: best_val= 87.50% (ep33) test= 93.75%
  S3 4000ms fold5/5: best_val= 87.50% (ep11) test= 68.75%
S 3: 800ms= 82.50%  1500ms= 78.75%  3000ms= 76.25%  4000ms= 78.75%   (42s)
  S4 800ms fold1/5: best_val= 75.00% (ep5) test= 68.75%
  S4 800ms fold2/5: best_val= 81.25% (ep11) test= 81.25%
  S4 800ms fold3/5: best_val= 68.75% (ep11) test= 62.50%
  S4 800ms fold4/5: best_val= 81.25% (ep8) test= 50.00%
  S4 800ms fold5/5: best_val= 62.50% (ep6) test= 62.50%
  S4 1500ms fold1/5: best_val= 81.25% (ep7) test= 75.00%
  S4 1500ms fold2/5: best_val= 81.25% (ep33) test= 75.00%
  S4 1500ms fold3/5: best_val= 75.00% (ep18) test= 62.50%
  S4 1500ms fold4/5: best_val= 87.50% (ep8) test= 68.75%
  S4 1500ms fold5/5: best_val= 81.25% (ep14) test= 68.75%
  S4 3000ms fold1/5: best_val= 87.50% (ep13) test= 93.75%
  S4 3000ms fold2/5: best_val= 87.50% (ep19) test= 93.75%
  S4 3000ms fold3/5: best_val= 68.75% (ep8) test= 81.25%
  S4 3000ms fold4/5: best_val= 93.75% (ep18) test= 87.50%
  S4 3000ms fold5/5: best_val= 87.50% (ep10) test= 81.25%
  S4 4000ms fold1/5: best_val= 87.50% (ep15) test= 93.75%
  S4 4000ms fold2/5: best_val= 75.00% (ep16) test= 81.25%
  S4 4000ms fold3/5: best_val= 93.75% (ep13) test= 87.50%
  S4 4000ms fold4/5: best_val= 87.50% (ep21) test= 87.50%
  S4 4000ms fold5/5: best_val= 87.50% (ep10) test= 81.25%
S 4: 800ms= 65.00%  1500ms= 70.00%  3000ms= 87.50%  4000ms= 86.25%   (42s)
  S5 800ms fold1/5: best_val= 68.75% (ep21) test= 64.71%
  S5 800ms fold2/5: best_val= 76.47% (ep16) test= 75.00%
  S5 800ms fold3/5: best_val= 76.47% (ep9) test= 68.75%
  S5 800ms fold4/5: best_val= 70.59% (ep13) test= 87.50%
  S5 800ms fold5/5: best_val= 88.24% (ep13) test= 68.75%
  S5 1500ms fold1/5: best_val= 62.50% (ep2) test= 47.06%
  S5 1500ms fold2/5: best_val= 64.71% (ep8) test= 75.00%
  S5 1500ms fold3/5: best_val= 88.24% (ep27) test= 56.25%
  S5 1500ms fold4/5: best_val= 76.47% (ep2) test= 43.75%
  S5 1500ms fold5/5: best_val= 76.47% (ep6) test= 50.00%
  S5 3000ms fold1/5: best_val= 62.50% (ep4) test= 58.82%
  S5 3000ms fold2/5: best_val= 76.47% (ep3) test= 75.00%
  S5 3000ms fold3/5: best_val= 88.24% (ep13) test= 81.25%
  S5 3000ms fold4/5: best_val= 82.35% (ep18) test= 75.00%
  S5 3000ms fold5/5: best_val= 88.24% (ep5) test= 62.50%
  S5 4000ms fold1/5: best_val= 68.75% (ep6) test= 70.59%
  S5 4000ms fold2/5: best_val= 82.35% (ep9) test= 75.00%
  S5 4000ms fold3/5: best_val= 88.24% (ep8) test= 62.50%
  S5 4000ms fold4/5: best_val= 64.71% (ep5) test= 62.50%
  S5 4000ms fold5/5: best_val= 88.24% (ep5) test= 75.00%
S 5: 800ms= 72.84%  1500ms= 54.32%  3000ms= 70.37%  4000ms= 69.14%   (42s)
  S6 800ms fold1/5: best_val= 68.75% (ep5) test= 50.00%
  S6 800ms fold2/5: best_val= 75.00% (ep7) test= 50.00%
  S6 800ms fold3/5: best_val= 68.75% (ep7) test= 62.50%
  S6 800ms fold4/5: best_val= 68.75% (ep10) test= 75.00%
  S6 800ms fold5/5: best_val= 75.00% (ep16) test= 62.50%
  S6 1500ms fold1/5: best_val= 75.00% (ep11) test= 50.00%
  S6 1500ms fold2/5: best_val= 87.50% (ep15) test= 43.75%
  S6 1500ms fold3/5: best_val= 56.25% (ep4) test= 68.75%
  S6 1500ms fold4/5: best_val= 68.75% (ep6) test= 75.00%
  S6 1500ms fold5/5: best_val= 87.50% (ep7) test= 31.25%
  S6 3000ms fold1/5: best_val= 81.25% (ep7) test= 62.50%
  S6 3000ms fold2/5: best_val= 68.75% (ep13) test= 62.50%
  S6 3000ms fold3/5: best_val= 56.25% (ep2) test= 50.00%
  S6 3000ms fold4/5: best_val= 68.75% (ep9) test= 62.50%
  S6 3000ms fold5/5: best_val= 81.25% (ep10) test= 50.00%
  S6 4000ms fold1/5: best_val= 87.50% (ep9) test= 56.25%
  S6 4000ms fold2/5: best_val= 62.50% (ep10) test= 68.75%
  S6 4000ms fold3/5: best_val= 56.25% (ep5) test= 75.00%
  S6 4000ms fold4/5: best_val= 62.50% (ep12) test= 62.50%
  S6 4000ms fold5/5: best_val= 68.75% (ep12) test= 68.75%
S 6: 800ms= 60.00%  1500ms= 53.75%  3000ms= 57.50%  4000ms= 66.25%   (42s)
  S7 800ms fold1/5: best_val= 68.75% (ep14) test= 62.50%
  S7 800ms fold2/5: best_val= 56.25% (ep2) test= 62.50%
  S7 800ms fold3/5: best_val= 50.00% (ep2) test= 50.00%
  S7 800ms fold4/5: best_val= 81.25% (ep3) test= 68.75%
  S7 800ms fold5/5: best_val= 68.75% (ep4) test= 62.50%
  S7 1500ms fold1/5: best_val= 68.75% (ep20) test= 62.50%
  S7 1500ms fold2/5: best_val= 68.75% (ep9) test= 50.00%
  S7 1500ms fold3/5: best_val= 50.00% (ep1) test= 50.00%
  S7 1500ms fold4/5: best_val= 75.00% (ep10) test= 50.00%
  S7 1500ms fold5/5: best_val= 50.00% (ep1) test= 50.00%
  S7 3000ms fold1/5: best_val= 81.25% (ep6) test= 68.75%
  S7 3000ms fold2/5: best_val= 62.50% (ep4) test= 50.00%
  S7 3000ms fold3/5: best_val= 56.25% (ep1) test= 62.50%
  S7 3000ms fold4/5: best_val= 50.00% (ep1) test= 50.00%
  S7 3000ms fold5/5: best_val= 50.00% (ep1) test= 50.00%
  S7 4000ms fold1/5: best_val= 75.00% (ep3) test= 62.50%
  S7 4000ms fold2/5: best_val= 50.00% (ep1) test= 50.00%
  S7 4000ms fold3/5: best_val= 56.25% (ep6) test= 68.75%
  S7 4000ms fold4/5: best_val= 68.75% (ep33) test= 62.50%
  S7 4000ms fold5/5: best_val= 62.50% (ep13) test= 62.50%
S 7: 800ms= 61.25%  1500ms= 52.50%  3000ms= 56.25%  4000ms= 61.25%   (42s)
  S8 800ms fold1/5: best_val= 56.25% (ep7) test= 37.50%
  S8 800ms fold2/5: best_val= 56.25% (ep10) test= 62.50%
  S8 800ms fold3/5: best_val= 62.50% (ep13) test= 50.00%
  S8 800ms fold4/5: best_val= 62.50% (ep5) test= 75.00%
  S8 800ms fold5/5: best_val= 62.50% (ep8) test= 56.25%
  S8 1500ms fold1/5: best_val= 68.75% (ep6) test= 50.00%
  S8 1500ms fold2/5: best_val= 62.50% (ep1) test= 50.00%
  S8 1500ms fold3/5: best_val= 50.00% (ep1) test= 50.00%
  S8 1500ms fold4/5: best_val= 75.00% (ep16) test= 37.50%
  S8 1500ms fold5/5: best_val= 56.25% (ep2) test= 43.75%
  S8 3000ms fold1/5: best_val= 56.25% (ep5) test= 50.00%
  S8 3000ms fold2/5: best_val= 62.50% (ep6) test= 50.00%
  S8 3000ms fold3/5: best_val= 56.25% (ep13) test= 50.00%
  S8 3000ms fold4/5: best_val= 56.25% (ep7) test= 50.00%
  S8 3000ms fold5/5: best_val= 56.25% (ep6) test= 56.25%
  S8 4000ms fold1/5: best_val= 62.50% (ep1) test= 43.75%
  S8 4000ms fold2/5: best_val= 50.00% (ep1) test= 50.00%
  S8 4000ms fold3/5: best_val= 50.00% (ep2) test= 50.00%
  S8 4000ms fold4/5: best_val= 50.00% (ep1) test= 50.00%
  S8 4000ms fold5/5: best_val= 62.50% (ep15) test= 50.00%
S 8: 800ms= 56.25%  1500ms= 46.25%  3000ms= 51.25%  4000ms= 48.75%   (42s)
  S9 800ms fold1/5: best_val= 75.00% (ep11) test= 50.00%
  S9 800ms fold2/5: best_val= 75.00% (ep10) test= 56.25%
  S9 800ms fold3/5: best_val= 75.00% (ep5) test= 62.50%
  S9 800ms fold4/5: best_val= 87.50% (ep32) test= 62.50%
  S9 800ms fold5/5: best_val= 81.25% (ep6) test= 75.00%
  S9 1500ms fold1/5: best_val= 62.50% (ep4) test= 31.25%
  S9 1500ms fold2/5: best_val= 75.00% (ep5) test= 62.50%
  S9 1500ms fold3/5: best_val= 81.25% (ep40) test= 50.00%
  S9 1500ms fold4/5: best_val= 62.50% (ep7) test= 56.25%
  S9 1500ms fold5/5: best_val= 62.50% (ep4) test= 62.50%
  S9 3000ms fold1/5: best_val= 81.25% (ep9) test= 50.00%
  S9 3000ms fold2/5: best_val= 81.25% (ep17) test= 56.25%
  S9 3000ms fold3/5: best_val= 62.50% (ep5) test= 62.50%
  S9 3000ms fold4/5: best_val= 75.00% (ep10) test= 56.25%
  S9 3000ms fold5/5: best_val= 68.75% (ep15) test= 50.00%
  S9 4000ms fold1/5: best_val= 81.25% (ep5) test= 62.50%
  S9 4000ms fold2/5: best_val= 81.25% (ep11) test= 68.75%
  S9 4000ms fold3/5: best_val= 75.00% (ep9) test= 56.25%
  S9 4000ms fold4/5: best_val= 81.25% (ep10) test= 68.75%
  S9 4000ms fold5/5: best_val= 62.50% (ep6) test= 87.50%
S 9: 800ms= 61.25%  1500ms= 52.50%  3000ms= 55.00%  4000ms= 68.75%   (42s)
  S10 800ms fold1/5: best_val= 93.75% (ep14) test= 68.75%
  S10 800ms fold2/5: best_val= 87.50% (ep10) test= 68.75%
  S10 800ms fold3/5: best_val= 62.50% (ep9) test= 62.50%
  S10 800ms fold4/5: best_val= 56.25% (ep5) test= 56.25%
  S10 800ms fold5/5: best_val= 87.50% (ep8) test= 56.25%
  S10 1500ms fold1/5: best_val= 75.00% (ep7) test= 56.25%
  S10 1500ms fold2/5: best_val= 87.50% (ep19) test= 68.75%
  S10 1500ms fold3/5: best_val= 75.00% (ep5) test= 81.25%
  S10 1500ms fold4/5: best_val= 75.00% (ep10) test= 62.50%
  S10 1500ms fold5/5: best_val= 81.25% (ep13) test= 68.75%
  S10 3000ms fold1/5: best_val= 62.50% (ep5) test= 62.50%
  S10 3000ms fold2/5: best_val= 81.25% (ep7) test= 56.25%
  S10 3000ms fold3/5: best_val= 62.50% (ep18) test= 75.00%
  S10 3000ms fold4/5: best_val= 81.25% (ep6) test= 56.25%
  S10 3000ms fold5/5: best_val= 68.75% (ep13) test= 68.75%
  S10 4000ms fold1/5: best_val= 75.00% (ep36) test= 62.50%
  S10 4000ms fold2/5: best_val= 75.00% (ep3) test= 56.25%
  S10 4000ms fold3/5: best_val= 75.00% (ep37) test= 75.00%
  S10 4000ms fold4/5: best_val= 75.00% (ep6) test= 56.25%
  S10 4000ms fold5/5: best_val= 56.25% (ep4) test= 56.25%
S10: 800ms= 62.50%  1500ms= 67.50%  3000ms= 63.75%  4000ms= 61.25%   (42s)
  S11 800ms fold1/5: best_val= 50.00% (ep1) test= 50.00%
  S11 800ms fold2/5: best_val= 56.25% (ep12) test= 31.25%
  S11 800ms fold3/5: best_val= 56.25% (ep5) test= 31.25%
  S11 800ms fold4/5: best_val= 62.50% (ep5) test= 18.75%
  S11 800ms fold5/5: best_val= 50.00% (ep1) test= 50.00%
  S11 1500ms fold1/5: best_val= 56.25% (ep5) test= 56.25%
  S11 1500ms fold2/5: best_val= 56.25% (ep10) test= 37.50%
  S11 1500ms fold3/5: best_val= 56.25% (ep1) test= 43.75%
  S11 1500ms fold4/5: best_val= 50.00% (ep1) test= 50.00%
  S11 1500ms fold5/5: best_val= 62.50% (ep3) test= 37.50%
  S11 3000ms fold1/5: best_val= 62.50% (ep13) test= 50.00%
  S11 3000ms fold2/5: best_val= 68.75% (ep22) test= 43.75%
  S11 3000ms fold3/5: best_val= 56.25% (ep5) test= 43.75%
  S11 3000ms fold4/5: best_val= 62.50% (ep11) test= 43.75%
  S11 3000ms fold5/5: best_val= 50.00% (ep1) test= 50.00%
  S11 4000ms fold1/5: best_val= 68.75% (ep12) test= 68.75%
  S11 4000ms fold2/5: best_val= 68.75% (ep10) test= 50.00%
  S11 4000ms fold3/5: best_val= 56.25% (ep2) test= 62.50%
  S11 4000ms fold4/5: best_val= 87.50% (ep10) test= 56.25%
  S11 4000ms fold5/5: best_val= 50.00% (ep1) test= 50.00%
S11: 800ms= 36.25%  1500ms= 45.00%  3000ms= 46.25%  4000ms= 57.50%   (42s)
  S12 800ms fold1/5: best_val= 68.75% (ep7) test= 37.50%
  S12 800ms fold2/5: best_val= 56.25% (ep4) test= 50.00%
  S12 800ms fold3/5: best_val= 68.75% (ep5) test= 50.00%
  S12 800ms fold4/5: best_val= 56.25% (ep6) test= 43.75%
  S12 800ms fold5/5: best_val= 75.00% (ep12) test= 62.50%
  S12 1500ms fold1/5: best_val= 68.75% (ep4) test= 43.75%
  S12 1500ms fold2/5: best_val= 62.50% (ep2) test= 50.00%
  S12 1500ms fold3/5: best_val= 68.75% (ep20) test= 43.75%
  S12 1500ms fold4/5: best_val= 62.50% (ep8) test= 43.75%
  S12 1500ms fold5/5: best_val= 56.25% (ep10) test= 56.25%
  S12 3000ms fold1/5: best_val= 50.00% (ep2) test= 50.00%
  S12 3000ms fold2/5: best_val= 50.00% (ep1) test= 50.00%
  S12 3000ms fold3/5: best_val= 62.50% (ep5) test= 50.00%
  S12 3000ms fold4/5: best_val= 68.75% (ep5) test= 56.25%
  S12 3000ms fold5/5: best_val= 56.25% (ep18) test= 43.75%
  S12 4000ms fold1/5: best_val= 68.75% (ep5) test= 56.25%
  S12 4000ms fold2/5: best_val= 62.50% (ep8) test= 37.50%
  S12 4000ms fold3/5: best_val= 62.50% (ep13) test= 56.25%
  S12 4000ms fold4/5: best_val= 68.75% (ep5) test= 56.25%
  S12 4000ms fold5/5: best_val= 50.00% (ep1) test= 50.00%
S12: 800ms= 48.75%  1500ms= 47.50%  3000ms= 50.00%  4000ms= 51.25%   (42s)
  S13 800ms fold1/5: best_val= 62.50% (ep7) test= 37.50%
  S13 800ms fold2/5: best_val= 87.50% (ep5) test= 62.50%
  S13 800ms fold3/5: best_val= 81.25% (ep1) test= 56.25%
  S13 800ms fold4/5: best_val= 68.75% (ep10) test= 43.75%
  S13 800ms fold5/5: best_val= 50.00% (ep1) test= 50.00%
  S13 1500ms fold1/5: best_val= 62.50% (ep12) test= 56.25%
  S13 1500ms fold2/5: best_val= 68.75% (ep12) test= 56.25%
  S13 1500ms fold3/5: best_val= 62.50% (ep13) test= 68.75%
  S13 1500ms fold4/5: best_val= 75.00% (ep14) test= 68.75%
  S13 1500ms fold5/5: best_val= 81.25% (ep13) test= 81.25%
  S13 3000ms fold1/5: best_val= 56.25% (ep4) test= 50.00%
  S13 3000ms fold2/5: best_val= 62.50% (ep9) test= 75.00%
  S13 3000ms fold3/5: best_val= 68.75% (ep7) test= 50.00%
  S13 3000ms fold4/5: best_val= 81.25% (ep20) test= 43.75%
  S13 3000ms fold5/5: best_val= 75.00% (ep8) test= 62.50%
  S13 4000ms fold1/5: best_val= 56.25% (ep5) test= 56.25%
  S13 4000ms fold2/5: best_val= 62.50% (ep7) test= 56.25%
  S13 4000ms fold3/5: best_val= 62.50% (ep7) test= 62.50%
  S13 4000ms fold4/5: best_val= 81.25% (ep8) test= 37.50%
  S13 4000ms fold5/5: best_val= 81.25% (ep19) test= 68.75%
S13: 800ms= 50.00%  1500ms= 66.25%  3000ms= 56.25%  4000ms= 56.25%   (42s)
  S14 800ms fold1/5: best_val= 68.75% (ep11) test= 81.25%
  S14 800ms fold2/5: best_val= 87.50% (ep7) test= 68.75%
  S14 800ms fold3/5: best_val= 68.75% (ep6) test= 87.50%
  S14 800ms fold4/5: best_val= 81.25% (ep13) test= 50.00%
  S14 800ms fold5/5: best_val= 68.75% (ep10) test= 56.25%
  S14 1500ms fold1/5: best_val= 62.50% (ep7) test= 68.75%
  S14 1500ms fold2/5: best_val= 81.25% (ep9) test= 75.00%
  S14 1500ms fold3/5: best_val= 75.00% (ep10) test= 81.25%
  S14 1500ms fold4/5: best_val= 93.75% (ep15) test= 68.75%
  S14 1500ms fold5/5: best_val= 81.25% (ep5) test= 62.50%
  S14 3000ms fold1/5: best_val= 50.00% (ep1) test= 50.00%
  S14 3000ms fold2/5: best_val= 81.25% (ep23) test= 68.75%
  S14 3000ms fold3/5: best_val= 62.50% (ep6) test= 75.00%
  S14 3000ms fold4/5: best_val= 81.25% (ep6) test= 62.50%
  S14 3000ms fold5/5: best_val= 68.75% (ep6) test= 37.50%
  S14 4000ms fold1/5: best_val= 62.50% (ep8) test= 68.75%
  S14 4000ms fold2/5: best_val= 62.50% (ep10) test= 50.00%
  S14 4000ms fold3/5: best_val= 75.00% (ep11) test= 62.50%
  S14 4000ms fold4/5: best_val= 75.00% (ep5) test= 68.75%
  S14 4000ms fold5/5: best_val= 75.00% (ep7) test= 56.25%
S14: 800ms= 68.75%  1500ms= 71.25%  3000ms= 58.75%  4000ms= 61.25%   (42s)
  S15 800ms fold1/5: best_val= 62.50% (ep11) test= 25.00%
  S15 800ms fold2/5: best_val= 75.00% (ep5) test= 50.00%
  S15 800ms fold3/5: best_val= 81.25% (ep10) test= 56.25%
  S15 800ms fold4/5: best_val= 56.25% (ep2) test= 56.25%
  S15 800ms fold5/5: best_val= 62.50% (ep5) test= 43.75%
  S15 1500ms fold1/5: best_val= 62.50% (ep45) test= 50.00%
  S15 1500ms fold2/5: best_val= 50.00% (ep1) test= 50.00%
  S15 1500ms fold3/5: best_val= 68.75% (ep17) test= 31.25%
  S15 1500ms fold4/5: best_val= 50.00% (ep1) test= 50.00%
  S15 1500ms fold5/5: best_val= 62.50% (ep4) test= 31.25%
  S15 3000ms fold1/5: best_val= 50.00% (ep2) test= 50.00%
  S15 3000ms fold2/5: best_val= 62.50% (ep5) test= 43.75%
  S15 3000ms fold3/5: best_val= 62.50% (ep10) test= 43.75%
  S15 3000ms fold4/5: best_val= 62.50% (ep3) test= 56.25%
  S15 3000ms fold5/5: best_val= 56.25% (ep7) test= 43.75%
  S15 4000ms fold1/5: best_val= 87.50% (ep20) test= 75.00%
  S15 4000ms fold2/5: best_val= 62.50% (ep6) test= 37.50%
  S15 4000ms fold3/5: best_val= 62.50% (ep12) test= 62.50%
  S15 4000ms fold4/5: best_val= 62.50% (ep5) test= 62.50%
  S15 4000ms fold5/5: best_val= 68.75% (ep7) test= 50.00%
S15: 800ms= 46.25%  1500ms= 42.50%  3000ms= 47.50%  4000ms= 57.50%   (42s)
  S16 800ms fold1/5: best_val= 62.50% (ep2) test= 50.00%
  S16 800ms fold2/5: best_val= 50.00% (ep1) test= 50.00%
  S16 800ms fold3/5: best_val= 62.50% (ep7) test= 75.00%
  S16 800ms fold4/5: best_val= 50.00% (ep3) test= 68.75%
  S16 800ms fold5/5: best_val= 56.25% (ep10) test= 31.25%
  S16 1500ms fold1/5: best_val= 56.25% (ep1) test= 56.25%
  S16 1500ms fold2/5: best_val= 62.50% (ep12) test= 50.00%
  S16 1500ms fold3/5: best_val= 68.75% (ep2) test= 62.50%
  S16 1500ms fold4/5: best_val= 56.25% (ep4) test= 56.25%
  S16 1500ms fold5/5: best_val= 50.00% (ep1) test= 68.75%
  S16 3000ms fold1/5: best_val= 68.75% (ep10) test= 62.50%
  S16 3000ms fold2/5: best_val= 68.75% (ep5) test= 56.25%
  S16 3000ms fold3/5: best_val= 68.75% (ep21) test= 56.25%
  S16 3000ms fold4/5: best_val= 75.00% (ep7) test= 56.25%
  S16 3000ms fold5/5: best_val= 68.75% (ep1) test= 56.25%
  S16 4000ms fold1/5: best_val= 75.00% (ep7) test= 37.50%
  S16 4000ms fold2/5: best_val= 68.75% (ep11) test= 50.00%
  S16 4000ms fold3/5: best_val= 68.75% (ep21) test= 56.25%
  S16 4000ms fold4/5: best_val= 75.00% (ep39) test= 43.75%
  S16 4000ms fold5/5: best_val= 56.25% (ep6) test= 62.50%
S16: 800ms= 55.00%  1500ms= 58.75%  3000ms= 57.50%  4000ms= 50.00%   (42s)
  S17 800ms fold1/5: best_val= 93.75% (ep19) test= 87.50%
  S17 800ms fold2/5: best_val= 93.75% (ep7) test= 93.75%
  S17 800ms fold3/5: best_val= 93.75% (ep10) test= 50.00%
  S17 800ms fold4/5: best_val= 62.50% (ep9) test= 75.00%
  S17 800ms fold5/5: best_val= 81.25% (ep1) test= 75.00%
  S17 1500ms fold1/5: best_val=100.00% (ep7) test= 62.50%
  S17 1500ms fold2/5: best_val= 81.25% (ep21) test= 87.50%
  S17 1500ms fold3/5: best_val= 87.50% (ep12) test= 81.25%
  S17 1500ms fold4/5: best_val= 87.50% (ep14) test= 81.25%
  S17 1500ms fold5/5: best_val= 93.75% (ep21) test=100.00%
  S17 3000ms fold1/5: best_val= 93.75% (ep6) test= 56.25%
  S17 3000ms fold2/5: best_val= 93.75% (ep21) test= 87.50%
  S17 3000ms fold3/5: best_val= 75.00% (ep9) test= 75.00%
  S17 3000ms fold4/5: best_val= 93.75% (ep5) test= 68.75%
  S17 3000ms fold5/5: best_val= 81.25% (ep14) test= 93.75%
  S17 4000ms fold1/5: best_val= 87.50% (ep5) test= 75.00%
  S17 4000ms fold2/5: best_val= 93.75% (ep19) test= 87.50%
  S17 4000ms fold3/5: best_val= 75.00% (ep24) test= 75.00%
  S17 4000ms fold4/5: best_val= 87.50% (ep5) test= 75.00%
  S17 4000ms fold5/5: best_val= 81.25% (ep7) test= 81.25%
S17: 800ms= 76.25%  1500ms= 82.50%  3000ms= 76.25%  4000ms= 78.75%   (42s)
  S18 800ms fold1/5: best_val= 87.50% (ep9) test= 56.25%
  S18 800ms fold2/5: best_val= 56.25% (ep1) test= 62.50%
  S18 800ms fold3/5: best_val= 68.75% (ep5) test= 62.50%
  S18 800ms fold4/5: best_val= 75.00% (ep5) test= 43.75%
  S18 800ms fold5/5: best_val= 56.25% (ep8) test= 68.75%
  S18 1500ms fold1/5: best_val= 68.75% (ep9) test= 62.50%
  S18 1500ms fold2/5: best_val= 62.50% (ep22) test= 75.00%
  S18 1500ms fold3/5: best_val= 68.75% (ep16) test= 68.75%
  S18 1500ms fold4/5: best_val= 81.25% (ep3) test= 56.25%
  S18 1500ms fold5/5: best_val= 81.25% (ep10) test= 62.50%
  S18 3000ms fold1/5: best_val= 50.00% (ep1) test= 50.00%
  S18 3000ms fold2/5: best_val= 75.00% (ep13) test= 93.75%
  S18 3000ms fold3/5: best_val= 75.00% (ep18) test= 87.50%
  S18 3000ms fold4/5: best_val= 81.25% (ep35) test= 68.75%
  S18 3000ms fold5/5: best_val= 87.50% (ep16) test= 81.25%
  S18 4000ms fold1/5: best_val= 56.25% (ep15) test= 87.50%
  S18 4000ms fold2/5: best_val= 68.75% (ep15) test= 75.00%
  S18 4000ms fold3/5: best_val= 81.25% (ep24) test= 81.25%
  S18 4000ms fold4/5: best_val= 93.75% (ep8) test= 75.00%
  S18 4000ms fold5/5: best_val= 81.25% (ep15) test= 81.25%
S18: 800ms= 58.75%  1500ms= 65.00%  3000ms= 76.25%  4000ms= 80.00%   (42s)

ALL SUBJECTS COMPLETED — HOC/SFE  (771s)

====================================================================
SAVED HOC/SFE -> /work/11862/rmaahin/ls6/FineMI-enhancements/ConformerEEG/experiments/option_b/results/full/HOC_SFE
gpu=NVIDIA A100-PCIE-40GB | torch=2.8.0+cu128 | seed=42 | model=conformer_b | mode=full
====================================================================
window_ms   800    1500   3000   4000
subject                              
1          58.89  55.56  63.33  65.56
2          52.50  50.00  52.50  55.00
3          82.50  78.75  76.25  78.75
4          65.00  70.00  87.50  86.25
5          72.84  54.32  70.37  69.14
6          60.00  53.75  57.50  66.25
7          61.25  52.50  56.25  61.25
8          56.25  46.25  51.25  48.75
9          61.25  52.50  55.00  68.75
10         62.50  67.50  63.75  61.25
11         36.25  45.00  46.25  57.50
12         48.75  47.50  50.00  51.25
13         50.00  66.25  56.25  56.25
14         68.75  71.25  58.75  61.25
15         46.25  42.50  47.50  57.50
16         55.00  58.75  57.50  50.00
17         76.25  82.50  76.25  78.75
18         58.75  65.00  76.25  80.00

mean: {800: 59.61, 1500: 58.88, 3000: 61.25, 4000: 64.08}
sd  : {800: 11.17, 1500: 11.79, 3000: 11.63, 4000: 11.07}

Pairs saved so far in /work/11862/rmaahin/ls6/FineMI-enhancements/ConformerEEG/experiments/option_b/results/full: 20/28

##### pair_idx=7 (WFE_WAA) #####

Using device: cuda | gpu=NVIDIA A100-PCIE-40GB | torch=2.8.0+cu128
NOTE: determinism holds per-GPU-model. Record this GPU name.

PAIR: WFE/WAA  (classes 1 vs 2)  model=conformer_b  mode=full
Test time windows: [800, 1500, 3000, 4000] ms
Test time windows (samples): [200, 375, 750, 1000]

BINARY CLASSIFICATION: Class 1 vs Class 2  (WFE/WAA)
  Class 0 (original 1): 725 trials
  Class 1 (original 2): 725 trials

Extracted time windows:
  800ms (200 samples): shape (1450, 62, 200)
  1500ms (375 samples): shape (1450, 62, 375)
  3000ms (750 samples): shape (1450, 62, 750)
  4000ms (1000 samples): shape (1450, 62, 1000)

Model configuration:
  Model: conformer_b
  Channels: 62
  Subjects: [1, 2, 3, 4, 5, 6, 7, 8, 9, 10, 11, 12, 13, 14, 15, 16, 17, 18]
  Time windows: [800, 1500, 3000, 4000] ms
  Classes: 2 (Binary: Class 1 vs Class 2)
  Folds: 5
  Batch size: 32
  Epochs per subject per time window: 50
  S1 800ms fold1/5: best_val= 66.67% (ep2) test= 50.00%
  S1 800ms fold2/5: best_val= 61.11% (ep4) test= 44.44%
  S1 800ms fold3/5: best_val= 55.56% (ep26) test= 38.89%
  S1 800ms fold4/5: best_val= 72.22% (ep5) test= 50.00%
  S1 800ms fold5/5: best_val= 55.56% (ep8) test= 61.11%
  S1 1500ms fold1/5: best_val= 66.67% (ep13) test= 55.56%
  S1 1500ms fold2/5: best_val= 66.67% (ep6) test= 66.67%
  S1 1500ms fold3/5: best_val= 66.67% (ep4) test= 38.89%
  S1 1500ms fold4/5: best_val= 66.67% (ep10) test= 50.00%
  S1 1500ms fold5/5: best_val= 55.56% (ep13) test= 72.22%
  S1 3000ms fold1/5: best_val= 66.67% (ep5) test= 55.56%
  S1 3000ms fold2/5: best_val= 72.22% (ep7) test= 44.44%
  S1 3000ms fold3/5: best_val= 55.56% (ep2) test= 55.56%
  S1 3000ms fold4/5: best_val= 66.67% (ep9) test= 44.44%
  S1 3000ms fold5/5: best_val= 72.22% (ep6) test= 61.11%
  S1 4000ms fold1/5: best_val= 72.22% (ep7) test= 44.44%
  S1 4000ms fold2/5: best_val= 72.22% (ep2) test= 55.56%
  S1 4000ms fold3/5: best_val= 66.67% (ep4) test= 66.67%
  S1 4000ms fold4/5: best_val= 72.22% (ep5) test= 38.89%
  S1 4000ms fold5/5: best_val= 66.67% (ep13) test= 55.56%
S 1: 800ms= 48.89%  1500ms= 56.67%  3000ms= 52.22%  4000ms= 52.22%   (54s)
  S2 800ms fold1/5: best_val= 62.50% (ep10) test= 50.00%
  S2 800ms fold2/5: best_val= 62.50% (ep3) test= 50.00%
  S2 800ms fold3/5: best_val= 68.75% (ep3) test= 68.75%
  S2 800ms fold4/5: best_val= 68.75% (ep4) test= 62.50%
  S2 800ms fold5/5: best_val= 56.25% (ep4) test= 50.00%
  S2 1500ms fold1/5: best_val= 75.00% (ep10) test= 75.00%
  S2 1500ms fold2/5: best_val= 68.75% (ep12) test= 50.00%
  S2 1500ms fold3/5: best_val= 75.00% (ep2) test= 56.25%
  S2 1500ms fold4/5: best_val= 56.25% (ep11) test= 56.25%
  S2 1500ms fold5/5: best_val= 68.75% (ep8) test= 56.25%
  S2 3000ms fold1/5: best_val= 50.00% (ep1) test= 50.00%
  S2 3000ms fold2/5: best_val= 62.50% (ep12) test= 43.75%
  S2 3000ms fold3/5: best_val= 68.75% (ep6) test= 56.25%
  S2 3000ms fold4/5: best_val= 75.00% (ep50) test= 50.00%
  S2 3000ms fold5/5: best_val= 62.50% (ep8) test= 62.50%
  S2 4000ms fold1/5: best_val= 68.75% (ep12) test= 50.00%
  S2 4000ms fold2/5: best_val= 68.75% (ep6) test= 43.75%
  S2 4000ms fold3/5: best_val= 56.25% (ep4) test= 75.00%
  S2 4000ms fold4/5: best_val= 68.75% (ep9) test= 56.25%
  S2 4000ms fold5/5: best_val= 62.50% (ep6) test= 56.25%
S 2: 800ms= 56.25%  1500ms= 58.75%  3000ms= 52.50%  4000ms= 56.25%   (42s)
  S3 800ms fold1/5: best_val= 62.50% (ep2) test= 56.25%
  S3 800ms fold2/5: best_val= 56.25% (ep1) test= 50.00%
  S3 800ms fold3/5: best_val= 62.50% (ep23) test= 75.00%
  S3 800ms fold4/5: best_val= 75.00% (ep10) test= 56.25%
  S3 800ms fold5/5: best_val= 68.75% (ep4) test= 56.25%
  S3 1500ms fold1/5: best_val= 75.00% (ep3) test= 68.75%
  S3 1500ms fold2/5: best_val= 75.00% (ep2) test= 43.75%
  S3 1500ms fold3/5: best_val= 50.00% (ep1) test= 50.00%
  S3 1500ms fold4/5: best_val= 68.75% (ep5) test= 50.00%
  S3 1500ms fold5/5: best_val= 75.00% (ep5) test= 56.25%
  S3 3000ms fold1/5: best_val= 87.50% (ep14) test= 62.50%
  S3 3000ms fold2/5: best_val= 81.25% (ep13) test= 37.50%
  S3 3000ms fold3/5: best_val= 75.00% (ep6) test= 56.25%
  S3 3000ms fold4/5: best_val= 62.50% (ep3) test= 87.50%
  S3 3000ms fold5/5: best_val= 75.00% (ep8) test= 68.75%
  S3 4000ms fold1/5: best_val= 87.50% (ep9) test= 62.50%
  S3 4000ms fold2/5: best_val= 81.25% (ep5) test= 43.75%
  S3 4000ms fold3/5: best_val= 75.00% (ep7) test= 62.50%
  S3 4000ms fold4/5: best_val= 68.75% (ep12) test= 81.25%
  S3 4000ms fold5/5: best_val= 81.25% (ep4) test= 56.25%
S 3: 800ms= 58.75%  1500ms= 53.75%  3000ms= 62.50%  4000ms= 61.25%   (42s)
  S4 800ms fold1/5: best_val= 81.25% (ep7) test= 62.50%
  S4 800ms fold2/5: best_val= 68.75% (ep7) test= 50.00%
  S4 800ms fold3/5: best_val= 62.50% (ep7) test= 56.25%
  S4 800ms fold4/5: best_val= 62.50% (ep4) test= 62.50%
  S4 800ms fold5/5: best_val= 56.25% (ep10) test= 50.00%
  S4 1500ms fold1/5: best_val= 75.00% (ep17) test= 62.50%
  S4 1500ms fold2/5: best_val= 50.00% (ep1) test= 50.00%
  S4 1500ms fold3/5: best_val= 56.25% (ep1) test= 25.00%
  S4 1500ms fold4/5: best_val= 50.00% (ep1) test= 50.00%
  S4 1500ms fold5/5: best_val= 50.00% (ep1) test= 50.00%
  S4 3000ms fold1/5: best_val= 62.50% (ep11) test= 43.75%
  S4 3000ms fold2/5: best_val= 50.00% (ep1) test= 50.00%
  S4 3000ms fold3/5: best_val= 62.50% (ep5) test= 43.75%
  S4 3000ms fold4/5: best_val= 68.75% (ep19) test= 68.75%
  S4 3000ms fold5/5: best_val= 50.00% (ep1) test= 50.00%
  S4 4000ms fold1/5: best_val= 68.75% (ep11) test= 56.25%
  S4 4000ms fold2/5: best_val= 56.25% (ep10) test= 62.50%
  S4 4000ms fold3/5: best_val= 62.50% (ep16) test= 56.25%
  S4 4000ms fold4/5: best_val= 68.75% (ep10) test= 50.00%
  S4 4000ms fold5/5: best_val= 75.00% (ep3) test= 43.75%
S 4: 800ms= 56.25%  1500ms= 47.50%  3000ms= 51.25%  4000ms= 53.75%   (42s)
  S5 800ms fold1/5: best_val= 62.50% (ep1) test= 37.50%
  S5 800ms fold2/5: best_val= 62.50% (ep1) test= 43.75%
  S5 800ms fold3/5: best_val= 68.75% (ep3) test= 43.75%
  S5 800ms fold4/5: best_val= 50.00% (ep1) test= 43.75%
  S5 800ms fold5/5: best_val= 62.50% (ep15) test= 25.00%
  S5 1500ms fold1/5: best_val= 62.50% (ep6) test= 43.75%
  S5 1500ms fold2/5: best_val= 56.25% (ep19) test= 50.00%
  S5 1500ms fold3/5: best_val= 56.25% (ep4) test= 50.00%
  S5 1500ms fold4/5: best_val= 68.75% (ep5) test= 50.00%
  S5 1500ms fold5/5: best_val= 68.75% (ep13) test= 56.25%
  S5 3000ms fold1/5: best_val= 62.50% (ep22) test= 50.00%
  S5 3000ms fold2/5: best_val= 50.00% (ep1) test= 50.00%
  S5 3000ms fold3/5: best_val= 50.00% (ep1) test= 50.00%
  S5 3000ms fold4/5: best_val= 68.75% (ep11) test= 43.75%
  S5 3000ms fold5/5: best_val= 81.25% (ep25) test= 68.75%
  S5 4000ms fold1/5: best_val= 50.00% (ep1) test= 50.00%
  S5 4000ms fold2/5: best_val= 50.00% (ep2) test= 56.25%
  S5 4000ms fold3/5: best_val= 50.00% (ep1) test= 50.00%
  S5 4000ms fold4/5: best_val= 62.50% (ep17) test= 37.50%
  S5 4000ms fold5/5: best_val= 68.75% (ep11) test= 50.00%
S 5: 800ms= 38.75%  1500ms= 50.00%  3000ms= 52.50%  4000ms= 48.75%   (42s)
  S6 800ms fold1/5: best_val= 68.75% (ep7) test= 81.25%
  S6 800ms fold2/5: best_val= 81.25% (ep16) test= 56.25%
  S6 800ms fold3/5: best_val= 62.50% (ep1) test= 43.75%
  S6 800ms fold4/5: best_val= 75.00% (ep4) test= 50.00%
  S6 800ms fold5/5: best_val= 68.75% (ep2) test= 50.00%
  S6 1500ms fold1/5: best_val= 62.50% (ep17) test= 93.75%
  S6 1500ms fold2/5: best_val= 68.75% (ep7) test= 50.00%
  S6 1500ms fold3/5: best_val= 62.50% (ep17) test= 50.00%
  S6 1500ms fold4/5: best_val= 62.50% (ep4) test= 81.25%
  S6 1500ms fold5/5: best_val= 68.75% (ep2) test= 56.25%
  S6 3000ms fold1/5: best_val= 75.00% (ep1) test= 62.50%
  S6 3000ms fold2/5: best_val= 87.50% (ep17) test= 56.25%
  S6 3000ms fold3/5: best_val= 56.25% (ep3) test= 43.75%
  S6 3000ms fold4/5: best_val= 75.00% (ep10) test= 50.00%
  S6 3000ms fold5/5: best_val= 62.50% (ep4) test= 43.75%
  S6 4000ms fold1/5: best_val= 68.75% (ep10) test= 56.25%
  S6 4000ms fold2/5: best_val= 75.00% (ep5) test= 50.00%
  S6 4000ms fold3/5: best_val= 68.75% (ep18) test= 43.75%
  S6 4000ms fold4/5: best_val= 87.50% (ep16) test= 56.25%
  S6 4000ms fold5/5: best_val= 56.25% (ep3) test= 68.75%
S 6: 800ms= 56.25%  1500ms= 66.25%  3000ms= 51.25%  4000ms= 55.00%   (42s)
  S7 800ms fold1/5: best_val= 62.50% (ep3) test= 31.25%
  S7 800ms fold2/5: best_val= 43.75% (ep1) test= 50.00%
  S7 800ms fold3/5: best_val= 50.00% (ep1) test= 50.00%
  S7 800ms fold4/5: best_val= 56.25% (ep2) test= 37.50%
  S7 800ms fold5/5: best_val= 75.00% (ep8) test= 43.75%
  S7 1500ms fold1/5: best_val= 68.75% (ep1) test= 43.75%
  S7 1500ms fold2/5: best_val= 62.50% (ep2) test= 56.25%
  S7 1500ms fold3/5: best_val= 50.00% (ep1) test= 50.00%
  S7 1500ms fold4/5: best_val= 50.00% (ep1) test= 50.00%
  S7 1500ms fold5/5: best_val= 62.50% (ep7) test= 43.75%
  S7 3000ms fold1/5: best_val= 62.50% (ep9) test= 50.00%
  S7 3000ms fold2/5: best_val= 68.75% (ep6) test= 50.00%
  S7 3000ms fold3/5: best_val= 56.25% (ep3) test= 50.00%
  S7 3000ms fold4/5: best_val= 75.00% (ep11) test= 56.25%
  S7 3000ms fold5/5: best_val= 75.00% (ep9) test= 75.00%
  S7 4000ms fold1/5: best_val= 62.50% (ep8) test= 75.00%
  S7 4000ms fold2/5: best_val= 75.00% (ep12) test= 68.75%
  S7 4000ms fold3/5: best_val= 75.00% (ep6) test= 75.00%
  S7 4000ms fold4/5: best_val= 75.00% (ep13) test= 56.25%
  S7 4000ms fold5/5: best_val= 75.00% (ep13) test= 56.25%
S 7: 800ms= 42.50%  1500ms= 48.75%  3000ms= 56.25%  4000ms= 66.25%   (42s)
  S8 800ms fold1/5: best_val= 56.25% (ep2) test= 50.00%
  S8 800ms fold2/5: best_val= 50.00% (ep1) test= 50.00%
  S8 800ms fold3/5: best_val= 56.25% (ep5) test= 50.00%
  S8 800ms fold4/5: best_val= 62.50% (ep3) test= 50.00%
  S8 800ms fold5/5: best_val= 56.25% (ep3) test= 43.75%
  S8 1500ms fold1/5: best_val= 56.25% (ep9) test= 37.50%
  S8 1500ms fold2/5: best_val= 50.00% (ep1) test= 50.00%
  S8 1500ms fold3/5: best_val= 56.25% (ep6) test= 43.75%
  S8 1500ms fold4/5: best_val= 56.25% (ep5) test= 56.25%
  S8 1500ms fold5/5: best_val= 62.50% (ep3) test= 37.50%
  S8 3000ms fold1/5: best_val= 56.25% (ep5) test= 56.25%
  S8 3000ms fold2/5: best_val= 50.00% (ep1) test= 50.00%
  S8 3000ms fold3/5: best_val= 62.50% (ep1) test= 43.75%
  S8 3000ms fold4/5: best_val= 62.50% (ep4) test= 56.25%
  S8 3000ms fold5/5: best_val= 62.50% (ep7) test= 50.00%
  S8 4000ms fold1/5: best_val= 56.25% (ep5) test= 68.75%
  S8 4000ms fold2/5: best_val= 62.50% (ep10) test= 56.25%
  S8 4000ms fold3/5: best_val= 62.50% (ep3) test= 56.25%
  S8 4000ms fold4/5: best_val= 62.50% (ep8) test= 50.00%
  S8 4000ms fold5/5: best_val= 62.50% (ep2) test= 50.00%
S 8: 800ms= 48.75%  1500ms= 45.00%  3000ms= 51.25%  4000ms= 56.25%   (42s)
  S9 800ms fold1/5: best_val= 75.00% (ep14) test= 31.25%
  S9 800ms fold2/5: best_val= 68.75% (ep1) test= 50.00%
  S9 800ms fold3/5: best_val= 62.50% (ep1) test= 43.75%
  S9 800ms fold4/5: best_val= 50.00% (ep1) test= 50.00%
  S9 800ms fold5/5: best_val= 75.00% (ep9) test= 62.50%
  S9 1500ms fold1/5: best_val= 62.50% (ep14) test= 37.50%
  S9 1500ms fold2/5: best_val= 56.25% (ep10) test= 68.75%
  S9 1500ms fold3/5: best_val= 75.00% (ep25) test= 56.25%
  S9 1500ms fold4/5: best_val= 62.50% (ep2) test= 62.50%
  S9 1500ms fold5/5: best_val= 68.75% (ep2) test= 18.75%
  S9 3000ms fold1/5: best_val= 56.25% (ep2) test= 50.00%
  S9 3000ms fold2/5: best_val= 62.50% (ep6) test= 50.00%
  S9 3000ms fold3/5: best_val= 56.25% (ep6) test= 37.50%
  S9 3000ms fold4/5: best_val= 62.50% (ep9) test= 50.00%
  S9 3000ms fold5/5: best_val= 68.75% (ep6) test= 75.00%
  S9 4000ms fold1/5: best_val= 75.00% (ep18) test= 68.75%
  S9 4000ms fold2/5: best_val= 56.25% (ep6) test= 56.25%
  S9 4000ms fold3/5: best_val= 62.50% (ep5) test= 50.00%
  S9 4000ms fold4/5: best_val= 56.25% (ep11) test= 43.75%
  S9 4000ms fold5/5: best_val= 75.00% (ep8) test= 56.25%
S 9: 800ms= 47.50%  1500ms= 48.75%  3000ms= 52.50%  4000ms= 55.00%   (42s)
  S10 800ms fold1/5: best_val= 50.00% (ep2) test= 50.00%
  S10 800ms fold2/5: best_val= 68.75% (ep2) test= 43.75%
  S10 800ms fold3/5: best_val= 68.75% (ep9) test= 37.50%
  S10 800ms fold4/5: best_val= 50.00% (ep1) test= 43.75%
  S10 800ms fold5/5: best_val= 50.00% (ep1) test= 50.00%
  S10 1500ms fold1/5: best_val= 62.50% (ep1) test= 43.75%
  S10 1500ms fold2/5: best_val= 50.00% (ep1) test= 50.00%
  S10 1500ms fold3/5: best_val= 62.50% (ep14) test= 50.00%
  S10 1500ms fold4/5: best_val= 56.25% (ep9) test= 43.75%
  S10 1500ms fold5/5: best_val= 81.25% (ep12) test= 50.00%
  S10 3000ms fold1/5: best_val= 56.25% (ep6) test= 50.00%
  S10 3000ms fold2/5: best_val= 62.50% (ep1) test= 68.75%
  S10 3000ms fold3/5: best_val= 56.25% (ep10) test= 56.25%
  S10 3000ms fold4/5: best_val= 56.25% (ep9) test= 43.75%
  S10 3000ms fold5/5: best_val= 56.25% (ep11) test= 43.75%
  S10 4000ms fold1/5: best_val= 56.25% (ep13) test= 50.00%
  S10 4000ms fold2/5: best_val= 50.00% (ep1) test= 50.00%
  S10 4000ms fold3/5: best_val= 50.00% (ep1) test= 50.00%
  S10 4000ms fold4/5: best_val= 56.25% (ep7) test= 43.75%
  S10 4000ms fold5/5: best_val= 62.50% (ep18) test= 62.50%
S10: 800ms= 45.00%  1500ms= 47.50%  3000ms= 52.50%  4000ms= 51.25%   (42s)
  S11 800ms fold1/5: best_val= 50.00% (ep1) test= 50.00%
  S11 800ms fold2/5: best_val= 75.00% (ep13) test= 31.25%
  S11 800ms fold3/5: best_val= 62.50% (ep4) test= 37.50%
  S11 800ms fold4/5: best_val= 56.25% (ep30) test= 50.00%
  S11 800ms fold5/5: best_val= 62.50% (ep15) test= 56.25%
  S11 1500ms fold1/5: best_val= 50.00% (ep1) test= 50.00%
  S11 1500ms fold2/5: best_val= 62.50% (ep7) test= 43.75%
  S11 1500ms fold3/5: best_val= 62.50% (ep9) test= 37.50%
  S11 1500ms fold4/5: best_val= 62.50% (ep3) test= 43.75%
  S11 1500ms fold5/5: best_val= 50.00% (ep1) test= 50.00%
  S11 3000ms fold1/5: best_val= 75.00% (ep15) test= 56.25%
  S11 3000ms fold2/5: best_val= 75.00% (ep12) test= 56.25%
  S11 3000ms fold3/5: best_val= 75.00% (ep10) test= 56.25%
  S11 3000ms fold4/5: best_val= 62.50% (ep1) test= 56.25%
  S11 3000ms fold5/5: best_val= 56.25% (ep1) test= 50.00%
  S11 4000ms fold1/5: best_val= 68.75% (ep10) test= 56.25%
  S11 4000ms fold2/5: best_val= 68.75% (ep12) test= 50.00%
  S11 4000ms fold3/5: best_val= 56.25% (ep8) test= 56.25%
  S11 4000ms fold4/5: best_val= 62.50% (ep6) test= 56.25%
  S11 4000ms fold5/5: best_val= 62.50% (ep1) test= 31.25%
S11: 800ms= 45.00%  1500ms= 45.00%  3000ms= 55.00%  4000ms= 50.00%   (42s)
  S12 800ms fold1/5: best_val= 62.50% (ep8) test= 62.50%
  S12 800ms fold2/5: best_val= 56.25% (ep5) test= 50.00%
  S12 800ms fold3/5: best_val= 56.25% (ep13) test= 43.75%
  S12 800ms fold4/5: best_val= 68.75% (ep4) test= 37.50%
  S12 800ms fold5/5: best_val= 68.75% (ep6) test= 62.50%
  S12 1500ms fold1/5: best_val= 50.00% (ep2) test= 50.00%
  S12 1500ms fold2/5: best_val= 68.75% (ep8) test= 56.25%
  S12 1500ms fold3/5: best_val= 62.50% (ep6) test= 62.50%
  S12 1500ms fold4/5: best_val= 62.50% (ep2) test= 50.00%
  S12 1500ms fold5/5: best_val= 68.75% (ep5) test= 50.00%
  S12 3000ms fold1/5: best_val= 56.25% (ep4) test= 56.25%
  S12 3000ms fold2/5: best_val= 75.00% (ep5) test= 56.25%
  S12 3000ms fold3/5: best_val= 75.00% (ep7) test= 56.25%
  S12 3000ms fold4/5: best_val= 62.50% (ep4) test= 56.25%
  S12 3000ms fold5/5: best_val= 50.00% (ep1) test= 50.00%
  S12 4000ms fold1/5: best_val= 50.00% (ep1) test= 50.00%
  S12 4000ms fold2/5: best_val= 87.50% (ep29) test= 31.25%
  S12 4000ms fold3/5: best_val= 75.00% (ep16) test= 56.25%
  S12 4000ms fold4/5: best_val= 68.75% (ep13) test= 56.25%
  S12 4000ms fold5/5: best_val= 87.50% (ep10) test= 68.75%
S12: 800ms= 51.25%  1500ms= 53.75%  3000ms= 55.00%  4000ms= 52.50%   (42s)
  S13 800ms fold1/5: best_val= 68.75% (ep21) test= 43.75%
  S13 800ms fold2/5: best_val= 81.25% (ep6) test= 31.25%
  S13 800ms fold3/5: best_val= 56.25% (ep12) test= 43.75%
  S13 800ms fold4/5: best_val= 68.75% (ep1) test= 50.00%
  S13 800ms fold5/5: best_val= 56.25% (ep9) test= 62.50%
  S13 1500ms fold1/5: best_val= 56.25% (ep5) test= 62.50%
  S13 1500ms fold2/5: best_val= 75.00% (ep13) test= 31.25%
  S13 1500ms fold3/5: best_val= 56.25% (ep7) test= 50.00%
  S13 1500ms fold4/5: best_val= 68.75% (ep5) test= 50.00%
  S13 1500ms fold5/5: best_val= 68.75% (ep1) test= 37.50%
  S13 3000ms fold1/5: best_val= 62.50% (ep9) test= 62.50%
  S13 3000ms fold2/5: best_val= 68.75% (ep16) test= 43.75%
  S13 3000ms fold3/5: best_val= 56.25% (ep1) test= 43.75%
  S13 3000ms fold4/5: best_val= 62.50% (ep10) test= 68.75%
  S13 3000ms fold5/5: best_val= 75.00% (ep8) test= 56.25%
  S13 4000ms fold1/5: best_val= 62.50% (ep13) test= 56.25%
  S13 4000ms fold2/5: best_val= 62.50% (ep5) test= 43.75%
  S13 4000ms fold3/5: best_val= 68.75% (ep7) test= 50.00%
  S13 4000ms fold4/5: best_val= 56.25% (ep5) test= 50.00%
  S13 4000ms fold5/5: best_val= 62.50% (ep6) test= 56.25%
S13: 800ms= 46.25%  1500ms= 46.25%  3000ms= 55.00%  4000ms= 51.25%   (42s)
  S14 800ms fold1/5: best_val= 56.25% (ep6) test= 62.50%
  S14 800ms fold2/5: best_val= 68.75% (ep27) test= 75.00%
  S14 800ms fold3/5: best_val= 68.75% (ep11) test= 68.75%
  S14 800ms fold4/5: best_val= 62.50% (ep7) test= 50.00%
  S14 800ms fold5/5: best_val= 62.50% (ep6) test= 68.75%
  S14 1500ms fold1/5: best_val= 56.25% (ep4) test= 62.50%
  S14 1500ms fold2/5: best_val= 75.00% (ep18) test= 31.25%
  S14 1500ms fold3/5: best_val= 62.50% (ep4) test= 56.25%
  S14 1500ms fold4/5: best_val= 75.00% (ep9) test= 31.25%
  S14 1500ms fold5/5: best_val= 62.50% (ep8) test= 62.50%
  S14 3000ms fold1/5: best_val= 56.25% (ep1) test= 50.00%
  S14 3000ms fold2/5: best_val= 62.50% (ep6) test= 43.75%
  S14 3000ms fold3/5: best_val= 56.25% (ep9) test= 50.00%
  S14 3000ms fold4/5: best_val= 62.50% (ep33) test= 62.50%
  S14 3000ms fold5/5: best_val= 56.25% (ep4) test= 56.25%
  S14 4000ms fold1/5: best_val= 50.00% (ep1) test= 50.00%
  S14 4000ms fold2/5: best_val= 75.00% (ep16) test= 37.50%
  S14 4000ms fold3/5: best_val= 56.25% (ep1) test= 43.75%
  S14 4000ms fold4/5: best_val= 50.00% (ep1) test= 50.00%
  S14 4000ms fold5/5: best_val= 68.75% (ep13) test= 56.25%
S14: 800ms= 65.00%  1500ms= 48.75%  3000ms= 52.50%  4000ms= 47.50%   (42s)
  S15 800ms fold1/5: best_val= 68.75% (ep6) test= 50.00%
  S15 800ms fold2/5: best_val= 68.75% (ep18) test= 43.75%
  S15 800ms fold3/5: best_val= 50.00% (ep2) test= 43.75%
  S15 800ms fold4/5: best_val= 62.50% (ep2) test= 43.75%
  S15 800ms fold5/5: best_val= 62.50% (ep7) test= 37.50%
  S15 1500ms fold1/5: best_val= 62.50% (ep11) test= 43.75%
  S15 1500ms fold2/5: best_val= 50.00% (ep1) test= 50.00%
  S15 1500ms fold3/5: best_val= 50.00% (ep1) test= 50.00%
  S15 1500ms fold4/5: best_val= 56.25% (ep5) test= 43.75%
  S15 1500ms fold5/5: best_val= 56.25% (ep7) test= 56.25%
  S15 3000ms fold1/5: best_val= 56.25% (ep15) test= 68.75%
  S15 3000ms fold2/5: best_val= 56.25% (ep23) test= 43.75%
  S15 3000ms fold3/5: best_val= 56.25% (ep7) test= 62.50%
  S15 3000ms fold4/5: best_val= 62.50% (ep6) test= 50.00%
  S15 3000ms fold5/5: best_val= 50.00% (ep1) test= 50.00%
  S15 4000ms fold1/5: best_val= 50.00% (ep1) test= 50.00%
  S15 4000ms fold2/5: best_val= 62.50% (ep20) test= 43.75%
  S15 4000ms fold3/5: best_val= 56.25% (ep1) test= 43.75%
  S15 4000ms fold4/5: best_val= 56.25% (ep7) test= 50.00%
  S15 4000ms fold5/5: best_val= 50.00% (ep1) test= 56.25%
S15: 800ms= 43.75%  1500ms= 48.75%  3000ms= 55.00%  4000ms= 48.75%   (42s)
  S16 800ms fold1/5: best_val= 56.25% (ep7) test= 56.25%
  S16 800ms fold2/5: best_val= 56.25% (ep2) test= 31.25%
  S16 800ms fold3/5: best_val= 68.75% (ep9) test= 62.50%
  S16 800ms fold4/5: best_val= 62.50% (ep12) test= 50.00%
  S16 800ms fold5/5: best_val= 68.75% (ep6) test= 56.25%
  S16 1500ms fold1/5: best_val= 68.75% (ep2) test= 43.75%
  S16 1500ms fold2/5: best_val= 68.75% (ep5) test= 62.50%
  S16 1500ms fold3/5: best_val= 62.50% (ep1) test= 50.00%
  S16 1500ms fold4/5: best_val= 50.00% (ep1) test= 50.00%
  S16 1500ms fold5/5: best_val= 75.00% (ep8) test= 68.75%
  S16 3000ms fold1/5: best_val= 75.00% (ep10) test= 50.00%
  S16 3000ms fold2/5: best_val= 68.75% (ep13) test= 43.75%
  S16 3000ms fold3/5: best_val= 56.25% (ep1) test= 50.00%
  S16 3000ms fold4/5: best_val= 68.75% (ep12) test= 75.00%
  S16 3000ms fold5/5: best_val= 56.25% (ep2) test= 50.00%
  S16 4000ms fold1/5: best_val= 62.50% (ep9) test= 43.75%
  S16 4000ms fold2/5: best_val= 56.25% (ep1) test= 50.00%
  S16 4000ms fold3/5: best_val= 56.25% (ep13) test= 75.00%
  S16 4000ms fold4/5: best_val= 87.50% (ep5) test= 75.00%
  S16 4000ms fold5/5: best_val= 75.00% (ep14) test= 50.00%
S16: 800ms= 51.25%  1500ms= 55.00%  3000ms= 53.75%  4000ms= 58.75%   (42s)
  S17 800ms fold1/5: best_val= 56.25% (ep18) test= 68.75%
  S17 800ms fold2/5: best_val= 75.00% (ep8) test= 62.50%
  S17 800ms fold3/5: best_val= 68.75% (ep3) test= 56.25%
  S17 800ms fold4/5: best_val= 56.25% (ep1) test= 68.75%
  S17 800ms fold5/5: best_val= 62.50% (ep5) test= 56.25%
  S17 1500ms fold1/5: best_val= 56.25% (ep7) test= 62.50%
  S17 1500ms fold2/5: best_val= 56.25% (ep4) test= 50.00%
  S17 1500ms fold3/5: best_val= 62.50% (ep7) test= 50.00%
  S17 1500ms fold4/5: best_val= 75.00% (ep3) test= 37.50%
  S17 1500ms fold5/5: best_val= 56.25% (ep1) test= 62.50%
  S17 3000ms fold1/5: best_val= 75.00% (ep8) test= 62.50%
  S17 3000ms fold2/5: best_val= 56.25% (ep5) test= 56.25%
  S17 3000ms fold3/5: best_val= 81.25% (ep4) test= 75.00%
  S17 3000ms fold4/5: best_val= 81.25% (ep26) test= 50.00%
  S17 3000ms fold5/5: best_val= 50.00% (ep1) test= 50.00%
  S17 4000ms fold1/5: best_val= 50.00% (ep1) test= 50.00%
  S17 4000ms fold2/5: best_val= 56.25% (ep5) test= 62.50%
  S17 4000ms fold3/5: best_val= 75.00% (ep17) test= 43.75%
  S17 4000ms fold4/5: best_val= 68.75% (ep9) test= 56.25%
  S17 4000ms fold5/5: best_val= 68.75% (ep17) test= 50.00%
S17: 800ms= 62.50%  1500ms= 52.50%  3000ms= 58.75%  4000ms= 52.50%   (42s)
  S18 800ms fold1/5: best_val= 68.75% (ep26) test= 43.75%
  S18 800ms fold2/5: best_val= 62.50% (ep5) test= 56.25%
  S18 800ms fold3/5: best_val= 50.00% (ep1) test= 50.00%
  S18 800ms fold4/5: best_val= 68.75% (ep6) test= 50.00%
  S18 800ms fold5/5: best_val= 50.00% (ep1) test= 50.00%
  S18 1500ms fold1/5: best_val= 68.75% (ep32) test= 56.25%
  S18 1500ms fold2/5: best_val= 56.25% (ep1) test= 37.50%
  S18 1500ms fold3/5: best_val= 50.00% (ep1) test= 43.75%
  S18 1500ms fold4/5: best_val= 75.00% (ep7) test= 37.50%
  S18 1500ms fold5/5: best_val= 50.00% (ep1) test= 50.00%
  S18 3000ms fold1/5: best_val= 75.00% (ep7) test= 62.50%
  S18 3000ms fold2/5: best_val= 62.50% (ep4) test= 62.50%
  S18 3000ms fold3/5: best_val= 50.00% (ep1) test= 50.00%
  S18 3000ms fold4/5: best_val= 68.75% (ep15) test= 68.75%
  S18 3000ms fold5/5: best_val= 50.00% (ep1) test= 50.00%
  S18 4000ms fold1/5: best_val= 68.75% (ep32) test= 37.50%
  S18 4000ms fold2/5: best_val= 68.75% (ep4) test= 62.50%
  S18 4000ms fold3/5: best_val= 56.25% (ep15) test= 75.00%
  S18 4000ms fold4/5: best_val= 62.50% (ep8) test= 56.25%
  S18 4000ms fold5/5: best_val= 62.50% (ep11) test= 68.75%
S18: 800ms= 50.00%  1500ms= 45.00%  3000ms= 58.75%  4000ms= 60.00%   (42s)

ALL SUBJECTS COMPLETED — WFE/WAA  (767s)

====================================================================
SAVED WFE/WAA -> /work/11862/rmaahin/ls6/FineMI-enhancements/ConformerEEG/experiments/option_b/results/full/WFE_WAA
gpu=NVIDIA A100-PCIE-40GB | torch=2.8.0+cu128 | seed=42 | model=conformer_b | mode=full
====================================================================
window_ms   800    1500   3000   4000
subject                              
1          48.89  56.67  52.22  52.22
2          56.25  58.75  52.50  56.25
3          58.75  53.75  62.50  61.25
4          56.25  47.50  51.25  53.75
5          38.75  50.00  52.50  48.75
6          56.25  66.25  51.25  55.00
7          42.50  48.75  56.25  66.25
8          48.75  45.00  51.25  56.25
9          47.50  48.75  52.50  55.00
10         45.00  47.50  52.50  51.25
11         45.00  45.00  55.00  50.00
12         51.25  53.75  55.00  52.50
13         46.25  46.25  55.00  51.25
14         65.00  48.75  52.50  47.50
15         43.75  48.75  55.00  48.75
16         51.25  55.00  53.75  58.75
17         62.50  52.50  58.75  52.50
18         50.00  45.00  58.75  60.00

mean: {800: 50.77, 1500: 51.0, 3000: 54.36, 4000: 54.29}
sd  : {800: 7.12, 1500: 5.61, 3000: 3.08, 4000: 4.9}

Pairs saved so far in /work/11862/rmaahin/ls6/FineMI-enhancements/ConformerEEG/experiments/option_b/results/full: 24/28

##### pair_idx=8 (WFE_EPS) #####

Using device: cuda | gpu=NVIDIA A100-PCIE-40GB | torch=2.8.0+cu128
NOTE: determinism holds per-GPU-model. Record this GPU name.

PAIR: WFE/EPS  (classes 1 vs 3)  model=conformer_b  mode=full
Test time windows: [800, 1500, 3000, 4000] ms
Test time windows (samples): [200, 375, 750, 1000]

BINARY CLASSIFICATION: Class 1 vs Class 3  (WFE/EPS)
  Class 0 (original 1): 725 trials
  Class 1 (original 3): 725 trials

Extracted time windows:
  800ms (200 samples): shape (1450, 62, 200)
  1500ms (375 samples): shape (1450, 62, 375)
  3000ms (750 samples): shape (1450, 62, 750)
  4000ms (1000 samples): shape (1450, 62, 1000)

Model configuration:
  Model: conformer_b
  Channels: 62
  Subjects: [1, 2, 3, 4, 5, 6, 7, 8, 9, 10, 11, 12, 13, 14, 15, 16, 17, 18]
  Time windows: [800, 1500, 3000, 4000] ms
  Classes: 2 (Binary: Class 1 vs Class 3)
  Folds: 5
  Batch size: 32
  Epochs per subject per time window: 50
  S1 800ms fold1/5: best_val= 66.67% (ep5) test= 61.11%
  S1 800ms fold2/5: best_val= 66.67% (ep4) test= 44.44%
  S1 800ms fold3/5: best_val= 55.56% (ep2) test= 38.89%
  S1 800ms fold4/5: best_val= 72.22% (ep6) test= 66.67%
  S1 800ms fold5/5: best_val= 55.56% (ep8) test= 44.44%
  S1 1500ms fold1/5: best_val= 72.22% (ep25) test= 38.89%
  S1 1500ms fold2/5: best_val= 55.56% (ep9) test= 27.78%
  S1 1500ms fold3/5: best_val= 50.00% (ep2) test= 66.67%
  S1 1500ms fold4/5: best_val= 66.67% (ep10) test= 44.44%
  S1 1500ms fold5/5: best_val= 61.11% (ep15) test= 50.00%
  S1 3000ms fold1/5: best_val= 66.67% (ep27) test= 44.44%
  S1 3000ms fold2/5: best_val= 61.11% (ep2) test= 27.78%
  S1 3000ms fold3/5: best_val= 61.11% (ep10) test= 55.56%
  S1 3000ms fold4/5: best_val= 66.67% (ep17) test= 55.56%
  S1 3000ms fold5/5: best_val= 55.56% (ep16) test= 55.56%
  S1 4000ms fold1/5: best_val= 72.22% (ep5) test= 55.56%
  S1 4000ms fold2/5: best_val= 61.11% (ep9) test= 38.89%
  S1 4000ms fold3/5: best_val= 66.67% (ep9) test= 50.00%
  S1 4000ms fold4/5: best_val= 61.11% (ep5) test= 44.44%
  S1 4000ms fold5/5: best_val= 66.67% (ep6) test= 72.22%
S 1: 800ms= 51.11%  1500ms= 45.56%  3000ms= 47.78%  4000ms= 52.22%   (54s)
  S2 800ms fold1/5: best_val= 56.25% (ep9) test= 56.25%
  S2 800ms fold2/5: best_val= 62.50% (ep4) test= 43.75%
  S2 800ms fold3/5: best_val= 75.00% (ep6) test= 37.50%
  S2 800ms fold4/5: best_val= 75.00% (ep16) test= 62.50%
  S2 800ms fold5/5: best_val= 81.25% (ep6) test= 50.00%
  S2 1500ms fold1/5: best_val= 62.50% (ep8) test= 62.50%
  S2 1500ms fold2/5: best_val= 50.00% (ep1) test= 50.00%
  S2 1500ms fold3/5: best_val= 50.00% (ep1) test= 50.00%
  S2 1500ms fold4/5: best_val= 62.50% (ep10) test= 31.25%
  S2 1500ms fold5/5: best_val= 68.75% (ep12) test= 62.50%
  S2 3000ms fold1/5: best_val= 50.00% (ep1) test= 50.00%
  S2 3000ms fold2/5: best_val= 50.00% (ep1) test= 50.00%
  S2 3000ms fold3/5: best_val= 50.00% (ep1) test= 50.00%
  S2 3000ms fold4/5: best_val= 75.00% (ep34) test= 68.75%
  S2 3000ms fold5/5: best_val= 56.25% (ep13) test= 81.25%
  S2 4000ms fold1/5: best_val= 50.00% (ep1) test= 56.25%
  S2 4000ms fold2/5: best_val= 56.25% (ep9) test= 50.00%
  S2 4000ms fold3/5: best_val= 56.25% (ep13) test= 62.50%
  S2 4000ms fold4/5: best_val= 50.00% (ep1) test= 50.00%
  S2 4000ms fold5/5: best_val= 56.25% (ep8) test= 62.50%
S 2: 800ms= 50.00%  1500ms= 51.25%  3000ms= 60.00%  4000ms= 56.25%   (42s)
  S3 800ms fold1/5: best_val= 75.00% (ep3) test= 87.50%
  S3 800ms fold2/5: best_val= 81.25% (ep7) test= 75.00%
  S3 800ms fold3/5: best_val= 87.50% (ep17) test= 93.75%
  S3 800ms fold4/5: best_val= 81.25% (ep4) test= 68.75%
  S3 800ms fold5/5: best_val= 75.00% (ep4) test= 68.75%
  S3 1500ms fold1/5: best_val= 68.75% (ep4) test= 56.25%
  S3 1500ms fold2/5: best_val= 75.00% (ep7) test= 81.25%
  S3 1500ms fold3/5: best_val= 68.75% (ep13) test= 62.50%
  S3 1500ms fold4/5: best_val= 81.25% (ep23) test= 62.50%
  S3 1500ms fold5/5: best_val= 75.00% (ep11) test= 68.75%
  S3 3000ms fold1/5: best_val= 68.75% (ep13) test= 56.25%
  S3 3000ms fold2/5: best_val= 62.50% (ep2) test= 62.50%
  S3 3000ms fold3/5: best_val= 81.25% (ep15) test= 62.50%
  S3 3000ms fold4/5: best_val= 75.00% (ep1) test= 75.00%
  S3 3000ms fold5/5: best_val= 62.50% (ep4) test= 37.50%
  S3 4000ms fold1/5: best_val= 62.50% (ep5) test= 37.50%
  S3 4000ms fold2/5: best_val= 68.75% (ep24) test= 68.75%
  S3 4000ms fold3/5: best_val= 68.75% (ep3) test= 56.25%
  S3 4000ms fold4/5: best_val= 68.75% (ep19) test= 75.00%
  S3 4000ms fold5/5: best_val= 75.00% (ep12) test= 50.00%
S 3: 800ms= 78.75%  1500ms= 66.25%  3000ms= 58.75%  4000ms= 57.50%   (42s)
  S4 800ms fold1/5: best_val= 50.00% (ep1) test= 50.00%
  S4 800ms fold2/5: best_val= 75.00% (ep10) test= 43.75%
  S4 800ms fold3/5: best_val= 56.25% (ep1) test= 25.00%
  S4 800ms fold4/5: best_val= 81.25% (ep7) test= 56.25%
  S4 800ms fold5/5: best_val= 62.50% (ep7) test= 68.75%
  S4 1500ms fold1/5: best_val= 68.75% (ep1) test= 68.75%
  S4 1500ms fold2/5: best_val= 56.25% (ep1) test= 18.75%
  S4 1500ms fold3/5: best_val= 50.00% (ep1) test= 50.00%
  S4 1500ms fold4/5: best_val= 68.75% (ep18) test= 50.00%
  S4 1500ms fold5/5: best_val= 62.50% (ep7) test= 56.25%
  S4 3000ms fold1/5: best_val= 56.25% (ep7) test= 56.25%
  S4 3000ms fold2/5: best_val= 62.50% (ep11) test= 56.25%
  S4 3000ms fold3/5: best_val= 68.75% (ep4) test= 43.75%
  S4 3000ms fold4/5: best_val= 81.25% (ep23) test= 68.75%
  S4 3000ms fold5/5: best_val= 56.25% (ep14) test= 62.50%
  S4 4000ms fold1/5: best_val= 62.50% (ep9) test= 75.00%
  S4 4000ms fold2/5: best_val= 75.00% (ep13) test= 62.50%
  S4 4000ms fold3/5: best_val= 75.00% (ep10) test= 68.75%
  S4 4000ms fold4/5: best_val= 56.25% (ep13) test= 62.50%
  S4 4000ms fold5/5: best_val= 50.00% (ep1) test= 50.00%
S 4: 800ms= 48.75%  1500ms= 48.75%  3000ms= 57.50%  4000ms= 63.75%   (42s)
  S5 800ms fold1/5: best_val= 56.25% (ep6) test= 62.50%
  S5 800ms fold2/5: best_val= 81.25% (ep11) test= 50.00%
  S5 800ms fold3/5: best_val= 56.25% (ep1) test= 43.75%
  S5 800ms fold4/5: best_val= 68.75% (ep3) test= 75.00%
  S5 800ms fold5/5: best_val= 56.25% (ep7) test= 56.25%
  S5 1500ms fold1/5: best_val= 56.25% (ep1) test= 50.00%
  S5 1500ms fold2/5: best_val= 56.25% (ep7) test= 50.00%
  S5 1500ms fold3/5: best_val= 50.00% (ep1) test= 50.00%
  S5 1500ms fold4/5: best_val= 50.00% (ep1) test= 43.75%
  S5 1500ms fold5/5: best_val= 68.75% (ep10) test= 50.00%
  S5 3000ms fold1/5: best_val= 68.75% (ep14) test= 43.75%
  S5 3000ms fold2/5: best_val= 56.25% (ep4) test= 50.00%
  S5 3000ms fold3/5: best_val= 68.75% (ep8) test= 37.50%
  S5 3000ms fold4/5: best_val= 62.50% (ep3) test= 43.75%
  S5 3000ms fold5/5: best_val= 56.25% (ep7) test= 50.00%
  S5 4000ms fold1/5: best_val= 56.25% (ep3) test= 43.75%
  S5 4000ms fold2/5: best_val= 50.00% (ep1) test= 50.00%
  S5 4000ms fold3/5: best_val= 56.25% (ep8) test= 50.00%
  S5 4000ms fold4/5: best_val= 56.25% (ep5) test= 50.00%
  S5 4000ms fold5/5: best_val= 62.50% (ep11) test= 25.00%
S 5: 800ms= 57.50%  1500ms= 48.75%  3000ms= 45.00%  4000ms= 43.75%   (42s)
  S6 800ms fold1/5: best_val= 75.00% (ep3) test= 50.00%
  S6 800ms fold2/5: best_val= 75.00% (ep6) test= 62.50%
  S6 800ms fold3/5: best_val= 68.75% (ep21) test= 56.25%
  S6 800ms fold4/5: best_val= 68.75% (ep14) test= 50.00%
  S6 800ms fold5/5: best_val= 62.50% (ep1) test= 68.75%
  S6 1500ms fold1/5: best_val= 56.25% (ep3) test= 37.50%
  S6 1500ms fold2/5: best_val= 56.25% (ep7) test= 56.25%
  S6 1500ms fold3/5: best_val= 56.25% (ep16) test= 56.25%
  S6 1500ms fold4/5: best_val= 56.25% (ep5) test= 56.25%
  S6 1500ms fold5/5: best_val= 56.25% (ep12) test= 50.00%
  S6 3000ms fold1/5: best_val= 50.00% (ep1) test= 50.00%
  S6 3000ms fold2/5: best_val= 62.50% (ep2) test= 56.25%
  S6 3000ms fold3/5: best_val= 62.50% (ep8) test= 56.25%
  S6 3000ms fold4/5: best_val= 56.25% (ep6) test= 43.75%
  S6 3000ms fold5/5: best_val= 56.25% (ep5) test= 50.00%
  S6 4000ms fold1/5: best_val= 62.50% (ep8) test= 56.25%
  S6 4000ms fold2/5: best_val= 75.00% (ep30) test= 43.75%
  S6 4000ms fold3/5: best_val= 50.00% (ep1) test= 50.00%
  S6 4000ms fold4/5: best_val= 62.50% (ep7) test= 43.75%
  S6 4000ms fold5/5: best_val= 62.50% (ep9) test= 43.75%
S 6: 800ms= 57.50%  1500ms= 51.25%  3000ms= 51.25%  4000ms= 47.50%   (42s)
  S7 800ms fold1/5: best_val= 62.50% (ep4) test= 37.50%
  S7 800ms fold2/5: best_val= 93.75% (ep9) test= 68.75%
  S7 800ms fold3/5: best_val= 50.00% (ep1) test= 50.00%
  S7 800ms fold4/5: best_val= 62.50% (ep13) test= 50.00%
  S7 800ms fold5/5: best_val= 62.50% (ep6) test= 43.75%
  S7 1500ms fold1/5: best_val= 62.50% (ep7) test= 56.25%
  S7 1500ms fold2/5: best_val= 62.50% (ep8) test= 62.50%
  S7 1500ms fold3/5: best_val= 62.50% (ep12) test= 62.50%
  S7 1500ms fold4/5: best_val= 56.25% (ep2) test= 56.25%
  S7 1500ms fold5/5: best_val= 62.50% (ep13) test= 37.50%
  S7 3000ms fold1/5: best_val= 56.25% (ep5) test= 62.50%
  S7 3000ms fold2/5: best_val= 56.25% (ep5) test= 50.00%
  S7 3000ms fold3/5: best_val= 56.25% (ep19) test= 43.75%
  S7 3000ms fold4/5: best_val= 56.25% (ep4) test= 50.00%
  S7 3000ms fold5/5: best_val= 68.75% (ep5) test= 62.50%
  S7 4000ms fold1/5: best_val= 62.50% (ep6) test= 50.00%
  S7 4000ms fold2/5: best_val= 50.00% (ep1) test= 50.00%
  S7 4000ms fold3/5: best_val= 56.25% (ep13) test= 81.25%
  S7 4000ms fold4/5: best_val= 56.25% (ep4) test= 62.50%
  S7 4000ms fold5/5: best_val= 56.25% (ep8) test= 43.75%
S 7: 800ms= 50.00%  1500ms= 55.00%  3000ms= 53.75%  4000ms= 57.50%   (42s)
  S8 800ms fold1/5: best_val= 62.50% (ep1) test= 56.25%
  S8 800ms fold2/5: best_val= 56.25% (ep1) test= 43.75%
  S8 800ms fold3/5: best_val= 50.00% (ep1) test= 50.00%
  S8 800ms fold4/5: best_val= 56.25% (ep1) test= 50.00%
  S8 800ms fold5/5: best_val= 56.25% (ep4) test= 43.75%
  S8 1500ms fold1/5: best_val= 50.00% (ep1) test= 50.00%
  S8 1500ms fold2/5: best_val= 68.75% (ep1) test= 56.25%
  S8 1500ms fold3/5: best_val= 68.75% (ep1) test= 50.00%
  S8 1500ms fold4/5: best_val= 62.50% (ep18) test= 18.75%
  S8 1500ms fold5/5: best_val= 62.50% (ep5) test= 50.00%
  S8 3000ms fold1/5: best_val= 56.25% (ep32) test= 31.25%
  S8 3000ms fold2/5: best_val= 50.00% (ep1) test= 50.00%
  S8 3000ms fold3/5: best_val= 68.75% (ep2) test= 62.50%
  S8 3000ms fold4/5: best_val= 50.00% (ep1) test= 50.00%
  S8 3000ms fold5/5: best_val= 56.25% (ep2) test= 43.75%
  S8 4000ms fold1/5: best_val= 50.00% (ep1) test= 50.00%
  S8 4000ms fold2/5: best_val= 56.25% (ep5) test= 43.75%
  S8 4000ms fold3/5: best_val= 56.25% (ep1) test= 50.00%
  S8 4000ms fold4/5: best_val= 56.25% (ep2) test= 50.00%
  S8 4000ms fold5/5: best_val= 62.50% (ep8) test= 43.75%
S 8: 800ms= 48.75%  1500ms= 45.00%  3000ms= 47.50%  4000ms= 47.50%   (42s)
  S9 800ms fold1/5: best_val= 50.00% (ep1) test= 50.00%
  S9 800ms fold2/5: best_val= 50.00% (ep1) test= 56.25%
  S9 800ms fold3/5: best_val= 75.00% (ep6) test= 50.00%
  S9 800ms fold4/5: best_val= 56.25% (ep2) test= 37.50%
  S9 800ms fold5/5: best_val= 56.25% (ep1) test= 50.00%
  S9 1500ms fold1/5: best_val= 50.00% (ep2) test= 50.00%
  S9 1500ms fold2/5: best_val= 62.50% (ep16) test= 50.00%
  S9 1500ms fold3/5: best_val= 62.50% (ep3) test= 37.50%
  S9 1500ms fold4/5: best_val= 56.25% (ep2) test= 56.25%
  S9 1500ms fold5/5: best_val= 50.00% (ep1) test= 50.00%
  S9 3000ms fold1/5: best_val= 81.25% (ep28) test= 50.00%
  S9 3000ms fold2/5: best_val= 62.50% (ep5) test= 37.50%
  S9 3000ms fold3/5: best_val= 68.75% (ep7) test= 43.75%
  S9 3000ms fold4/5: best_val= 68.75% (ep32) test= 81.25%
  S9 3000ms fold5/5: best_val= 62.50% (ep26) test= 62.50%
  S9 4000ms fold1/5: best_val= 50.00% (ep2) test= 50.00%
  S9 4000ms fold2/5: best_val= 62.50% (ep11) test= 31.25%
  S9 4000ms fold3/5: best_val= 56.25% (ep6) test= 50.00%
  S9 4000ms fold4/5: best_val= 56.25% (ep3) test= 50.00%
  S9 4000ms fold5/5: best_val= 56.25% (ep5) test= 50.00%
S 9: 800ms= 48.75%  1500ms= 48.75%  3000ms= 55.00%  4000ms= 46.25%   (42s)
  S10 800ms fold1/5: best_val= 62.50% (ep2) test= 56.25%
  S10 800ms fold2/5: best_val= 50.00% (ep3) test= 50.00%
  S10 800ms fold3/5: best_val= 50.00% (ep1) test= 50.00%
  S10 800ms fold4/5: best_val= 62.50% (ep9) test= 62.50%
  S10 800ms fold5/5: best_val= 50.00% (ep1) test= 56.25%
  S10 1500ms fold1/5: best_val= 50.00% (ep3) test= 50.00%
  S10 1500ms fold2/5: best_val= 50.00% (ep1) test= 50.00%
  S10 1500ms fold3/5: best_val= 50.00% (ep2) test= 50.00%
  S10 1500ms fold4/5: best_val= 50.00% (ep1) test= 43.75%
  S10 1500ms fold5/5: best_val= 50.00% (ep2) test= 50.00%
  S10 3000ms fold1/5: best_val= 62.50% (ep10) test= 68.75%
  S10 3000ms fold2/5: best_val= 50.00% (ep1) test= 50.00%
  S10 3000ms fold3/5: best_val= 50.00% (ep1) test= 50.00%
  S10 3000ms fold4/5: best_val= 62.50% (ep5) test= 50.00%
  S10 3000ms fold5/5: best_val= 50.00% (ep1) test= 50.00%
  S10 4000ms fold1/5: best_val= 68.75% (ep11) test= 56.25%
  S10 4000ms fold2/5: best_val= 50.00% (ep1) test= 50.00%
  S10 4000ms fold3/5: best_val= 56.25% (ep18) test= 56.25%
  S10 4000ms fold4/5: best_val= 50.00% (ep1) test= 50.00%
  S10 4000ms fold5/5: best_val= 56.25% (ep6) test= 43.75%
S10: 800ms= 55.00%  1500ms= 48.75%  3000ms= 53.75%  4000ms= 51.25%   (42s)
  S11 800ms fold1/5: best_val= 56.25% (ep10) test= 62.50%
  S11 800ms fold2/5: best_val= 68.75% (ep47) test= 50.00%
  S11 800ms fold3/5: best_val= 56.25% (ep11) test= 68.75%
  S11 800ms fold4/5: best_val= 62.50% (ep7) test= 75.00%
  S11 800ms fold5/5: best_val= 56.25% (ep9) test= 62.50%
  S11 1500ms fold1/5: best_val= 62.50% (ep2) test= 56.25%
  S11 1500ms fold2/5: best_val= 50.00% (ep1) test= 50.00%
  S11 1500ms fold3/5: best_val= 50.00% (ep1) test= 50.00%
  S11 1500ms fold4/5: best_val= 50.00% (ep1) test= 50.00%
  S11 1500ms fold5/5: best_val= 62.50% (ep13) test= 62.50%
  S11 3000ms fold1/5: best_val= 68.75% (ep17) test= 50.00%
  S11 3000ms fold2/5: best_val= 50.00% (ep1) test= 43.75%
  S11 3000ms fold3/5: best_val= 62.50% (ep4) test= 43.75%
  S11 3000ms fold4/5: best_val= 68.75% (ep4) test= 62.50%
  S11 3000ms fold5/5: best_val= 56.25% (ep5) test= 37.50%
  S11 4000ms fold1/5: best_val= 68.75% (ep19) test= 56.25%
  S11 4000ms fold2/5: best_val= 62.50% (ep6) test= 50.00%
  S11 4000ms fold3/5: best_val= 62.50% (ep4) test= 43.75%
  S11 4000ms fold4/5: best_val= 62.50% (ep11) test= 37.50%
  S11 4000ms fold5/5: best_val= 62.50% (ep1) test= 50.00%
S11: 800ms= 63.75%  1500ms= 53.75%  3000ms= 47.50%  4000ms= 47.50%   (42s)
  S12 800ms fold1/5: best_val= 68.75% (ep5) test= 68.75%
  S12 800ms fold2/5: best_val= 68.75% (ep11) test= 43.75%
  S12 800ms fold3/5: best_val= 68.75% (ep11) test= 81.25%
  S12 800ms fold4/5: best_val= 68.75% (ep2) test= 43.75%
  S12 800ms fold5/5: best_val= 56.25% (ep2) test= 43.75%
  S12 1500ms fold1/5: best_val= 68.75% (ep13) test= 50.00%
  S12 1500ms fold2/5: best_val= 62.50% (ep8) test= 50.00%
  S12 1500ms fold3/5: best_val= 68.75% (ep6) test= 43.75%
  S12 1500ms fold4/5: best_val= 68.75% (ep3) test= 62.50%
  S12 1500ms fold5/5: best_val= 56.25% (ep5) test= 56.25%
  S12 3000ms fold1/5: best_val= 62.50% (ep4) test= 56.25%
  S12 3000ms fold2/5: best_val= 62.50% (ep10) test= 56.25%
  S12 3000ms fold3/5: best_val= 56.25% (ep2) test= 56.25%
  S12 3000ms fold4/5: best_val= 50.00% (ep1) test= 50.00%
  S12 3000ms fold5/5: best_val= 56.25% (ep4) test= 50.00%
  S12 4000ms fold1/5: best_val= 68.75% (ep23) test= 62.50%
  S12 4000ms fold2/5: best_val= 62.50% (ep12) test= 68.75%
  S12 4000ms fold3/5: best_val= 75.00% (ep4) test= 43.75%
  S12 4000ms fold4/5: best_val= 68.75% (ep18) test= 68.75%
  S12 4000ms fold5/5: best_val= 68.75% (ep4) test= 68.75%
S12: 800ms= 56.25%  1500ms= 52.50%  3000ms= 53.75%  4000ms= 62.50%   (42s)
  S13 800ms fold1/5: best_val= 68.75% (ep2) test= 50.00%
  S13 800ms fold2/5: best_val= 56.25% (ep5) test= 68.75%
  S13 800ms fold3/5: best_val= 62.50% (ep6) test= 50.00%
  S13 800ms fold4/5: best_val= 62.50% (ep1) test= 50.00%
  S13 800ms fold5/5: best_val= 56.25% (ep2) test= 50.00%
  S13 1500ms fold1/5: best_val= 68.75% (ep4) test= 43.75%
  S13 1500ms fold2/5: best_val= 62.50% (ep16) test= 50.00%
  S13 1500ms fold3/5: best_val= 50.00% (ep1) test= 50.00%
  S13 1500ms fold4/5: best_val= 68.75% (ep3) test= 43.75%
  S13 1500ms fold5/5: best_val= 75.00% (ep12) test= 50.00%
  S13 3000ms fold1/5: best_val= 75.00% (ep15) test= 50.00%
  S13 3000ms fold2/5: best_val= 62.50% (ep3) test= 43.75%
  S13 3000ms fold3/5: best_val= 56.25% (ep5) test= 50.00%
  S13 3000ms fold4/5: best_val= 87.50% (ep4) test= 43.75%
  S13 3000ms fold5/5: best_val= 81.25% (ep4) test= 50.00%
  S13 4000ms fold1/5: best_val= 62.50% (ep12) test= 43.75%
  S13 4000ms fold2/5: best_val= 62.50% (ep8) test= 56.25%
  S13 4000ms fold3/5: best_val= 56.25% (ep11) test= 56.25%
  S13 4000ms fold4/5: best_val= 81.25% (ep5) test= 43.75%
  S13 4000ms fold5/5: best_val= 68.75% (ep6) test= 37.50%
S13: 800ms= 53.75%  1500ms= 47.50%  3000ms= 47.50%  4000ms= 47.50%   (42s)
  S14 800ms fold1/5: best_val= 62.50% (ep2) test= 68.75%
  S14 800ms fold2/5: best_val= 50.00% (ep2) test= 50.00%
  S14 800ms fold3/5: best_val= 68.75% (ep11) test= 62.50%
  S14 800ms fold4/5: best_val= 68.75% (ep1) test= 50.00%
  S14 800ms fold5/5: best_val= 56.25% (ep1) test= 37.50%
  S14 1500ms fold1/5: best_val= 75.00% (ep23) test= 56.25%
  S14 1500ms fold2/5: best_val= 56.25% (ep5) test= 43.75%
  S14 1500ms fold3/5: best_val= 75.00% (ep6) test= 50.00%
  S14 1500ms fold4/5: best_val= 75.00% (ep16) test= 50.00%
  S14 1500ms fold5/5: best_val= 75.00% (ep26) test= 56.25%
  S14 3000ms fold1/5: best_val= 68.75% (ep21) test= 68.75%
  S14 3000ms fold2/5: best_val= 50.00% (ep1) test= 50.00%
  S14 3000ms fold3/5: best_val= 56.25% (ep2) test= 50.00%
  S14 3000ms fold4/5: best_val= 81.25% (ep14) test= 37.50%
  S14 3000ms fold5/5: best_val= 56.25% (ep7) test= 43.75%
  S14 4000ms fold1/5: best_val= 62.50% (ep12) test= 68.75%
  S14 4000ms fold2/5: best_val= 50.00% (ep1) test= 50.00%
  S14 4000ms fold3/5: best_val= 56.25% (ep1) test= 37.50%
  S14 4000ms fold4/5: best_val= 68.75% (ep14) test= 25.00%
  S14 4000ms fold5/5: best_val= 50.00% (ep1) test= 50.00%
S14: 800ms= 53.75%  1500ms= 51.25%  3000ms= 50.00%  4000ms= 46.25%   (42s)
  S15 800ms fold1/5: best_val= 68.75% (ep6) test= 37.50%
  S15 800ms fold2/5: best_val= 56.25% (ep4) test= 50.00%
  S15 800ms fold3/5: best_val= 50.00% (ep1) test= 37.50%
  S15 800ms fold4/5: best_val= 68.75% (ep4) test= 43.75%
  S15 800ms fold5/5: best_val= 68.75% (ep6) test= 50.00%
  S15 1500ms fold1/5: best_val= 62.50% (ep5) test= 31.25%
  S15 1500ms fold2/5: best_val= 56.25% (ep5) test= 62.50%
  S15 1500ms fold3/5: best_val= 68.75% (ep18) test= 50.00%
  S15 1500ms fold4/5: best_val= 68.75% (ep13) test= 56.25%
  S15 1500ms fold5/5: best_val= 68.75% (ep17) test= 56.25%
  S15 3000ms fold1/5: best_val= 56.25% (ep11) test= 43.75%
  S15 3000ms fold2/5: best_val= 50.00% (ep1) test= 50.00%
  S15 3000ms fold3/5: best_val= 75.00% (ep13) test= 68.75%
  S15 3000ms fold4/5: best_val= 62.50% (ep10) test= 56.25%
  S15 3000ms fold5/5: best_val= 56.25% (ep5) test= 43.75%
  S15 4000ms fold1/5: best_val= 56.25% (ep5) test= 50.00%
  S15 4000ms fold2/5: best_val= 75.00% (ep10) test= 62.50%
  S15 4000ms fold3/5: best_val= 62.50% (ep16) test= 56.25%
  S15 4000ms fold4/5: best_val= 68.75% (ep12) test= 62.50%
  S15 4000ms fold5/5: best_val= 50.00% (ep1) test= 50.00%
S15: 800ms= 43.75%  1500ms= 51.25%  3000ms= 52.50%  4000ms= 56.25%   (42s)
  S16 800ms fold1/5: best_val= 50.00% (ep1) test= 50.00%
  S16 800ms fold2/5: best_val= 50.00% (ep1) test= 50.00%
  S16 800ms fold3/5: best_val= 56.25% (ep6) test= 50.00%
  S16 800ms fold4/5: best_val= 62.50% (ep8) test= 43.75%
  S16 800ms fold5/5: best_val= 75.00% (ep7) test= 56.25%
  S16 1500ms fold1/5: best_val= 50.00% (ep1) test= 50.00%
  S16 1500ms fold2/5: best_val= 81.25% (ep25) test= 75.00%
  S16 1500ms fold3/5: best_val= 50.00% (ep1) test= 43.75%
  S16 1500ms fold4/5: best_val= 62.50% (ep7) test= 56.25%
  S16 1500ms fold5/5: best_val= 75.00% (ep19) test= 43.75%
  S16 3000ms fold1/5: best_val= 81.25% (ep15) test= 50.00%
  S16 3000ms fold2/5: best_val= 81.25% (ep19) test= 50.00%
  S16 3000ms fold3/5: best_val= 75.00% (ep10) test= 81.25%
  S16 3000ms fold4/5: best_val= 62.50% (ep8) test= 68.75%
  S16 3000ms fold5/5: best_val= 75.00% (ep16) test= 31.25%
  S16 4000ms fold1/5: best_val= 62.50% (ep15) test= 43.75%
  S16 4000ms fold2/5: best_val= 75.00% (ep14) test= 43.75%
  S16 4000ms fold3/5: best_val= 81.25% (ep18) test= 75.00%
  S16 4000ms fold4/5: best_val= 81.25% (ep20) test= 68.75%
  S16 4000ms fold5/5: best_val= 87.50% (ep13) test= 50.00%
S16: 800ms= 50.00%  1500ms= 53.75%  3000ms= 56.25%  4000ms= 56.25%   (42s)
  S17 800ms fold1/5: best_val= 68.75% (ep12) test= 56.25%
  S17 800ms fold2/5: best_val= 62.50% (ep8) test= 56.25%
  S17 800ms fold3/5: best_val= 68.75% (ep5) test= 50.00%
  S17 800ms fold4/5: best_val= 62.50% (ep4) test= 43.75%
  S17 800ms fold5/5: best_val= 62.50% (ep9) test= 56.25%
  S17 1500ms fold1/5: best_val= 81.25% (ep6) test= 31.25%
  S17 1500ms fold2/5: best_val= 68.75% (ep4) test= 62.50%
  S17 1500ms fold3/5: best_val= 62.50% (ep13) test= 50.00%
  S17 1500ms fold4/5: best_val= 56.25% (ep9) test= 56.25%
  S17 1500ms fold5/5: best_val= 75.00% (ep3) test= 31.25%
  S17 3000ms fold1/5: best_val= 68.75% (ep8) test= 62.50%
  S17 3000ms fold2/5: best_val= 68.75% (ep18) test= 56.25%
  S17 3000ms fold3/5: best_val= 62.50% (ep2) test= 56.25%
  S17 3000ms fold4/5: best_val= 75.00% (ep17) test= 37.50%
  S17 3000ms fold5/5: best_val= 56.25% (ep12) test= 37.50%
  S17 4000ms fold1/5: best_val= 87.50% (ep22) test= 62.50%
  S17 4000ms fold2/5: best_val= 68.75% (ep8) test= 56.25%
  S17 4000ms fold3/5: best_val= 62.50% (ep3) test= 56.25%
  S17 4000ms fold4/5: best_val= 56.25% (ep10) test= 56.25%
  S17 4000ms fold5/5: best_val= 62.50% (ep9) test= 37.50%
S17: 800ms= 52.50%  1500ms= 46.25%  3000ms= 50.00%  4000ms= 53.75%   (42s)
  S18 800ms fold1/5: best_val= 62.50% (ep9) test= 56.25%
  S18 800ms fold2/5: best_val= 68.75% (ep1) test= 56.25%
  S18 800ms fold3/5: best_val= 50.00% (ep1) test= 50.00%
  S18 800ms fold4/5: best_val= 56.25% (ep2) test= 56.25%
  S18 800ms fold5/5: best_val= 62.50% (ep8) test= 50.00%
  S18 1500ms fold1/5: best_val= 62.50% (ep4) test= 56.25%
  S18 1500ms fold2/5: best_val= 50.00% (ep1) test= 50.00%
  S18 1500ms fold3/5: best_val= 56.25% (ep2) test= 68.75%
  S18 1500ms fold4/5: best_val= 68.75% (ep20) test= 31.25%
  S18 1500ms fold5/5: best_val= 62.50% (ep5) test= 50.00%
  S18 3000ms fold1/5: best_val= 75.00% (ep6) test= 68.75%
  S18 3000ms fold2/5: best_val= 75.00% (ep5) test= 50.00%
  S18 3000ms fold3/5: best_val= 50.00% (ep1) test= 50.00%
  S18 3000ms fold4/5: best_val= 68.75% (ep7) test= 68.75%
  S18 3000ms fold5/5: best_val= 56.25% (ep1) test= 56.25%
  S18 4000ms fold1/5: best_val= 68.75% (ep8) test= 68.75%
  S18 4000ms fold2/5: best_val= 75.00% (ep5) test= 62.50%
  S18 4000ms fold3/5: best_val= 62.50% (ep21) test= 56.25%
  S18 4000ms fold4/5: best_val= 75.00% (ep10) test= 62.50%
  S18 4000ms fold5/5: best_val= 68.75% (ep13) test= 56.25%
S18: 800ms= 53.75%  1500ms= 51.25%  3000ms= 58.75%  4000ms= 61.25%   (42s)

ALL SUBJECTS COMPLETED — WFE/EPS  (766s)

====================================================================
SAVED WFE/EPS -> /work/11862/rmaahin/ls6/FineMI-enhancements/ConformerEEG/experiments/option_b/results/full/WFE_EPS
gpu=NVIDIA A100-PCIE-40GB | torch=2.8.0+cu128 | seed=42 | model=conformer_b | mode=full
====================================================================
window_ms   800    1500   3000   4000
subject                              
1          51.11  45.56  47.78  52.22
2          50.00  51.25  60.00  56.25
3          78.75  66.25  58.75  57.50
4          48.75  48.75  57.50  63.75
5          57.50  48.75  45.00  43.75
6          57.50  51.25  51.25  47.50
7          50.00  55.00  53.75  57.50
8          48.75  45.00  47.50  47.50
9          48.75  48.75  55.00  46.25
10         55.00  48.75  53.75  51.25
11         63.75  53.75  47.50  47.50
12         56.25  52.50  53.75  62.50
13         53.75  47.50  47.50  47.50
14         53.75  51.25  50.00  46.25
15         43.75  51.25  52.50  56.25
16         50.00  53.75  56.25  56.25
17         52.50  46.25  50.00  53.75
18         53.75  51.25  58.75  61.25

mean: {800: 54.09, 1500: 50.93, 3000: 52.58, 4000: 53.04}
sd  : {800: 7.61, 1500: 4.77, 3000: 4.55, 4000: 6.17}

Pairs saved so far in /work/11862/rmaahin/ls6/FineMI-enhancements/ConformerEEG/experiments/option_b/results/full: 27/28

##### pair_idx=9 (WFE_EFE) #####

Using device: cuda | gpu=NVIDIA A100-PCIE-40GB | torch=2.8.0+cu128
NOTE: determinism holds per-GPU-model. Record this GPU name.

PAIR: WFE/EFE  (classes 1 vs 4)  model=conformer_b  mode=full
Test time windows: [800, 1500, 3000, 4000] ms
Test time windows (samples): [200, 375, 750, 1000]

BINARY CLASSIFICATION: Class 1 vs Class 4  (WFE/EFE)
  Class 0 (original 1): 725 trials
  Class 1 (original 4): 725 trials

Extracted time windows:
  800ms (200 samples): shape (1450, 62, 200)
  1500ms (375 samples): shape (1450, 62, 375)
  3000ms (750 samples): shape (1450, 62, 750)
  4000ms (1000 samples): shape (1450, 62, 1000)

Model configuration:
  Model: conformer_b
  Channels: 62
  Subjects: [1, 2, 3, 4, 5, 6, 7, 8, 9, 10, 11, 12, 13, 14, 15, 16, 17, 18]
  Time windows: [800, 1500, 3000, 4000] ms
  Classes: 2 (Binary: Class 1 vs Class 4)
  Folds: 5
  Batch size: 32
  Epochs per subject per time window: 50
  S1 800ms fold1/5: best_val= 61.11% (ep3) test= 44.44%
  S1 800ms fold2/5: best_val= 61.11% (ep19) test= 44.44%
  S1 800ms fold3/5: best_val= 61.11% (ep10) test= 44.44%
  S1 800ms fold4/5: best_val= 55.56% (ep5) test= 27.78%
  S1 800ms fold5/5: best_val= 44.44% (ep4) test= 33.33%
  S1 1500ms fold1/5: best_val= 61.11% (ep8) test= 44.44%
  S1 1500ms fold2/5: best_val= 72.22% (ep15) test= 50.00%
  S1 1500ms fold3/5: best_val= 61.11% (ep16) test= 66.67%
  S1 1500ms fold4/5: best_val= 55.56% (ep3) test= 50.00%
  S1 1500ms fold5/5: best_val= 61.11% (ep45) test= 61.11%
  S1 3000ms fold1/5: best_val= 66.67% (ep16) test= 44.44%
  S1 3000ms fold2/5: best_val= 72.22% (ep6) test= 55.56%
  S1 3000ms fold3/5: best_val= 72.22% (ep5) test= 72.22%
  S1 3000ms fold4/5: best_val= 72.22% (ep5) test= 44.44%
  S1 3000ms fold5/5: best_val= 61.11% (ep6) test= 61.11%
  S1 4000ms fold1/5: best_val= 66.67% (ep7) test= 66.67%
  S1 4000ms fold2/5: best_val= 77.78% (ep16) test= 33.33%
  S1 4000ms fold3/5: best_val= 88.89% (ep20) test= 61.11%
  S1 4000ms fold4/5: best_val= 61.11% (ep3) test= 44.44%
  S1 4000ms fold5/5: best_val= 77.78% (ep8) test= 66.67%
S 1: 800ms= 38.89%  1500ms= 54.44%  3000ms= 55.56%  4000ms= 54.44%   (54s)
  S2 800ms fold1/5: best_val= 56.25% (ep1) test= 50.00%
  S2 800ms fold2/5: best_val= 56.25% (ep10) test= 50.00%
  S2 800ms fold3/5: best_val= 68.75% (ep10) test= 56.25%
  S2 800ms fold4/5: best_val= 56.25% (ep3) test= 62.50%
  S2 800ms fold5/5: best_val= 81.25% (ep8) test= 68.75%
  S2 1500ms fold1/5: best_val= 68.75% (ep7) test= 50.00%
  S2 1500ms fold2/5: best_val= 62.50% (ep6) test= 56.25%
  S2 1500ms fold3/5: best_val= 87.50% (ep6) test= 43.75%
  S2 1500ms fold4/5: best_val= 56.25% (ep6) test= 43.75%
  S2 1500ms fold5/5: best_val= 62.50% (ep6) test= 50.00%
  S2 3000ms fold1/5: best_val= 75.00% (ep18) test= 62.50%
  S2 3000ms fold2/5: best_val= 68.75% (ep5) test= 43.75%
  S2 3000ms fold3/5: best_val= 68.75% (ep15) test= 25.00%
  S2 3000ms fold4/5: best_val= 75.00% (ep15) test= 43.75%
  S2 3000ms fold5/5: best_val= 62.50% (ep15) test= 43.75%
  S2 4000ms fold1/5: best_val= 62.50% (ep6) test= 50.00%
  S2 4000ms fold2/5: best_val= 62.50% (ep5) test= 50.00%
  S2 4000ms fold3/5: best_val= 68.75% (ep6) test= 62.50%
  S2 4000ms fold4/5: best_val= 50.00% (ep1) test= 50.00%
  S2 4000ms fold5/5: best_val= 75.00% (ep19) test= 50.00%
S 2: 800ms= 57.50%  1500ms= 48.75%  3000ms= 43.75%  4000ms= 52.50%   (42s)
  S3 800ms fold1/5: best_val= 93.75% (ep7) test= 62.50%
  S3 800ms fold2/5: best_val= 81.25% (ep17) test= 50.00%
  S3 800ms fold3/5: best_val= 62.50% (ep14) test= 87.50%
  S3 800ms fold4/5: best_val= 68.75% (ep4) test= 50.00%
  S3 800ms fold5/5: best_val= 68.75% (ep11) test= 68.75%
  S3 1500ms fold1/5: best_val= 93.75% (ep41) test= 62.50%
  S3 1500ms fold2/5: best_val= 75.00% (ep7) test= 75.00%
  S3 1500ms fold3/5: best_val= 62.50% (ep8) test= 68.75%
  S3 1500ms fold4/5: best_val= 75.00% (ep8) test= 93.75%
  S3 1500ms fold5/5: best_val= 56.25% (ep4) test= 56.25%
  S3 3000ms fold1/5: best_val= 87.50% (ep14) test= 68.75%
  S3 3000ms fold2/5: best_val= 75.00% (ep14) test= 62.50%
  S3 3000ms fold3/5: best_val= 68.75% (ep38) test= 62.50%
  S3 3000ms fold4/5: best_val= 62.50% (ep4) test= 43.75%
  S3 3000ms fold5/5: best_val= 81.25% (ep12) test= 62.50%
  S3 4000ms fold1/5: best_val= 75.00% (ep18) test= 56.25%
  S3 4000ms fold2/5: best_val= 68.75% (ep9) test= 62.50%
  S3 4000ms fold3/5: best_val= 56.25% (ep1) test= 43.75%
  S3 4000ms fold4/5: best_val= 75.00% (ep14) test= 50.00%
  S3 4000ms fold5/5: best_val= 75.00% (ep17) test= 68.75%
S 3: 800ms= 63.75%  1500ms= 71.25%  3000ms= 60.00%  4000ms= 56.25%   (42s)
  S4 800ms fold1/5: best_val= 56.25% (ep20) test= 68.75%
  S4 800ms fold2/5: best_val= 81.25% (ep9) test= 43.75%
  S4 800ms fold3/5: best_val= 81.25% (ep7) test= 62.50%
  S4 800ms fold4/5: best_val= 87.50% (ep4) test= 56.25%
  S4 800ms fold5/5: best_val= 68.75% (ep26) test= 75.00%
  S4 1500ms fold1/5: best_val= 68.75% (ep19) test= 62.50%
  S4 1500ms fold2/5: best_val= 62.50% (ep18) test= 68.75%
  S4 1500ms fold3/5: best_val= 87.50% (ep17) test= 37.50%
  S4 1500ms fold4/5: best_val= 75.00% (ep14) test= 68.75%
  S4 1500ms fold5/5: best_val= 62.50% (ep11) test= 37.50%
  S4 3000ms fold1/5: best_val= 75.00% (ep16) test= 68.75%
  S4 3000ms fold2/5: best_val= 81.25% (ep20) test= 87.50%
  S4 3000ms fold3/5: best_val= 75.00% (ep13) test= 56.25%
  S4 3000ms fold4/5: best_val= 62.50% (ep8) test= 75.00%
  S4 3000ms fold5/5: best_val= 56.25% (ep13) test= 43.75%
  S4 4000ms fold1/5: best_val= 68.75% (ep16) test= 68.75%
  S4 4000ms fold2/5: best_val= 81.25% (ep16) test= 62.50%
  S4 4000ms fold3/5: best_val= 87.50% (ep10) test= 56.25%
  S4 4000ms fold4/5: best_val= 68.75% (ep28) test= 81.25%
  S4 4000ms fold5/5: best_val= 62.50% (ep16) test= 56.25%
S 4: 800ms= 61.25%  1500ms= 55.00%  3000ms= 66.25%  4000ms= 65.00%   (42s)
  S5 800ms fold1/5: best_val= 62.50% (ep15) test= 43.75%
  S5 800ms fold2/5: best_val= 68.75% (ep15) test= 50.00%
  S5 800ms fold3/5: best_val= 68.75% (ep1) test= 56.25%
  S5 800ms fold4/5: best_val= 62.50% (ep10) test= 56.25%
  S5 800ms fold5/5: best_val= 50.00% (ep1) test= 50.00%
  S5 1500ms fold1/5: best_val= 62.50% (ep22) test= 43.75%
  S5 1500ms fold2/5: best_val= 68.75% (ep9) test= 43.75%
  S5 1500ms fold3/5: best_val= 56.25% (ep4) test= 50.00%
  S5 1500ms fold4/5: best_val= 81.25% (ep9) test= 37.50%
  S5 1500ms fold5/5: best_val= 50.00% (ep1) test= 50.00%
  S5 3000ms fold1/5: best_val= 56.25% (ep12) test= 50.00%
  S5 3000ms fold2/5: best_val= 62.50% (ep6) test= 56.25%
  S5 3000ms fold3/5: best_val= 56.25% (ep8) test= 50.00%
  S5 3000ms fold4/5: best_val= 87.50% (ep9) test= 37.50%
  S5 3000ms fold5/5: best_val= 56.25% (ep14) test= 62.50%
  S5 4000ms fold1/5: best_val= 68.75% (ep6) test= 37.50%
  S5 4000ms fold2/5: best_val= 81.25% (ep20) test= 37.50%
  S5 4000ms fold3/5: best_val= 62.50% (ep14) test= 37.50%
  S5 4000ms fold4/5: best_val= 75.00% (ep44) test= 50.00%
  S5 4000ms fold5/5: best_val= 50.00% (ep1) test= 50.00%
S 5: 800ms= 51.25%  1500ms= 45.00%  3000ms= 51.25%  4000ms= 42.50%   (50s)
  S6 800ms fold1/5: best_val= 56.25% (ep9) test= 56.25%
  S6 800ms fold2/5: best_val= 68.75% (ep18) test= 37.50%
  S6 800ms fold3/5: best_val= 62.50% (ep5) test= 56.25%
  S6 800ms fold4/5: best_val= 62.50% (ep7) test= 37.50%
  S6 800ms fold5/5: best_val= 68.75% (ep20) test= 68.75%
  S6 1500ms fold1/5: best_val= 75.00% (ep1) test= 50.00%
  S6 1500ms fold2/5: best_val= 68.75% (ep4) test= 50.00%
  S6 1500ms fold3/5: best_val= 62.50% (ep3) test= 62.50%
  S6 1500ms fold4/5: best_val= 56.25% (ep6) test= 50.00%
  S6 1500ms fold5/5: best_val= 50.00% (ep1) test= 50.00%
  S6 3000ms fold1/5: best_val= 50.00% (ep1) test= 50.00%
  S6 3000ms fold2/5: best_val= 62.50% (ep26) test= 62.50%
  S6 3000ms fold3/5: best_val= 68.75% (ep15) test= 75.00%
  S6 3000ms fold4/5: best_val= 56.25% (ep11) test= 56.25%
  S6 3000ms fold5/5: best_val= 50.00% (ep2) test= 50.00%
  S6 4000ms fold1/5: best_val= 56.25% (ep8) test= 43.75%
  S6 4000ms fold2/5: best_val= 56.25% (ep9) test= 68.75%
  S6 4000ms fold3/5: best_val= 75.00% (ep6) test= 62.50%
  S6 4000ms fold4/5: best_val= 50.00% (ep1) test= 50.00%
  S6 4000ms fold5/5: best_val= 62.50% (ep4) test= 68.75%
S 6: 800ms= 51.25%  1500ms= 52.50%  3000ms= 58.75%  4000ms= 58.75%   (42s)
  S7 800ms fold1/5: best_val= 75.00% (ep7) test= 56.25%
  S7 800ms fold2/5: best_val= 93.75% (ep15) test= 31.25%
  S7 800ms fold3/5: best_val= 87.50% (ep14) test= 37.50%
  S7 800ms fold4/5: best_val= 75.00% (ep14) test= 75.00%
  S7 800ms fold5/5: best_val= 62.50% (ep2) test= 62.50%
  S7 1500ms fold1/5: best_val= 75.00% (ep18) test= 68.75%
  S7 1500ms fold2/5: best_val= 62.50% (ep10) test= 50.00%
  S7 1500ms fold3/5: best_val= 50.00% (ep2) test= 50.00%
  S7 1500ms fold4/5: best_val= 56.25% (ep12) test= 68.75%
  S7 1500ms fold5/5: best_val= 56.25% (ep11) test= 50.00%
  S7 3000ms fold1/5: best_val= 56.25% (ep8) test= 56.25%
  S7 3000ms fold2/5: best_val= 50.00% (ep1) test= 50.00%
  S7 3000ms fold3/5: best_val= 50.00% (ep2) test= 50.00%
  S7 3000ms fold4/5: best_val= 56.25% (ep8) test= 43.75%
  S7 3000ms fold5/5: best_val= 62.50% (ep5) test= 50.00%
  S7 4000ms fold1/5: best_val= 50.00% (ep1) test= 50.00%
  S7 4000ms fold2/5: best_val= 50.00% (ep1) test= 50.00%
  S7 4000ms fold3/5: best_val= 68.75% (ep11) test= 56.25%
  S7 4000ms fold4/5: best_val= 62.50% (ep10) test= 50.00%
  S7 4000ms fold5/5: best_val= 50.00% (ep1) test= 50.00%
S 7: 800ms= 52.50%  1500ms= 57.50%  3000ms= 50.00%  4000ms= 51.25%   (42s)
  S8 800ms fold1/5: best_val= 62.50% (ep1) test= 43.75%
  S8 800ms fold2/5: best_val= 56.25% (ep9) test= 50.00%
  S8 800ms fold3/5: best_val= 56.25% (ep8) test= 56.25%
  S8 800ms fold4/5: best_val= 62.50% (ep10) test= 37.50%
  S8 800ms fold5/5: best_val= 68.75% (ep19) test= 50.00%
  S8 1500ms fold1/5: best_val= 50.00% (ep1) test= 50.00%
  S8 1500ms fold2/5: best_val= 50.00% (ep2) test= 56.25%
  S8 1500ms fold3/5: best_val= 62.50% (ep11) test= 56.25%
  S8 1500ms fold4/5: best_val= 75.00% (ep30) test= 31.25%
  S8 1500ms fold5/5: best_val= 56.25% (ep3) test= 56.25%
  S8 3000ms fold1/5: best_val= 56.25% (ep5) test= 50.00%
  S8 3000ms fold2/5: best_val= 50.00% (ep1) test= 50.00%
  S8 3000ms fold3/5: best_val= 62.50% (ep7) test= 31.25%
  S8 3000ms fold4/5: best_val= 56.25% (ep2) test= 56.25%
  S8 3000ms fold5/5: best_val= 62.50% (ep1) test= 37.50%
  S8 4000ms fold1/5: best_val= 50.00% (ep1) test= 50.00%
  S8 4000ms fold2/5: best_val= 50.00% (ep1) test= 50.00%
  S8 4000ms fold3/5: best_val= 50.00% (ep1) test= 50.00%
  S8 4000ms fold4/5: best_val= 81.25% (ep6) test= 50.00%
  S8 4000ms fold5/5: best_val= 56.25% (ep4) test= 62.50%
S 8: 800ms= 47.50%  1500ms= 50.00%  3000ms= 45.00%  4000ms= 52.50%   (42s)
  S9 800ms fold1/5: best_val= 75.00% (ep10) test= 56.25%
  S9 800ms fold2/5: best_val= 62.50% (ep6) test= 50.00%
  S9 800ms fold3/5: best_val= 81.25% (ep9) test= 68.75%
  S9 800ms fold4/5: best_val= 56.25% (ep2) test= 50.00%
  S9 800ms fold5/5: best_val= 87.50% (ep9) test= 50.00%
  S9 1500ms fold1/5: best_val= 68.75% (ep6) test= 50.00%
  S9 1500ms fold2/5: best_val= 62.50% (ep6) test= 62.50%
  S9 1500ms fold3/5: best_val= 93.75% (ep27) test= 43.75%
  S9 1500ms fold4/5: best_val= 56.25% (ep8) test= 31.25%
  S9 1500ms fold5/5: best_val= 68.75% (ep8) test= 56.25%
  S9 3000ms fold1/5: best_val= 62.50% (ep10) test= 37.50%
  S9 3000ms fold2/5: best_val= 62.50% (ep7) test= 75.00%
  S9 3000ms fold3/5: best_val= 56.25% (ep6) test= 50.00%
  S9 3000ms fold4/5: best_val= 56.25% (ep17) test= 50.00%
  S9 3000ms fold5/5: best_val= 56.25% (ep10) test= 62.50%
  S9 4000ms fold1/5: best_val= 62.50% (ep1) test= 12.50%
  S9 4000ms fold2/5: best_val= 50.00% (ep1) test= 50.00%
  S9 4000ms fold3/5: best_val= 56.25% (ep13) test= 50.00%
  S9 4000ms fold4/5: best_val= 62.50% (ep8) test= 56.25%
  S9 4000ms fold5/5: best_val= 62.50% (ep5) test= 75.00%
S 9: 800ms= 55.00%  1500ms= 48.75%  3000ms= 55.00%  4000ms= 48.75%   (42s)
  S10 800ms fold1/5: best_val= 62.50% (ep5) test= 62.50%
  S10 800ms fold2/5: best_val= 68.75% (ep16) test= 50.00%
  S10 800ms fold3/5: best_val= 56.25% (ep2) test= 50.00%
  S10 800ms fold4/5: best_val= 56.25% (ep1) test= 62.50%
  S10 800ms fold5/5: best_val= 62.50% (ep6) test= 50.00%
  S10 1500ms fold1/5: best_val= 62.50% (ep5) test= 50.00%
  S10 1500ms fold2/5: best_val= 62.50% (ep6) test= 56.25%
  S10 1500ms fold3/5: best_val= 50.00% (ep1) test= 50.00%
  S10 1500ms fold4/5: best_val= 56.25% (ep4) test= 50.00%
  S10 1500ms fold5/5: best_val= 68.75% (ep8) test= 50.00%
  S10 3000ms fold1/5: best_val= 50.00% (ep1) test= 50.00%
  S10 3000ms fold2/5: best_val= 56.25% (ep5) test= 62.50%
  S10 3000ms fold3/5: best_val= 50.00% (ep1) test= 50.00%
  S10 3000ms fold4/5: best_val= 68.75% (ep7) test= 62.50%
  S10 3000ms fold5/5: best_val= 62.50% (ep11) test= 62.50%
  S10 4000ms fold1/5: best_val= 62.50% (ep9) test= 50.00%
  S10 4000ms fold2/5: best_val= 56.25% (ep5) test= 75.00%
  S10 4000ms fold3/5: best_val= 56.25% (ep6) test= 50.00%
  S10 4000ms fold4/5: best_val= 75.00% (ep22) test= 68.75%
  S10 4000ms fold5/5: best_val= 62.50% (ep18) test= 75.00%
S10: 800ms= 55.00%  1500ms= 51.25%  3000ms= 57.50%  4000ms= 63.75%   (42s)
  S11 800ms fold1/5: best_val= 50.00% (ep1) test= 50.00%
  S11 800ms fold2/5: best_val= 56.25% (ep18) test= 31.25%
  S11 800ms fold3/5: best_val= 87.50% (ep9) test= 56.25%
  S11 800ms fold4/5: best_val= 56.25% (ep1) test= 31.25%
  S11 800ms fold5/5: best_val= 50.00% (ep1) test= 50.00%
  S11 1500ms fold1/5: best_val= 50.00% (ep1) test= 50.00%
  S11 1500ms fold2/5: best_val= 50.00% (ep1) test= 50.00%
  S11 1500ms fold3/5: best_val= 50.00% (ep2) test= 50.00%
  S11 1500ms fold4/5: best_val= 81.25% (ep14) test= 56.25%
  S11 1500ms fold5/5: best_val= 62.50% (ep16) test= 43.75%
  S11 3000ms fold1/5: best_val= 50.00% (ep1) test= 50.00%
  S11 3000ms fold2/5: best_val= 56.25% (ep5) test= 50.00%
  S11 3000ms fold3/5: best_val= 56.25% (ep5) test= 50.00%
  S11 3000ms fold4/5: best_val= 62.50% (ep20) test= 43.75%
  S11 3000ms fold5/5: best_val= 50.00% (ep2) test= 50.00%
  S11 4000ms fold1/5: best_val= 50.00% (ep1) test= 50.00%
  S11 4000ms fold2/5: best_val= 56.25% (ep3) test= 37.50%
  S11 4000ms fold3/5: best_val= 50.00% (ep1) test= 43.75%
  S11 4000ms fold4/5: best_val= 56.25% (ep9) test= 62.50%
  S11 4000ms fold5/5: best_val= 56.25% (ep4) test= 50.00%
S11: 800ms= 43.75%  1500ms= 50.00%  3000ms= 48.75%  4000ms= 48.75%   (42s)
  S12 800ms fold1/5: best_val= 68.75% (ep9) test= 37.50%
  S12 800ms fold2/5: best_val= 56.25% (ep12) test= 62.50%
  S12 800ms fold3/5: best_val= 50.00% (ep2) test= 50.00%
  S12 800ms fold4/5: best_val= 62.50% (ep10) test= 50.00%
  S12 800ms fold5/5: best_val= 56.25% (ep3) test= 43.75%
  S12 1500ms fold1/5: best_val= 56.25% (ep9) test= 68.75%
  S12 1500ms fold2/5: best_val= 75.00% (ep10) test= 56.25%
  S12 1500ms fold3/5: best_val= 62.50% (ep9) test= 50.00%
  S12 1500ms fold4/5: best_val= 56.25% (ep13) test= 50.00%
  S12 1500ms fold5/5: best_val= 56.25% (ep3) test= 43.75%
  S12 3000ms fold1/5: best_val= 56.25% (ep7) test= 50.00%
  S12 3000ms fold2/5: best_val= 62.50% (ep10) test= 43.75%
  S12 3000ms fold3/5: best_val= 62.50% (ep4) test= 50.00%
  S12 3000ms fold4/5: best_val= 50.00% (ep1) test= 50.00%
  S12 3000ms fold5/5: best_val= 56.25% (ep3) test= 50.00%
  S12 4000ms fold1/5: best_val= 56.25% (ep6) test= 56.25%
  S12 4000ms fold2/5: best_val= 62.50% (ep5) test= 50.00%
  S12 4000ms fold3/5: best_val= 56.25% (ep10) test= 50.00%
  S12 4000ms fold4/5: best_val= 56.25% (ep8) test= 68.75%
  S12 4000ms fold5/5: best_val= 50.00% (ep1) test= 50.00%
S12: 800ms= 48.75%  1500ms= 53.75%  3000ms= 48.75%  4000ms= 55.00%   (42s)
  S13 800ms fold1/5: best_val= 68.75% (ep28) test= 56.25%
  S13 800ms fold2/5: best_val= 62.50% (ep28) test= 62.50%
  S13 800ms fold3/5: best_val= 50.00% (ep1) test= 50.00%
  S13 800ms fold4/5: best_val= 62.50% (ep12) test= 50.00%
  S13 800ms fold5/5: best_val= 56.25% (ep6) test= 43.75%
  S13 1500ms fold1/5: best_val= 56.25% (ep1) test= 37.50%
  S13 1500ms fold2/5: best_val= 56.25% (ep8) test= 50.00%
  S13 1500ms fold3/5: best_val= 62.50% (ep15) test= 43.75%
  S13 1500ms fold4/5: best_val= 81.25% (ep5) test= 56.25%
  S13 1500ms fold5/5: best_val= 62.50% (ep4) test= 37.50%
  S13 3000ms fold1/5: best_val= 62.50% (ep31) test= 62.50%
  S13 3000ms fold2/5: best_val= 68.75% (ep8) test= 56.25%
  S13 3000ms fold3/5: best_val= 56.25% (ep5) test= 62.50%
  S13 3000ms fold4/5: best_val= 62.50% (ep15) test= 68.75%
  S13 3000ms fold5/5: best_val= 81.25% (ep5) test= 43.75%
  S13 4000ms fold1/5: best_val= 56.25% (ep3) test= 31.25%
  S13 4000ms fold2/5: best_val= 62.50% (ep11) test= 56.25%
  S13 4000ms fold3/5: best_val= 50.00% (ep1) test= 50.00%
  S13 4000ms fold4/5: best_val= 56.25% (ep5) test= 56.25%
  S13 4000ms fold5/5: best_val= 68.75% (ep5) test= 43.75%
S13: 800ms= 52.50%  1500ms= 45.00%  3000ms= 58.75%  4000ms= 47.50%   (42s)
  S14 800ms fold1/5: best_val= 87.50% (ep11) test= 68.75%
  S14 800ms fold2/5: best_val= 75.00% (ep9) test= 62.50%
  S14 800ms fold3/5: best_val= 56.25% (ep8) test= 62.50%
  S14 800ms fold4/5: best_val= 68.75% (ep9) test= 56.25%
  S14 800ms fold5/5: best_val= 75.00% (ep1) test= 43.75%
  S14 1500ms fold1/5: best_val= 68.75% (ep14) test= 62.50%
  S14 1500ms fold2/5: best_val= 75.00% (ep8) test= 43.75%
  S14 1500ms fold3/5: best_val= 56.25% (ep7) test= 68.75%
  S14 1500ms fold4/5: best_val= 68.75% (ep5) test= 50.00%
  S14 1500ms fold5/5: best_val= 68.75% (ep7) test= 68.75%
  S14 3000ms fold1/5: best_val= 68.75% (ep5) test= 62.50%
  S14 3000ms fold2/5: best_val= 75.00% (ep3) test= 62.50%
  S14 3000ms fold3/5: best_val= 62.50% (ep9) test= 50.00%
  S14 3000ms fold4/5: best_val= 68.75% (ep4) test= 56.25%
  S14 3000ms fold5/5: best_val= 68.75% (ep7) test= 50.00%
  S14 4000ms fold1/5: best_val= 50.00% (ep1) test= 56.25%
  S14 4000ms fold2/5: best_val= 68.75% (ep15) test= 56.25%
  S14 4000ms fold3/5: best_val= 75.00% (ep4) test= 62.50%
  S14 4000ms fold4/5: best_val= 68.75% (ep10) test= 56.25%
  S14 4000ms fold5/5: best_val= 81.25% (ep11) test= 56.25%
S14: 800ms= 58.75%  1500ms= 58.75%  3000ms= 56.25%  4000ms= 57.50%   (42s)
  S15 800ms fold1/5: best_val= 75.00% (ep11) test= 50.00%
  S15 800ms fold2/5: best_val= 75.00% (ep7) test= 75.00%
  S15 800ms fold3/5: best_val= 50.00% (ep1) test= 25.00%
  S15 800ms fold4/5: best_val= 68.75% (ep4) test= 62.50%
  S15 800ms fold5/5: best_val= 62.50% (ep7) test= 68.75%
  S15 1500ms fold1/5: best_val= 56.25% (ep2) test= 43.75%
  S15 1500ms fold2/5: best_val= 50.00% (ep1) test= 50.00%
  S15 1500ms fold3/5: best_val= 56.25% (ep11) test= 43.75%
  S15 1500ms fold4/5: best_val= 56.25% (ep1) test= 43.75%
  S15 1500ms fold5/5: best_val= 56.25% (ep7) test= 31.25%
  S15 3000ms fold1/5: best_val= 62.50% (ep6) test= 50.00%
  S15 3000ms fold2/5: best_val= 56.25% (ep16) test= 43.75%
  S15 3000ms fold3/5: best_val= 56.25% (ep6) test= 37.50%
  S15 3000ms fold4/5: best_val= 56.25% (ep1) test= 50.00%
  S15 3000ms fold5/5: best_val= 62.50% (ep8) test= 43.75%
  S15 4000ms fold1/5: best_val= 56.25% (ep12) test= 50.00%
  S15 4000ms fold2/5: best_val= 56.25% (ep8) test= 43.75%
  S15 4000ms fold3/5: best_val= 56.25% (ep6) test= 62.50%
  S15 4000ms fold4/5: best_val= 56.25% (ep5) test= 56.25%
  S15 4000ms fold5/5: best_val= 50.00% (ep1) test= 50.00%
S15: 800ms= 56.25%  1500ms= 42.50%  3000ms= 45.00%  4000ms= 52.50%   (42s)
  S16 800ms fold1/5: best_val= 68.75% (ep5) test= 37.50%
  S16 800ms fold2/5: best_val= 56.25% (ep11) test= 68.75%
  S16 800ms fold3/5: best_val= 56.25% (ep7) test= 43.75%
  S16 800ms fold4/5: best_val= 56.25% (ep10) test= 68.75%
  S16 800ms fold5/5: best_val= 75.00% (ep4) test= 56.25%
  S16 1500ms fold1/5: best_val= 68.75% (ep6) test= 62.50%
  S16 1500ms fold2/5: best_val= 75.00% (ep8) test= 62.50%
  S16 1500ms fold3/5: best_val= 62.50% (ep5) test= 50.00%
  S16 1500ms fold4/5: best_val= 68.75% (ep7) test= 75.00%
  S16 1500ms fold5/5: best_val= 75.00% (ep30) test= 62.50%
  S16 3000ms fold1/5: best_val= 68.75% (ep9) test= 56.25%
  S16 3000ms fold2/5: best_val= 81.25% (ep8) test= 43.75%
  S16 3000ms fold3/5: best_val= 56.25% (ep7) test= 56.25%
  S16 3000ms fold4/5: best_val= 75.00% (ep31) test= 50.00%
  S16 3000ms fold5/5: best_val= 68.75% (ep11) test= 56.25%
  S16 4000ms fold1/5: best_val= 62.50% (ep4) test= 56.25%
  S16 4000ms fold2/5: best_val= 81.25% (ep6) test= 37.50%
  S16 4000ms fold3/5: best_val= 62.50% (ep15) test= 75.00%
  S16 4000ms fold4/5: best_val= 81.25% (ep36) test= 56.25%
  S16 4000ms fold5/5: best_val= 68.75% (ep8) test= 75.00%
S16: 800ms= 55.00%  1500ms= 62.50%  3000ms= 52.50%  4000ms= 60.00%   (42s)
  S17 800ms fold1/5: best_val= 50.00% (ep1) test= 50.00%
  S17 800ms fold2/5: best_val= 56.25% (ep5) test= 37.50%
  S17 800ms fold3/5: best_val= 56.25% (ep3) test= 68.75%
  S17 800ms fold4/5: best_val= 68.75% (ep3) test= 50.00%
  S17 800ms fold5/5: best_val= 50.00% (ep1) test= 50.00%
  S17 1500ms fold1/5: best_val= 56.25% (ep10) test= 56.25%
  S17 1500ms fold2/5: best_val= 50.00% (ep1) test= 50.00%
  S17 1500ms fold3/5: best_val= 62.50% (ep6) test= 50.00%
  S17 1500ms fold4/5: best_val= 75.00% (ep5) test= 43.75%
  S17 1500ms fold5/5: best_val= 62.50% (ep9) test= 37.50%
  S17 3000ms fold1/5: best_val= 62.50% (ep1) test= 56.25%
  S17 3000ms fold2/5: best_val= 68.75% (ep6) test= 50.00%
  S17 3000ms fold3/5: best_val= 62.50% (ep11) test= 62.50%
  S17 3000ms fold4/5: best_val= 68.75% (ep9) test= 62.50%
  S17 3000ms fold5/5: best_val= 68.75% (ep11) test= 31.25%
  S17 4000ms fold1/5: best_val= 62.50% (ep10) test= 43.75%
  S17 4000ms fold2/5: best_val= 75.00% (ep6) test= 56.25%
  S17 4000ms fold3/5: best_val= 62.50% (ep15) test= 62.50%
  S17 4000ms fold4/5: best_val= 68.75% (ep11) test= 50.00%
  S17 4000ms fold5/5: best_val= 75.00% (ep7) test= 37.50%
S17: 800ms= 51.25%  1500ms= 47.50%  3000ms= 52.50%  4000ms= 50.00%   (42s)
  S18 800ms fold1/5: best_val= 56.25% (ep1) test= 50.00%
  S18 800ms fold2/5: best_val= 56.25% (ep6) test= 56.25%
  S18 800ms fold3/5: best_val= 50.00% (ep4) test= 56.25%
  S18 800ms fold4/5: best_val= 62.50% (ep13) test= 68.75%
  S18 800ms fold5/5: best_val= 56.25% (ep3) test= 50.00%
  S18 1500ms fold1/5: best_val= 62.50% (ep2) test= 56.25%
  S18 1500ms fold2/5: best_val= 62.50% (ep5) test= 43.75%
  S18 1500ms fold3/5: best_val= 62.50% (ep1) test= 37.50%
  S18 1500ms fold4/5: best_val= 56.25% (ep8) test= 50.00%
  S18 1500ms fold5/5: best_val= 62.50% (ep11) test= 62.50%
  S18 3000ms fold1/5: best_val= 75.00% (ep21) test= 62.50%
  S18 3000ms fold2/5: best_val= 62.50% (ep6) test= 56.25%
  S18 3000ms fold3/5: best_val= 56.25% (ep5) test= 81.25%
  S18 3000ms fold4/5: best_val= 62.50% (ep9) test= 56.25%
  S18 3000ms fold5/5: best_val= 50.00% (ep1) test= 50.00%
  S18 4000ms fold1/5: best_val= 75.00% (ep8) test= 50.00%
  S18 4000ms fold2/5: best_val= 56.25% (ep14) test= 68.75%
  S18 4000ms fold3/5: best_val= 62.50% (ep20) test= 50.00%
  S18 4000ms fold4/5: best_val= 62.50% (ep6) test= 68.75%
  S18 4000ms fold5/5: best_val= 56.25% (ep7) test= 56.25%
S18: 800ms= 56.25%  1500ms= 50.00%  3000ms= 61.25%  4000ms= 58.75%   (42s)

ALL SUBJECTS COMPLETED — WFE/EFE  (772s)

====================================================================
SAVED WFE/EFE -> /work/11862/rmaahin/ls6/FineMI-enhancements/ConformerEEG/experiments/option_b/results/full/WFE_EFE
gpu=NVIDIA A100-PCIE-40GB | torch=2.8.0+cu128 | seed=42 | model=conformer_b | mode=full
====================================================================
window_ms   800    1500   3000   4000
subject                              
1          38.89  54.44  55.56  54.44
2          57.50  48.75  43.75  52.50
3          63.75  71.25  60.00  56.25
4          61.25  55.00  66.25  65.00
5          51.25  45.00  51.25  42.50
6          51.25  52.50  58.75  58.75
7          52.50  57.50  50.00  51.25
8          47.50  50.00  45.00  52.50
9          55.00  48.75  55.00  48.75
10         55.00  51.25  57.50  63.75
11         43.75  50.00  48.75  48.75
12         48.75  53.75  48.75  55.00
13         52.50  45.00  58.75  47.50
14         58.75  58.75  56.25  57.50
15         56.25  42.50  45.00  52.50
16         55.00  62.50  52.50  60.00
17         51.25  47.50  52.50  50.00
18         56.25  50.00  61.25  58.75

mean: {800: 53.13, 1500: 52.47, 3000: 53.71, 4000: 54.21}
sd  : {800: 6.0, 1500: 6.92, 3000: 6.2, 4000: 5.82}

Pairs saved so far in /work/11862/rmaahin/ls6/FineMI-enhancements/ConformerEEG/experiments/option_b/results/full: 28/28

Done: pairs [0, 1, 2, 3, 4, 5, 6, 7, 8, 9]
