run_pairs_range: model=conformer_b mode=full range=[10, 19) -> pairs [10, 11, 12, 13, 14, 15, 16, 17, 18]
  dataset_root=/scratch/11862/rmaahin/finemi-dataset/FineMI
  results_root=/work/11862/rmaahin/ls6/FineMI-enhancements/ConformerEEG/experiments/option_b/results/full
  config=/work/11862/rmaahin/ls6/FineMI-enhancements/ConformerEEG/experiments/option_b/config_full.json

##### pair_idx=10 (WFE_SPS) #####

Using device: cuda | gpu=NVIDIA A100-PCIE-40GB | torch=2.8.0+cu128
NOTE: determinism holds per-GPU-model. Record this GPU name.

PAIR: WFE/SPS  (classes 1 vs 5)  model=conformer_b  mode=full
Test time windows: [800, 1500, 3000, 4000] ms
Test time windows (samples): [200, 375, 750, 1000]

Found 0 subject folders
No subject folders; found 18 subject .npz files

BINARY CLASSIFICATION: Class 1 vs Class 5  (WFE/SPS)
  Class 0 (original 1): 725 trials
  Class 1 (original 5): 725 trials

Extracted time windows:
  800ms (200 samples): shape (1450, 62, 200)
  1500ms (375 samples): shape (1450, 62, 375)
  3000ms (750 samples): shape (1450, 62, 750)
  4000ms (1000 samples): shape (1450, 62, 1000)

Model configuration:
  Model: conformer_b
  Channels: 62
  Subjects: [1, 2, 3, 4, 5, 6, 7, 8, 9, 10, 11, 12, 13, 14, 15, 16, 17, 18]
  Time windows: [800, 1500, 3000, 4000] ms
  Classes: 2 (Binary: Class 1 vs Class 5)
  Folds: 5
  Batch size: 32
  Epochs per subject per time window: 50
  S1 800ms fold1/5: best_val= 55.56% (ep1) test= 44.44%
  S1 800ms fold2/5: best_val= 61.11% (ep20) test= 66.67%
  S1 800ms fold3/5: best_val= 72.22% (ep11) test= 44.44%
  S1 800ms fold4/5: best_val= 66.67% (ep13) test= 50.00%
  S1 800ms fold5/5: best_val= 72.22% (ep5) test= 66.67%
  S1 1500ms fold1/5: best_val= 77.78% (ep16) test= 44.44%
  S1 1500ms fold2/5: best_val= 77.78% (ep11) test= 50.00%
  S1 1500ms fold3/5: best_val= 88.89% (ep7) test= 55.56%
  S1 1500ms fold4/5: best_val= 77.78% (ep8) test= 38.89%
  S1 1500ms fold5/5: best_val= 61.11% (ep6) test= 50.00%
  S1 3000ms fold1/5: best_val= 77.78% (ep15) test= 61.11%
  S1 3000ms fold2/5: best_val= 77.78% (ep5) test= 55.56%
  S1 3000ms fold3/5: best_val= 77.78% (ep27) test= 66.67%
  S1 3000ms fold4/5: best_val= 72.22% (ep6) test= 72.22%
  S1 3000ms fold5/5: best_val= 77.78% (ep4) test= 44.44%
  S1 4000ms fold1/5: best_val= 77.78% (ep4) test= 61.11%
  S1 4000ms fold2/5: best_val= 77.78% (ep12) test= 61.11%
  S1 4000ms fold3/5: best_val= 83.33% (ep35) test= 83.33%
  S1 4000ms fold4/5: best_val= 72.22% (ep9) test= 50.00%
  S1 4000ms fold5/5: best_val= 77.78% (ep3) test= 55.56%
S 1: 800ms= 54.44%  1500ms= 47.78%  3000ms= 60.00%  4000ms= 62.22%   (65s)
  S2 800ms fold1/5: best_val= 68.75% (ep5) test= 25.00%
  S2 800ms fold2/5: best_val= 56.25% (ep14) test= 43.75%
  S2 800ms fold3/5: best_val= 50.00% (ep10) test= 62.50%
  S2 800ms fold4/5: best_val= 56.25% (ep5) test= 43.75%
  S2 800ms fold5/5: best_val= 56.25% (ep2) test= 75.00%
  S2 1500ms fold1/5: best_val= 75.00% (ep9) test= 56.25%
  S2 1500ms fold2/5: best_val= 56.25% (ep5) test= 50.00%
  S2 1500ms fold3/5: best_val= 68.75% (ep7) test= 56.25%
  S2 1500ms fold4/5: best_val= 62.50% (ep13) test= 50.00%
  S2 1500ms fold5/5: best_val= 56.25% (ep8) test= 50.00%
  S2 3000ms fold1/5: best_val= 81.25% (ep6) test= 50.00%
  S2 3000ms fold2/5: best_val= 56.25% (ep7) test= 50.00%
  S2 3000ms fold3/5: best_val= 62.50% (ep5) test= 50.00%
  S2 3000ms fold4/5: best_val= 68.75% (ep5) test= 37.50%
  S2 3000ms fold5/5: best_val= 62.50% (ep7) test= 56.25%
  S2 4000ms fold1/5: best_val= 81.25% (ep14) test= 56.25%
  S2 4000ms fold2/5: best_val= 56.25% (ep1) test= 43.75%
  S2 4000ms fold3/5: best_val= 68.75% (ep7) test= 50.00%
  S2 4000ms fold4/5: best_val= 62.50% (ep3) test= 31.25%
  S2 4000ms fold5/5: best_val= 56.25% (ep3) test= 50.00%
S 2: 800ms= 50.00%  1500ms= 52.50%  3000ms= 48.75%  4000ms= 46.25%   (46s)
  S3 800ms fold1/5: best_val= 81.25% (ep6) test= 50.00%
  S3 800ms fold2/5: best_val= 56.25% (ep7) test= 62.50%
  S3 800ms fold3/5: best_val= 68.75% (ep6) test= 62.50%
  S3 800ms fold4/5: best_val= 62.50% (ep19) test= 56.25%
  S3 800ms fold5/5: best_val= 56.25% (ep6) test= 56.25%
  S3 1500ms fold1/5: best_val= 62.50% (ep7) test= 56.25%
  S3 1500ms fold2/5: best_val= 81.25% (ep24) test= 81.25%
  S3 1500ms fold3/5: best_val= 81.25% (ep4) test= 68.75%
  S3 1500ms fold4/5: best_val= 81.25% (ep5) test= 75.00%
  S3 1500ms fold5/5: best_val= 68.75% (ep8) test= 68.75%
  S3 3000ms fold1/5: best_val= 75.00% (ep4) test= 50.00%
  S3 3000ms fold2/5: best_val= 81.25% (ep16) test= 81.25%
  S3 3000ms fold3/5: best_val= 87.50% (ep22) test= 87.50%
  S3 3000ms fold4/5: best_val= 68.75% (ep3) test=100.00%
  S3 3000ms fold5/5: best_val= 68.75% (ep13) test= 68.75%
  S3 4000ms fold1/5: best_val= 87.50% (ep25) test= 68.75%
  S3 4000ms fold2/5: best_val= 68.75% (ep2) test= 50.00%
  S3 4000ms fold3/5: best_val= 75.00% (ep4) test= 68.75%
  S3 4000ms fold4/5: best_val= 93.75% (ep10) test= 81.25%
  S3 4000ms fold5/5: best_val= 68.75% (ep17) test= 81.25%
S 3: 800ms= 57.50%  1500ms= 70.00%  3000ms= 77.50%  4000ms= 70.00%   (46s)
  S4 800ms fold1/5: best_val= 87.50% (ep13) test= 68.75%
  S4 800ms fold2/5: best_val= 93.75% (ep7) test= 56.25%
  S4 800ms fold3/5: best_val= 93.75% (ep9) test= 75.00%
  S4 800ms fold4/5: best_val= 87.50% (ep5) test= 81.25%
  S4 800ms fold5/5: best_val= 81.25% (ep8) test= 75.00%
  S4 1500ms fold1/5: best_val= 75.00% (ep30) test= 68.75%
  S4 1500ms fold2/5: best_val= 50.00% (ep1) test= 50.00%
  S4 1500ms fold3/5: best_val= 75.00% (ep15) test= 50.00%
  S4 1500ms fold4/5: best_val= 68.75% (ep19) test= 75.00%
  S4 1500ms fold5/5: best_val= 68.75% (ep14) test= 50.00%
  S4 3000ms fold1/5: best_val= 81.25% (ep13) test= 68.75%
  S4 3000ms fold2/5: best_val= 87.50% (ep22) test= 81.25%
  S4 3000ms fold3/5: best_val= 93.75% (ep24) test= 56.25%
  S4 3000ms fold4/5: best_val= 81.25% (ep33) test= 93.75%
  S4 3000ms fold5/5: best_val= 81.25% (ep21) test= 93.75%
  S4 4000ms fold1/5: best_val= 75.00% (ep13) test= 81.25%
  S4 4000ms fold2/5: best_val= 81.25% (ep10) test= 43.75%
  S4 4000ms fold3/5: best_val= 87.50% (ep13) test= 68.75%
  S4 4000ms fold4/5: best_val= 62.50% (ep12) test= 93.75%
  S4 4000ms fold5/5: best_val= 68.75% (ep16) test= 75.00%
S 4: 800ms= 71.25%  1500ms= 58.75%  3000ms= 78.75%  4000ms= 72.50%   (46s)
  S5 800ms fold1/5: best_val= 62.50% (ep2) test= 43.75%
  S5 800ms fold2/5: best_val= 56.25% (ep14) test= 62.50%
  S5 800ms fold3/5: best_val= 81.25% (ep22) test= 62.50%
  S5 800ms fold4/5: best_val= 62.50% (ep20) test= 43.75%
  S5 800ms fold5/5: best_val= 50.00% (ep1) test= 50.00%
  S5 1500ms fold1/5: best_val= 62.50% (ep10) test= 75.00%
  S5 1500ms fold2/5: best_val= 56.25% (ep6) test= 50.00%
  S5 1500ms fold3/5: best_val= 62.50% (ep9) test= 62.50%
  S5 1500ms fold4/5: best_val= 62.50% (ep12) test= 62.50%
  S5 1500ms fold5/5: best_val= 56.25% (ep35) test= 56.25%
  S5 3000ms fold1/5: best_val= 50.00% (ep1) test= 50.00%
  S5 3000ms fold2/5: best_val= 56.25% (ep1) test= 50.00%
  S5 3000ms fold3/5: best_val= 68.75% (ep14) test= 50.00%
  S5 3000ms fold4/5: best_val= 62.50% (ep10) test= 56.25%
  S5 3000ms fold5/5: best_val= 62.50% (ep5) test= 68.75%
  S5 4000ms fold1/5: best_val= 62.50% (ep3) test= 68.75%
  S5 4000ms fold2/5: best_val= 56.25% (ep4) test= 56.25%
  S5 4000ms fold3/5: best_val= 75.00% (ep19) test= 56.25%
  S5 4000ms fold4/5: best_val= 68.75% (ep15) test= 81.25%
  S5 4000ms fold5/5: best_val= 68.75% (ep14) test= 62.50%
S 5: 800ms= 52.50%  1500ms= 61.25%  3000ms= 55.00%  4000ms= 65.00%   (46s)
  S6 800ms fold1/5: best_val= 75.00% (ep6) test= 56.25%
  S6 800ms fold2/5: best_val= 62.50% (ep4) test= 43.75%
  S6 800ms fold3/5: best_val= 68.75% (ep9) test= 75.00%
  S6 800ms fold4/5: best_val= 62.50% (ep4) test= 43.75%
  S6 800ms fold5/5: best_val= 62.50% (ep9) test= 68.75%
  S6 1500ms fold1/5: best_val= 62.50% (ep5) test= 75.00%
  S6 1500ms fold2/5: best_val= 75.00% (ep14) test= 62.50%
  S6 1500ms fold3/5: best_val= 68.75% (ep5) test= 62.50%
  S6 1500ms fold4/5: best_val= 68.75% (ep7) test= 68.75%
  S6 1500ms fold5/5: best_val= 68.75% (ep10) test= 81.25%
  S6 3000ms fold1/5: best_val= 62.50% (ep5) test= 68.75%
  S6 3000ms fold2/5: best_val= 68.75% (ep17) test= 62.50%
  S6 3000ms fold3/5: best_val= 68.75% (ep7) test= 68.75%
  S6 3000ms fold4/5: best_val= 81.25% (ep12) test= 50.00%
  S6 3000ms fold5/5: best_val= 62.50% (ep3) test= 75.00%
  S6 4000ms fold1/5: best_val= 56.25% (ep3) test= 56.25%
  S6 4000ms fold2/5: best_val= 68.75% (ep7) test= 43.75%
  S6 4000ms fold3/5: best_val= 62.50% (ep17) test= 62.50%
  S6 4000ms fold4/5: best_val= 62.50% (ep9) test= 43.75%
  S6 4000ms fold5/5: best_val= 68.75% (ep11) test= 62.50%
S 6: 800ms= 57.50%  1500ms= 70.00%  3000ms= 65.00%  4000ms= 53.75%   (44s)
  S7 800ms fold1/5: best_val= 62.50% (ep5) test= 31.25%
  S7 800ms fold2/5: best_val= 75.00% (ep37) test= 43.75%
  S7 800ms fold3/5: best_val= 50.00% (ep1) test= 50.00%
  S7 800ms fold4/5: best_val= 62.50% (ep6) test= 68.75%
  S7 800ms fold5/5: best_val= 68.75% (ep1) test= 56.25%
  S7 1500ms fold1/5: best_val= 68.75% (ep1) test= 31.25%
  S7 1500ms fold2/5: best_val= 50.00% (ep1) test= 50.00%
  S7 1500ms fold3/5: best_val= 68.75% (ep12) test= 50.00%
  S7 1500ms fold4/5: best_val= 62.50% (ep2) test= 37.50%
  S7 1500ms fold5/5: best_val= 62.50% (ep5) test= 43.75%
  S7 3000ms fold1/5: best_val= 56.25% (ep5) test= 50.00%
  S7 3000ms fold2/5: best_val= 62.50% (ep19) test= 68.75%
  S7 3000ms fold3/5: best_val= 56.25% (ep6) test= 62.50%
  S7 3000ms fold4/5: best_val= 62.50% (ep5) test= 50.00%
  S7 3000ms fold5/5: best_val= 75.00% (ep15) test= 75.00%
  S7 4000ms fold1/5: best_val= 68.75% (ep11) test= 50.00%
  S7 4000ms fold2/5: best_val= 75.00% (ep4) test= 62.50%
  S7 4000ms fold3/5: best_val= 56.25% (ep5) test= 56.25%
  S7 4000ms fold4/5: best_val= 62.50% (ep46) test= 56.25%
  S7 4000ms fold5/5: best_val= 50.00% (ep2) test= 50.00%
S 7: 800ms= 50.00%  1500ms= 42.50%  3000ms= 61.25%  4000ms= 55.00%   (47s)
  S8 800ms fold1/5: best_val= 62.50% (ep11) test= 43.75%
  S8 800ms fold2/5: best_val= 50.00% (ep1) test= 50.00%
  S8 800ms fold3/5: best_val= 62.50% (ep7) test= 43.75%
  S8 800ms fold4/5: best_val= 50.00% (ep1) test= 50.00%
  S8 800ms fold5/5: best_val= 62.50% (ep2) test= 43.75%
  S8 1500ms fold1/5: best_val= 62.50% (ep2) test= 43.75%
  S8 1500ms fold2/5: best_val= 50.00% (ep1) test= 43.75%
  S8 1500ms fold3/5: best_val= 50.00% (ep1) test= 50.00%
  S8 1500ms fold4/5: best_val= 56.25% (ep17) test= 37.50%
  S8 1500ms fold5/5: best_val= 50.00% (ep1) test= 50.00%
  S8 3000ms fold1/5: best_val= 68.75% (ep13) test= 50.00%
  S8 3000ms fold2/5: best_val= 50.00% (ep2) test= 50.00%
  S8 3000ms fold3/5: best_val= 50.00% (ep1) test= 50.00%
  S8 3000ms fold4/5: best_val= 81.25% (ep34) test= 43.75%
  S8 3000ms fold5/5: best_val= 50.00% (ep1) test= 50.00%
  S8 4000ms fold1/5: best_val= 68.75% (ep10) test= 56.25%
  S8 4000ms fold2/5: best_val= 56.25% (ep6) test= 56.25%
  S8 4000ms fold3/5: best_val= 50.00% (ep1) test= 50.00%
  S8 4000ms fold4/5: best_val= 81.25% (ep7) test= 50.00%
  S8 4000ms fold5/5: best_val= 50.00% (ep2) test= 50.00%
S 8: 800ms= 46.25%  1500ms= 45.00%  3000ms= 48.75%  4000ms= 52.50%   (46s)
  S9 800ms fold1/5: best_val= 62.50% (ep3) test= 50.00%
  S9 800ms fold2/5: best_val= 50.00% (ep1) test= 50.00%
  S9 800ms fold3/5: best_val= 50.00% (ep1) test= 50.00%
  S9 800ms fold4/5: best_val= 68.75% (ep11) test= 56.25%
  S9 800ms fold5/5: best_val= 75.00% (ep7) test= 56.25%
  S9 1500ms fold1/5: best_val= 75.00% (ep20) test= 62.50%
  S9 1500ms fold2/5: best_val= 50.00% (ep1) test= 50.00%
  S9 1500ms fold3/5: best_val= 75.00% (ep14) test= 75.00%
  S9 1500ms fold4/5: best_val= 62.50% (ep10) test= 50.00%
  S9 1500ms fold5/5: best_val= 75.00% (ep3) test= 56.25%
  S9 3000ms fold1/5: best_val= 62.50% (ep4) test= 50.00%
  S9 3000ms fold2/5: best_val= 62.50% (ep5) test= 31.25%
  S9 3000ms fold3/5: best_val= 68.75% (ep20) test= 43.75%
  S9 3000ms fold4/5: best_val= 50.00% (ep10) test= 56.25%
  S9 3000ms fold5/5: best_val= 75.00% (ep6) test= 68.75%
  S9 4000ms fold1/5: best_val= 75.00% (ep12) test= 50.00%
  S9 4000ms fold2/5: best_val= 62.50% (ep25) test= 50.00%
  S9 4000ms fold3/5: best_val= 62.50% (ep10) test= 31.25%
  S9 4000ms fold4/5: best_val= 56.25% (ep1) test= 56.25%
  S9 4000ms fold5/5: best_val= 75.00% (ep5) test= 50.00%
S 9: 800ms= 52.50%  1500ms= 58.75%  3000ms= 50.00%  4000ms= 47.50%   (42s)
  S10 800ms fold1/5: best_val= 81.25% (ep19) test= 75.00%
  S10 800ms fold2/5: best_val= 87.50% (ep12) test= 81.25%
  S10 800ms fold3/5: best_val= 87.50% (ep8) test= 93.75%
  S10 800ms fold4/5: best_val= 87.50% (ep5) test= 75.00%
  S10 800ms fold5/5: best_val= 68.75% (ep8) test= 87.50%
  S10 1500ms fold1/5: best_val= 81.25% (ep10) test= 75.00%
  S10 1500ms fold2/5: best_val= 87.50% (ep14) test= 81.25%
  S10 1500ms fold3/5: best_val= 75.00% (ep8) test= 81.25%
  S10 1500ms fold4/5: best_val= 81.25% (ep15) test= 87.50%
  S10 1500ms fold5/5: best_val= 68.75% (ep3) test= 62.50%
  S10 3000ms fold1/5: best_val= 75.00% (ep10) test= 62.50%
  S10 3000ms fold2/5: best_val= 87.50% (ep18) test= 68.75%
  S10 3000ms fold3/5: best_val= 81.25% (ep4) test= 81.25%
  S10 3000ms fold4/5: best_val= 93.75% (ep12) test= 62.50%
  S10 3000ms fold5/5: best_val= 68.75% (ep14) test= 68.75%
  S10 4000ms fold1/5: best_val= 62.50% (ep7) test= 68.75%
  S10 4000ms fold2/5: best_val= 81.25% (ep16) test= 56.25%
  S10 4000ms fold3/5: best_val= 75.00% (ep5) test= 75.00%
  S10 4000ms fold4/5: best_val=100.00% (ep15) test= 62.50%
  S10 4000ms fold5/5: best_val= 68.75% (ep5) test= 68.75%
S10: 800ms= 82.50%  1500ms= 77.50%  3000ms= 68.75%  4000ms= 66.25%   (43s)
  S11 800ms fold1/5: best_val= 62.50% (ep9) test= 31.25%
  S11 800ms fold2/5: best_val= 50.00% (ep2) test= 50.00%
  S11 800ms fold3/5: best_val= 50.00% (ep1) test= 50.00%
  S11 800ms fold4/5: best_val= 56.25% (ep5) test= 62.50%
  S11 800ms fold5/5: best_val= 56.25% (ep17) test= 56.25%
  S11 1500ms fold1/5: best_val= 62.50% (ep21) test= 62.50%
  S11 1500ms fold2/5: best_val= 50.00% (ep1) test= 50.00%
  S11 1500ms fold3/5: best_val= 56.25% (ep7) test= 56.25%
  S11 1500ms fold4/5: best_val= 68.75% (ep16) test= 43.75%
  S11 1500ms fold5/5: best_val= 50.00% (ep1) test= 50.00%
  S11 3000ms fold1/5: best_val= 56.25% (ep9) test= 62.50%
  S11 3000ms fold2/5: best_val= 62.50% (ep15) test= 50.00%
  S11 3000ms fold3/5: best_val= 68.75% (ep4) test= 62.50%
  S11 3000ms fold4/5: best_val= 68.75% (ep9) test= 50.00%
  S11 3000ms fold5/5: best_val= 68.75% (ep16) test= 62.50%
  S11 4000ms fold1/5: best_val= 62.50% (ep9) test= 62.50%
  S11 4000ms fold2/5: best_val= 62.50% (ep13) test= 37.50%
  S11 4000ms fold3/5: best_val= 75.00% (ep14) test= 50.00%
  S11 4000ms fold4/5: best_val= 62.50% (ep21) test= 50.00%
  S11 4000ms fold5/5: best_val= 62.50% (ep7) test= 56.25%
S11: 800ms= 50.00%  1500ms= 52.50%  3000ms= 57.50%  4000ms= 51.25%   (42s)
  S12 800ms fold1/5: best_val= 62.50% (ep3) test= 37.50%
  S12 800ms fold2/5: best_val= 75.00% (ep13) test= 56.25%
  S12 800ms fold3/5: best_val= 93.75% (ep22) test= 62.50%
  S12 800ms fold4/5: best_val= 62.50% (ep10) test= 56.25%
  S12 800ms fold5/5: best_val= 62.50% (ep7) test= 81.25%
  S12 1500ms fold1/5: best_val= 68.75% (ep7) test= 68.75%
  S12 1500ms fold2/5: best_val= 68.75% (ep7) test= 87.50%
  S12 1500ms fold3/5: best_val= 56.25% (ep13) test= 37.50%
  S12 1500ms fold4/5: best_val= 68.75% (ep21) test= 62.50%
  S12 1500ms fold5/5: best_val= 62.50% (ep9) test= 75.00%
  S12 3000ms fold1/5: best_val= 68.75% (ep8) test= 81.25%
  S12 3000ms fold2/5: best_val= 75.00% (ep4) test= 81.25%
  S12 3000ms fold3/5: best_val= 75.00% (ep15) test= 50.00%
  S12 3000ms fold4/5: best_val= 75.00% (ep18) test= 87.50%
  S12 3000ms fold5/5: best_val= 87.50% (ep6) test= 87.50%
  S12 4000ms fold1/5: best_val= 68.75% (ep8) test= 68.75%
  S12 4000ms fold2/5: best_val= 68.75% (ep5) test= 75.00%
  S12 4000ms fold3/5: best_val= 62.50% (ep7) test= 56.25%
  S12 4000ms fold4/5: best_val= 75.00% (ep6) test= 75.00%
  S12 4000ms fold5/5: best_val= 81.25% (ep5) test= 81.25%
S12: 800ms= 58.75%  1500ms= 66.25%  3000ms= 77.50%  4000ms= 71.25%   (42s)
  S13 800ms fold1/5: best_val= 75.00% (ep6) test= 62.50%
  S13 800ms fold2/5: best_val= 62.50% (ep19) test= 25.00%
  S13 800ms fold3/5: best_val= 56.25% (ep11) test= 68.75%
  S13 800ms fold4/5: best_val= 68.75% (ep6) test= 56.25%
  S13 800ms fold5/5: best_val= 62.50% (ep1) test= 43.75%
  S13 1500ms fold1/5: best_val= 62.50% (ep4) test= 50.00%
  S13 1500ms fold2/5: best_val= 68.75% (ep13) test= 75.00%
  S13 1500ms fold3/5: best_val= 56.25% (ep7) test= 62.50%
  S13 1500ms fold4/5: best_val= 62.50% (ep13) test= 50.00%
  S13 1500ms fold5/5: best_val= 62.50% (ep1) test= 62.50%
  S13 3000ms fold1/5: best_val= 75.00% (ep12) test= 62.50%
  S13 3000ms fold2/5: best_val= 75.00% (ep6) test= 56.25%
  S13 3000ms fold3/5: best_val= 75.00% (ep33) test= 68.75%
  S13 3000ms fold4/5: best_val= 75.00% (ep5) test= 62.50%
  S13 3000ms fold5/5: best_val= 81.25% (ep6) test= 62.50%
  S13 4000ms fold1/5: best_val= 68.75% (ep18) test= 75.00%
  S13 4000ms fold2/5: best_val= 75.00% (ep18) test= 68.75%
  S13 4000ms fold3/5: best_val= 87.50% (ep27) test= 62.50%
  S13 4000ms fold4/5: best_val= 75.00% (ep30) test= 68.75%
  S13 4000ms fold5/5: best_val= 81.25% (ep13) test= 50.00%
S13: 800ms= 51.25%  1500ms= 60.00%  3000ms= 62.50%  4000ms= 65.00%   (42s)
  S14 800ms fold1/5: best_val= 56.25% (ep3) test= 37.50%
  S14 800ms fold2/5: best_val= 75.00% (ep3) test= 50.00%
  S14 800ms fold3/5: best_val= 56.25% (ep2) test= 50.00%
  S14 800ms fold4/5: best_val= 68.75% (ep4) test= 62.50%
  S14 800ms fold5/5: best_val= 81.25% (ep23) test= 43.75%
  S14 1500ms fold1/5: best_val= 56.25% (ep17) test= 68.75%
  S14 1500ms fold2/5: best_val= 81.25% (ep16) test= 56.25%
  S14 1500ms fold3/5: best_val= 62.50% (ep5) test= 56.25%
  S14 1500ms fold4/5: best_val= 81.25% (ep26) test= 43.75%
  S14 1500ms fold5/5: best_val= 56.25% (ep4) test= 50.00%
  S14 3000ms fold1/5: best_val= 50.00% (ep2) test= 50.00%
  S14 3000ms fold2/5: best_val= 68.75% (ep17) test= 37.50%
  S14 3000ms fold3/5: best_val= 62.50% (ep12) test= 50.00%
  S14 3000ms fold4/5: best_val= 68.75% (ep3) test= 62.50%
  S14 3000ms fold5/5: best_val= 56.25% (ep4) test= 50.00%
  S14 4000ms fold1/5: best_val= 50.00% (ep1) test= 50.00%
  S14 4000ms fold2/5: best_val= 75.00% (ep15) test= 50.00%
  S14 4000ms fold3/5: best_val= 75.00% (ep28) test= 50.00%
  S14 4000ms fold4/5: best_val= 68.75% (ep2) test= 68.75%
  S14 4000ms fold5/5: best_val= 62.50% (ep10) test= 43.75%
S14: 800ms= 48.75%  1500ms= 55.00%  3000ms= 50.00%  4000ms= 52.50%   (42s)
  S15 800ms fold1/5: best_val= 68.75% (ep6) test= 43.75%
  S15 800ms fold2/5: best_val= 56.25% (ep7) test= 68.75%
  S15 800ms fold3/5: best_val= 68.75% (ep8) test= 50.00%
  S15 800ms fold4/5: best_val= 68.75% (ep6) test= 37.50%
  S15 800ms fold5/5: best_val= 62.50% (ep8) test= 43.75%
  S15 1500ms fold1/5: best_val= 68.75% (ep4) test= 56.25%
  S15 1500ms fold2/5: best_val= 50.00% (ep1) test= 50.00%
  S15 1500ms fold3/5: best_val= 62.50% (ep2) test= 56.25%
  S15 1500ms fold4/5: best_val= 62.50% (ep1) test= 50.00%
  S15 1500ms fold5/5: best_val= 68.75% (ep5) test= 37.50%
  S15 3000ms fold1/5: best_val= 56.25% (ep1) test= 50.00%
  S15 3000ms fold2/5: best_val= 56.25% (ep9) test= 56.25%
  S15 3000ms fold3/5: best_val= 81.25% (ep13) test= 62.50%
  S15 3000ms fold4/5: best_val= 50.00% (ep1) test= 50.00%
  S15 3000ms fold5/5: best_val= 62.50% (ep5) test= 50.00%
  S15 4000ms fold1/5: best_val= 56.25% (ep9) test= 62.50%
  S15 4000ms fold2/5: best_val= 62.50% (ep9) test= 50.00%
  S15 4000ms fold3/5: best_val= 68.75% (ep11) test= 37.50%
  S15 4000ms fold4/5: best_val= 62.50% (ep11) test= 37.50%
  S15 4000ms fold5/5: best_val= 68.75% (ep13) test= 31.25%
S15: 800ms= 48.75%  1500ms= 50.00%  3000ms= 53.75%  4000ms= 43.75%   (44s)
  S16 800ms fold1/5: best_val= 68.75% (ep2) test= 37.50%
  S16 800ms fold2/5: best_val= 56.25% (ep4) test= 81.25%
  S16 800ms fold3/5: best_val= 75.00% (ep5) test= 56.25%
  S16 800ms fold4/5: best_val= 62.50% (ep7) test= 68.75%
  S16 800ms fold5/5: best_val= 56.25% (ep6) test= 68.75%
  S16 1500ms fold1/5: best_val= 50.00% (ep1) test= 43.75%
  S16 1500ms fold2/5: best_val= 68.75% (ep24) test= 68.75%
  S16 1500ms fold3/5: best_val= 68.75% (ep10) test= 62.50%
  S16 1500ms fold4/5: best_val= 56.25% (ep7) test= 68.75%
  S16 1500ms fold5/5: best_val= 75.00% (ep2) test= 62.50%
  S16 3000ms fold1/5: best_val= 62.50% (ep6) test= 75.00%
  S16 3000ms fold2/5: best_val= 75.00% (ep32) test= 56.25%
  S16 3000ms fold3/5: best_val= 56.25% (ep1) test= 50.00%
  S16 3000ms fold4/5: best_val= 75.00% (ep2) test= 50.00%
  S16 3000ms fold5/5: best_val= 75.00% (ep4) test= 56.25%
  S16 4000ms fold1/5: best_val= 75.00% (ep13) test= 50.00%
  S16 4000ms fold2/5: best_val= 68.75% (ep6) test= 68.75%
  S16 4000ms fold3/5: best_val= 62.50% (ep10) test= 68.75%
  S16 4000ms fold4/5: best_val= 81.25% (ep15) test= 50.00%
  S16 4000ms fold5/5: best_val= 68.75% (ep8) test= 50.00%
S16: 800ms= 62.50%  1500ms= 61.25%  3000ms= 57.50%  4000ms= 57.50%   (46s)
  S17 800ms fold1/5: best_val= 56.25% (ep2) test= 62.50%
  S17 800ms fold2/5: best_val= 62.50% (ep5) test= 43.75%
  S17 800ms fold3/5: best_val= 62.50% (ep7) test= 50.00%
  S17 800ms fold4/5: best_val= 62.50% (ep5) test= 50.00%
  S17 800ms fold5/5: best_val= 68.75% (ep16) test= 43.75%
  S17 1500ms fold1/5: best_val= 68.75% (ep4) test= 68.75%
  S17 1500ms fold2/5: best_val= 81.25% (ep10) test= 50.00%
  S17 1500ms fold3/5: best_val= 68.75% (ep17) test= 62.50%
  S17 1500ms fold4/5: best_val= 75.00% (ep5) test= 43.75%
  S17 1500ms fold5/5: best_val= 62.50% (ep10) test= 75.00%
  S17 3000ms fold1/5: best_val= 68.75% (ep6) test= 81.25%
  S17 3000ms fold2/5: best_val= 81.25% (ep10) test= 75.00%
  S17 3000ms fold3/5: best_val= 93.75% (ep19) test= 50.00%
  S17 3000ms fold4/5: best_val= 87.50% (ep11) test= 56.25%
  S17 3000ms fold5/5: best_val= 50.00% (ep1) test= 50.00%
  S17 4000ms fold1/5: best_val= 68.75% (ep8) test= 75.00%
  S17 4000ms fold2/5: best_val= 81.25% (ep11) test= 62.50%
  S17 4000ms fold3/5: best_val= 81.25% (ep37) test= 50.00%
  S17 4000ms fold4/5: best_val= 75.00% (ep12) test= 68.75%
  S17 4000ms fold5/5: best_val= 81.25% (ep9) test= 56.25%
S17: 800ms= 50.00%  1500ms= 60.00%  3000ms= 62.50%  4000ms= 62.50%   (46s)
  S18 800ms fold1/5: best_val= 50.00% (ep2) test= 50.00%
  S18 800ms fold2/5: best_val= 75.00% (ep6) test= 62.50%
  S18 800ms fold3/5: best_val= 62.50% (ep9) test= 50.00%
  S18 800ms fold4/5: best_val= 62.50% (ep11) test= 43.75%
  S18 800ms fold5/5: best_val= 56.25% (ep3) test= 43.75%
  S18 1500ms fold1/5: best_val= 75.00% (ep8) test= 62.50%
  S18 1500ms fold2/5: best_val= 50.00% (ep1) test= 50.00%
  S18 1500ms fold3/5: best_val= 62.50% (ep8) test= 37.50%
  S18 1500ms fold4/5: best_val= 68.75% (ep8) test= 43.75%
  S18 1500ms fold5/5: best_val= 56.25% (ep6) test= 43.75%
  S18 3000ms fold1/5: best_val= 68.75% (ep16) test= 50.00%
  S18 3000ms fold2/5: best_val= 62.50% (ep7) test= 56.25%
  S18 3000ms fold3/5: best_val= 62.50% (ep19) test= 50.00%
  S18 3000ms fold4/5: best_val= 81.25% (ep8) test= 50.00%
  S18 3000ms fold5/5: best_val= 87.50% (ep25) test= 56.25%
  S18 4000ms fold1/5: best_val= 56.25% (ep7) test= 56.25%
  S18 4000ms fold2/5: best_val= 87.50% (ep19) test= 75.00%
  S18 4000ms fold3/5: best_val= 75.00% (ep18) test= 62.50%
  S18 4000ms fold4/5: best_val= 87.50% (ep6) test= 50.00%
  S18 4000ms fold5/5: best_val= 81.25% (ep11) test= 81.25%
S18: 800ms= 50.00%  1500ms= 47.50%  3000ms= 52.50%  4000ms= 65.00%   (45s)

ALL SUBJECTS COMPLETED — WFE/SPS  (822s)

====================================================================
SAVED WFE/SPS -> /work/11862/rmaahin/ls6/FineMI-enhancements/ConformerEEG/experiments/option_b/results/full/WFE_SPS
gpu=NVIDIA A100-PCIE-40GB | torch=2.8.0+cu128 | seed=42 | model=conformer_b | mode=full
====================================================================
window_ms   800    1500   3000   4000
subject                              
1          54.44  47.78  60.00  62.22
2          50.00  52.50  48.75  46.25
3          57.50  70.00  77.50  70.00
4          71.25  58.75  78.75  72.50
5          52.50  61.25  55.00  65.00
6          57.50  70.00  65.00  53.75
7          50.00  42.50  61.25  55.00
8          46.25  45.00  48.75  52.50
9          52.50  58.75  50.00  47.50
10         82.50  77.50  68.75  66.25
11         50.00  52.50  57.50  51.25
12         58.75  66.25  77.50  71.25
13         51.25  60.00  62.50  65.00
14         48.75  55.00  50.00  52.50
15         48.75  50.00  53.75  43.75
16         62.50  61.25  57.50  57.50
17         50.00  60.00  62.50  62.50
18         50.00  47.50  52.50  65.00

mean: {800: 55.25, 1500: 57.58, 3000: 60.42, 4000: 58.87}
sd  : {800: 9.1, 1500: 9.46, 3000: 9.89, 4000: 8.92}

Pairs saved so far in /work/11862/rmaahin/ls6/FineMI-enhancements/ConformerEEG/experiments/option_b/results/full: 2/28

##### pair_idx=11 (WFE_SAA) #####

Using device: cuda | gpu=NVIDIA A100-PCIE-40GB | torch=2.8.0+cu128
NOTE: determinism holds per-GPU-model. Record this GPU name.

PAIR: WFE/SAA  (classes 1 vs 6)  model=conformer_b  mode=full
Test time windows: [800, 1500, 3000, 4000] ms
Test time windows (samples): [200, 375, 750, 1000]

BINARY CLASSIFICATION: Class 1 vs Class 6  (WFE/SAA)
  Class 0 (original 1): 725 trials
  Class 1 (original 6): 725 trials

Extracted time windows:
  800ms (200 samples): shape (1450, 62, 200)
  1500ms (375 samples): shape (1450, 62, 375)
  3000ms (750 samples): shape (1450, 62, 750)
  4000ms (1000 samples): shape (1450, 62, 1000)

Model configuration:
  Model: conformer_b
  Channels: 62
  Subjects: [1, 2, 3, 4, 5, 6, 7, 8, 9, 10, 11, 12, 13, 14, 15, 16, 17, 18]
  Time windows: [800, 1500, 3000, 4000] ms
  Classes: 2 (Binary: Class 1 vs Class 6)
  Folds: 5
  Batch size: 32
  Epochs per subject per time window: 50
  S1 800ms fold1/5: best_val= 72.22% (ep7) test= 44.44%
  S1 800ms fold2/5: best_val= 55.56% (ep5) test= 55.56%
  S1 800ms fold3/5: best_val= 66.67% (ep18) test= 55.56%
  S1 800ms fold4/5: best_val= 55.56% (ep4) test= 61.11%
  S1 800ms fold5/5: best_val= 55.56% (ep15) test= 55.56%
  S1 1500ms fold1/5: best_val= 61.11% (ep11) test= 66.67%
  S1 1500ms fold2/5: best_val= 61.11% (ep6) test= 61.11%
  S1 1500ms fold3/5: best_val= 77.78% (ep16) test= 38.89%
  S1 1500ms fold4/5: best_val= 61.11% (ep16) test= 55.56%
  S1 1500ms fold5/5: best_val= 55.56% (ep1) test= 50.00%
  S1 3000ms fold1/5: best_val= 72.22% (ep8) test= 66.67%
  S1 3000ms fold2/5: best_val= 72.22% (ep25) test= 44.44%
  S1 3000ms fold3/5: best_val= 72.22% (ep12) test= 61.11%
  S1 3000ms fold4/5: best_val= 72.22% (ep7) test= 72.22%
  S1 3000ms fold5/5: best_val= 72.22% (ep7) test= 66.67%
  S1 4000ms fold1/5: best_val= 66.67% (ep3) test= 77.78%
  S1 4000ms fold2/5: best_val= 72.22% (ep8) test= 38.89%
  S1 4000ms fold3/5: best_val= 77.78% (ep5) test= 44.44%
  S1 4000ms fold4/5: best_val= 66.67% (ep42) test= 61.11%
  S1 4000ms fold5/5: best_val= 77.78% (ep7) test= 44.44%
S 1: 800ms= 54.44%  1500ms= 54.44%  3000ms= 62.22%  4000ms= 53.33%   (54s)
  S2 800ms fold1/5: best_val= 56.25% (ep3) test= 56.25%
  S2 800ms fold2/5: best_val= 62.50% (ep1) test= 31.25%
  S2 800ms fold3/5: best_val= 62.50% (ep5) test= 50.00%
  S2 800ms fold4/5: best_val= 56.25% (ep8) test= 50.00%
  S2 800ms fold5/5: best_val= 56.25% (ep6) test= 50.00%
  S2 1500ms fold1/5: best_val= 62.50% (ep14) test= 37.50%
  S2 1500ms fold2/5: best_val= 56.25% (ep10) test= 62.50%
  S2 1500ms fold3/5: best_val= 56.25% (ep2) test= 56.25%
  S2 1500ms fold4/5: best_val= 68.75% (ep10) test= 43.75%
  S2 1500ms fold5/5: best_val= 62.50% (ep5) test= 50.00%
  S2 3000ms fold1/5: best_val= 56.25% (ep7) test= 56.25%
  S2 3000ms fold2/5: best_val= 50.00% (ep1) test= 50.00%
  S2 3000ms fold3/5: best_val= 50.00% (ep1) test= 50.00%
  S2 3000ms fold4/5: best_val= 75.00% (ep6) test= 50.00%
  S2 3000ms fold5/5: best_val= 62.50% (ep1) test= 37.50%
  S2 4000ms fold1/5: best_val= 75.00% (ep24) test= 56.25%
  S2 4000ms fold2/5: best_val= 68.75% (ep16) test= 56.25%
  S2 4000ms fold3/5: best_val= 50.00% (ep1) test= 50.00%
  S2 4000ms fold4/5: best_val= 62.50% (ep7) test= 68.75%
  S2 4000ms fold5/5: best_val= 62.50% (ep6) test= 37.50%
S 2: 800ms= 47.50%  1500ms= 50.00%  3000ms= 48.75%  4000ms= 53.75%   (42s)
  S3 800ms fold1/5: best_val= 50.00% (ep3) test= 50.00%
  S3 800ms fold2/5: best_val= 62.50% (ep8) test= 75.00%
  S3 800ms fold3/5: best_val= 68.75% (ep20) test= 75.00%
  S3 800ms fold4/5: best_val= 62.50% (ep7) test= 62.50%
  S3 800ms fold5/5: best_val= 62.50% (ep7) test= 62.50%
  S3 1500ms fold1/5: best_val= 75.00% (ep2) test= 50.00%
  S3 1500ms fold2/5: best_val= 62.50% (ep7) test= 56.25%
  S3 1500ms fold3/5: best_val= 81.25% (ep5) test= 68.75%
  S3 1500ms fold4/5: best_val= 75.00% (ep2) test= 68.75%
  S3 1500ms fold5/5: best_val= 62.50% (ep2) test= 68.75%
  S3 3000ms fold1/5: best_val=100.00% (ep24) test= 81.25%
  S3 3000ms fold2/5: best_val= 68.75% (ep16) test= 62.50%
  S3 3000ms fold3/5: best_val= 93.75% (ep20) test= 81.25%
  S3 3000ms fold4/5: best_val= 81.25% (ep7) test= 87.50%
  S3 3000ms fold5/5: best_val=100.00% (ep11) test= 81.25%
  S3 4000ms fold1/5: best_val= 93.75% (ep10) test= 62.50%
  S3 4000ms fold2/5: best_val= 75.00% (ep8) test= 62.50%
  S3 4000ms fold3/5: best_val= 93.75% (ep15) test= 81.25%
  S3 4000ms fold4/5: best_val= 87.50% (ep15) test= 87.50%
  S3 4000ms fold5/5: best_val= 93.75% (ep12) test= 87.50%
S 3: 800ms= 65.00%  1500ms= 62.50%  3000ms= 78.75%  4000ms= 76.25%   (43s)
  S4 800ms fold1/5: best_val= 75.00% (ep9) test= 75.00%
  S4 800ms fold2/5: best_val= 68.75% (ep7) test= 56.25%
  S4 800ms fold3/5: best_val= 68.75% (ep7) test= 62.50%
  S4 800ms fold4/5: best_val= 68.75% (ep20) test= 68.75%
  S4 800ms fold5/5: best_val= 68.75% (ep13) test= 25.00%
  S4 1500ms fold1/5: best_val= 68.75% (ep11) test= 87.50%
  S4 1500ms fold2/5: best_val= 68.75% (ep18) test= 75.00%
  S4 1500ms fold3/5: best_val= 68.75% (ep10) test= 56.25%
  S4 1500ms fold4/5: best_val= 68.75% (ep11) test= 62.50%
  S4 1500ms fold5/5: best_val= 62.50% (ep26) test= 56.25%
  S4 3000ms fold1/5: best_val= 81.25% (ep12) test= 81.25%
  S4 3000ms fold2/5: best_val= 81.25% (ep12) test= 56.25%
  S4 3000ms fold3/5: best_val= 87.50% (ep16) test= 93.75%
  S4 3000ms fold4/5: best_val= 75.00% (ep12) test= 68.75%
  S4 3000ms fold5/5: best_val= 75.00% (ep25) test= 68.75%
  S4 4000ms fold1/5: best_val= 87.50% (ep16) test= 93.75%
  S4 4000ms fold2/5: best_val= 93.75% (ep7) test= 56.25%
  S4 4000ms fold3/5: best_val= 87.50% (ep10) test= 87.50%
  S4 4000ms fold4/5: best_val= 62.50% (ep8) test= 62.50%
  S4 4000ms fold5/5: best_val= 87.50% (ep15) test= 62.50%
S 4: 800ms= 57.50%  1500ms= 67.50%  3000ms= 73.75%  4000ms= 72.50%   (43s)
  S5 800ms fold1/5: best_val= 75.00% (ep13) test= 75.00%
  S5 800ms fold2/5: best_val= 68.75% (ep8) test= 50.00%
  S5 800ms fold3/5: best_val= 68.75% (ep6) test= 62.50%
  S5 800ms fold4/5: best_val= 75.00% (ep8) test= 50.00%
  S5 800ms fold5/5: best_val= 62.50% (ep22) test= 50.00%
  S5 1500ms fold1/5: best_val= 56.25% (ep10) test= 50.00%
  S5 1500ms fold2/5: best_val= 50.00% (ep1) test= 50.00%
  S5 1500ms fold3/5: best_val= 68.75% (ep1) test= 56.25%
  S5 1500ms fold4/5: best_val= 68.75% (ep31) test= 31.25%
  S5 1500ms fold5/5: best_val= 50.00% (ep1) test= 50.00%
  S5 3000ms fold1/5: best_val= 56.25% (ep7) test= 62.50%
  S5 3000ms fold2/5: best_val= 56.25% (ep5) test= 50.00%
  S5 3000ms fold3/5: best_val= 62.50% (ep8) test= 50.00%
  S5 3000ms fold4/5: best_val= 68.75% (ep14) test= 50.00%
  S5 3000ms fold5/5: best_val= 68.75% (ep17) test= 56.25%
  S5 4000ms fold1/5: best_val= 56.25% (ep9) test= 56.25%
  S5 4000ms fold2/5: best_val= 68.75% (ep25) test= 50.00%
  S5 4000ms fold3/5: best_val= 62.50% (ep3) test= 56.25%
  S5 4000ms fold4/5: best_val= 62.50% (ep8) test= 50.00%
  S5 4000ms fold5/5: best_val= 68.75% (ep15) test= 43.75%
S 5: 800ms= 57.50%  1500ms= 47.50%  3000ms= 53.75%  4000ms= 51.25%   (43s)
  S6 800ms fold1/5: best_val= 50.00% (ep1) test= 50.00%
  S6 800ms fold2/5: best_val= 62.50% (ep4) test= 43.75%
  S6 800ms fold3/5: best_val= 50.00% (ep1) test= 50.00%
  S6 800ms fold4/5: best_val= 68.75% (ep9) test= 50.00%
  S6 800ms fold5/5: best_val= 68.75% (ep13) test= 50.00%
  S6 1500ms fold1/5: best_val= 56.25% (ep5) test= 56.25%
  S6 1500ms fold2/5: best_val= 56.25% (ep9) test= 62.50%
  S6 1500ms fold3/5: best_val= 62.50% (ep50) test= 43.75%
  S6 1500ms fold4/5: best_val= 75.00% (ep9) test= 43.75%
  S6 1500ms fold5/5: best_val= 62.50% (ep6) test= 62.50%
  S6 3000ms fold1/5: best_val= 62.50% (ep16) test= 81.25%
  S6 3000ms fold2/5: best_val= 68.75% (ep7) test= 56.25%
  S6 3000ms fold3/5: best_val= 75.00% (ep4) test= 62.50%
  S6 3000ms fold4/5: best_val= 56.25% (ep5) test= 50.00%
  S6 3000ms fold5/5: best_val= 81.25% (ep7) test= 56.25%
  S6 4000ms fold1/5: best_val= 62.50% (ep14) test= 68.75%
  S6 4000ms fold2/5: best_val= 68.75% (ep9) test= 62.50%
  S6 4000ms fold3/5: best_val= 81.25% (ep8) test= 75.00%
  S6 4000ms fold4/5: best_val= 56.25% (ep13) test= 50.00%
  S6 4000ms fold5/5: best_val= 81.25% (ep5) test= 43.75%
S 6: 800ms= 48.75%  1500ms= 53.75%  3000ms= 61.25%  4000ms= 60.00%   (42s)
  S7 800ms fold1/5: best_val= 68.75% (ep17) test= 50.00%
  S7 800ms fold2/5: best_val= 56.25% (ep31) test= 62.50%
  S7 800ms fold3/5: best_val= 75.00% (ep10) test= 56.25%
  S7 800ms fold4/5: best_val= 62.50% (ep9) test= 68.75%
  S7 800ms fold5/5: best_val= 56.25% (ep4) test= 31.25%
  S7 1500ms fold1/5: best_val= 56.25% (ep17) test= 62.50%
  S7 1500ms fold2/5: best_val= 50.00% (ep1) test= 56.25%
  S7 1500ms fold3/5: best_val= 56.25% (ep28) test= 50.00%
  S7 1500ms fold4/5: best_val= 68.75% (ep4) test= 56.25%
  S7 1500ms fold5/5: best_val= 68.75% (ep12) test= 43.75%
  S7 3000ms fold1/5: best_val= 50.00% (ep1) test= 50.00%
  S7 3000ms fold2/5: best_val= 50.00% (ep1) test= 50.00%
  S7 3000ms fold3/5: best_val= 50.00% (ep2) test= 56.25%
  S7 3000ms fold4/5: best_val= 50.00% (ep1) test= 50.00%
  S7 3000ms fold5/5: best_val= 56.25% (ep9) test= 43.75%
  S7 4000ms fold1/5: best_val= 56.25% (ep4) test= 50.00%
  S7 4000ms fold2/5: best_val= 50.00% (ep1) test= 50.00%
  S7 4000ms fold3/5: best_val= 56.25% (ep10) test= 56.25%
  S7 4000ms fold4/5: best_val= 56.25% (ep11) test= 37.50%
  S7 4000ms fold5/5: best_val= 62.50% (ep12) test= 50.00%
S 7: 800ms= 53.75%  1500ms= 53.75%  3000ms= 50.00%  4000ms= 48.75%   (42s)
  S8 800ms fold1/5: best_val= 75.00% (ep3) test= 31.25%
  S8 800ms fold2/5: best_val= 56.25% (ep6) test= 50.00%
  S8 800ms fold3/5: best_val= 68.75% (ep18) test= 37.50%
  S8 800ms fold4/5: best_val= 68.75% (ep7) test= 37.50%
  S8 800ms fold5/5: best_val= 56.25% (ep7) test= 75.00%
  S8 1500ms fold1/5: best_val= 62.50% (ep5) test= 56.25%
  S8 1500ms fold2/5: best_val= 75.00% (ep9) test= 25.00%
  S8 1500ms fold3/5: best_val= 56.25% (ep8) test= 43.75%
  S8 1500ms fold4/5: best_val= 56.25% (ep1) test= 50.00%
  S8 1500ms fold5/5: best_val= 56.25% (ep5) test= 50.00%
  S8 3000ms fold1/5: best_val= 56.25% (ep14) test= 43.75%
  S8 3000ms fold2/5: best_val= 50.00% (ep1) test= 50.00%
  S8 3000ms fold3/5: best_val= 56.25% (ep1) test= 56.25%
  S8 3000ms fold4/5: best_val= 62.50% (ep18) test= 43.75%
  S8 3000ms fold5/5: best_val= 50.00% (ep1) test= 50.00%
  S8 4000ms fold1/5: best_val= 50.00% (ep1) test= 50.00%
  S8 4000ms fold2/5: best_val= 50.00% (ep1) test= 50.00%
  S8 4000ms fold3/5: best_val= 68.75% (ep11) test= 50.00%
  S8 4000ms fold4/5: best_val= 62.50% (ep1) test= 50.00%
  S8 4000ms fold5/5: best_val= 50.00% (ep1) test= 50.00%
S 8: 800ms= 46.25%  1500ms= 45.00%  3000ms= 48.75%  4000ms= 50.00%   (42s)
  S9 800ms fold1/5: best_val= 62.50% (ep8) test= 56.25%
  S9 800ms fold2/5: best_val= 75.00% (ep11) test= 62.50%
  S9 800ms fold3/5: best_val= 56.25% (ep1) test= 56.25%
  S9 800ms fold4/5: best_val= 56.25% (ep11) test= 62.50%
  S9 800ms fold5/5: best_val= 68.75% (ep11) test= 62.50%
  S9 1500ms fold1/5: best_val= 50.00% (ep7) test= 68.75%
  S9 1500ms fold2/5: best_val= 68.75% (ep7) test= 62.50%
  S9 1500ms fold3/5: best_val= 68.75% (ep6) test= 62.50%
  S9 1500ms fold4/5: best_val= 62.50% (ep4) test= 56.25%
  S9 1500ms fold5/5: best_val= 87.50% (ep13) test= 50.00%
  S9 3000ms fold1/5: best_val= 68.75% (ep8) test= 62.50%
  S9 3000ms fold2/5: best_val= 56.25% (ep2) test= 50.00%
  S9 3000ms fold3/5: best_val= 56.25% (ep8) test= 62.50%
  S9 3000ms fold4/5: best_val= 62.50% (ep3) test= 62.50%
  S9 3000ms fold5/5: best_val= 68.75% (ep11) test= 50.00%
  S9 4000ms fold1/5: best_val= 56.25% (ep1) test= 62.50%
  S9 4000ms fold2/5: best_val= 75.00% (ep11) test= 56.25%
  S9 4000ms fold3/5: best_val= 62.50% (ep6) test= 62.50%
  S9 4000ms fold4/5: best_val= 68.75% (ep3) test= 56.25%
  S9 4000ms fold5/5: best_val= 62.50% (ep1) test= 43.75%
S 9: 800ms= 60.00%  1500ms= 60.00%  3000ms= 57.50%  4000ms= 56.25%   (42s)
  S10 800ms fold1/5: best_val= 62.50% (ep4) test= 50.00%
  S10 800ms fold2/5: best_val= 75.00% (ep13) test= 62.50%
  S10 800ms fold3/5: best_val= 68.75% (ep1) test= 43.75%
  S10 800ms fold4/5: best_val= 68.75% (ep3) test= 68.75%
  S10 800ms fold5/5: best_val= 62.50% (ep7) test= 87.50%
  S10 1500ms fold1/5: best_val= 68.75% (ep6) test= 56.25%
  S10 1500ms fold2/5: best_val= 81.25% (ep10) test= 62.50%
  S10 1500ms fold3/5: best_val= 75.00% (ep11) test= 62.50%
  S10 1500ms fold4/5: best_val= 75.00% (ep14) test= 68.75%
  S10 1500ms fold5/5: best_val= 62.50% (ep16) test= 87.50%
  S10 3000ms fold1/5: best_val= 68.75% (ep8) test= 56.25%
  S10 3000ms fold2/5: best_val= 68.75% (ep7) test= 68.75%
  S10 3000ms fold3/5: best_val= 62.50% (ep9) test= 87.50%
  S10 3000ms fold4/5: best_val= 75.00% (ep4) test= 56.25%
  S10 3000ms fold5/5: best_val= 56.25% (ep13) test= 75.00%
  S10 4000ms fold1/5: best_val= 62.50% (ep7) test= 68.75%
  S10 4000ms fold2/5: best_val= 75.00% (ep8) test= 62.50%
  S10 4000ms fold3/5: best_val= 56.25% (ep7) test= 81.25%
  S10 4000ms fold4/5: best_val= 68.75% (ep5) test= 50.00%
  S10 4000ms fold5/5: best_val= 56.25% (ep4) test= 50.00%
S10: 800ms= 62.50%  1500ms= 67.50%  3000ms= 68.75%  4000ms= 62.50%   (42s)
  S11 800ms fold1/5: best_val= 50.00% (ep1) test= 50.00%
  S11 800ms fold2/5: best_val= 56.25% (ep5) test= 56.25%
  S11 800ms fold3/5: best_val= 50.00% (ep2) test= 50.00%
  S11 800ms fold4/5: best_val= 68.75% (ep14) test= 75.00%
  S11 800ms fold5/5: best_val= 50.00% (ep1) test= 50.00%
  S11 1500ms fold1/5: best_val= 50.00% (ep2) test= 56.25%
  S11 1500ms fold2/5: best_val= 56.25% (ep7) test= 50.00%
  S11 1500ms fold3/5: best_val= 56.25% (ep6) test= 68.75%
  S11 1500ms fold4/5: best_val= 62.50% (ep9) test= 68.75%
  S11 1500ms fold5/5: best_val= 56.25% (ep8) test= 50.00%
  S11 3000ms fold1/5: best_val= 75.00% (ep10) test= 75.00%
  S11 3000ms fold2/5: best_val= 56.25% (ep9) test= 50.00%
  S11 3000ms fold3/5: best_val= 62.50% (ep5) test= 56.25%
  S11 3000ms fold4/5: best_val= 75.00% (ep13) test= 43.75%
  S11 3000ms fold5/5: best_val= 56.25% (ep10) test= 50.00%
  S11 4000ms fold1/5: best_val= 81.25% (ep13) test= 75.00%
  S11 4000ms fold2/5: best_val= 62.50% (ep22) test= 56.25%
  S11 4000ms fold3/5: best_val= 50.00% (ep1) test= 43.75%
  S11 4000ms fold4/5: best_val= 75.00% (ep16) test= 50.00%
  S11 4000ms fold5/5: best_val= 56.25% (ep6) test= 43.75%
S11: 800ms= 56.25%  1500ms= 58.75%  3000ms= 55.00%  4000ms= 53.75%   (42s)
  S12 800ms fold1/5: best_val= 56.25% (ep6) test= 56.25%
  S12 800ms fold2/5: best_val= 62.50% (ep8) test= 68.75%
  S12 800ms fold3/5: best_val= 68.75% (ep8) test= 68.75%
  S12 800ms fold4/5: best_val= 75.00% (ep18) test= 75.00%
  S12 800ms fold5/5: best_val= 75.00% (ep5) test= 62.50%
  S12 1500ms fold1/5: best_val= 56.25% (ep5) test= 50.00%
  S12 1500ms fold2/5: best_val= 56.25% (ep7) test= 62.50%
  S12 1500ms fold3/5: best_val= 68.75% (ep18) test= 56.25%
  S12 1500ms fold4/5: best_val= 62.50% (ep8) test= 62.50%
  S12 1500ms fold5/5: best_val= 87.50% (ep17) test= 75.00%
  S12 3000ms fold1/5: best_val= 62.50% (ep5) test= 56.25%
  S12 3000ms fold2/5: best_val= 81.25% (ep14) test= 50.00%
  S12 3000ms fold3/5: best_val= 62.50% (ep2) test= 56.25%
  S12 3000ms fold4/5: best_val= 68.75% (ep6) test= 68.75%
  S12 3000ms fold5/5: best_val= 62.50% (ep9) test= 56.25%
  S12 4000ms fold1/5: best_val= 62.50% (ep9) test= 62.50%
  S12 4000ms fold2/5: best_val= 75.00% (ep25) test= 50.00%
  S12 4000ms fold3/5: best_val= 81.25% (ep5) test= 56.25%
  S12 4000ms fold4/5: best_val= 56.25% (ep7) test= 56.25%
  S12 4000ms fold5/5: best_val= 75.00% (ep15) test= 75.00%
S12: 800ms= 66.25%  1500ms= 61.25%  3000ms= 57.50%  4000ms= 60.00%   (42s)
  S13 800ms fold1/5: best_val= 62.50% (ep2) test= 62.50%
  S13 800ms fold2/5: best_val= 62.50% (ep7) test= 56.25%
  S13 800ms fold3/5: best_val= 56.25% (ep6) test= 50.00%
  S13 800ms fold4/5: best_val= 62.50% (ep8) test= 37.50%
  S13 800ms fold5/5: best_val= 62.50% (ep7) test= 62.50%
  S13 1500ms fold1/5: best_val= 56.25% (ep4) test= 56.25%
  S13 1500ms fold2/5: best_val= 75.00% (ep9) test= 75.00%
  S13 1500ms fold3/5: best_val= 56.25% (ep2) test= 56.25%
  S13 1500ms fold4/5: best_val= 62.50% (ep10) test= 37.50%
  S13 1500ms fold5/5: best_val= 75.00% (ep9) test= 56.25%
  S13 3000ms fold1/5: best_val= 56.25% (ep3) test= 56.25%
  S13 3000ms fold2/5: best_val= 56.25% (ep7) test= 68.75%
  S13 3000ms fold3/5: best_val= 75.00% (ep18) test= 68.75%
  S13 3000ms fold4/5: best_val= 75.00% (ep29) test= 43.75%
  S13 3000ms fold5/5: best_val= 81.25% (ep18) test= 31.25%
  S13 4000ms fold1/5: best_val= 56.25% (ep6) test= 43.75%
  S13 4000ms fold2/5: best_val= 56.25% (ep1) test= 50.00%
  S13 4000ms fold3/5: best_val= 75.00% (ep14) test= 50.00%
  S13 4000ms fold4/5: best_val= 75.00% (ep9) test= 31.25%
  S13 4000ms fold5/5: best_val= 62.50% (ep9) test= 43.75%
S13: 800ms= 53.75%  1500ms= 56.25%  3000ms= 53.75%  4000ms= 43.75%   (42s)
  S14 800ms fold1/5: best_val= 81.25% (ep17) test= 56.25%
  S14 800ms fold2/5: best_val= 75.00% (ep40) test= 75.00%
  S14 800ms fold3/5: best_val= 75.00% (ep12) test= 56.25%
  S14 800ms fold4/5: best_val= 62.50% (ep1) test= 43.75%
  S14 800ms fold5/5: best_val= 93.75% (ep15) test= 56.25%
  S14 1500ms fold1/5: best_val= 75.00% (ep14) test= 81.25%
  S14 1500ms fold2/5: best_val= 81.25% (ep8) test= 56.25%
  S14 1500ms fold3/5: best_val= 75.00% (ep5) test= 62.50%
  S14 1500ms fold4/5: best_val= 81.25% (ep8) test= 68.75%
  S14 1500ms fold5/5: best_val= 75.00% (ep9) test= 68.75%
  S14 3000ms fold1/5: best_val= 68.75% (ep13) test= 50.00%
  S14 3000ms fold2/5: best_val= 68.75% (ep6) test= 50.00%
  S14 3000ms fold3/5: best_val= 68.75% (ep4) test= 43.75%
  S14 3000ms fold4/5: best_val= 62.50% (ep28) test= 50.00%
  S14 3000ms fold5/5: best_val= 68.75% (ep7) test= 43.75%
  S14 4000ms fold1/5: best_val= 56.25% (ep15) test= 37.50%
  S14 4000ms fold2/5: best_val= 68.75% (ep24) test= 37.50%
  S14 4000ms fold3/5: best_val= 62.50% (ep4) test= 37.50%
  S14 4000ms fold4/5: best_val= 50.00% (ep1) test= 50.00%
  S14 4000ms fold5/5: best_val= 68.75% (ep2) test= 62.50%
S14: 800ms= 57.50%  1500ms= 67.50%  3000ms= 47.50%  4000ms= 45.00%   (43s)
  S15 800ms fold1/5: best_val= 81.25% (ep8) test= 31.25%
  S15 800ms fold2/5: best_val= 56.25% (ep11) test= 50.00%
  S15 800ms fold3/5: best_val= 62.50% (ep10) test= 62.50%
  S15 800ms fold4/5: best_val= 62.50% (ep2) test= 43.75%
  S15 800ms fold5/5: best_val= 62.50% (ep10) test= 56.25%
  S15 1500ms fold1/5: best_val= 62.50% (ep6) test= 25.00%
  S15 1500ms fold2/5: best_val= 62.50% (ep12) test= 43.75%
  S15 1500ms fold3/5: best_val= 50.00% (ep1) test= 50.00%
  S15 1500ms fold4/5: best_val= 68.75% (ep22) test= 37.50%
  S15 1500ms fold5/5: best_val= 62.50% (ep8) test= 56.25%
  S15 3000ms fold1/5: best_val= 56.25% (ep15) test= 50.00%
  S15 3000ms fold2/5: best_val= 56.25% (ep10) test= 50.00%
  S15 3000ms fold3/5: best_val= 68.75% (ep6) test= 62.50%
  S15 3000ms fold4/5: best_val= 62.50% (ep4) test= 50.00%
  S15 3000ms fold5/5: best_val= 68.75% (ep11) test= 50.00%
  S15 4000ms fold1/5: best_val= 87.50% (ep37) test= 68.75%
  S15 4000ms fold2/5: best_val= 75.00% (ep13) test= 68.75%
  S15 4000ms fold3/5: best_val= 68.75% (ep6) test= 62.50%
  S15 4000ms fold4/5: best_val= 50.00% (ep2) test= 50.00%
  S15 4000ms fold5/5: best_val= 62.50% (ep5) test= 43.75%
S15: 800ms= 48.75%  1500ms= 42.50%  3000ms= 52.50%  4000ms= 58.75%   (43s)
  S16 800ms fold1/5: best_val= 68.75% (ep6) test= 56.25%
  S16 800ms fold2/5: best_val= 75.00% (ep3) test= 43.75%
  S16 800ms fold3/5: best_val= 68.75% (ep2) test= 50.00%
  S16 800ms fold4/5: best_val= 68.75% (ep1) test= 87.50%
  S16 800ms fold5/5: best_val= 62.50% (ep13) test= 62.50%
  S16 1500ms fold1/5: best_val= 56.25% (ep1) test= 43.75%
  S16 1500ms fold2/5: best_val= 68.75% (ep14) test= 56.25%
  S16 1500ms fold3/5: best_val= 50.00% (ep2) test= 50.00%
  S16 1500ms fold4/5: best_val= 68.75% (ep8) test= 56.25%
  S16 1500ms fold5/5: best_val= 62.50% (ep6) test= 56.25%
  S16 3000ms fold1/5: best_val= 56.25% (ep3) test= 50.00%
  S16 3000ms fold2/5: best_val= 56.25% (ep5) test= 43.75%
  S16 3000ms fold3/5: best_val= 56.25% (ep3) test= 56.25%
  S16 3000ms fold4/5: best_val= 56.25% (ep9) test= 75.00%
  S16 3000ms fold5/5: best_val= 50.00% (ep1) test= 50.00%
  S16 4000ms fold1/5: best_val= 50.00% (ep1) test= 50.00%
  S16 4000ms fold2/5: best_val= 75.00% (ep35) test= 56.25%
  S16 4000ms fold3/5: best_val= 56.25% (ep5) test= 56.25%
  S16 4000ms fold4/5: best_val= 75.00% (ep5) test= 68.75%
  S16 4000ms fold5/5: best_val= 75.00% (ep9) test= 56.25%
S16: 800ms= 60.00%  1500ms= 52.50%  3000ms= 55.00%  4000ms= 57.50%   (43s)
  S17 800ms fold1/5: best_val= 68.75% (ep6) test= 62.50%
  S17 800ms fold2/5: best_val= 68.75% (ep4) test= 56.25%
  S17 800ms fold3/5: best_val= 56.25% (ep2) test= 62.50%
  S17 800ms fold4/5: best_val= 62.50% (ep2) test= 37.50%
  S17 800ms fold5/5: best_val= 62.50% (ep13) test= 43.75%
  S17 1500ms fold1/5: best_val= 87.50% (ep10) test= 43.75%
  S17 1500ms fold2/5: best_val= 56.25% (ep5) test= 50.00%
  S17 1500ms fold3/5: best_val= 68.75% (ep8) test= 43.75%
  S17 1500ms fold4/5: best_val= 81.25% (ep13) test= 56.25%
  S17 1500ms fold5/5: best_val= 68.75% (ep7) test= 50.00%
  S17 3000ms fold1/5: best_val= 81.25% (ep24) test= 56.25%
  S17 3000ms fold2/5: best_val= 75.00% (ep15) test= 75.00%
  S17 3000ms fold3/5: best_val= 81.25% (ep10) test= 50.00%
  S17 3000ms fold4/5: best_val= 68.75% (ep14) test= 56.25%
  S17 3000ms fold5/5: best_val= 62.50% (ep6) test= 56.25%
  S17 4000ms fold1/5: best_val= 75.00% (ep11) test= 43.75%
  S17 4000ms fold2/5: best_val= 68.75% (ep5) test= 62.50%
  S17 4000ms fold3/5: best_val= 68.75% (ep11) test= 50.00%
  S17 4000ms fold4/5: best_val= 81.25% (ep29) test= 56.25%
  S17 4000ms fold5/5: best_val= 81.25% (ep19) test= 43.75%
S17: 800ms= 52.50%  1500ms= 48.75%  3000ms= 58.75%  4000ms= 51.25%   (43s)
  S18 800ms fold1/5: best_val= 81.25% (ep12) test= 68.75%
  S18 800ms fold2/5: best_val= 93.75% (ep11) test= 75.00%
  S18 800ms fold3/5: best_val= 81.25% (ep10) test= 68.75%
  S18 800ms fold4/5: best_val= 75.00% (ep18) test= 56.25%
  S18 800ms fold5/5: best_val= 62.50% (ep5) test= 56.25%
  S18 1500ms fold1/5: best_val= 75.00% (ep17) test= 87.50%
  S18 1500ms fold2/5: best_val= 75.00% (ep13) test= 62.50%
  S18 1500ms fold3/5: best_val= 87.50% (ep22) test= 62.50%
  S18 1500ms fold4/5: best_val= 87.50% (ep16) test= 81.25%
  S18 1500ms fold5/5: best_val= 81.25% (ep9) test= 56.25%
  S18 3000ms fold1/5: best_val= 81.25% (ep19) test= 87.50%
  S18 3000ms fold2/5: best_val= 87.50% (ep14) test= 75.00%
  S18 3000ms fold3/5: best_val= 68.75% (ep13) test= 62.50%
  S18 3000ms fold4/5: best_val= 75.00% (ep9) test= 62.50%
  S18 3000ms fold5/5: best_val= 87.50% (ep6) test= 50.00%
  S18 4000ms fold1/5: best_val= 87.50% (ep10) test= 75.00%
  S18 4000ms fold2/5: best_val= 93.75% (ep6) test= 56.25%
  S18 4000ms fold3/5: best_val= 75.00% (ep16) test= 75.00%
  S18 4000ms fold4/5: best_val= 87.50% (ep26) test= 93.75%
  S18 4000ms fold5/5: best_val= 81.25% (ep8) test= 56.25%
S18: 800ms= 65.00%  1500ms= 70.00%  3000ms= 67.50%  4000ms= 71.25%   (43s)

ALL SUBJECTS COMPLETED — WFE/SAA  (776s)

====================================================================
SAVED WFE/SAA -> /work/11862/rmaahin/ls6/FineMI-enhancements/ConformerEEG/experiments/option_b/results/full/WFE_SAA
gpu=NVIDIA A100-PCIE-40GB | torch=2.8.0+cu128 | seed=42 | model=conformer_b | mode=full
====================================================================
window_ms   800    1500   3000   4000
subject                              
1          54.44  54.44  62.22  53.33
2          47.50  50.00  48.75  53.75
3          65.00  62.50  78.75  76.25
4          57.50  67.50  73.75  72.50
5          57.50  47.50  53.75  51.25
6          48.75  53.75  61.25  60.00
7          53.75  53.75  50.00  48.75
8          46.25  45.00  48.75  50.00
9          60.00  60.00  57.50  56.25
10         62.50  67.50  68.75  62.50
11         56.25  58.75  55.00  53.75
12         66.25  61.25  57.50  60.00
13         53.75  56.25  53.75  43.75
14         57.50  67.50  47.50  45.00
15         48.75  42.50  52.50  58.75
16         60.00  52.50  55.00  57.50
17         52.50  48.75  58.75  51.25
18         65.00  70.00  67.50  71.25

mean: {800: 56.29, 1500: 56.64, 3000: 58.39, 4000: 56.99}
sd  : {800: 6.15, 1500: 8.29, 3000: 8.88, 4000: 9.09}

Pairs saved so far in /work/11862/rmaahin/ls6/FineMI-enhancements/ConformerEEG/experiments/option_b/results/full: 4/28

##### pair_idx=12 (WFE_SFE) #####

Using device: cuda | gpu=NVIDIA A100-PCIE-40GB | torch=2.8.0+cu128
NOTE: determinism holds per-GPU-model. Record this GPU name.

PAIR: WFE/SFE  (classes 1 vs 7)  model=conformer_b  mode=full
Test time windows: [800, 1500, 3000, 4000] ms
Test time windows (samples): [200, 375, 750, 1000]

BINARY CLASSIFICATION: Class 1 vs Class 7  (WFE/SFE)
  Class 0 (original 1): 725 trials
  Class 1 (original 7): 726 trials

Extracted time windows:
  800ms (200 samples): shape (1451, 62, 200)
  1500ms (375 samples): shape (1451, 62, 375)
  3000ms (750 samples): shape (1451, 62, 750)
  4000ms (1000 samples): shape (1451, 62, 1000)

Model configuration:
  Model: conformer_b
  Channels: 62
  Subjects: [1, 2, 3, 4, 5, 6, 7, 8, 9, 10, 11, 12, 13, 14, 15, 16, 17, 18]
  Time windows: [800, 1500, 3000, 4000] ms
  Classes: 2 (Binary: Class 1 vs Class 7)
  Folds: 5
  Batch size: 32
  Epochs per subject per time window: 50
  S1 800ms fold1/5: best_val= 72.22% (ep4) test= 50.00%
  S1 800ms fold2/5: best_val= 61.11% (ep8) test= 55.56%
  S1 800ms fold3/5: best_val= 77.78% (ep5) test= 61.11%
  S1 800ms fold4/5: best_val= 66.67% (ep13) test= 61.11%
  S1 800ms fold5/5: best_val= 83.33% (ep7) test= 72.22%
  S1 1500ms fold1/5: best_val= 66.67% (ep25) test= 44.44%
  S1 1500ms fold2/5: best_val= 77.78% (ep29) test= 50.00%
  S1 1500ms fold3/5: best_val= 77.78% (ep22) test= 77.78%
  S1 1500ms fold4/5: best_val= 61.11% (ep9) test= 55.56%
  S1 1500ms fold5/5: best_val= 55.56% (ep2) test= 61.11%
  S1 3000ms fold1/5: best_val= 83.33% (ep11) test= 55.56%
  S1 3000ms fold2/5: best_val= 77.78% (ep15) test= 38.89%
  S1 3000ms fold3/5: best_val= 66.67% (ep3) test= 72.22%
  S1 3000ms fold4/5: best_val= 77.78% (ep22) test= 33.33%
  S1 3000ms fold5/5: best_val= 61.11% (ep5) test= 72.22%
  S1 4000ms fold1/5: best_val= 77.78% (ep9) test= 50.00%
  S1 4000ms fold2/5: best_val= 61.11% (ep3) test= 50.00%
  S1 4000ms fold3/5: best_val= 77.78% (ep16) test= 61.11%
  S1 4000ms fold4/5: best_val= 77.78% (ep9) test= 44.44%
  S1 4000ms fold5/5: best_val= 72.22% (ep9) test= 66.67%
S 1: 800ms= 60.00%  1500ms= 57.78%  3000ms= 54.44%  4000ms= 54.44%   (55s)
  S2 800ms fold1/5: best_val= 50.00% (ep1) test= 50.00%
  S2 800ms fold2/5: best_val= 56.25% (ep14) test= 43.75%
  S2 800ms fold3/5: best_val= 56.25% (ep3) test= 43.75%
  S2 800ms fold4/5: best_val= 62.50% (ep2) test= 56.25%
  S2 800ms fold5/5: best_val= 56.25% (ep1) test= 50.00%
  S2 1500ms fold1/5: best_val= 62.50% (ep7) test= 62.50%
  S2 1500ms fold2/5: best_val= 62.50% (ep8) test= 50.00%
  S2 1500ms fold3/5: best_val= 62.50% (ep29) test= 56.25%
  S2 1500ms fold4/5: best_val= 62.50% (ep8) test= 18.75%
  S2 1500ms fold5/5: best_val= 50.00% (ep1) test= 50.00%
  S2 3000ms fold1/5: best_val= 68.75% (ep6) test= 56.25%
  S2 3000ms fold2/5: best_val= 56.25% (ep6) test= 68.75%
  S2 3000ms fold3/5: best_val= 56.25% (ep9) test= 43.75%
  S2 3000ms fold4/5: best_val= 75.00% (ep8) test= 31.25%
  S2 3000ms fold5/5: best_val= 56.25% (ep10) test= 43.75%
  S2 4000ms fold1/5: best_val= 68.75% (ep1) test= 37.50%
  S2 4000ms fold2/5: best_val= 62.50% (ep7) test= 56.25%
  S2 4000ms fold3/5: best_val= 50.00% (ep1) test= 50.00%
  S2 4000ms fold4/5: best_val= 81.25% (ep12) test= 56.25%
  S2 4000ms fold5/5: best_val= 81.25% (ep12) test= 37.50%
S 2: 800ms= 48.75%  1500ms= 47.50%  3000ms= 48.75%  4000ms= 47.50%   (43s)
  S3 800ms fold1/5: best_val= 75.00% (ep12) test= 62.50%
  S3 800ms fold2/5: best_val= 62.50% (ep12) test= 68.75%
  S3 800ms fold3/5: best_val= 87.50% (ep12) test= 62.50%
  S3 800ms fold4/5: best_val= 75.00% (ep30) test= 81.25%
  S3 800ms fold5/5: best_val= 75.00% (ep9) test= 81.25%
  S3 1500ms fold1/5: best_val= 68.75% (ep13) test= 87.50%
  S3 1500ms fold2/5: best_val= 81.25% (ep9) test= 31.25%
  S3 1500ms fold3/5: best_val= 68.75% (ep19) test= 68.75%
  S3 1500ms fold4/5: best_val= 56.25% (ep2) test= 56.25%
  S3 1500ms fold5/5: best_val= 56.25% (ep2) test= 37.50%
  S3 3000ms fold1/5: best_val= 75.00% (ep14) test= 68.75%
  S3 3000ms fold2/5: best_val= 81.25% (ep16) test= 62.50%
  S3 3000ms fold3/5: best_val= 81.25% (ep10) test= 81.25%
  S3 3000ms fold4/5: best_val= 56.25% (ep3) test= 56.25%
  S3 3000ms fold5/5: best_val= 93.75% (ep28) test= 62.50%
  S3 4000ms fold1/5: best_val= 93.75% (ep23) test= 68.75%
  S3 4000ms fold2/5: best_val= 81.25% (ep15) test= 68.75%
  S3 4000ms fold3/5: best_val= 87.50% (ep9) test= 68.75%
  S3 4000ms fold4/5: best_val= 68.75% (ep11) test= 87.50%
  S3 4000ms fold5/5: best_val=100.00% (ep25) test= 75.00%
S 3: 800ms= 71.25%  1500ms= 56.25%  3000ms= 66.25%  4000ms= 73.75%   (42s)
  S4 800ms fold1/5: best_val= 81.25% (ep9) test= 75.00%
  S4 800ms fold2/5: best_val= 87.50% (ep10) test= 75.00%
  S4 800ms fold3/5: best_val= 81.25% (ep8) test= 75.00%
  S4 800ms fold4/5: best_val= 87.50% (ep15) test= 75.00%
  S4 800ms fold5/5: best_val= 75.00% (ep11) test= 81.25%
  S4 1500ms fold1/5: best_val= 93.75% (ep15) test= 81.25%
  S4 1500ms fold2/5: best_val= 93.75% (ep19) test= 87.50%
  S4 1500ms fold3/5: best_val= 87.50% (ep12) test= 75.00%
  S4 1500ms fold4/5: best_val= 87.50% (ep15) test= 81.25%
  S4 1500ms fold5/5: best_val= 75.00% (ep15) test= 87.50%
  S4 3000ms fold1/5: best_val= 81.25% (ep10) test= 81.25%
  S4 3000ms fold2/5: best_val= 81.25% (ep24) test= 81.25%
  S4 3000ms fold3/5: best_val= 87.50% (ep47) test= 75.00%
  S4 3000ms fold4/5: best_val= 87.50% (ep15) test= 75.00%
  S4 3000ms fold5/5: best_val= 75.00% (ep13) test= 68.75%
  S4 4000ms fold1/5: best_val= 81.25% (ep15) test= 87.50%
  S4 4000ms fold2/5: best_val= 93.75% (ep19) test= 68.75%
  S4 4000ms fold3/5: best_val=100.00% (ep11) test= 81.25%
  S4 4000ms fold4/5: best_val= 81.25% (ep17) test= 87.50%
  S4 4000ms fold5/5: best_val= 75.00% (ep13) test= 81.25%
S 4: 800ms= 76.25%  1500ms= 82.50%  3000ms= 76.25%  4000ms= 81.25%   (43s)
  S5 800ms fold1/5: best_val= 87.50% (ep11) test= 70.59%
  S5 800ms fold2/5: best_val= 58.82% (ep16) test= 75.00%
  S5 800ms fold3/5: best_val= 88.24% (ep12) test= 50.00%
  S5 800ms fold4/5: best_val= 64.71% (ep8) test= 50.00%
  S5 800ms fold5/5: best_val= 76.47% (ep10) test= 37.50%
  S5 1500ms fold1/5: best_val= 81.25% (ep15) test= 82.35%
  S5 1500ms fold2/5: best_val= 76.47% (ep11) test= 56.25%
  S5 1500ms fold3/5: best_val= 64.71% (ep12) test= 68.75%
  S5 1500ms fold4/5: best_val= 70.59% (ep11) test= 50.00%
  S5 1500ms fold5/5: best_val= 70.59% (ep24) test= 56.25%
  S5 3000ms fold1/5: best_val= 87.50% (ep19) test= 52.94%
  S5 3000ms fold2/5: best_val= 88.24% (ep7) test= 62.50%
  S5 3000ms fold3/5: best_val= 70.59% (ep25) test= 62.50%
  S5 3000ms fold4/5: best_val= 76.47% (ep21) test= 87.50%
  S5 3000ms fold5/5: best_val= 76.47% (ep4) test= 50.00%
  S5 4000ms fold1/5: best_val= 81.25% (ep14) test= 52.94%
  S5 4000ms fold2/5: best_val= 82.35% (ep29) test= 75.00%
  S5 4000ms fold3/5: best_val= 70.59% (ep12) test= 50.00%
  S5 4000ms fold4/5: best_val= 64.71% (ep7) test= 62.50%
  S5 4000ms fold5/5: best_val= 76.47% (ep11) test= 50.00%
S 5: 800ms= 56.79%  1500ms= 62.96%  3000ms= 62.96%  4000ms= 58.02%   (43s)
  S6 800ms fold1/5: best_val= 43.75% (ep6) test= 56.25%
  S6 800ms fold2/5: best_val= 68.75% (ep16) test= 62.50%
  S6 800ms fold3/5: best_val= 62.50% (ep1) test= 56.25%
  S6 800ms fold4/5: best_val= 56.25% (ep4) test= 62.50%
  S6 800ms fold5/5: best_val= 62.50% (ep11) test= 68.75%
  S6 1500ms fold1/5: best_val= 50.00% (ep1) test= 56.25%
  S6 1500ms fold2/5: best_val= 50.00% (ep1) test= 50.00%
  S6 1500ms fold3/5: best_val= 50.00% (ep1) test= 50.00%
  S6 1500ms fold4/5: best_val= 56.25% (ep5) test= 37.50%
  S6 1500ms fold5/5: best_val= 56.25% (ep5) test= 50.00%
  S6 3000ms fold1/5: best_val= 62.50% (ep5) test= 62.50%
  S6 3000ms fold2/5: best_val= 75.00% (ep20) test= 56.25%
  S6 3000ms fold3/5: best_val= 56.25% (ep4) test= 56.25%
  S6 3000ms fold4/5: best_val= 56.25% (ep14) test= 62.50%
  S6 3000ms fold5/5: best_val= 62.50% (ep5) test= 68.75%
  S6 4000ms fold1/5: best_val= 56.25% (ep2) test= 56.25%
  S6 4000ms fold2/5: best_val= 75.00% (ep8) test= 68.75%
  S6 4000ms fold3/5: best_val= 50.00% (ep1) test= 56.25%
  S6 4000ms fold4/5: best_val= 56.25% (ep5) test= 62.50%
  S6 4000ms fold5/5: best_val= 75.00% (ep5) test= 62.50%
S 6: 800ms= 61.25%  1500ms= 48.75%  3000ms= 61.25%  4000ms= 61.25%   (42s)
  S7 800ms fold1/5: best_val= 68.75% (ep10) test= 62.50%
  S7 800ms fold2/5: best_val= 75.00% (ep16) test= 43.75%
  S7 800ms fold3/5: best_val= 62.50% (ep10) test= 68.75%
  S7 800ms fold4/5: best_val= 75.00% (ep6) test= 81.25%
  S7 800ms fold5/5: best_val= 56.25% (ep3) test= 50.00%
  S7 1500ms fold1/5: best_val= 68.75% (ep1) test= 43.75%
  S7 1500ms fold2/5: best_val= 62.50% (ep10) test= 37.50%
  S7 1500ms fold3/5: best_val= 62.50% (ep1) test= 43.75%
  S7 1500ms fold4/5: best_val= 68.75% (ep2) test= 62.50%
  S7 1500ms fold5/5: best_val= 50.00% (ep1) test= 50.00%
  S7 3000ms fold1/5: best_val= 56.25% (ep9) test= 68.75%
  S7 3000ms fold2/5: best_val= 56.25% (ep4) test= 62.50%
  S7 3000ms fold3/5: best_val= 50.00% (ep2) test= 50.00%
  S7 3000ms fold4/5: best_val= 50.00% (ep1) test= 50.00%
  S7 3000ms fold5/5: best_val= 56.25% (ep4) test= 50.00%
  S7 4000ms fold1/5: best_val= 62.50% (ep15) test= 50.00%
  S7 4000ms fold2/5: best_val= 50.00% (ep1) test= 50.00%
  S7 4000ms fold3/5: best_val= 56.25% (ep15) test= 43.75%
  S7 4000ms fold4/5: best_val= 50.00% (ep1) test= 50.00%
  S7 4000ms fold5/5: best_val= 56.25% (ep3) test= 43.75%
S 7: 800ms= 61.25%  1500ms= 47.50%  3000ms= 56.25%  4000ms= 47.50%   (43s)
  S8 800ms fold1/5: best_val= 62.50% (ep4) test= 50.00%
  S8 800ms fold2/5: best_val= 50.00% (ep1) test= 50.00%
  S8 800ms fold3/5: best_val= 50.00% (ep1) test= 50.00%
  S8 800ms fold4/5: best_val= 62.50% (ep5) test= 56.25%
  S8 800ms fold5/5: best_val= 68.75% (ep13) test= 50.00%
  S8 1500ms fold1/5: best_val= 68.75% (ep43) test= 43.75%
  S8 1500ms fold2/5: best_val= 50.00% (ep1) test= 43.75%
  S8 1500ms fold3/5: best_val= 50.00% (ep1) test= 56.25%
  S8 1500ms fold4/5: best_val= 62.50% (ep9) test= 62.50%
  S8 1500ms fold5/5: best_val= 62.50% (ep5) test= 31.25%
  S8 3000ms fold1/5: best_val= 56.25% (ep6) test= 62.50%
  S8 3000ms fold2/5: best_val= 68.75% (ep20) test= 56.25%
  S8 3000ms fold3/5: best_val= 56.25% (ep3) test= 50.00%
  S8 3000ms fold4/5: best_val= 62.50% (ep4) test= 43.75%
  S8 3000ms fold5/5: best_val= 62.50% (ep10) test= 56.25%
  S8 4000ms fold1/5: best_val= 50.00% (ep1) test= 50.00%
  S8 4000ms fold2/5: best_val= 62.50% (ep14) test= 50.00%
  S8 4000ms fold3/5: best_val= 56.25% (ep3) test= 37.50%
  S8 4000ms fold4/5: best_val= 56.25% (ep5) test= 43.75%
  S8 4000ms fold5/5: best_val= 56.25% (ep9) test= 37.50%
S 8: 800ms= 51.25%  1500ms= 47.50%  3000ms= 53.75%  4000ms= 43.75%   (42s)
  S9 800ms fold1/5: best_val= 68.75% (ep8) test= 62.50%
  S9 800ms fold2/5: best_val= 62.50% (ep6) test= 43.75%
  S9 800ms fold3/5: best_val= 62.50% (ep1) test= 50.00%
  S9 800ms fold4/5: best_val= 62.50% (ep4) test= 56.25%
  S9 800ms fold5/5: best_val= 56.25% (ep24) test= 50.00%
  S9 1500ms fold1/5: best_val= 56.25% (ep1) test= 37.50%
  S9 1500ms fold2/5: best_val= 75.00% (ep14) test= 18.75%
  S9 1500ms fold3/5: best_val= 81.25% (ep14) test= 37.50%
  S9 1500ms fold4/5: best_val= 56.25% (ep3) test= 50.00%
  S9 1500ms fold5/5: best_val= 50.00% (ep1) test= 50.00%
  S9 3000ms fold1/5: best_val= 68.75% (ep23) test= 50.00%
  S9 3000ms fold2/5: best_val= 68.75% (ep8) test= 43.75%
  S9 3000ms fold3/5: best_val= 68.75% (ep2) test= 68.75%
  S9 3000ms fold4/5: best_val= 68.75% (ep3) test= 50.00%
  S9 3000ms fold5/5: best_val= 62.50% (ep1) test= 43.75%
  S9 4000ms fold1/5: best_val= 62.50% (ep28) test= 43.75%
  S9 4000ms fold2/5: best_val= 68.75% (ep8) test= 43.75%
  S9 4000ms fold3/5: best_val= 75.00% (ep18) test= 43.75%
  S9 4000ms fold4/5: best_val= 50.00% (ep4) test= 50.00%
  S9 4000ms fold5/5: best_val= 75.00% (ep22) test= 62.50%
S 9: 800ms= 52.50%  1500ms= 38.75%  3000ms= 51.25%  4000ms= 48.75%   (42s)
  S10 800ms fold1/5: best_val= 68.75% (ep15) test= 62.50%
  S10 800ms fold2/5: best_val= 62.50% (ep13) test= 62.50%
  S10 800ms fold3/5: best_val= 56.25% (ep4) test= 56.25%
  S10 800ms fold4/5: best_val= 56.25% (ep15) test= 68.75%
  S10 800ms fold5/5: best_val= 81.25% (ep6) test= 50.00%
  S10 1500ms fold1/5: best_val= 62.50% (ep5) test= 75.00%
  S10 1500ms fold2/5: best_val= 62.50% (ep8) test= 56.25%
  S10 1500ms fold3/5: best_val= 62.50% (ep3) test= 68.75%
  S10 1500ms fold4/5: best_val= 68.75% (ep13) test= 68.75%
  S10 1500ms fold5/5: best_val= 81.25% (ep14) test= 62.50%
  S10 3000ms fold1/5: best_val= 62.50% (ep10) test= 43.75%
  S10 3000ms fold2/5: best_val= 62.50% (ep2) test= 56.25%
  S10 3000ms fold3/5: best_val= 56.25% (ep32) test= 75.00%
  S10 3000ms fold4/5: best_val= 62.50% (ep9) test= 62.50%
  S10 3000ms fold5/5: best_val= 62.50% (ep4) test= 50.00%
  S10 4000ms fold1/5: best_val= 56.25% (ep12) test= 56.25%
  S10 4000ms fold2/5: best_val= 56.25% (ep5) test= 50.00%
  S10 4000ms fold3/5: best_val= 62.50% (ep13) test= 75.00%
  S10 4000ms fold4/5: best_val= 68.75% (ep17) test= 37.50%
  S10 4000ms fold5/5: best_val= 56.25% (ep4) test= 50.00%
S10: 800ms= 60.00%  1500ms= 66.25%  3000ms= 57.50%  4000ms= 53.75%   (43s)
  S11 800ms fold1/5: best_val= 50.00% (ep1) test= 50.00%
  S11 800ms fold2/5: best_val= 62.50% (ep6) test= 37.50%
  S11 800ms fold3/5: best_val= 62.50% (ep6) test= 37.50%
  S11 800ms fold4/5: best_val= 62.50% (ep1) test= 62.50%
  S11 800ms fold5/5: best_val= 50.00% (ep1) test= 50.00%
  S11 1500ms fold1/5: best_val= 62.50% (ep7) test= 43.75%
  S11 1500ms fold2/5: best_val= 62.50% (ep11) test= 50.00%
  S11 1500ms fold3/5: best_val= 68.75% (ep7) test= 31.25%
  S11 1500ms fold4/5: best_val= 75.00% (ep16) test= 43.75%
  S11 1500ms fold5/5: best_val= 50.00% (ep1) test= 50.00%
  S11 3000ms fold1/5: best_val= 56.25% (ep18) test= 50.00%
  S11 3000ms fold2/5: best_val= 68.75% (ep6) test= 50.00%
  S11 3000ms fold3/5: best_val= 68.75% (ep4) test= 37.50%
  S11 3000ms fold4/5: best_val= 75.00% (ep17) test= 37.50%
  S11 3000ms fold5/5: best_val= 62.50% (ep14) test= 68.75%
  S11 4000ms fold1/5: best_val= 56.25% (ep6) test= 43.75%
  S11 4000ms fold2/5: best_val= 68.75% (ep8) test= 43.75%
  S11 4000ms fold3/5: best_val= 62.50% (ep6) test= 50.00%
  S11 4000ms fold4/5: best_val= 62.50% (ep12) test= 50.00%
  S11 4000ms fold5/5: best_val= 56.25% (ep1) test= 37.50%
S11: 800ms= 47.50%  1500ms= 43.75%  3000ms= 48.75%  4000ms= 45.00%   (43s)
  S12 800ms fold1/5: best_val= 75.00% (ep11) test= 62.50%
  S12 800ms fold2/5: best_val= 68.75% (ep10) test= 75.00%
  S12 800ms fold3/5: best_val= 81.25% (ep4) test= 56.25%
  S12 800ms fold4/5: best_val= 68.75% (ep13) test= 68.75%
  S12 800ms fold5/5: best_val= 68.75% (ep11) test= 62.50%
  S12 1500ms fold1/5: best_val= 62.50% (ep12) test= 68.75%
  S12 1500ms fold2/5: best_val= 81.25% (ep20) test= 68.75%
  S12 1500ms fold3/5: best_val= 81.25% (ep19) test= 68.75%
  S12 1500ms fold4/5: best_val= 56.25% (ep8) test= 68.75%
  S12 1500ms fold5/5: best_val= 62.50% (ep3) test= 50.00%
  S12 3000ms fold1/5: best_val= 62.50% (ep15) test= 50.00%
  S12 3000ms fold2/5: best_val= 56.25% (ep4) test= 56.25%
  S12 3000ms fold3/5: best_val= 68.75% (ep5) test= 56.25%
  S12 3000ms fold4/5: best_val= 56.25% (ep3) test= 62.50%
  S12 3000ms fold5/5: best_val= 68.75% (ep12) test= 68.75%
  S12 4000ms fold1/5: best_val= 68.75% (ep12) test= 50.00%
  S12 4000ms fold2/5: best_val= 56.25% (ep17) test= 43.75%
  S12 4000ms fold3/5: best_val= 87.50% (ep15) test= 68.75%
  S12 4000ms fold4/5: best_val= 56.25% (ep5) test= 56.25%
  S12 4000ms fold5/5: best_val= 50.00% (ep1) test= 50.00%
S12: 800ms= 65.00%  1500ms= 65.00%  3000ms= 58.75%  4000ms= 53.75%   (45s)
  S13 800ms fold1/5: best_val= 68.75% (ep7) test= 56.25%
  S13 800ms fold2/5: best_val= 62.50% (ep12) test= 62.50%
  S13 800ms fold3/5: best_val= 62.50% (ep3) test= 37.50%
  S13 800ms fold4/5: best_val= 68.75% (ep9) test= 56.25%
  S13 800ms fold5/5: best_val= 81.25% (ep5) test= 62.50%
  S13 1500ms fold1/5: best_val= 62.50% (ep5) test= 68.75%
  S13 1500ms fold2/5: best_val= 68.75% (ep8) test= 43.75%
  S13 1500ms fold3/5: best_val= 75.00% (ep12) test= 31.25%
  S13 1500ms fold4/5: best_val= 81.25% (ep31) test= 50.00%
  S13 1500ms fold5/5: best_val= 68.75% (ep9) test= 62.50%
  S13 3000ms fold1/5: best_val= 68.75% (ep3) test= 56.25%
  S13 3000ms fold2/5: best_val= 81.25% (ep10) test= 81.25%
  S13 3000ms fold3/5: best_val= 75.00% (ep19) test= 68.75%
  S13 3000ms fold4/5: best_val= 62.50% (ep7) test= 62.50%
  S13 3000ms fold5/5: best_val= 75.00% (ep10) test= 43.75%
  S13 4000ms fold1/5: best_val= 62.50% (ep6) test= 68.75%
  S13 4000ms fold2/5: best_val= 75.00% (ep9) test= 75.00%
  S13 4000ms fold3/5: best_val= 68.75% (ep4) test= 43.75%
  S13 4000ms fold4/5: best_val= 81.25% (ep6) test= 68.75%
  S13 4000ms fold5/5: best_val= 68.75% (ep10) test= 68.75%
S13: 800ms= 55.00%  1500ms= 51.25%  3000ms= 62.50%  4000ms= 65.00%   (46s)
  S14 800ms fold1/5: best_val= 75.00% (ep26) test= 75.00%
  S14 800ms fold2/5: best_val= 81.25% (ep20) test= 56.25%
  S14 800ms fold3/5: best_val= 75.00% (ep16) test= 75.00%
  S14 800ms fold4/5: best_val= 87.50% (ep15) test= 75.00%
  S14 800ms fold5/5: best_val= 81.25% (ep7) test= 62.50%
  S14 1500ms fold1/5: best_val= 87.50% (ep18) test= 75.00%
  S14 1500ms fold2/5: best_val= 75.00% (ep8) test= 50.00%
  S14 1500ms fold3/5: best_val= 87.50% (ep7) test= 62.50%
  S14 1500ms fold4/5: best_val= 81.25% (ep6) test= 56.25%
  S14 1500ms fold5/5: best_val= 93.75% (ep8) test= 62.50%
  S14 3000ms fold1/5: best_val= 62.50% (ep7) test= 43.75%
  S14 3000ms fold2/5: best_val= 93.75% (ep20) test= 43.75%
  S14 3000ms fold3/5: best_val= 87.50% (ep16) test= 81.25%
  S14 3000ms fold4/5: best_val= 81.25% (ep25) test= 68.75%
  S14 3000ms fold5/5: best_val= 62.50% (ep20) test= 43.75%
  S14 4000ms fold1/5: best_val= 68.75% (ep1) test= 62.50%
  S14 4000ms fold2/5: best_val= 81.25% (ep4) test= 43.75%
  S14 4000ms fold3/5: best_val= 75.00% (ep3) test= 81.25%
  S14 4000ms fold4/5: best_val= 81.25% (ep1) test= 43.75%
  S14 4000ms fold5/5: best_val= 75.00% (ep10) test= 68.75%
S14: 800ms= 68.75%  1500ms= 61.25%  3000ms= 56.25%  4000ms= 60.00%   (46s)
  S15 800ms fold1/5: best_val= 50.00% (ep1) test= 50.00%
  S15 800ms fold2/5: best_val= 75.00% (ep2) test= 37.50%
  S15 800ms fold3/5: best_val= 56.25% (ep2) test= 50.00%
  S15 800ms fold4/5: best_val= 68.75% (ep28) test= 31.25%
  S15 800ms fold5/5: best_val= 75.00% (ep4) test= 31.25%
  S15 1500ms fold1/5: best_val= 68.75% (ep5) test= 62.50%
  S15 1500ms fold2/5: best_val= 56.25% (ep4) test= 56.25%
  S15 1500ms fold3/5: best_val= 50.00% (ep1) test= 50.00%
  S15 1500ms fold4/5: best_val= 62.50% (ep2) test= 50.00%
  S15 1500ms fold5/5: best_val= 68.75% (ep7) test= 50.00%
  S15 3000ms fold1/5: best_val= 62.50% (ep22) test= 37.50%
  S15 3000ms fold2/5: best_val= 68.75% (ep14) test= 50.00%
  S15 3000ms fold3/5: best_val= 50.00% (ep1) test= 50.00%
  S15 3000ms fold4/5: best_val= 56.25% (ep7) test= 37.50%
  S15 3000ms fold5/5: best_val= 62.50% (ep2) test= 62.50%
  S15 4000ms fold1/5: best_val= 50.00% (ep1) test= 50.00%
  S15 4000ms fold2/5: best_val= 68.75% (ep6) test= 68.75%
  S15 4000ms fold3/5: best_val= 50.00% (ep2) test= 50.00%
  S15 4000ms fold4/5: best_val= 75.00% (ep9) test= 62.50%
  S15 4000ms fold5/5: best_val= 62.50% (ep1) test= 50.00%
S15: 800ms= 40.00%  1500ms= 53.75%  3000ms= 47.50%  4000ms= 56.25%   (45s)
  S16 800ms fold1/5: best_val= 62.50% (ep5) test= 50.00%
  S16 800ms fold2/5: best_val= 62.50% (ep4) test= 56.25%
  S16 800ms fold3/5: best_val= 62.50% (ep4) test= 50.00%
  S16 800ms fold4/5: best_val= 62.50% (ep1) test= 62.50%
  S16 800ms fold5/5: best_val= 62.50% (ep9) test= 68.75%
  S16 1500ms fold1/5: best_val= 50.00% (ep1) test= 50.00%
  S16 1500ms fold2/5: best_val= 75.00% (ep13) test= 37.50%
  S16 1500ms fold3/5: best_val= 62.50% (ep13) test= 62.50%
  S16 1500ms fold4/5: best_val= 50.00% (ep1) test= 50.00%
  S16 1500ms fold5/5: best_val= 68.75% (ep2) test= 50.00%
  S16 3000ms fold1/5: best_val= 50.00% (ep1) test= 50.00%
  S16 3000ms fold2/5: best_val= 56.25% (ep4) test= 43.75%
  S16 3000ms fold3/5: best_val= 62.50% (ep17) test= 56.25%
  S16 3000ms fold4/5: best_val= 56.25% (ep5) test= 68.75%
  S16 3000ms fold5/5: best_val= 68.75% (ep4) test= 68.75%
  S16 4000ms fold1/5: best_val= 56.25% (ep6) test= 50.00%
  S16 4000ms fold2/5: best_val= 75.00% (ep10) test= 43.75%
  S16 4000ms fold3/5: best_val= 62.50% (ep14) test= 81.25%
  S16 4000ms fold4/5: best_val= 68.75% (ep19) test= 62.50%
  S16 4000ms fold5/5: best_val= 68.75% (ep8) test= 50.00%
S16: 800ms= 57.50%  1500ms= 50.00%  3000ms= 57.50%  4000ms= 57.50%   (42s)
  S17 800ms fold1/5: best_val= 81.25% (ep7) test= 62.50%
  S17 800ms fold2/5: best_val= 62.50% (ep15) test= 43.75%
  S17 800ms fold3/5: best_val= 68.75% (ep4) test= 75.00%
  S17 800ms fold4/5: best_val= 62.50% (ep7) test= 56.25%
  S17 800ms fold5/5: best_val= 62.50% (ep7) test= 50.00%
  S17 1500ms fold1/5: best_val= 75.00% (ep23) test= 37.50%
  S17 1500ms fold2/5: best_val= 81.25% (ep11) test= 75.00%
  S17 1500ms fold3/5: best_val= 75.00% (ep10) test= 75.00%
  S17 1500ms fold4/5: best_val= 68.75% (ep2) test= 31.25%
  S17 1500ms fold5/5: best_val= 62.50% (ep7) test= 56.25%
  S17 3000ms fold1/5: best_val= 75.00% (ep19) test= 37.50%
  S17 3000ms fold2/5: best_val= 75.00% (ep20) test= 56.25%
  S17 3000ms fold3/5: best_val= 68.75% (ep5) test= 50.00%
  S17 3000ms fold4/5: best_val= 68.75% (ep5) test= 43.75%
  S17 3000ms fold5/5: best_val= 68.75% (ep8) test= 50.00%
  S17 4000ms fold1/5: best_val= 62.50% (ep3) test= 50.00%
  S17 4000ms fold2/5: best_val= 81.25% (ep14) test= 56.25%
  S17 4000ms fold3/5: best_val= 75.00% (ep6) test= 75.00%
  S17 4000ms fold4/5: best_val= 75.00% (ep5) test= 62.50%
  S17 4000ms fold5/5: best_val= 68.75% (ep5) test= 50.00%
S17: 800ms= 57.50%  1500ms= 55.00%  3000ms= 47.50%  4000ms= 58.75%   (43s)
  S18 800ms fold1/5: best_val= 75.00% (ep6) test= 50.00%
  S18 800ms fold2/5: best_val= 68.75% (ep8) test= 62.50%
  S18 800ms fold3/5: best_val= 75.00% (ep12) test= 75.00%
  S18 800ms fold4/5: best_val= 68.75% (ep22) test= 56.25%
  S18 800ms fold5/5: best_val= 62.50% (ep14) test= 56.25%
  S18 1500ms fold1/5: best_val= 68.75% (ep5) test= 56.25%
  S18 1500ms fold2/5: best_val= 68.75% (ep7) test= 62.50%
  S18 1500ms fold3/5: best_val= 68.75% (ep6) test= 50.00%
  S18 1500ms fold4/5: best_val= 50.00% (ep1) test= 50.00%
  S18 1500ms fold5/5: best_val= 50.00% (ep1) test= 50.00%
  S18 3000ms fold1/5: best_val= 75.00% (ep6) test= 81.25%
  S18 3000ms fold2/5: best_val= 75.00% (ep27) test= 75.00%
  S18 3000ms fold3/5: best_val= 81.25% (ep23) test= 56.25%
  S18 3000ms fold4/5: best_val= 75.00% (ep15) test= 56.25%
  S18 3000ms fold5/5: best_val= 81.25% (ep13) test= 81.25%
  S18 4000ms fold1/5: best_val= 81.25% (ep26) test= 68.75%
  S18 4000ms fold2/5: best_val= 62.50% (ep12) test= 62.50%
  S18 4000ms fold3/5: best_val= 68.75% (ep27) test= 68.75%
  S18 4000ms fold4/5: best_val= 68.75% (ep15) test= 68.75%
  S18 4000ms fold5/5: best_val= 81.25% (ep18) test= 62.50%
S18: 800ms= 60.00%  1500ms= 53.75%  3000ms= 70.00%  4000ms= 66.25%   (42s)

ALL SUBJECTS COMPLETED — WFE/SFE  (791s)

====================================================================
SAVED WFE/SFE -> /work/11862/rmaahin/ls6/FineMI-enhancements/ConformerEEG/experiments/option_b/results/full/WFE_SFE
gpu=NVIDIA A100-PCIE-40GB | torch=2.8.0+cu128 | seed=42 | model=conformer_b | mode=full
====================================================================
window_ms   800    1500   3000   4000
subject                              
1          60.00  57.78  54.44  54.44
2          48.75  47.50  48.75  47.50
3          71.25  56.25  66.25  73.75
4          76.25  82.50  76.25  81.25
5          56.79  62.96  62.96  58.02
6          61.25  48.75  61.25  61.25
7          61.25  47.50  56.25  47.50
8          51.25  47.50  53.75  43.75
9          52.50  38.75  51.25  48.75
10         60.00  66.25  57.50  53.75
11         47.50  43.75  48.75  45.00
12         65.00  65.00  58.75  53.75
13         55.00  51.25  62.50  65.00
14         68.75  61.25  56.25  60.00
15         40.00  53.75  47.50  56.25
16         57.50  50.00  57.50  57.50
17         57.50  55.00  47.50  58.75
18         60.00  53.75  70.00  66.25

mean: {800: 58.36, 1500: 54.97, 3000: 57.63, 4000: 57.36}
sd  : {800: 8.78, 1500: 10.1, 3000: 7.95, 4000: 9.83}

Pairs saved so far in /work/11862/rmaahin/ls6/FineMI-enhancements/ConformerEEG/experiments/option_b/results/full: 7/28

##### pair_idx=13 (WAA_EPS) #####

Using device: cuda | gpu=NVIDIA A100-PCIE-40GB | torch=2.8.0+cu128
NOTE: determinism holds per-GPU-model. Record this GPU name.

PAIR: WAA/EPS  (classes 2 vs 3)  model=conformer_b  mode=full
Test time windows: [800, 1500, 3000, 4000] ms
Test time windows (samples): [200, 375, 750, 1000]

BINARY CLASSIFICATION: Class 2 vs Class 3  (WAA/EPS)
  Class 0 (original 2): 725 trials
  Class 1 (original 3): 725 trials

Extracted time windows:
  800ms (200 samples): shape (1450, 62, 200)
  1500ms (375 samples): shape (1450, 62, 375)
  3000ms (750 samples): shape (1450, 62, 750)
  4000ms (1000 samples): shape (1450, 62, 1000)

Model configuration:
  Model: conformer_b
  Channels: 62
  Subjects: [1, 2, 3, 4, 5, 6, 7, 8, 9, 10, 11, 12, 13, 14, 15, 16, 17, 18]
  Time windows: [800, 1500, 3000, 4000] ms
  Classes: 2 (Binary: Class 2 vs Class 3)
  Folds: 5
  Batch size: 32
  Epochs per subject per time window: 50
  S1 800ms fold1/5: best_val= 72.22% (ep9) test= 50.00%
  S1 800ms fold2/5: best_val= 83.33% (ep6) test= 61.11%
  S1 800ms fold3/5: best_val= 61.11% (ep13) test= 44.44%
  S1 800ms fold4/5: best_val= 66.67% (ep6) test= 55.56%
  S1 800ms fold5/5: best_val= 61.11% (ep3) test= 50.00%
  S1 1500ms fold1/5: best_val= 72.22% (ep5) test= 50.00%
  S1 1500ms fold2/5: best_val= 66.67% (ep3) test= 50.00%
  S1 1500ms fold3/5: best_val= 61.11% (ep11) test= 55.56%
  S1 1500ms fold4/5: best_val= 66.67% (ep5) test= 55.56%
  S1 1500ms fold5/5: best_val= 66.67% (ep15) test= 72.22%
  S1 3000ms fold1/5: best_val= 61.11% (ep10) test= 44.44%
  S1 3000ms fold2/5: best_val= 66.67% (ep16) test= 50.00%
  S1 3000ms fold3/5: best_val= 55.56% (ep1) test= 44.44%
  S1 3000ms fold4/5: best_val= 66.67% (ep15) test= 44.44%
  S1 3000ms fold5/5: best_val= 61.11% (ep4) test= 61.11%
  S1 4000ms fold1/5: best_val= 77.78% (ep16) test= 44.44%
  S1 4000ms fold2/5: best_val= 66.67% (ep2) test= 50.00%
  S1 4000ms fold3/5: best_val= 66.67% (ep4) test= 61.11%
  S1 4000ms fold4/5: best_val= 66.67% (ep11) test= 50.00%
  S1 4000ms fold5/5: best_val= 66.67% (ep20) test= 61.11%
S 1: 800ms= 52.22%  1500ms= 56.67%  3000ms= 48.89%  4000ms= 53.33%   (54s)
  S2 800ms fold1/5: best_val= 56.25% (ep6) test= 50.00%
  S2 800ms fold2/5: best_val= 68.75% (ep17) test= 31.25%
  S2 800ms fold3/5: best_val= 62.50% (ep7) test= 43.75%
  S2 800ms fold4/5: best_val= 62.50% (ep7) test= 56.25%
  S2 800ms fold5/5: best_val= 81.25% (ep2) test= 56.25%
  S2 1500ms fold1/5: best_val= 75.00% (ep8) test= 56.25%
  S2 1500ms fold2/5: best_val= 62.50% (ep12) test= 56.25%
  S2 1500ms fold3/5: best_val= 75.00% (ep31) test= 18.75%
  S2 1500ms fold4/5: best_val= 62.50% (ep4) test= 50.00%
  S2 1500ms fold5/5: best_val= 68.75% (ep7) test= 50.00%
  S2 3000ms fold1/5: best_val= 56.25% (ep2) test= 43.75%
  S2 3000ms fold2/5: best_val= 75.00% (ep6) test= 56.25%
  S2 3000ms fold3/5: best_val= 56.25% (ep7) test= 43.75%
  S2 3000ms fold4/5: best_val= 62.50% (ep21) test= 56.25%
  S2 3000ms fold5/5: best_val= 75.00% (ep10) test= 43.75%
  S2 4000ms fold1/5: best_val= 56.25% (ep5) test= 50.00%
  S2 4000ms fold2/5: best_val= 68.75% (ep17) test= 50.00%
  S2 4000ms fold3/5: best_val= 56.25% (ep6) test= 37.50%
  S2 4000ms fold4/5: best_val= 68.75% (ep16) test= 75.00%
  S2 4000ms fold5/5: best_val= 56.25% (ep6) test= 56.25%
S 2: 800ms= 47.50%  1500ms= 46.25%  3000ms= 48.75%  4000ms= 53.75%   (43s)
  S3 800ms fold1/5: best_val= 75.00% (ep2) test= 62.50%
  S3 800ms fold2/5: best_val= 62.50% (ep10) test= 50.00%
  S3 800ms fold3/5: best_val= 75.00% (ep11) test= 56.25%
  S3 800ms fold4/5: best_val= 68.75% (ep6) test= 75.00%
  S3 800ms fold5/5: best_val= 87.50% (ep3) test= 31.25%
  S3 1500ms fold1/5: best_val= 81.25% (ep12) test= 50.00%
  S3 1500ms fold2/5: best_val= 68.75% (ep13) test= 56.25%
  S3 1500ms fold3/5: best_val= 75.00% (ep20) test= 62.50%
  S3 1500ms fold4/5: best_val= 56.25% (ep7) test= 75.00%
  S3 1500ms fold5/5: best_val= 62.50% (ep9) test= 56.25%
  S3 3000ms fold1/5: best_val= 68.75% (ep11) test= 50.00%
  S3 3000ms fold2/5: best_val= 81.25% (ep23) test= 50.00%
  S3 3000ms fold3/5: best_val= 68.75% (ep3) test= 37.50%
  S3 3000ms fold4/5: best_val= 56.25% (ep1) test= 56.25%
  S3 3000ms fold5/5: best_val= 68.75% (ep12) test= 56.25%
  S3 4000ms fold1/5: best_val= 62.50% (ep10) test= 43.75%
  S3 4000ms fold2/5: best_val= 87.50% (ep15) test= 62.50%
  S3 4000ms fold3/5: best_val= 81.25% (ep9) test= 37.50%
  S3 4000ms fold4/5: best_val= 62.50% (ep10) test= 50.00%
  S3 4000ms fold5/5: best_val= 68.75% (ep15) test= 62.50%
S 3: 800ms= 55.00%  1500ms= 60.00%  3000ms= 50.00%  4000ms= 51.25%   (42s)
  S4 800ms fold1/5: best_val= 50.00% (ep1) test= 50.00%
  S4 800ms fold2/5: best_val= 75.00% (ep12) test= 68.75%
  S4 800ms fold3/5: best_val= 62.50% (ep10) test= 50.00%
  S4 800ms fold4/5: best_val= 62.50% (ep7) test= 50.00%
  S4 800ms fold5/5: best_val= 68.75% (ep3) test= 50.00%
  S4 1500ms fold1/5: best_val= 62.50% (ep16) test= 25.00%
  S4 1500ms fold2/5: best_val= 81.25% (ep10) test= 62.50%
  S4 1500ms fold3/5: best_val= 68.75% (ep13) test= 62.50%
  S4 1500ms fold4/5: best_val= 62.50% (ep15) test= 50.00%
  S4 1500ms fold5/5: best_val= 56.25% (ep2) test= 43.75%
  S4 3000ms fold1/5: best_val= 62.50% (ep5) test= 75.00%
  S4 3000ms fold2/5: best_val= 68.75% (ep5) test= 56.25%
  S4 3000ms fold3/5: best_val= 87.50% (ep22) test= 56.25%
  S4 3000ms fold4/5: best_val= 68.75% (ep14) test= 68.75%
  S4 3000ms fold5/5: best_val= 62.50% (ep9) test= 56.25%
  S4 4000ms fold1/5: best_val= 75.00% (ep10) test= 68.75%
  S4 4000ms fold2/5: best_val= 75.00% (ep20) test= 81.25%
  S4 4000ms fold3/5: best_val= 81.25% (ep7) test= 68.75%
  S4 4000ms fold4/5: best_val= 93.75% (ep14) test= 81.25%
  S4 4000ms fold5/5: best_val= 87.50% (ep16) test= 75.00%
S 4: 800ms= 53.75%  1500ms= 48.75%  3000ms= 62.50%  4000ms= 75.00%   (43s)
  S5 800ms fold1/5: best_val= 75.00% (ep8) test= 56.25%
  S5 800ms fold2/5: best_val= 62.50% (ep8) test= 62.50%
  S5 800ms fold3/5: best_val= 75.00% (ep7) test= 56.25%
  S5 800ms fold4/5: best_val= 56.25% (ep6) test= 81.25%
  S5 800ms fold5/5: best_val= 56.25% (ep5) test= 56.25%
  S5 1500ms fold1/5: best_val= 75.00% (ep8) test= 93.75%
  S5 1500ms fold2/5: best_val= 75.00% (ep19) test= 50.00%
  S5 1500ms fold3/5: best_val= 68.75% (ep8) test= 68.75%
  S5 1500ms fold4/5: best_val= 68.75% (ep10) test= 62.50%
  S5 1500ms fold5/5: best_val= 56.25% (ep1) test= 56.25%
  S5 3000ms fold1/5: best_val= 68.75% (ep8) test= 50.00%
  S5 3000ms fold2/5: best_val= 56.25% (ep6) test= 56.25%
  S5 3000ms fold3/5: best_val= 68.75% (ep17) test= 43.75%
  S5 3000ms fold4/5: best_val= 75.00% (ep22) test= 62.50%
  S5 3000ms fold5/5: best_val= 56.25% (ep10) test= 56.25%
  S5 4000ms fold1/5: best_val= 50.00% (ep2) test= 50.00%
  S5 4000ms fold2/5: best_val= 50.00% (ep1) test= 50.00%
  S5 4000ms fold3/5: best_val= 62.50% (ep7) test= 50.00%
  S5 4000ms fold4/5: best_val= 68.75% (ep6) test= 43.75%
  S5 4000ms fold5/5: best_val= 56.25% (ep17) test= 43.75%
S 5: 800ms= 62.50%  1500ms= 66.25%  3000ms= 53.75%  4000ms= 47.50%   (42s)
  S6 800ms fold1/5: best_val= 68.75% (ep2) test= 43.75%
  S6 800ms fold2/5: best_val= 56.25% (ep1) test= 56.25%
  S6 800ms fold3/5: best_val= 75.00% (ep4) test= 56.25%
  S6 800ms fold4/5: best_val= 56.25% (ep9) test= 50.00%
  S6 800ms fold5/5: best_val= 68.75% (ep10) test= 56.25%
  S6 1500ms fold1/5: best_val= 75.00% (ep10) test= 50.00%
  S6 1500ms fold2/5: best_val= 56.25% (ep1) test= 56.25%
  S6 1500ms fold3/5: best_val= 56.25% (ep1) test= 50.00%
  S6 1500ms fold4/5: best_val= 56.25% (ep7) test= 50.00%
  S6 1500ms fold5/5: best_val= 56.25% (ep4) test= 43.75%
  S6 3000ms fold1/5: best_val= 56.25% (ep7) test= 87.50%
  S6 3000ms fold2/5: best_val= 50.00% (ep1) test= 50.00%
  S6 3000ms fold3/5: best_val= 75.00% (ep7) test= 75.00%
  S6 3000ms fold4/5: best_val= 75.00% (ep6) test= 56.25%
  S6 3000ms fold5/5: best_val= 68.75% (ep9) test= 43.75%
  S6 4000ms fold1/5: best_val= 62.50% (ep5) test= 68.75%
  S6 4000ms fold2/5: best_val= 50.00% (ep1) test= 50.00%
  S6 4000ms fold3/5: best_val= 75.00% (ep11) test= 62.50%
  S6 4000ms fold4/5: best_val= 75.00% (ep5) test= 56.25%
  S6 4000ms fold5/5: best_val= 68.75% (ep8) test= 56.25%
S 6: 800ms= 52.50%  1500ms= 50.00%  3000ms= 62.50%  4000ms= 58.75%   (43s)
  S7 800ms fold1/5: best_val= 68.75% (ep7) test= 43.75%
  S7 800ms fold2/5: best_val= 62.50% (ep7) test= 50.00%
  S7 800ms fold3/5: best_val= 56.25% (ep6) test= 50.00%
  S7 800ms fold4/5: best_val= 75.00% (ep5) test= 37.50%
  S7 800ms fold5/5: best_val= 56.25% (ep9) test= 56.25%
  S7 1500ms fold1/5: best_val= 62.50% (ep7) test= 37.50%
  S7 1500ms fold2/5: best_val= 75.00% (ep15) test= 37.50%
  S7 1500ms fold3/5: best_val= 56.25% (ep1) test= 43.75%
  S7 1500ms fold4/5: best_val= 56.25% (ep11) test= 43.75%
  S7 1500ms fold5/5: best_val= 50.00% (ep2) test= 50.00%
  S7 3000ms fold1/5: best_val= 68.75% (ep8) test= 62.50%
  S7 3000ms fold2/5: best_val= 75.00% (ep13) test= 50.00%
  S7 3000ms fold3/5: best_val= 50.00% (ep1) test= 50.00%
  S7 3000ms fold4/5: best_val= 56.25% (ep7) test= 50.00%
  S7 3000ms fold5/5: best_val= 56.25% (ep11) test= 37.50%
  S7 4000ms fold1/5: best_val= 56.25% (ep11) test= 50.00%
  S7 4000ms fold2/5: best_val= 81.25% (ep18) test= 50.00%
  S7 4000ms fold3/5: best_val= 62.50% (ep3) test= 37.50%
  S7 4000ms fold4/5: best_val= 56.25% (ep11) test= 62.50%
  S7 4000ms fold5/5: best_val= 56.25% (ep8) test= 56.25%
S 7: 800ms= 47.50%  1500ms= 42.50%  3000ms= 50.00%  4000ms= 51.25%   (42s)
  S8 800ms fold1/5: best_val= 75.00% (ep9) test= 62.50%
  S8 800ms fold2/5: best_val= 62.50% (ep5) test= 37.50%
  S8 800ms fold3/5: best_val= 56.25% (ep1) test= 37.50%
  S8 800ms fold4/5: best_val= 50.00% (ep1) test= 50.00%
  S8 800ms fold5/5: best_val= 56.25% (ep1) test= 75.00%
  S8 1500ms fold1/5: best_val= 81.25% (ep7) test= 75.00%
  S8 1500ms fold2/5: best_val= 62.50% (ep12) test= 50.00%
  S8 1500ms fold3/5: best_val= 68.75% (ep11) test= 75.00%
  S8 1500ms fold4/5: best_val= 50.00% (ep2) test= 50.00%
  S8 1500ms fold5/5: best_val= 56.25% (ep4) test= 50.00%
  S8 3000ms fold1/5: best_val= 50.00% (ep1) test= 50.00%
  S8 3000ms fold2/5: best_val= 68.75% (ep2) test= 37.50%
  S8 3000ms fold3/5: best_val= 62.50% (ep6) test= 75.00%
  S8 3000ms fold4/5: best_val= 50.00% (ep1) test= 50.00%
  S8 3000ms fold5/5: best_val= 68.75% (ep5) test= 56.25%
  S8 4000ms fold1/5: best_val= 68.75% (ep8) test= 81.25%
  S8 4000ms fold2/5: best_val= 75.00% (ep17) test= 68.75%
  S8 4000ms fold3/5: best_val= 68.75% (ep14) test= 62.50%
  S8 4000ms fold4/5: best_val= 62.50% (ep10) test= 31.25%
  S8 4000ms fold5/5: best_val= 81.25% (ep6) test= 56.25%
S 8: 800ms= 52.50%  1500ms= 60.00%  3000ms= 53.75%  4000ms= 60.00%   (42s)
  S9 800ms fold1/5: best_val= 62.50% (ep4) test= 43.75%
  S9 800ms fold2/5: best_val= 56.25% (ep3) test= 50.00%
  S9 800ms fold3/5: best_val= 56.25% (ep3) test= 50.00%
  S9 800ms fold4/5: best_val= 50.00% (ep1) test= 50.00%
  S9 800ms fold5/5: best_val= 50.00% (ep1) test= 50.00%
  S9 1500ms fold1/5: best_val= 62.50% (ep1) test= 37.50%
  S9 1500ms fold2/5: best_val= 50.00% (ep1) test= 50.00%
  S9 1500ms fold3/5: best_val= 50.00% (ep2) test= 50.00%
  S9 1500ms fold4/5: best_val= 50.00% (ep9) test= 43.75%
  S9 1500ms fold5/5: best_val= 68.75% (ep8) test= 50.00%
  S9 3000ms fold1/5: best_val= 50.00% (ep1) test= 43.75%
  S9 3000ms fold2/5: best_val= 56.25% (ep7) test= 43.75%
  S9 3000ms fold3/5: best_val= 50.00% (ep1) test= 50.00%
  S9 3000ms fold4/5: best_val= 50.00% (ep1) test= 50.00%
  S9 3000ms fold5/5: best_val= 50.00% (ep1) test= 50.00%
  S9 4000ms fold1/5: best_val= 50.00% (ep3) test= 50.00%
  S9 4000ms fold2/5: best_val= 62.50% (ep16) test= 43.75%
  S9 4000ms fold3/5: best_val= 62.50% (ep7) test= 43.75%
  S9 4000ms fold4/5: best_val= 62.50% (ep15) test= 68.75%
  S9 4000ms fold5/5: best_val= 50.00% (ep1) test= 50.00%
S 9: 800ms= 48.75%  1500ms= 46.25%  3000ms= 47.50%  4000ms= 51.25%   (42s)
  S10 800ms fold1/5: best_val= 56.25% (ep1) test= 50.00%
  S10 800ms fold2/5: best_val= 56.25% (ep2) test= 50.00%
  S10 800ms fold3/5: best_val= 50.00% (ep1) test= 50.00%
  S10 800ms fold4/5: best_val= 56.25% (ep3) test= 56.25%
  S10 800ms fold5/5: best_val= 62.50% (ep3) test= 37.50%
  S10 1500ms fold1/5: best_val= 68.75% (ep3) test= 56.25%
  S10 1500ms fold2/5: best_val= 50.00% (ep2) test= 50.00%
  S10 1500ms fold3/5: best_val= 56.25% (ep13) test= 37.50%
  S10 1500ms fold4/5: best_val= 62.50% (ep5) test= 43.75%
  S10 1500ms fold5/5: best_val= 56.25% (ep25) test= 43.75%
  S10 3000ms fold1/5: best_val= 56.25% (ep3) test= 50.00%
  S10 3000ms fold2/5: best_val= 68.75% (ep6) test= 43.75%
  S10 3000ms fold3/5: best_val= 50.00% (ep1) test= 50.00%
  S10 3000ms fold4/5: best_val= 56.25% (ep6) test= 31.25%
  S10 3000ms fold5/5: best_val= 50.00% (ep1) test= 50.00%
  S10 4000ms fold1/5: best_val= 50.00% (ep1) test= 43.75%
  S10 4000ms fold2/5: best_val= 62.50% (ep6) test= 50.00%
  S10 4000ms fold3/5: best_val= 50.00% (ep1) test= 50.00%
  S10 4000ms fold4/5: best_val= 75.00% (ep18) test= 18.75%
  S10 4000ms fold5/5: best_val= 56.25% (ep7) test= 43.75%
S10: 800ms= 48.75%  1500ms= 46.25%  3000ms= 45.00%  4000ms= 41.25%   (42s)
  S11 800ms fold1/5: best_val= 62.50% (ep5) test= 62.50%
  S11 800ms fold2/5: best_val= 68.75% (ep4) test= 56.25%
  S11 800ms fold3/5: best_val= 75.00% (ep11) test= 43.75%
  S11 800ms fold4/5: best_val= 56.25% (ep5) test= 62.50%
  S11 800ms fold5/5: best_val= 75.00% (ep17) test= 75.00%
  S11 1500ms fold1/5: best_val= 56.25% (ep2) test= 43.75%
  S11 1500ms fold2/5: best_val= 62.50% (ep14) test= 62.50%
  S11 1500ms fold3/5: best_val= 56.25% (ep1) test= 43.75%
  S11 1500ms fold4/5: best_val= 68.75% (ep4) test= 56.25%
  S11 1500ms fold5/5: best_val= 56.25% (ep1) test= 50.00%
  S11 3000ms fold1/5: best_val= 62.50% (ep18) test= 25.00%
  S11 3000ms fold2/5: best_val= 50.00% (ep2) test= 50.00%
  S11 3000ms fold3/5: best_val= 62.50% (ep5) test= 68.75%
  S11 3000ms fold4/5: best_val= 75.00% (ep6) test= 31.25%
  S11 3000ms fold5/5: best_val= 68.75% (ep1) test= 50.00%
  S11 4000ms fold1/5: best_val= 56.25% (ep3) test= 50.00%
  S11 4000ms fold2/5: best_val= 56.25% (ep12) test= 62.50%
  S11 4000ms fold3/5: best_val= 62.50% (ep6) test= 50.00%
  S11 4000ms fold4/5: best_val= 50.00% (ep1) test= 50.00%
  S11 4000ms fold5/5: best_val= 50.00% (ep1) test= 50.00%
S11: 800ms= 60.00%  1500ms= 51.25%  3000ms= 45.00%  4000ms= 52.50%   (42s)
  S12 800ms fold1/5: best_val= 68.75% (ep9) test= 43.75%
  S12 800ms fold2/5: best_val= 75.00% (ep5) test= 68.75%
  S12 800ms fold3/5: best_val= 56.25% (ep2) test= 62.50%
  S12 800ms fold4/5: best_val= 75.00% (ep7) test= 43.75%
  S12 800ms fold5/5: best_val= 75.00% (ep6) test= 56.25%
  S12 1500ms fold1/5: best_val= 62.50% (ep3) test= 62.50%
  S12 1500ms fold2/5: best_val= 62.50% (ep1) test= 25.00%
  S12 1500ms fold3/5: best_val= 62.50% (ep2) test= 50.00%
  S12 1500ms fold4/5: best_val= 56.25% (ep6) test= 43.75%
  S12 1500ms fold5/5: best_val= 56.25% (ep6) test= 68.75%
  S12 3000ms fold1/5: best_val= 62.50% (ep13) test= 50.00%
  S12 3000ms fold2/5: best_val= 68.75% (ep32) test= 62.50%
  S12 3000ms fold3/5: best_val= 56.25% (ep4) test= 37.50%
  S12 3000ms fold4/5: best_val= 56.25% (ep1) test= 68.75%
  S12 3000ms fold5/5: best_val= 56.25% (ep4) test= 56.25%
  S12 4000ms fold1/5: best_val= 56.25% (ep15) test= 50.00%
  S12 4000ms fold2/5: best_val= 56.25% (ep4) test= 43.75%
  S12 4000ms fold3/5: best_val= 62.50% (ep27) test= 62.50%
  S12 4000ms fold4/5: best_val= 56.25% (ep2) test= 31.25%
  S12 4000ms fold5/5: best_val= 56.25% (ep10) test= 31.25%
S12: 800ms= 55.00%  1500ms= 50.00%  3000ms= 55.00%  4000ms= 43.75%   (42s)
  S13 800ms fold1/5: best_val= 81.25% (ep10) test= 43.75%
  S13 800ms fold2/5: best_val= 56.25% (ep1) test= 50.00%
  S13 800ms fold3/5: best_val= 62.50% (ep4) test= 50.00%
  S13 800ms fold4/5: best_val= 50.00% (ep1) test= 56.25%
  S13 800ms fold5/5: best_val= 62.50% (ep1) test= 50.00%
  S13 1500ms fold1/5: best_val= 68.75% (ep12) test= 56.25%
  S13 1500ms fold2/5: best_val= 62.50% (ep8) test= 43.75%
  S13 1500ms fold3/5: best_val= 75.00% (ep15) test= 75.00%
  S13 1500ms fold4/5: best_val= 68.75% (ep8) test= 50.00%
  S13 1500ms fold5/5: best_val= 50.00% (ep1) test= 50.00%
  S13 3000ms fold1/5: best_val= 75.00% (ep6) test= 50.00%
  S13 3000ms fold2/5: best_val= 68.75% (ep22) test= 50.00%
  S13 3000ms fold3/5: best_val= 56.25% (ep6) test= 43.75%
  S13 3000ms fold4/5: best_val= 75.00% (ep8) test= 56.25%
  S13 3000ms fold5/5: best_val= 75.00% (ep27) test= 50.00%
  S13 4000ms fold1/5: best_val= 75.00% (ep12) test= 37.50%
  S13 4000ms fold2/5: best_val= 62.50% (ep4) test= 56.25%
  S13 4000ms fold3/5: best_val= 62.50% (ep23) test= 62.50%
  S13 4000ms fold4/5: best_val= 62.50% (ep5) test= 56.25%
  S13 4000ms fold5/5: best_val= 68.75% (ep10) test= 56.25%
S13: 800ms= 50.00%  1500ms= 55.00%  3000ms= 50.00%  4000ms= 53.75%   (42s)
  S14 800ms fold1/5: best_val= 62.50% (ep14) test= 68.75%
  S14 800ms fold2/5: best_val= 75.00% (ep12) test= 68.75%
  S14 800ms fold3/5: best_val= 87.50% (ep16) test= 62.50%
  S14 800ms fold4/5: best_val= 87.50% (ep26) test= 75.00%
  S14 800ms fold5/5: best_val= 81.25% (ep18) test= 93.75%
  S14 1500ms fold1/5: best_val= 56.25% (ep1) test= 50.00%
  S14 1500ms fold2/5: best_val= 68.75% (ep8) test= 62.50%
  S14 1500ms fold3/5: best_val= 87.50% (ep22) test= 50.00%
  S14 1500ms fold4/5: best_val= 81.25% (ep20) test= 43.75%
  S14 1500ms fold5/5: best_val= 62.50% (ep4) test= 56.25%
  S14 3000ms fold1/5: best_val= 50.00% (ep1) test= 50.00%
  S14 3000ms fold2/5: best_val= 81.25% (ep9) test= 56.25%
  S14 3000ms fold3/5: best_val= 75.00% (ep3) test= 43.75%
  S14 3000ms fold4/5: best_val= 75.00% (ep4) test= 37.50%
  S14 3000ms fold5/5: best_val= 56.25% (ep2) test= 62.50%
  S14 4000ms fold1/5: best_val= 56.25% (ep5) test= 43.75%
  S14 4000ms fold2/5: best_val= 68.75% (ep21) test= 37.50%
  S14 4000ms fold3/5: best_val= 62.50% (ep2) test= 50.00%
  S14 4000ms fold4/5: best_val= 56.25% (ep13) test= 37.50%
  S14 4000ms fold5/5: best_val= 50.00% (ep1) test= 43.75%
S14: 800ms= 73.75%  1500ms= 52.50%  3000ms= 50.00%  4000ms= 42.50%   (42s)
  S15 800ms fold1/5: best_val= 56.25% (ep1) test= 50.00%
  S15 800ms fold2/5: best_val= 62.50% (ep12) test= 50.00%
  S15 800ms fold3/5: best_val= 75.00% (ep1) test= 50.00%
  S15 800ms fold4/5: best_val= 62.50% (ep29) test= 43.75%
  S15 800ms fold5/5: best_val= 56.25% (ep24) test= 50.00%
  S15 1500ms fold1/5: best_val= 62.50% (ep4) test= 31.25%
  S15 1500ms fold2/5: best_val= 75.00% (ep12) test= 56.25%
  S15 1500ms fold3/5: best_val= 62.50% (ep2) test= 50.00%
  S15 1500ms fold4/5: best_val= 68.75% (ep2) test= 62.50%
  S15 1500ms fold5/5: best_val= 75.00% (ep24) test= 56.25%
  S15 3000ms fold1/5: best_val= 62.50% (ep1) test= 43.75%
  S15 3000ms fold2/5: best_val= 81.25% (ep15) test= 56.25%
  S15 3000ms fold3/5: best_val= 62.50% (ep4) test= 62.50%
  S15 3000ms fold4/5: best_val= 62.50% (ep5) test= 56.25%
  S15 3000ms fold5/5: best_val= 68.75% (ep7) test= 62.50%
  S15 4000ms fold1/5: best_val= 62.50% (ep6) test= 37.50%
  S15 4000ms fold2/5: best_val= 75.00% (ep27) test= 56.25%
  S15 4000ms fold3/5: best_val= 62.50% (ep4) test= 37.50%
  S15 4000ms fold4/5: best_val= 62.50% (ep5) test= 50.00%
  S15 4000ms fold5/5: best_val= 56.25% (ep1) test= 50.00%
S15: 800ms= 48.75%  1500ms= 51.25%  3000ms= 56.25%  4000ms= 46.25%   (44s)
  S16 800ms fold1/5: best_val= 56.25% (ep1) test= 50.00%
  S16 800ms fold2/5: best_val= 50.00% (ep1) test= 50.00%
  S16 800ms fold3/5: best_val= 50.00% (ep2) test= 50.00%
  S16 800ms fold4/5: best_val= 56.25% (ep3) test= 43.75%
  S16 800ms fold5/5: best_val= 68.75% (ep8) test= 50.00%
  S16 1500ms fold1/5: best_val= 68.75% (ep8) test= 56.25%
  S16 1500ms fold2/5: best_val= 56.25% (ep3) test= 62.50%
  S16 1500ms fold3/5: best_val= 50.00% (ep1) test= 50.00%
  S16 1500ms fold4/5: best_val= 50.00% (ep1) test= 50.00%
  S16 1500ms fold5/5: best_val= 81.25% (ep7) test= 43.75%
  S16 3000ms fold1/5: best_val= 56.25% (ep4) test= 50.00%
  S16 3000ms fold2/5: best_val= 50.00% (ep1) test= 50.00%
  S16 3000ms fold3/5: best_val= 56.25% (ep5) test= 50.00%
  S16 3000ms fold4/5: best_val= 50.00% (ep1) test= 50.00%
  S16 3000ms fold5/5: best_val= 62.50% (ep1) test= 50.00%
  S16 4000ms fold1/5: best_val= 62.50% (ep7) test= 43.75%
  S16 4000ms fold2/5: best_val= 50.00% (ep2) test= 50.00%
  S16 4000ms fold3/5: best_val= 62.50% (ep1) test= 37.50%
  S16 4000ms fold4/5: best_val= 56.25% (ep1) test= 56.25%
  S16 4000ms fold5/5: best_val= 56.25% (ep3) test= 31.25%
S16: 800ms= 48.75%  1500ms= 52.50%  3000ms= 50.00%  4000ms= 43.75%   (46s)
  S17 800ms fold1/5: best_val= 56.25% (ep8) test= 37.50%
  S17 800ms fold2/5: best_val= 68.75% (ep4) test= 50.00%
  S17 800ms fold3/5: best_val= 68.75% (ep15) test= 18.75%
  S17 800ms fold4/5: best_val= 50.00% (ep1) test= 50.00%
  S17 800ms fold5/5: best_val= 56.25% (ep10) test= 50.00%
  S17 1500ms fold1/5: best_val= 62.50% (ep7) test= 37.50%
  S17 1500ms fold2/5: best_val= 56.25% (ep2) test= 62.50%
  S17 1500ms fold3/5: best_val= 50.00% (ep1) test= 50.00%
  S17 1500ms fold4/5: best_val= 62.50% (ep3) test= 56.25%
  S17 1500ms fold5/5: best_val= 56.25% (ep5) test= 43.75%
  S17 3000ms fold1/5: best_val= 68.75% (ep6) test= 37.50%
  S17 3000ms fold2/5: best_val= 56.25% (ep1) test= 50.00%
  S17 3000ms fold3/5: best_val= 50.00% (ep1) test= 50.00%
  S17 3000ms fold4/5: best_val= 81.25% (ep22) test= 56.25%
  S17 3000ms fold5/5: best_val= 68.75% (ep13) test= 43.75%
  S17 4000ms fold1/5: best_val= 87.50% (ep5) test= 50.00%
  S17 4000ms fold2/5: best_val= 56.25% (ep6) test= 62.50%
  S17 4000ms fold3/5: best_val= 56.25% (ep5) test= 50.00%
  S17 4000ms fold4/5: best_val= 68.75% (ep19) test= 31.25%
  S17 4000ms fold5/5: best_val= 62.50% (ep8) test= 56.25%
S17: 800ms= 41.25%  1500ms= 50.00%  3000ms= 47.50%  4000ms= 50.00%   (46s)
  S18 800ms fold1/5: best_val= 56.25% (ep1) test= 43.75%
  S18 800ms fold2/5: best_val= 56.25% (ep6) test= 56.25%
  S18 800ms fold3/5: best_val= 62.50% (ep10) test= 37.50%
  S18 800ms fold4/5: best_val= 68.75% (ep13) test= 37.50%
  S18 800ms fold5/5: best_val= 50.00% (ep1) test= 50.00%
  S18 1500ms fold1/5: best_val= 62.50% (ep10) test= 62.50%
  S18 1500ms fold2/5: best_val= 56.25% (ep7) test= 62.50%
  S18 1500ms fold3/5: best_val= 75.00% (ep3) test= 50.00%
  S18 1500ms fold4/5: best_val= 56.25% (ep4) test= 50.00%
  S18 1500ms fold5/5: best_val= 56.25% (ep3) test= 43.75%
  S18 3000ms fold1/5: best_val= 68.75% (ep12) test= 43.75%
  S18 3000ms fold2/5: best_val= 56.25% (ep4) test= 50.00%
  S18 3000ms fold3/5: best_val= 62.50% (ep9) test= 50.00%
  S18 3000ms fold4/5: best_val= 62.50% (ep5) test= 50.00%
  S18 3000ms fold5/5: best_val= 56.25% (ep8) test= 62.50%
  S18 4000ms fold1/5: best_val= 56.25% (ep6) test= 56.25%
  S18 4000ms fold2/5: best_val= 62.50% (ep6) test= 50.00%
  S18 4000ms fold3/5: best_val= 68.75% (ep7) test= 43.75%
  S18 4000ms fold4/5: best_val= 62.50% (ep19) test= 68.75%
  S18 4000ms fold5/5: best_val= 81.25% (ep8) test= 50.00%
S18: 800ms= 45.00%  1500ms= 53.75%  3000ms= 51.25%  4000ms= 53.75%   (46s)

ALL SUBJECTS COMPLETED — WAA/EPS  (787s)

====================================================================
SAVED WAA/EPS -> /work/11862/rmaahin/ls6/FineMI-enhancements/ConformerEEG/experiments/option_b/results/full/WAA_EPS
gpu=NVIDIA A100-PCIE-40GB | torch=2.8.0+cu128 | seed=42 | model=conformer_b | mode=full
====================================================================
window_ms   800    1500   3000   4000
subject                              
1          52.22  56.67  48.89  53.33
2          47.50  46.25  48.75  53.75
3          55.00  60.00  50.00  51.25
4          53.75  48.75  62.50  75.00
5          62.50  66.25  53.75  47.50
6          52.50  50.00  62.50  58.75
7          47.50  42.50  50.00  51.25
8          52.50  60.00  53.75  60.00
9          48.75  46.25  47.50  51.25
10         48.75  46.25  45.00  41.25
11         60.00  51.25  45.00  52.50
12         55.00  50.00  55.00  43.75
13         50.00  55.00  50.00  53.75
14         73.75  52.50  50.00  42.50
15         48.75  51.25  56.25  46.25
16         48.75  52.50  50.00  43.75
17         41.25  50.00  47.50  50.00
18         45.00  53.75  51.25  53.75

mean: {800: 52.42, 1500: 52.18, 3000: 51.54, 4000: 51.64}
sd  : {800: 7.35, 1500: 5.83, 3000: 5.02, 4000: 7.85}

Pairs saved so far in /work/11862/rmaahin/ls6/FineMI-enhancements/ConformerEEG/experiments/option_b/results/full: 10/28

##### pair_idx=14 (WAA_EFE) #####

Using device: cuda | gpu=NVIDIA A100-PCIE-40GB | torch=2.8.0+cu128
NOTE: determinism holds per-GPU-model. Record this GPU name.

PAIR: WAA/EFE  (classes 2 vs 4)  model=conformer_b  mode=full
Test time windows: [800, 1500, 3000, 4000] ms
Test time windows (samples): [200, 375, 750, 1000]

BINARY CLASSIFICATION: Class 2 vs Class 4  (WAA/EFE)
  Class 0 (original 2): 725 trials
  Class 1 (original 4): 725 trials

Extracted time windows:
  800ms (200 samples): shape (1450, 62, 200)
  1500ms (375 samples): shape (1450, 62, 375)
  3000ms (750 samples): shape (1450, 62, 750)
  4000ms (1000 samples): shape (1450, 62, 1000)

Model configuration:
  Model: conformer_b
  Channels: 62
  Subjects: [1, 2, 3, 4, 5, 6, 7, 8, 9, 10, 11, 12, 13, 14, 15, 16, 17, 18]
  Time windows: [800, 1500, 3000, 4000] ms
  Classes: 2 (Binary: Class 2 vs Class 4)
  Folds: 5
  Batch size: 32
  Epochs per subject per time window: 50
  S1 800ms fold1/5: best_val= 72.22% (ep1) test= 50.00%
  S1 800ms fold2/5: best_val= 72.22% (ep5) test= 50.00%
  S1 800ms fold3/5: best_val= 66.67% (ep9) test= 55.56%
  S1 800ms fold4/5: best_val= 61.11% (ep7) test= 55.56%
  S1 800ms fold5/5: best_val= 55.56% (ep5) test= 66.67%
  S1 1500ms fold1/5: best_val= 77.78% (ep10) test= 44.44%
  S1 1500ms fold2/5: best_val= 72.22% (ep9) test= 66.67%
  S1 1500ms fold3/5: best_val= 83.33% (ep5) test= 61.11%
  S1 1500ms fold4/5: best_val= 77.78% (ep3) test= 72.22%
  S1 1500ms fold5/5: best_val= 66.67% (ep11) test= 72.22%
  S1 3000ms fold1/5: best_val= 72.22% (ep3) test= 50.00%
  S1 3000ms fold2/5: best_val= 72.22% (ep10) test= 61.11%
  S1 3000ms fold3/5: best_val= 88.89% (ep17) test= 66.67%
  S1 3000ms fold4/5: best_val= 77.78% (ep12) test= 61.11%
  S1 3000ms fold5/5: best_val= 72.22% (ep3) test= 72.22%
  S1 4000ms fold1/5: best_val= 83.33% (ep7) test= 61.11%
  S1 4000ms fold2/5: best_val= 77.78% (ep10) test= 55.56%
  S1 4000ms fold3/5: best_val= 83.33% (ep5) test= 55.56%
  S1 4000ms fold4/5: best_val= 77.78% (ep14) test= 61.11%
  S1 4000ms fold5/5: best_val= 72.22% (ep5) test= 77.78%
S 1: 800ms= 55.56%  1500ms= 63.33%  3000ms= 62.22%  4000ms= 62.22%   (59s)
  S2 800ms fold1/5: best_val= 56.25% (ep7) test= 62.50%
  S2 800ms fold2/5: best_val= 68.75% (ep9) test= 68.75%
  S2 800ms fold3/5: best_val= 56.25% (ep6) test= 56.25%
  S2 800ms fold4/5: best_val= 56.25% (ep7) test= 50.00%
  S2 800ms fold5/5: best_val= 68.75% (ep5) test= 75.00%
  S2 1500ms fold1/5: best_val= 62.50% (ep10) test= 56.25%
  S2 1500ms fold2/5: best_val= 56.25% (ep4) test= 50.00%
  S2 1500ms fold3/5: best_val= 68.75% (ep7) test= 50.00%
  S2 1500ms fold4/5: best_val= 62.50% (ep6) test= 43.75%
  S2 1500ms fold5/5: best_val= 50.00% (ep2) test= 50.00%
  S2 3000ms fold1/5: best_val= 68.75% (ep7) test= 43.75%
  S2 3000ms fold2/5: best_val= 81.25% (ep7) test= 50.00%
  S2 3000ms fold3/5: best_val= 68.75% (ep8) test= 68.75%
  S2 3000ms fold4/5: best_val= 62.50% (ep11) test= 43.75%
  S2 3000ms fold5/5: best_val= 50.00% (ep1) test= 50.00%
  S2 4000ms fold1/5: best_val= 75.00% (ep16) test= 37.50%
  S2 4000ms fold2/5: best_val= 81.25% (ep7) test= 37.50%
  S2 4000ms fold3/5: best_val= 68.75% (ep10) test= 75.00%
  S2 4000ms fold4/5: best_val= 68.75% (ep12) test= 50.00%
  S2 4000ms fold5/5: best_val= 50.00% (ep1) test= 50.00%
S 2: 800ms= 62.50%  1500ms= 50.00%  3000ms= 51.25%  4000ms= 50.00%   (46s)
  S3 800ms fold1/5: best_val= 62.50% (ep3) test= 31.25%
  S3 800ms fold2/5: best_val= 56.25% (ep7) test= 62.50%
  S3 800ms fold3/5: best_val= 50.00% (ep1) test= 50.00%
  S3 800ms fold4/5: best_val= 62.50% (ep1) test= 56.25%
  S3 800ms fold5/5: best_val= 56.25% (ep2) test= 31.25%
  S3 1500ms fold1/5: best_val= 62.50% (ep5) test= 50.00%
  S3 1500ms fold2/5: best_val= 56.25% (ep6) test= 50.00%
  S3 1500ms fold3/5: best_val= 68.75% (ep3) test= 62.50%
  S3 1500ms fold4/5: best_val= 68.75% (ep15) test= 75.00%
  S3 1500ms fold5/5: best_val= 62.50% (ep9) test= 75.00%
  S3 3000ms fold1/5: best_val= 68.75% (ep10) test= 62.50%
  S3 3000ms fold2/5: best_val= 68.75% (ep8) test= 43.75%
  S3 3000ms fold3/5: best_val= 56.25% (ep8) test= 75.00%
  S3 3000ms fold4/5: best_val= 50.00% (ep1) test= 50.00%
  S3 3000ms fold5/5: best_val= 62.50% (ep7) test= 56.25%
  S3 4000ms fold1/5: best_val= 75.00% (ep21) test= 50.00%
  S3 4000ms fold2/5: best_val= 62.50% (ep15) test= 43.75%
  S3 4000ms fold3/5: best_val= 68.75% (ep14) test= 68.75%
  S3 4000ms fold4/5: best_val= 75.00% (ep20) test= 50.00%
  S3 4000ms fold5/5: best_val= 68.75% (ep4) test= 43.75%
S 3: 800ms= 46.25%  1500ms= 62.50%  3000ms= 57.50%  4000ms= 51.25%   (46s)
  S4 800ms fold1/5: best_val= 75.00% (ep8) test= 68.75%
  S4 800ms fold2/5: best_val= 93.75% (ep3) test= 62.50%
  S4 800ms fold3/5: best_val= 75.00% (ep5) test= 56.25%
  S4 800ms fold4/5: best_val= 75.00% (ep13) test= 62.50%
  S4 800ms fold5/5: best_val= 75.00% (ep10) test= 68.75%
  S4 1500ms fold1/5: best_val= 75.00% (ep29) test= 50.00%
  S4 1500ms fold2/5: best_val= 75.00% (ep5) test= 62.50%
  S4 1500ms fold3/5: best_val= 75.00% (ep5) test= 50.00%
  S4 1500ms fold4/5: best_val= 75.00% (ep29) test= 75.00%
  S4 1500ms fold5/5: best_val= 62.50% (ep7) test= 56.25%
  S4 3000ms fold1/5: best_val= 68.75% (ep16) test= 81.25%
  S4 3000ms fold2/5: best_val= 81.25% (ep24) test= 81.25%
  S4 3000ms fold3/5: best_val= 81.25% (ep6) test= 81.25%
  S4 3000ms fold4/5: best_val= 81.25% (ep16) test= 87.50%
  S4 3000ms fold5/5: best_val= 75.00% (ep12) test= 56.25%
  S4 4000ms fold1/5: best_val= 87.50% (ep15) test= 81.25%
  S4 4000ms fold2/5: best_val= 68.75% (ep14) test= 81.25%
  S4 4000ms fold3/5: best_val= 87.50% (ep16) test= 43.75%
  S4 4000ms fold4/5: best_val= 75.00% (ep15) test= 87.50%
  S4 4000ms fold5/5: best_val= 87.50% (ep14) test= 43.75%
S 4: 800ms= 63.75%  1500ms= 58.75%  3000ms= 77.50%  4000ms= 67.50%   (47s)
  S5 800ms fold1/5: best_val= 81.25% (ep13) test= 43.75%
  S5 800ms fold2/5: best_val= 62.50% (ep11) test= 43.75%
  S5 800ms fold3/5: best_val= 62.50% (ep5) test= 56.25%
  S5 800ms fold4/5: best_val= 68.75% (ep8) test= 50.00%
  S5 800ms fold5/5: best_val= 62.50% (ep8) test= 50.00%
  S5 1500ms fold1/5: best_val= 62.50% (ep9) test= 31.25%
  S5 1500ms fold2/5: best_val= 50.00% (ep1) test= 50.00%
  S5 1500ms fold3/5: best_val= 75.00% (ep9) test= 43.75%
  S5 1500ms fold4/5: best_val= 68.75% (ep2) test= 43.75%
  S5 1500ms fold5/5: best_val= 62.50% (ep11) test= 62.50%
  S5 3000ms fold1/5: best_val= 68.75% (ep9) test= 50.00%
  S5 3000ms fold2/5: best_val= 50.00% (ep1) test= 50.00%
  S5 3000ms fold3/5: best_val= 62.50% (ep13) test= 37.50%
  S5 3000ms fold4/5: best_val= 75.00% (ep3) test= 43.75%
  S5 3000ms fold5/5: best_val= 75.00% (ep3) test= 56.25%
  S5 4000ms fold1/5: best_val= 75.00% (ep19) test= 62.50%
  S5 4000ms fold2/5: best_val= 75.00% (ep24) test= 68.75%
  S5 4000ms fold3/5: best_val= 50.00% (ep1) test= 50.00%
  S5 4000ms fold4/5: best_val= 81.25% (ep8) test= 43.75%
  S5 4000ms fold5/5: best_val= 68.75% (ep4) test= 56.25%
S 5: 800ms= 48.75%  1500ms= 46.25%  3000ms= 47.50%  4000ms= 56.25%   (47s)
  S6 800ms fold1/5: best_val= 81.25% (ep6) test= 43.75%
  S6 800ms fold2/5: best_val= 68.75% (ep7) test= 56.25%
  S6 800ms fold3/5: best_val= 56.25% (ep9) test= 62.50%
  S6 800ms fold4/5: best_val= 62.50% (ep7) test= 43.75%
  S6 800ms fold5/5: best_val= 68.75% (ep2) test= 62.50%
  S6 1500ms fold1/5: best_val= 68.75% (ep5) test= 50.00%
  S6 1500ms fold2/5: best_val= 62.50% (ep12) test= 50.00%
  S6 1500ms fold3/5: best_val= 56.25% (ep2) test= 56.25%
  S6 1500ms fold4/5: best_val= 68.75% (ep12) test= 68.75%
  S6 1500ms fold5/5: best_val= 50.00% (ep1) test= 50.00%
  S6 3000ms fold1/5: best_val= 81.25% (ep19) test= 62.50%
  S6 3000ms fold2/5: best_val= 56.25% (ep17) test= 56.25%
  S6 3000ms fold3/5: best_val= 81.25% (ep11) test= 56.25%
  S6 3000ms fold4/5: best_val= 56.25% (ep4) test= 50.00%
  S6 3000ms fold5/5: best_val= 50.00% (ep1) test= 50.00%
  S6 4000ms fold1/5: best_val= 87.50% (ep10) test= 62.50%
  S6 4000ms fold2/5: best_val= 56.25% (ep7) test= 43.75%
  S6 4000ms fold3/5: best_val= 75.00% (ep13) test= 56.25%
  S6 4000ms fold4/5: best_val= 68.75% (ep10) test= 62.50%
  S6 4000ms fold5/5: best_val= 56.25% (ep6) test= 87.50%
S 6: 800ms= 53.75%  1500ms= 55.00%  3000ms= 55.00%  4000ms= 62.50%   (46s)
  S7 800ms fold1/5: best_val= 68.75% (ep9) test= 68.75%
  S7 800ms fold2/5: best_val= 81.25% (ep15) test= 50.00%
  S7 800ms fold3/5: best_val= 93.75% (ep10) test= 81.25%
  S7 800ms fold4/5: best_val= 81.25% (ep8) test= 62.50%
  S7 800ms fold5/5: best_val= 68.75% (ep28) test= 62.50%
  S7 1500ms fold1/5: best_val= 68.75% (ep10) test= 68.75%
  S7 1500ms fold2/5: best_val= 81.25% (ep12) test= 56.25%
  S7 1500ms fold3/5: best_val= 68.75% (ep10) test= 68.75%
  S7 1500ms fold4/5: best_val= 62.50% (ep10) test= 56.25%
  S7 1500ms fold5/5: best_val= 56.25% (ep12) test= 56.25%
  S7 3000ms fold1/5: best_val= 75.00% (ep13) test= 50.00%
  S7 3000ms fold2/5: best_val= 68.75% (ep15) test= 68.75%
  S7 3000ms fold3/5: best_val= 75.00% (ep14) test= 81.25%
  S7 3000ms fold4/5: best_val= 62.50% (ep8) test= 62.50%
  S7 3000ms fold5/5: best_val= 50.00% (ep1) test= 50.00%
  S7 4000ms fold1/5: best_val=100.00% (ep20) test= 56.25%
  S7 4000ms fold2/5: best_val= 68.75% (ep3) test= 56.25%
  S7 4000ms fold3/5: best_val= 68.75% (ep7) test= 50.00%
  S7 4000ms fold4/5: best_val= 75.00% (ep13) test= 56.25%
  S7 4000ms fold5/5: best_val= 56.25% (ep11) test= 50.00%
S 7: 800ms= 65.00%  1500ms= 61.25%  3000ms= 62.50%  4000ms= 53.75%   (46s)
  S8 800ms fold1/5: best_val= 68.75% (ep4) test= 56.25%
  S8 800ms fold2/5: best_val= 50.00% (ep1) test= 50.00%
  S8 800ms fold3/5: best_val= 56.25% (ep10) test= 43.75%
  S8 800ms fold4/5: best_val= 62.50% (ep4) test= 50.00%
  S8 800ms fold5/5: best_val= 62.50% (ep1) test= 62.50%
  S8 1500ms fold1/5: best_val= 68.75% (ep14) test= 68.75%
  S8 1500ms fold2/5: best_val= 56.25% (ep5) test= 50.00%
  S8 1500ms fold3/5: best_val= 56.25% (ep17) test= 68.75%
  S8 1500ms fold4/5: best_val= 68.75% (ep10) test= 31.25%
  S8 1500ms fold5/5: best_val= 68.75% (ep2) test= 43.75%
  S8 3000ms fold1/5: best_val= 62.50% (ep8) test= 50.00%
  S8 3000ms fold2/5: best_val= 50.00% (ep1) test= 50.00%
  S8 3000ms fold3/5: best_val= 56.25% (ep2) test= 56.25%
  S8 3000ms fold4/5: best_val= 62.50% (ep16) test= 31.25%
  S8 3000ms fold5/5: best_val= 50.00% (ep1) test= 50.00%
  S8 4000ms fold1/5: best_val= 56.25% (ep12) test= 56.25%
  S8 4000ms fold2/5: best_val= 56.25% (ep14) test= 50.00%
  S8 4000ms fold3/5: best_val= 50.00% (ep1) test= 50.00%
  S8 4000ms fold4/5: best_val= 68.75% (ep2) test= 68.75%
  S8 4000ms fold5/5: best_val= 56.25% (ep4) test= 50.00%
S 8: 800ms= 52.50%  1500ms= 52.50%  3000ms= 47.50%  4000ms= 55.00%   (46s)
  S9 800ms fold1/5: best_val= 75.00% (ep5) test= 43.75%
  S9 800ms fold2/5: best_val= 75.00% (ep3) test= 68.75%
  S9 800ms fold3/5: best_val= 56.25% (ep6) test= 50.00%
  S9 800ms fold4/5: best_val= 62.50% (ep4) test= 56.25%
  S9 800ms fold5/5: best_val= 62.50% (ep8) test= 56.25%
  S9 1500ms fold1/5: best_val= 62.50% (ep10) test= 37.50%
  S9 1500ms fold2/5: best_val= 56.25% (ep5) test= 50.00%
  S9 1500ms fold3/5: best_val= 50.00% (ep1) test= 50.00%
  S9 1500ms fold4/5: best_val= 56.25% (ep17) test= 56.25%
  S9 1500ms fold5/5: best_val= 68.75% (ep7) test= 37.50%
  S9 3000ms fold1/5: best_val= 62.50% (ep14) test= 50.00%
  S9 3000ms fold2/5: best_val= 62.50% (ep9) test= 68.75%
  S9 3000ms fold3/5: best_val= 50.00% (ep1) test= 50.00%
  S9 3000ms fold4/5: best_val= 56.25% (ep3) test= 50.00%
  S9 3000ms fold5/5: best_val= 56.25% (ep2) test= 31.25%
  S9 4000ms fold1/5: best_val= 68.75% (ep6) test= 62.50%
  S9 4000ms fold2/5: best_val= 75.00% (ep23) test= 62.50%
  S9 4000ms fold3/5: best_val= 50.00% (ep1) test= 50.00%
  S9 4000ms fold4/5: best_val= 68.75% (ep24) test= 68.75%
  S9 4000ms fold5/5: best_val= 62.50% (ep7) test= 43.75%
S 9: 800ms= 55.00%  1500ms= 46.25%  3000ms= 50.00%  4000ms= 57.50%   (46s)
  S10 800ms fold1/5: best_val= 62.50% (ep12) test= 37.50%
  S10 800ms fold2/5: best_val= 68.75% (ep5) test= 43.75%
  S10 800ms fold3/5: best_val= 62.50% (ep16) test= 50.00%
  S10 800ms fold4/5: best_val= 50.00% (ep1) test= 50.00%
  S10 800ms fold5/5: best_val= 56.25% (ep4) test= 81.25%
  S10 1500ms fold1/5: best_val= 56.25% (ep11) test= 56.25%
  S10 1500ms fold2/5: best_val= 56.25% (ep7) test= 37.50%
  S10 1500ms fold3/5: best_val= 50.00% (ep1) test= 50.00%
  S10 1500ms fold4/5: best_val= 56.25% (ep1) test= 25.00%
  S10 1500ms fold5/5: best_val= 56.25% (ep7) test= 43.75%
  S10 3000ms fold1/5: best_val= 56.25% (ep12) test= 37.50%
  S10 3000ms fold2/5: best_val= 56.25% (ep1) test= 56.25%
  S10 3000ms fold3/5: best_val= 56.25% (ep11) test= 50.00%
  S10 3000ms fold4/5: best_val= 56.25% (ep4) test= 50.00%
  S10 3000ms fold5/5: best_val= 56.25% (ep15) test= 50.00%
  S10 4000ms fold1/5: best_val= 56.25% (ep11) test= 50.00%
  S10 4000ms fold2/5: best_val= 50.00% (ep1) test= 50.00%
  S10 4000ms fold3/5: best_val= 56.25% (ep9) test= 50.00%
  S10 4000ms fold4/5: best_val= 50.00% (ep1) test= 50.00%
  S10 4000ms fold5/5: best_val= 56.25% (ep15) test= 43.75%
S10: 800ms= 52.50%  1500ms= 42.50%  3000ms= 48.75%  4000ms= 48.75%   (46s)
  S11 800ms fold1/5: best_val= 50.00% (ep1) test= 50.00%
  S11 800ms fold2/5: best_val= 56.25% (ep6) test= 68.75%
  S11 800ms fold3/5: best_val= 68.75% (ep8) test= 37.50%
  S11 800ms fold4/5: best_val= 62.50% (ep1) test= 62.50%
  S11 800ms fold5/5: best_val= 56.25% (ep5) test= 50.00%
  S11 1500ms fold1/5: best_val= 75.00% (ep7) test= 56.25%
  S11 1500ms fold2/5: best_val= 56.25% (ep26) test= 56.25%
  S11 1500ms fold3/5: best_val= 75.00% (ep10) test= 56.25%
  S11 1500ms fold4/5: best_val= 68.75% (ep3) test= 50.00%
  S11 1500ms fold5/5: best_val= 56.25% (ep6) test= 50.00%
  S11 3000ms fold1/5: best_val= 62.50% (ep35) test= 50.00%
  S11 3000ms fold2/5: best_val= 56.25% (ep7) test= 50.00%
  S11 3000ms fold3/5: best_val= 56.25% (ep4) test= 56.25%
  S11 3000ms fold4/5: best_val= 62.50% (ep1) test= 43.75%
  S11 3000ms fold5/5: best_val= 75.00% (ep8) test= 56.25%
  S11 4000ms fold1/5: best_val= 62.50% (ep10) test= 56.25%
  S11 4000ms fold2/5: best_val= 56.25% (ep5) test= 50.00%
  S11 4000ms fold3/5: best_val= 62.50% (ep6) test= 56.25%
  S11 4000ms fold4/5: best_val= 50.00% (ep1) test= 50.00%
  S11 4000ms fold5/5: best_val= 62.50% (ep6) test= 56.25%
S11: 800ms= 53.75%  1500ms= 53.75%  3000ms= 51.25%  4000ms= 53.75%   (46s)
  S12 800ms fold1/5: best_val= 56.25% (ep1) test= 56.25%
  S12 800ms fold2/5: best_val= 56.25% (ep1) test= 43.75%
  S12 800ms fold3/5: best_val= 56.25% (ep6) test= 43.75%
  S12 800ms fold4/5: best_val= 68.75% (ep12) test= 37.50%
  S12 800ms fold5/5: best_val= 62.50% (ep4) test= 50.00%
  S12 1500ms fold1/5: best_val= 62.50% (ep7) test= 43.75%
  S12 1500ms fold2/5: best_val= 56.25% (ep1) test= 50.00%
  S12 1500ms fold3/5: best_val= 56.25% (ep4) test= 50.00%
  S12 1500ms fold4/5: best_val= 56.25% (ep5) test= 50.00%
  S12 1500ms fold5/5: best_val= 62.50% (ep17) test= 56.25%
  S12 3000ms fold1/5: best_val= 62.50% (ep1) test= 43.75%
  S12 3000ms fold2/5: best_val= 62.50% (ep9) test= 75.00%
  S12 3000ms fold3/5: best_val= 62.50% (ep8) test= 68.75%
  S12 3000ms fold4/5: best_val= 50.00% (ep1) test= 50.00%
  S12 3000ms fold5/5: best_val= 75.00% (ep18) test= 56.25%
  S12 4000ms fold1/5: best_val= 56.25% (ep13) test= 43.75%
  S12 4000ms fold2/5: best_val= 62.50% (ep13) test= 75.00%
  S12 4000ms fold3/5: best_val= 68.75% (ep13) test= 62.50%
  S12 4000ms fold4/5: best_val= 62.50% (ep10) test= 37.50%
  S12 4000ms fold5/5: best_val= 56.25% (ep22) test= 50.00%
S12: 800ms= 46.25%  1500ms= 50.00%  3000ms= 58.75%  4000ms= 53.75%   (46s)
  S13 800ms fold1/5: best_val= 62.50% (ep8) test= 75.00%
  S13 800ms fold2/5: best_val= 56.25% (ep5) test= 62.50%
  S13 800ms fold3/5: best_val= 81.25% (ep25) test= 50.00%
  S13 800ms fold4/5: best_val= 50.00% (ep2) test= 43.75%
  S13 800ms fold5/5: best_val= 68.75% (ep10) test= 68.75%
  S13 1500ms fold1/5: best_val= 68.75% (ep6) test= 75.00%
  S13 1500ms fold2/5: best_val= 56.25% (ep10) test= 43.75%
  S13 1500ms fold3/5: best_val= 68.75% (ep3) test= 43.75%
  S13 1500ms fold4/5: best_val= 68.75% (ep1) test= 62.50%
  S13 1500ms fold5/5: best_val= 50.00% (ep1) test= 50.00%
  S13 3000ms fold1/5: best_val= 62.50% (ep13) test= 75.00%
  S13 3000ms fold2/5: best_val= 62.50% (ep8) test= 68.75%
  S13 3000ms fold3/5: best_val= 62.50% (ep6) test= 62.50%
  S13 3000ms fold4/5: best_val= 75.00% (ep4) test= 50.00%
  S13 3000ms fold5/5: best_val= 68.75% (ep38) test= 62.50%
  S13 4000ms fold1/5: best_val= 68.75% (ep6) test= 75.00%
  S13 4000ms fold2/5: best_val= 56.25% (ep1) test= 50.00%
  S13 4000ms fold3/5: best_val= 62.50% (ep9) test= 50.00%
  S13 4000ms fold4/5: best_val= 62.50% (ep4) test= 37.50%
  S13 4000ms fold5/5: best_val= 68.75% (ep1) test= 43.75%
S13: 800ms= 60.00%  1500ms= 55.00%  3000ms= 63.75%  4000ms= 51.25%   (46s)
  S14 800ms fold1/5: best_val= 81.25% (ep8) test= 75.00%
  S14 800ms fold2/5: best_val= 68.75% (ep16) test= 81.25%
  S14 800ms fold3/5: best_val= 87.50% (ep5) test= 43.75%
  S14 800ms fold4/5: best_val= 68.75% (ep10) test= 43.75%
  S14 800ms fold5/5: best_val= 68.75% (ep4) test= 75.00%
  S14 1500ms fold1/5: best_val= 75.00% (ep2) test= 62.50%
  S14 1500ms fold2/5: best_val= 62.50% (ep6) test= 62.50%
  S14 1500ms fold3/5: best_val= 75.00% (ep18) test= 37.50%
  S14 1500ms fold4/5: best_val= 81.25% (ep19) test= 50.00%
  S14 1500ms fold5/5: best_val= 68.75% (ep8) test= 62.50%
  S14 3000ms fold1/5: best_val= 75.00% (ep3) test= 62.50%
  S14 3000ms fold2/5: best_val= 81.25% (ep6) test= 62.50%
  S14 3000ms fold3/5: best_val= 56.25% (ep6) test= 43.75%
  S14 3000ms fold4/5: best_val= 81.25% (ep17) test= 56.25%
  S14 3000ms fold5/5: best_val= 68.75% (ep12) test= 81.25%
  S14 4000ms fold1/5: best_val= 87.50% (ep14) test= 62.50%
  S14 4000ms fold2/5: best_val= 75.00% (ep5) test= 81.25%
  S14 4000ms fold3/5: best_val= 68.75% (ep6) test= 56.25%
  S14 4000ms fold4/5: best_val= 68.75% (ep12) test= 50.00%
  S14 4000ms fold5/5: best_val= 75.00% (ep21) test= 62.50%
S14: 800ms= 63.75%  1500ms= 55.00%  3000ms= 61.25%  4000ms= 62.50%   (46s)
  S15 800ms fold1/5: best_val= 50.00% (ep1) test= 50.00%
  S15 800ms fold2/5: best_val= 75.00% (ep3) test= 56.25%
  S15 800ms fold3/5: best_val= 68.75% (ep9) test= 68.75%
  S15 800ms fold4/5: best_val= 56.25% (ep19) test= 68.75%
  S15 800ms fold5/5: best_val= 50.00% (ep2) test= 50.00%
  S15 1500ms fold1/5: best_val= 68.75% (ep3) test= 37.50%
  S15 1500ms fold2/5: best_val= 56.25% (ep11) test= 50.00%
  S15 1500ms fold3/5: best_val= 56.25% (ep7) test= 62.50%
  S15 1500ms fold4/5: best_val= 56.25% (ep3) test= 56.25%
  S15 1500ms fold5/5: best_val= 56.25% (ep1) test= 43.75%
  S15 3000ms fold1/5: best_val= 56.25% (ep1) test= 37.50%
  S15 3000ms fold2/5: best_val= 62.50% (ep1) test= 56.25%
  S15 3000ms fold3/5: best_val= 62.50% (ep14) test= 50.00%
  S15 3000ms fold4/5: best_val= 62.50% (ep7) test= 68.75%
  S15 3000ms fold5/5: best_val= 56.25% (ep9) test= 56.25%
  S15 4000ms fold1/5: best_val= 56.25% (ep4) test= 50.00%
  S15 4000ms fold2/5: best_val= 62.50% (ep9) test= 56.25%
  S15 4000ms fold3/5: best_val= 62.50% (ep1) test= 37.50%
  S15 4000ms fold4/5: best_val= 68.75% (ep13) test= 62.50%
  S15 4000ms fold5/5: best_val= 50.00% (ep1) test= 50.00%
S15: 800ms= 58.75%  1500ms= 50.00%  3000ms= 53.75%  4000ms= 51.25%   (46s)
  S16 800ms fold1/5: best_val= 56.25% (ep1) test= 62.50%
  S16 800ms fold2/5: best_val= 62.50% (ep5) test= 37.50%
  S16 800ms fold3/5: best_val= 62.50% (ep6) test= 68.75%
  S16 800ms fold4/5: best_val= 62.50% (ep1) test= 25.00%
  S16 800ms fold5/5: best_val= 68.75% (ep4) test= 56.25%
  S16 1500ms fold1/5: best_val= 62.50% (ep24) test= 56.25%
  S16 1500ms fold2/5: best_val= 62.50% (ep10) test= 50.00%
  S16 1500ms fold3/5: best_val= 50.00% (ep1) test= 50.00%
  S16 1500ms fold4/5: best_val= 62.50% (ep8) test= 56.25%
  S16 1500ms fold5/5: best_val= 62.50% (ep6) test= 43.75%
  S16 3000ms fold1/5: best_val= 68.75% (ep13) test= 62.50%
  S16 3000ms fold2/5: best_val= 68.75% (ep6) test= 50.00%
  S16 3000ms fold3/5: best_val= 56.25% (ep6) test= 56.25%
  S16 3000ms fold4/5: best_val= 62.50% (ep6) test= 56.25%
  S16 3000ms fold5/5: best_val= 50.00% (ep1) test= 50.00%
  S16 4000ms fold1/5: best_val= 68.75% (ep9) test= 56.25%
  S16 4000ms fold2/5: best_val= 81.25% (ep14) test= 50.00%
  S16 4000ms fold3/5: best_val= 62.50% (ep10) test= 50.00%
  S16 4000ms fold4/5: best_val= 75.00% (ep6) test= 62.50%
  S16 4000ms fold5/5: best_val= 62.50% (ep11) test= 62.50%
S16: 800ms= 50.00%  1500ms= 51.25%  3000ms= 55.00%  4000ms= 56.25%   (46s)
  S17 800ms fold1/5: best_val= 75.00% (ep8) test= 62.50%
  S17 800ms fold2/5: best_val= 50.00% (ep1) test= 50.00%
  S17 800ms fold3/5: best_val= 56.25% (ep4) test= 50.00%
  S17 800ms fold4/5: best_val= 75.00% (ep13) test= 50.00%
  S17 800ms fold5/5: best_val= 68.75% (ep7) test= 50.00%
  S17 1500ms fold1/5: best_val= 68.75% (ep21) test= 62.50%
  S17 1500ms fold2/5: best_val= 56.25% (ep3) test= 56.25%
  S17 1500ms fold3/5: best_val= 62.50% (ep8) test= 50.00%
  S17 1500ms fold4/5: best_val= 87.50% (ep13) test= 75.00%
  S17 1500ms fold5/5: best_val= 50.00% (ep2) test= 50.00%
  S17 3000ms fold1/5: best_val= 56.25% (ep5) test= 56.25%
  S17 3000ms fold2/5: best_val= 50.00% (ep1) test= 75.00%
  S17 3000ms fold3/5: best_val= 62.50% (ep10) test= 37.50%
  S17 3000ms fold4/5: best_val= 75.00% (ep9) test= 68.75%
  S17 3000ms fold5/5: best_val= 62.50% (ep11) test= 37.50%
  S17 4000ms fold1/5: best_val= 56.25% (ep7) test= 68.75%
  S17 4000ms fold2/5: best_val= 68.75% (ep8) test= 62.50%
  S17 4000ms fold3/5: best_val= 75.00% (ep38) test= 31.25%
  S17 4000ms fold4/5: best_val= 75.00% (ep19) test= 43.75%
  S17 4000ms fold5/5: best_val= 68.75% (ep18) test= 43.75%
S17: 800ms= 52.50%  1500ms= 58.75%  3000ms= 55.00%  4000ms= 50.00%   (45s)
  S18 800ms fold1/5: best_val= 68.75% (ep21) test= 68.75%
  S18 800ms fold2/5: best_val= 93.75% (ep7) test= 62.50%
  S18 800ms fold3/5: best_val= 62.50% (ep7) test= 56.25%
  S18 800ms fold4/5: best_val= 50.00% (ep1) test= 50.00%
  S18 800ms fold5/5: best_val= 62.50% (ep8) test= 75.00%
  S18 1500ms fold1/5: best_val= 62.50% (ep2) test= 62.50%
  S18 1500ms fold2/5: best_val= 75.00% (ep21) test= 62.50%
  S18 1500ms fold3/5: best_val= 56.25% (ep1) test= 50.00%
  S18 1500ms fold4/5: best_val= 56.25% (ep2) test= 62.50%
  S18 1500ms fold5/5: best_val= 50.00% (ep1) test= 50.00%
  S18 3000ms fold1/5: best_val= 68.75% (ep17) test= 50.00%
  S18 3000ms fold2/5: best_val= 56.25% (ep10) test= 37.50%
  S18 3000ms fold3/5: best_val= 56.25% (ep4) test= 50.00%
  S18 3000ms fold4/5: best_val= 56.25% (ep12) test= 81.25%
  S18 3000ms fold5/5: best_val= 56.25% (ep10) test= 62.50%
  S18 4000ms fold1/5: best_val= 68.75% (ep22) test= 68.75%
  S18 4000ms fold2/5: best_val= 68.75% (ep6) test= 56.25%
  S18 4000ms fold3/5: best_val= 75.00% (ep15) test= 37.50%
  S18 4000ms fold4/5: best_val= 50.00% (ep1) test= 50.00%
  S18 4000ms fold5/5: best_val= 75.00% (ep11) test= 43.75%
S18: 800ms= 62.50%  1500ms= 57.50%  3000ms= 56.25%  4000ms= 51.25%   (42s)

ALL SUBJECTS COMPLETED — WAA/EFE  (841s)

====================================================================
SAVED WAA/EFE -> /work/11862/rmaahin/ls6/FineMI-enhancements/ConformerEEG/experiments/option_b/results/full/WAA_EFE
gpu=NVIDIA A100-PCIE-40GB | torch=2.8.0+cu128 | seed=42 | model=conformer_b | mode=full
====================================================================
window_ms   800    1500   3000   4000
subject                              
1          55.56  63.33  62.22  62.22
2          62.50  50.00  51.25  50.00
3          46.25  62.50  57.50  51.25
4          63.75  58.75  77.50  67.50
5          48.75  46.25  47.50  56.25
6          53.75  55.00  55.00  62.50
7          65.00  61.25  62.50  53.75
8          52.50  52.50  47.50  55.00
9          55.00  46.25  50.00  57.50
10         52.50  42.50  48.75  48.75
11         53.75  53.75  51.25  53.75
12         46.25  50.00  58.75  53.75
13         60.00  55.00  63.75  51.25
14         63.75  55.00  61.25  62.50
15         58.75  50.00  53.75  51.25
16         50.00  51.25  55.00  56.25
17         52.50  58.75  55.00  50.00
18         62.50  57.50  56.25  51.25

mean: {800: 55.73, 1500: 53.87, 3000: 56.37, 4000: 55.26}
sd  : {800: 6.11, 1500: 5.85, 3000: 7.37, 4000: 5.31}

Pairs saved so far in /work/11862/rmaahin/ls6/FineMI-enhancements/ConformerEEG/experiments/option_b/results/full: 13/28

##### pair_idx=15 (WAA_SPS) #####

Using device: cuda | gpu=NVIDIA A100-PCIE-40GB | torch=2.8.0+cu128
NOTE: determinism holds per-GPU-model. Record this GPU name.

PAIR: WAA/SPS  (classes 2 vs 5)  model=conformer_b  mode=full
Test time windows: [800, 1500, 3000, 4000] ms
Test time windows (samples): [200, 375, 750, 1000]

BINARY CLASSIFICATION: Class 2 vs Class 5  (WAA/SPS)
  Class 0 (original 2): 725 trials
  Class 1 (original 5): 725 trials

Extracted time windows:
  800ms (200 samples): shape (1450, 62, 200)
  1500ms (375 samples): shape (1450, 62, 375)
  3000ms (750 samples): shape (1450, 62, 750)
  4000ms (1000 samples): shape (1450, 62, 1000)

Model configuration:
  Model: conformer_b
  Channels: 62
  Subjects: [1, 2, 3, 4, 5, 6, 7, 8, 9, 10, 11, 12, 13, 14, 15, 16, 17, 18]
  Time windows: [800, 1500, 3000, 4000] ms
  Classes: 2 (Binary: Class 2 vs Class 5)
  Folds: 5
  Batch size: 32
  Epochs per subject per time window: 50
  S1 800ms fold1/5: best_val= 55.56% (ep3) test= 55.56%
  S1 800ms fold2/5: best_val= 66.67% (ep5) test= 50.00%
  S1 800ms fold3/5: best_val= 66.67% (ep9) test= 61.11%
  S1 800ms fold4/5: best_val= 66.67% (ep11) test= 50.00%
  S1 800ms fold5/5: best_val= 66.67% (ep2) test= 55.56%
  S1 1500ms fold1/5: best_val= 77.78% (ep11) test= 66.67%
  S1 1500ms fold2/5: best_val= 77.78% (ep12) test= 50.00%
  S1 1500ms fold3/5: best_val= 83.33% (ep23) test= 55.56%
  S1 1500ms fold4/5: best_val= 66.67% (ep7) test= 44.44%
  S1 1500ms fold5/5: best_val= 77.78% (ep7) test= 61.11%
  S1 3000ms fold1/5: best_val= 83.33% (ep15) test= 72.22%
  S1 3000ms fold2/5: best_val= 77.78% (ep25) test= 61.11%
  S1 3000ms fold3/5: best_val= 83.33% (ep6) test= 61.11%
  S1 3000ms fold4/5: best_val= 77.78% (ep13) test= 66.67%
  S1 3000ms fold5/5: best_val= 83.33% (ep7) test= 44.44%
  S1 4000ms fold1/5: best_val= 94.44% (ep4) test= 66.67%
  S1 4000ms fold2/5: best_val= 83.33% (ep9) test= 72.22%
  S1 4000ms fold3/5: best_val= 88.89% (ep4) test= 72.22%
  S1 4000ms fold4/5: best_val= 77.78% (ep5) test= 72.22%
  S1 4000ms fold5/5: best_val= 77.78% (ep7) test= 66.67%
S 1: 800ms= 54.44%  1500ms= 55.56%  3000ms= 61.11%  4000ms= 70.00%   (54s)
  S2 800ms fold1/5: best_val= 68.75% (ep4) test= 56.25%
  S2 800ms fold2/5: best_val= 62.50% (ep5) test= 43.75%
  S2 800ms fold3/5: best_val= 81.25% (ep5) test= 37.50%
  S2 800ms fold4/5: best_val= 75.00% (ep10) test= 56.25%
  S2 800ms fold5/5: best_val= 81.25% (ep1) test= 50.00%
  S2 1500ms fold1/5: best_val= 75.00% (ep7) test= 62.50%
  S2 1500ms fold2/5: best_val= 62.50% (ep15) test= 43.75%
  S2 1500ms fold3/5: best_val= 81.25% (ep9) test= 37.50%
  S2 1500ms fold4/5: best_val= 50.00% (ep1) test= 50.00%
  S2 1500ms fold5/5: best_val= 56.25% (ep6) test= 50.00%
  S2 3000ms fold1/5: best_val= 68.75% (ep11) test= 50.00%
  S2 3000ms fold2/5: best_val= 50.00% (ep1) test= 43.75%
  S2 3000ms fold3/5: best_val= 68.75% (ep8) test= 37.50%
  S2 3000ms fold4/5: best_val= 62.50% (ep6) test= 68.75%
  S2 3000ms fold5/5: best_val= 68.75% (ep8) test= 68.75%
  S2 4000ms fold1/5: best_val= 75.00% (ep11) test= 31.25%
  S2 4000ms fold2/5: best_val= 50.00% (ep1) test= 50.00%
  S2 4000ms fold3/5: best_val= 81.25% (ep37) test= 43.75%
  S2 4000ms fold4/5: best_val= 62.50% (ep14) test= 75.00%
  S2 4000ms fold5/5: best_val= 62.50% (ep5) test= 50.00%
S 2: 800ms= 48.75%  1500ms= 48.75%  3000ms= 53.75%  4000ms= 50.00%   (42s)
  S3 800ms fold1/5: best_val= 62.50% (ep4) test= 68.75%
  S3 800ms fold2/5: best_val= 87.50% (ep16) test= 43.75%
  S3 800ms fold3/5: best_val= 62.50% (ep5) test= 50.00%
  S3 800ms fold4/5: best_val= 93.75% (ep8) test= 68.75%
  S3 800ms fold5/5: best_val= 87.50% (ep14) test= 37.50%
  S3 1500ms fold1/5: best_val= 62.50% (ep7) test= 75.00%
  S3 1500ms fold2/5: best_val= 87.50% (ep12) test= 81.25%
  S3 1500ms fold3/5: best_val= 62.50% (ep3) test= 56.25%
  S3 1500ms fold4/5: best_val= 81.25% (ep4) test= 43.75%
  S3 1500ms fold5/5: best_val= 75.00% (ep9) test= 68.75%
  S3 3000ms fold1/5: best_val= 68.75% (ep10) test= 62.50%
  S3 3000ms fold2/5: best_val= 93.75% (ep11) test= 68.75%
  S3 3000ms fold3/5: best_val= 87.50% (ep5) test= 50.00%
  S3 3000ms fold4/5: best_val= 75.00% (ep13) test= 56.25%
  S3 3000ms fold5/5: best_val= 87.50% (ep18) test= 68.75%
  S3 4000ms fold1/5: best_val= 68.75% (ep9) test= 62.50%
  S3 4000ms fold2/5: best_val= 81.25% (ep14) test= 68.75%
  S3 4000ms fold3/5: best_val= 93.75% (ep22) test= 62.50%
  S3 4000ms fold4/5: best_val= 93.75% (ep12) test= 62.50%
  S3 4000ms fold5/5: best_val= 62.50% (ep11) test= 75.00%
S 3: 800ms= 53.75%  1500ms= 65.00%  3000ms= 61.25%  4000ms= 66.25%   (42s)
  S4 800ms fold1/5: best_val= 68.75% (ep25) test= 62.50%
  S4 800ms fold2/5: best_val= 68.75% (ep3) test= 62.50%
  S4 800ms fold3/5: best_val= 81.25% (ep6) test= 43.75%
  S4 800ms fold4/5: best_val= 56.25% (ep2) test= 50.00%
  S4 800ms fold5/5: best_val= 56.25% (ep5) test= 50.00%
  S4 1500ms fold1/5: best_val= 62.50% (ep5) test= 43.75%
  S4 1500ms fold2/5: best_val= 62.50% (ep10) test= 25.00%
  S4 1500ms fold3/5: best_val= 62.50% (ep2) test= 31.25%
  S4 1500ms fold4/5: best_val= 56.25% (ep3) test= 43.75%
  S4 1500ms fold5/5: best_val= 62.50% (ep19) test= 62.50%
  S4 3000ms fold1/5: best_val= 75.00% (ep13) test= 81.25%
  S4 3000ms fold2/5: best_val= 87.50% (ep25) test=100.00%
  S4 3000ms fold3/5: best_val= 93.75% (ep14) test= 62.50%
  S4 3000ms fold4/5: best_val= 87.50% (ep16) test=100.00%
  S4 3000ms fold5/5: best_val= 93.75% (ep17) test= 81.25%
  S4 4000ms fold1/5: best_val= 87.50% (ep13) test= 87.50%
  S4 4000ms fold2/5: best_val= 81.25% (ep22) test= 87.50%
  S4 4000ms fold3/5: best_val= 81.25% (ep11) test= 75.00%
  S4 4000ms fold4/5: best_val= 87.50% (ep15) test= 87.50%
  S4 4000ms fold5/5: best_val= 93.75% (ep10) test= 81.25%
S 4: 800ms= 53.75%  1500ms= 41.25%  3000ms= 85.00%  4000ms= 83.75%   (42s)
  S5 800ms fold1/5: best_val= 62.50% (ep13) test= 50.00%
  S5 800ms fold2/5: best_val= 62.50% (ep29) test= 56.25%
  S5 800ms fold3/5: best_val= 68.75% (ep6) test= 50.00%
  S5 800ms fold4/5: best_val= 56.25% (ep8) test= 62.50%
  S5 800ms fold5/5: best_val= 56.25% (ep17) test= 68.75%
  S5 1500ms fold1/5: best_val= 68.75% (ep3) test= 43.75%
  S5 1500ms fold2/5: best_val= 62.50% (ep6) test= 31.25%
  S5 1500ms fold3/5: best_val= 62.50% (ep2) test= 50.00%
  S5 1500ms fold4/5: best_val= 50.00% (ep1) test= 50.00%
  S5 1500ms fold5/5: best_val= 62.50% (ep18) test= 43.75%
  S5 3000ms fold1/5: best_val= 81.25% (ep11) test= 62.50%
  S5 3000ms fold2/5: best_val= 75.00% (ep8) test= 43.75%
  S5 3000ms fold3/5: best_val= 81.25% (ep8) test= 56.25%
  S5 3000ms fold4/5: best_val= 81.25% (ep8) test= 62.50%
  S5 3000ms fold5/5: best_val= 81.25% (ep14) test= 75.00%
  S5 4000ms fold1/5: best_val= 68.75% (ep4) test= 56.25%
  S5 4000ms fold2/5: best_val= 62.50% (ep24) test= 68.75%
  S5 4000ms fold3/5: best_val= 81.25% (ep5) test= 62.50%
  S5 4000ms fold4/5: best_val= 81.25% (ep11) test= 56.25%
  S5 4000ms fold5/5: best_val= 75.00% (ep2) test= 68.75%
S 5: 800ms= 57.50%  1500ms= 43.75%  3000ms= 60.00%  4000ms= 62.50%   (42s)
  S6 800ms fold1/5: best_val= 87.50% (ep6) test= 50.00%
  S6 800ms fold2/5: best_val= 62.50% (ep11) test= 68.75%
  S6 800ms fold3/5: best_val= 75.00% (ep6) test= 68.75%
  S6 800ms fold4/5: best_val= 62.50% (ep11) test= 68.75%
  S6 800ms fold5/5: best_val= 56.25% (ep5) test= 62.50%
  S6 1500ms fold1/5: best_val= 62.50% (ep12) test= 56.25%
  S6 1500ms fold2/5: best_val= 62.50% (ep14) test= 75.00%
  S6 1500ms fold3/5: best_val= 81.25% (ep11) test= 81.25%
  S6 1500ms fold4/5: best_val= 81.25% (ep32) test= 68.75%
  S6 1500ms fold5/5: best_val= 56.25% (ep10) test= 68.75%
  S6 3000ms fold1/5: best_val= 81.25% (ep12) test= 75.00%
  S6 3000ms fold2/5: best_val= 75.00% (ep22) test= 56.25%
  S6 3000ms fold3/5: best_val= 75.00% (ep9) test= 75.00%
  S6 3000ms fold4/5: best_val= 68.75% (ep7) test= 56.25%
  S6 3000ms fold5/5: best_val= 56.25% (ep2) test= 62.50%
  S6 4000ms fold1/5: best_val= 68.75% (ep10) test= 62.50%
  S6 4000ms fold2/5: best_val= 75.00% (ep8) test= 56.25%
  S6 4000ms fold3/5: best_val= 81.25% (ep5) test= 50.00%
  S6 4000ms fold4/5: best_val= 81.25% (ep8) test= 50.00%
  S6 4000ms fold5/5: best_val= 56.25% (ep2) test= 56.25%
S 6: 800ms= 63.75%  1500ms= 70.00%  3000ms= 65.00%  4000ms= 55.00%   (42s)
  S7 800ms fold1/5: best_val= 56.25% (ep1) test= 43.75%
  S7 800ms fold2/5: best_val= 62.50% (ep2) test= 62.50%
  S7 800ms fold3/5: best_val= 81.25% (ep4) test= 56.25%
  S7 800ms fold4/5: best_val= 56.25% (ep1) test= 50.00%
  S7 800ms fold5/5: best_val= 62.50% (ep3) test= 50.00%
  S7 1500ms fold1/5: best_val= 50.00% (ep1) test= 50.00%
  S7 1500ms fold2/5: best_val= 62.50% (ep6) test= 50.00%
  S7 1500ms fold3/5: best_val= 62.50% (ep7) test= 37.50%
  S7 1500ms fold4/5: best_val= 56.25% (ep2) test= 43.75%
  S7 1500ms fold5/5: best_val= 56.25% (ep17) test= 50.00%
  S7 3000ms fold1/5: best_val= 62.50% (ep11) test= 50.00%
  S7 3000ms fold2/5: best_val= 62.50% (ep10) test= 43.75%
  S7 3000ms fold3/5: best_val= 68.75% (ep5) test= 56.25%
  S7 3000ms fold4/5: best_val= 68.75% (ep7) test= 62.50%
  S7 3000ms fold5/5: best_val= 56.25% (ep7) test= 50.00%
  S7 4000ms fold1/5: best_val= 68.75% (ep9) test= 68.75%
  S7 4000ms fold2/5: best_val= 50.00% (ep1) test= 50.00%
  S7 4000ms fold3/5: best_val= 75.00% (ep9) test= 75.00%
  S7 4000ms fold4/5: best_val= 75.00% (ep13) test= 68.75%
  S7 4000ms fold5/5: best_val= 62.50% (ep10) test= 56.25%
S 7: 800ms= 52.50%  1500ms= 46.25%  3000ms= 52.50%  4000ms= 63.75%   (42s)
  S8 800ms fold1/5: best_val= 62.50% (ep2) test= 43.75%
  S8 800ms fold2/5: best_val= 56.25% (ep10) test= 37.50%
  S8 800ms fold3/5: best_val= 50.00% (ep2) test= 50.00%
  S8 800ms fold4/5: best_val= 62.50% (ep3) test= 62.50%
  S8 800ms fold5/5: best_val= 56.25% (ep12) test= 56.25%
  S8 1500ms fold1/5: best_val= 56.25% (ep5) test= 56.25%
  S8 1500ms fold2/5: best_val= 62.50% (ep7) test= 37.50%
  S8 1500ms fold3/5: best_val= 56.25% (ep1) test= 37.50%
  S8 1500ms fold4/5: best_val= 56.25% (ep18) test= 56.25%
  S8 1500ms fold5/5: best_val= 56.25% (ep11) test= 37.50%
  S8 3000ms fold1/5: best_val= 56.25% (ep39) test= 37.50%
  S8 3000ms fold2/5: best_val= 56.25% (ep7) test= 68.75%
  S8 3000ms fold3/5: best_val= 62.50% (ep7) test= 43.75%
  S8 3000ms fold4/5: best_val= 56.25% (ep5) test= 31.25%
  S8 3000ms fold5/5: best_val= 50.00% (ep1) test= 43.75%
  S8 4000ms fold1/5: best_val= 56.25% (ep13) test= 50.00%
  S8 4000ms fold2/5: best_val= 50.00% (ep1) test= 50.00%
  S8 4000ms fold3/5: best_val= 56.25% (ep5) test= 50.00%
  S8 4000ms fold4/5: best_val= 56.25% (ep1) test= 50.00%
  S8 4000ms fold5/5: best_val= 50.00% (ep1) test= 50.00%
S 8: 800ms= 50.00%  1500ms= 45.00%  3000ms= 45.00%  4000ms= 50.00%   (42s)
  S9 800ms fold1/5: best_val= 62.50% (ep4) test= 37.50%
  S9 800ms fold2/5: best_val= 56.25% (ep4) test= 62.50%
  S9 800ms fold3/5: best_val= 50.00% (ep1) test= 50.00%
  S9 800ms fold4/5: best_val= 56.25% (ep4) test= 56.25%
  S9 800ms fold5/5: best_val= 62.50% (ep4) test= 43.75%
  S9 1500ms fold1/5: best_val= 68.75% (ep1) test= 31.25%
  S9 1500ms fold2/5: best_val= 62.50% (ep3) test= 50.00%
  S9 1500ms fold3/5: best_val= 56.25% (ep6) test= 56.25%
  S9 1500ms fold4/5: best_val= 62.50% (ep7) test= 43.75%
  S9 1500ms fold5/5: best_val= 56.25% (ep10) test= 68.75%
  S9 3000ms fold1/5: best_val= 87.50% (ep5) test= 43.75%
  S9 3000ms fold2/5: best_val= 75.00% (ep23) test= 62.50%
  S9 3000ms fold3/5: best_val= 75.00% (ep43) test= 56.25%
  S9 3000ms fold4/5: best_val= 62.50% (ep7) test= 62.50%
  S9 3000ms fold5/5: best_val= 68.75% (ep17) test= 81.25%
  S9 4000ms fold1/5: best_val= 75.00% (ep14) test= 50.00%
  S9 4000ms fold2/5: best_val= 75.00% (ep12) test= 68.75%
  S9 4000ms fold3/5: best_val= 68.75% (ep6) test= 37.50%
  S9 4000ms fold4/5: best_val= 68.75% (ep8) test= 62.50%
  S9 4000ms fold5/5: best_val= 75.00% (ep5) test= 50.00%
S 9: 800ms= 50.00%  1500ms= 50.00%  3000ms= 61.25%  4000ms= 53.75%   (42s)
  S10 800ms fold1/5: best_val= 81.25% (ep6) test= 68.75%
  S10 800ms fold2/5: best_val= 93.75% (ep15) test= 75.00%
  S10 800ms fold3/5: best_val= 81.25% (ep8) test= 62.50%
  S10 800ms fold4/5: best_val= 93.75% (ep18) test= 87.50%
  S10 800ms fold5/5: best_val= 81.25% (ep8) test= 68.75%
  S10 1500ms fold1/5: best_val= 81.25% (ep7) test= 68.75%
  S10 1500ms fold2/5: best_val= 75.00% (ep12) test= 75.00%
  S10 1500ms fold3/5: best_val= 75.00% (ep4) test= 50.00%
  S10 1500ms fold4/5: best_val= 81.25% (ep15) test= 62.50%
  S10 1500ms fold5/5: best_val= 81.25% (ep8) test= 62.50%
  S10 3000ms fold1/5: best_val= 68.75% (ep13) test= 56.25%
  S10 3000ms fold2/5: best_val= 87.50% (ep12) test= 68.75%
  S10 3000ms fold3/5: best_val= 93.75% (ep17) test= 93.75%
  S10 3000ms fold4/5: best_val= 87.50% (ep13) test= 81.25%
  S10 3000ms fold5/5: best_val= 81.25% (ep13) test= 75.00%
  S10 4000ms fold1/5: best_val= 75.00% (ep11) test= 50.00%
  S10 4000ms fold2/5: best_val= 87.50% (ep11) test= 75.00%
  S10 4000ms fold3/5: best_val= 87.50% (ep23) test= 68.75%
  S10 4000ms fold4/5: best_val= 87.50% (ep16) test= 62.50%
  S10 4000ms fold5/5: best_val= 93.75% (ep13) test= 93.75%
S10: 800ms= 72.50%  1500ms= 63.75%  3000ms= 75.00%  4000ms= 70.00%   (42s)
  S11 800ms fold1/5: best_val= 50.00% (ep1) test= 50.00%
  S11 800ms fold2/5: best_val= 56.25% (ep1) test= 50.00%
  S11 800ms fold3/5: best_val= 50.00% (ep1) test= 56.25%
  S11 800ms fold4/5: best_val= 56.25% (ep5) test= 50.00%
  S11 800ms fold5/5: best_val= 75.00% (ep2) test= 37.50%
  S11 1500ms fold1/5: best_val= 62.50% (ep8) test= 68.75%
  S11 1500ms fold2/5: best_val= 50.00% (ep1) test= 50.00%
  S11 1500ms fold3/5: best_val= 68.75% (ep6) test= 43.75%
  S11 1500ms fold4/5: best_val= 68.75% (ep3) test= 50.00%
  S11 1500ms fold5/5: best_val= 62.50% (ep10) test= 37.50%
  S11 3000ms fold1/5: best_val= 68.75% (ep6) test= 43.75%
  S11 3000ms fold2/5: best_val= 81.25% (ep13) test= 62.50%
  S11 3000ms fold3/5: best_val= 50.00% (ep1) test= 50.00%
  S11 3000ms fold4/5: best_val= 56.25% (ep2) test= 50.00%
  S11 3000ms fold5/5: best_val= 75.00% (ep11) test= 62.50%
  S11 4000ms fold1/5: best_val= 81.25% (ep6) test= 56.25%
  S11 4000ms fold2/5: best_val= 50.00% (ep1) test= 50.00%
  S11 4000ms fold3/5: best_val= 62.50% (ep4) test= 56.25%
  S11 4000ms fold4/5: best_val= 56.25% (ep6) test= 56.25%
  S11 4000ms fold5/5: best_val= 62.50% (ep16) test= 50.00%
S11: 800ms= 48.75%  1500ms= 50.00%  3000ms= 53.75%  4000ms= 53.75%   (42s)
  S12 800ms fold1/5: best_val= 68.75% (ep8) test= 37.50%
  S12 800ms fold2/5: best_val= 75.00% (ep7) test= 50.00%
  S12 800ms fold3/5: best_val= 81.25% (ep13) test= 62.50%
  S12 800ms fold4/5: best_val= 75.00% (ep5) test= 56.25%
  S12 800ms fold5/5: best_val= 68.75% (ep11) test= 56.25%
  S12 1500ms fold1/5: best_val= 75.00% (ep8) test= 25.00%
  S12 1500ms fold2/5: best_val= 62.50% (ep5) test= 62.50%
  S12 1500ms fold3/5: best_val= 68.75% (ep9) test= 25.00%
  S12 1500ms fold4/5: best_val= 50.00% (ep1) test= 50.00%
  S12 1500ms fold5/5: best_val= 68.75% (ep7) test= 43.75%
  S12 3000ms fold1/5: best_val= 62.50% (ep32) test= 62.50%
  S12 3000ms fold2/5: best_val= 62.50% (ep4) test= 62.50%
  S12 3000ms fold3/5: best_val= 62.50% (ep12) test= 68.75%
  S12 3000ms fold4/5: best_val= 62.50% (ep9) test= 68.75%
  S12 3000ms fold5/5: best_val= 87.50% (ep8) test= 81.25%
  S12 4000ms fold1/5: best_val= 62.50% (ep5) test= 68.75%
  S12 4000ms fold2/5: best_val= 75.00% (ep6) test= 81.25%
  S12 4000ms fold3/5: best_val= 81.25% (ep10) test= 43.75%
  S12 4000ms fold4/5: best_val= 62.50% (ep10) test= 62.50%
  S12 4000ms fold5/5: best_val= 62.50% (ep11) test= 56.25%
S12: 800ms= 52.50%  1500ms= 41.25%  3000ms= 68.75%  4000ms= 62.50%   (42s)
  S13 800ms fold1/5: best_val= 87.50% (ep3) test= 62.50%
  S13 800ms fold2/5: best_val= 81.25% (ep17) test= 56.25%
  S13 800ms fold3/5: best_val= 87.50% (ep5) test= 62.50%
  S13 800ms fold4/5: best_val= 56.25% (ep2) test= 56.25%
  S13 800ms fold5/5: best_val= 81.25% (ep1) test= 62.50%
  S13 1500ms fold1/5: best_val= 81.25% (ep10) test= 62.50%
  S13 1500ms fold2/5: best_val= 75.00% (ep12) test= 62.50%
  S13 1500ms fold3/5: best_val= 68.75% (ep19) test= 50.00%
  S13 1500ms fold4/5: best_val= 75.00% (ep8) test= 68.75%
  S13 1500ms fold5/5: best_val= 68.75% (ep15) test= 68.75%
  S13 3000ms fold1/5: best_val= 75.00% (ep5) test= 68.75%
  S13 3000ms fold2/5: best_val= 68.75% (ep1) test= 37.50%
  S13 3000ms fold3/5: best_val= 81.25% (ep15) test= 68.75%
  S13 3000ms fold4/5: best_val= 81.25% (ep20) test= 62.50%
  S13 3000ms fold5/5: best_val= 75.00% (ep33) test= 62.50%
  S13 4000ms fold1/5: best_val= 56.25% (ep8) test= 62.50%
  S13 4000ms fold2/5: best_val= 81.25% (ep21) test= 56.25%
  S13 4000ms fold3/5: best_val= 81.25% (ep26) test= 62.50%
  S13 4000ms fold4/5: best_val= 62.50% (ep7) test= 62.50%
  S13 4000ms fold5/5: best_val= 68.75% (ep6) test= 50.00%
S13: 800ms= 60.00%  1500ms= 62.50%  3000ms= 60.00%  4000ms= 58.75%   (42s)
  S14 800ms fold1/5: best_val= 68.75% (ep7) test= 75.00%
  S14 800ms fold2/5: best_val= 56.25% (ep1) test= 68.75%
  S14 800ms fold3/5: best_val= 93.75% (ep3) test= 56.25%
  S14 800ms fold4/5: best_val= 75.00% (ep9) test= 68.75%
  S14 800ms fold5/5: best_val= 81.25% (ep7) test= 68.75%
  S14 1500ms fold1/5: best_val= 87.50% (ep19) test= 75.00%
  S14 1500ms fold2/5: best_val= 68.75% (ep14) test= 62.50%
  S14 1500ms fold3/5: best_val= 87.50% (ep20) test= 25.00%
  S14 1500ms fold4/5: best_val= 68.75% (ep2) test= 68.75%
  S14 1500ms fold5/5: best_val= 75.00% (ep10) test= 56.25%
  S14 3000ms fold1/5: best_val= 68.75% (ep7) test= 68.75%
  S14 3000ms fold2/5: best_val= 75.00% (ep16) test= 56.25%
  S14 3000ms fold3/5: best_val= 75.00% (ep3) test= 50.00%
  S14 3000ms fold4/5: best_val= 75.00% (ep3) test= 56.25%
  S14 3000ms fold5/5: best_val= 68.75% (ep14) test= 56.25%
  S14 4000ms fold1/5: best_val= 87.50% (ep26) test= 62.50%
  S14 4000ms fold2/5: best_val= 68.75% (ep14) test= 50.00%
  S14 4000ms fold3/5: best_val= 81.25% (ep5) test= 31.25%
  S14 4000ms fold4/5: best_val= 75.00% (ep4) test= 56.25%
  S14 4000ms fold5/5: best_val= 62.50% (ep17) test= 50.00%
S14: 800ms= 67.50%  1500ms= 57.50%  3000ms= 57.50%  4000ms= 50.00%   (42s)
  S15 800ms fold1/5: best_val= 81.25% (ep11) test= 56.25%
  S15 800ms fold2/5: best_val= 62.50% (ep10) test= 43.75%
  S15 800ms fold3/5: best_val= 68.75% (ep4) test= 50.00%
  S15 800ms fold4/5: best_val= 81.25% (ep9) test= 50.00%
  S15 800ms fold5/5: best_val= 87.50% (ep10) test= 68.75%
  S15 1500ms fold1/5: best_val= 50.00% (ep1) test= 56.25%
  S15 1500ms fold2/5: best_val= 50.00% (ep1) test= 50.00%
  S15 1500ms fold3/5: best_val= 81.25% (ep10) test= 62.50%
  S15 1500ms fold4/5: best_val= 68.75% (ep2) test= 31.25%
  S15 1500ms fold5/5: best_val= 62.50% (ep7) test= 56.25%
  S15 3000ms fold1/5: best_val= 56.25% (ep7) test= 50.00%
  S15 3000ms fold2/5: best_val= 50.00% (ep1) test= 50.00%
  S15 3000ms fold3/5: best_val= 62.50% (ep5) test= 62.50%
  S15 3000ms fold4/5: best_val= 68.75% (ep6) test= 31.25%
  S15 3000ms fold5/5: best_val= 50.00% (ep1) test= 50.00%
  S15 4000ms fold1/5: best_val= 50.00% (ep1) test= 50.00%
  S15 4000ms fold2/5: best_val= 56.25% (ep2) test= 43.75%
  S15 4000ms fold3/5: best_val= 62.50% (ep12) test= 62.50%
  S15 4000ms fold4/5: best_val= 75.00% (ep17) test= 43.75%
  S15 4000ms fold5/5: best_val= 81.25% (ep11) test= 50.00%
S15: 800ms= 53.75%  1500ms= 51.25%  3000ms= 48.75%  4000ms= 50.00%   (42s)
  S16 800ms fold1/5: best_val= 56.25% (ep9) test= 56.25%
  S16 800ms fold2/5: best_val= 50.00% (ep1) test= 50.00%
  S16 800ms fold3/5: best_val= 62.50% (ep19) test= 50.00%
  S16 800ms fold4/5: best_val= 56.25% (ep8) test= 56.25%
  S16 800ms fold5/5: best_val= 56.25% (ep1) test= 50.00%
  S16 1500ms fold1/5: best_val= 68.75% (ep7) test= 62.50%
  S16 1500ms fold2/5: best_val= 62.50% (ep8) test= 50.00%
  S16 1500ms fold3/5: best_val= 81.25% (ep33) test= 62.50%
  S16 1500ms fold4/5: best_val= 56.25% (ep6) test= 37.50%
  S16 1500ms fold5/5: best_val= 56.25% (ep9) test= 62.50%
  S16 3000ms fold1/5: best_val= 68.75% (ep11) test= 50.00%
  S16 3000ms fold2/5: best_val= 62.50% (ep12) test= 56.25%
  S16 3000ms fold3/5: best_val= 68.75% (ep2) test= 43.75%
  S16 3000ms fold4/5: best_val= 62.50% (ep6) test= 56.25%
  S16 3000ms fold5/5: best_val= 50.00% (ep1) test= 50.00%
  S16 4000ms fold1/5: best_val= 75.00% (ep4) test= 87.50%
  S16 4000ms fold2/5: best_val= 62.50% (ep2) test= 62.50%
  S16 4000ms fold3/5: best_val= 68.75% (ep4) test= 68.75%
  S16 4000ms fold4/5: best_val= 68.75% (ep8) test= 43.75%
  S16 4000ms fold5/5: best_val= 62.50% (ep8) test= 68.75%
S16: 800ms= 52.50%  1500ms= 55.00%  3000ms= 51.25%  4000ms= 66.25%   (42s)
  S17 800ms fold1/5: best_val= 68.75% (ep8) test= 56.25%
  S17 800ms fold2/5: best_val= 81.25% (ep4) test= 56.25%
  S17 800ms fold3/5: best_val= 68.75% (ep8) test= 75.00%
  S17 800ms fold4/5: best_val= 68.75% (ep5) test= 56.25%
  S17 800ms fold5/5: best_val= 68.75% (ep1) test= 56.25%
  S17 1500ms fold1/5: best_val= 68.75% (ep9) test= 75.00%
  S17 1500ms fold2/5: best_val= 62.50% (ep7) test= 62.50%
  S17 1500ms fold3/5: best_val= 56.25% (ep7) test= 50.00%
  S17 1500ms fold4/5: best_val= 87.50% (ep24) test= 50.00%
  S17 1500ms fold5/5: best_val= 81.25% (ep28) test= 50.00%
  S17 3000ms fold1/5: best_val= 75.00% (ep14) test= 75.00%
  S17 3000ms fold2/5: best_val= 62.50% (ep18) test= 56.25%
  S17 3000ms fold3/5: best_val= 56.25% (ep5) test= 50.00%
  S17 3000ms fold4/5: best_val= 81.25% (ep9) test= 50.00%
  S17 3000ms fold5/5: best_val= 81.25% (ep8) test= 50.00%
  S17 4000ms fold1/5: best_val= 75.00% (ep20) test= 62.50%
  S17 4000ms fold2/5: best_val= 68.75% (ep15) test= 75.00%
  S17 4000ms fold3/5: best_val= 75.00% (ep8) test= 56.25%
  S17 4000ms fold4/5: best_val= 81.25% (ep8) test= 56.25%
  S17 4000ms fold5/5: best_val= 75.00% (ep6) test= 56.25%
S17: 800ms= 60.00%  1500ms= 57.50%  3000ms= 56.25%  4000ms= 61.25%   (42s)
  S18 800ms fold1/5: best_val= 75.00% (ep19) test= 87.50%
  S18 800ms fold2/5: best_val= 62.50% (ep6) test= 62.50%
  S18 800ms fold3/5: best_val= 56.25% (ep2) test= 56.25%
  S18 800ms fold4/5: best_val= 62.50% (ep3) test= 50.00%
  S18 800ms fold5/5: best_val= 75.00% (ep8) test= 75.00%
  S18 1500ms fold1/5: best_val= 68.75% (ep24) test= 62.50%
  S18 1500ms fold2/5: best_val= 81.25% (ep27) test= 56.25%
  S18 1500ms fold3/5: best_val= 81.25% (ep8) test= 75.00%
  S18 1500ms fold4/5: best_val= 62.50% (ep10) test= 50.00%
  S18 1500ms fold5/5: best_val= 62.50% (ep29) test= 56.25%
  S18 3000ms fold1/5: best_val= 81.25% (ep17) test= 68.75%
  S18 3000ms fold2/5: best_val= 68.75% (ep14) test= 81.25%
  S18 3000ms fold3/5: best_val= 62.50% (ep9) test= 68.75%
  S18 3000ms fold4/5: best_val= 62.50% (ep8) test= 56.25%
  S18 3000ms fold5/5: best_val= 62.50% (ep17) test= 56.25%
  S18 4000ms fold1/5: best_val= 87.50% (ep36) test= 68.75%
  S18 4000ms fold2/5: best_val= 75.00% (ep15) test= 56.25%
  S18 4000ms fold3/5: best_val= 81.25% (ep16) test= 62.50%
  S18 4000ms fold4/5: best_val= 68.75% (ep13) test= 62.50%
  S18 4000ms fold5/5: best_val= 68.75% (ep15) test= 56.25%
S18: 800ms= 66.25%  1500ms= 60.00%  3000ms= 66.25%  4000ms= 61.25%   (42s)

ALL SUBJECTS COMPLETED — WAA/SPS  (773s)

====================================================================
SAVED WAA/SPS -> /work/11862/rmaahin/ls6/FineMI-enhancements/ConformerEEG/experiments/option_b/results/full/WAA_SPS
gpu=NVIDIA A100-PCIE-40GB | torch=2.8.0+cu128 | seed=42 | model=conformer_b | mode=full
====================================================================
window_ms   800    1500   3000   4000
subject                              
1          54.44  55.56  61.11  70.00
2          48.75  48.75  53.75  50.00
3          53.75  65.00  61.25  66.25
4          53.75  41.25  85.00  83.75
5          57.50  43.75  60.00  62.50
6          63.75  70.00  65.00  55.00
7          52.50  46.25  52.50  63.75
8          50.00  45.00  45.00  50.00
9          50.00  50.00  61.25  53.75
10         72.50  63.75  75.00  70.00
11         48.75  50.00  53.75  53.75
12         52.50  41.25  68.75  62.50
13         60.00  62.50  60.00  58.75
14         67.50  57.50  57.50  50.00
15         53.75  51.25  48.75  50.00
16         52.50  55.00  51.25  66.25
17         60.00  57.50  56.25  61.25
18         66.25  60.00  66.25  61.25

mean: {800: 56.57, 1500: 53.57, 3000: 60.13, 4000: 60.49}
sd  : {800: 6.99, 1500: 8.55, 3000: 9.63, 4000: 8.98}

Pairs saved so far in /work/11862/rmaahin/ls6/FineMI-enhancements/ConformerEEG/experiments/option_b/results/full: 16/28

##### pair_idx=16 (WAA_SAA) #####

Using device: cuda | gpu=NVIDIA A100-PCIE-40GB | torch=2.8.0+cu128
NOTE: determinism holds per-GPU-model. Record this GPU name.

PAIR: WAA/SAA  (classes 2 vs 6)  model=conformer_b  mode=full
Test time windows: [800, 1500, 3000, 4000] ms
Test time windows (samples): [200, 375, 750, 1000]

BINARY CLASSIFICATION: Class 2 vs Class 6  (WAA/SAA)
  Class 0 (original 2): 725 trials
  Class 1 (original 6): 725 trials

Extracted time windows:
  800ms (200 samples): shape (1450, 62, 200)
  1500ms (375 samples): shape (1450, 62, 375)
  3000ms (750 samples): shape (1450, 62, 750)
  4000ms (1000 samples): shape (1450, 62, 1000)

Model configuration:
  Model: conformer_b
  Channels: 62
  Subjects: [1, 2, 3, 4, 5, 6, 7, 8, 9, 10, 11, 12, 13, 14, 15, 16, 17, 18]
  Time windows: [800, 1500, 3000, 4000] ms
  Classes: 2 (Binary: Class 2 vs Class 6)
  Folds: 5
  Batch size: 32
  Epochs per subject per time window: 50
  S1 800ms fold1/5: best_val= 72.22% (ep4) test= 38.89%
  S1 800ms fold2/5: best_val= 72.22% (ep23) test= 72.22%
  S1 800ms fold3/5: best_val= 55.56% (ep22) test= 66.67%
  S1 800ms fold4/5: best_val= 55.56% (ep6) test= 55.56%
  S1 800ms fold5/5: best_val= 77.78% (ep6) test= 38.89%
  S1 1500ms fold1/5: best_val= 77.78% (ep7) test= 55.56%
  S1 1500ms fold2/5: best_val= 77.78% (ep7) test= 61.11%
  S1 1500ms fold3/5: best_val= 83.33% (ep7) test= 55.56%
  S1 1500ms fold4/5: best_val= 66.67% (ep15) test= 55.56%
  S1 1500ms fold5/5: best_val= 72.22% (ep22) test= 77.78%
  S1 3000ms fold1/5: best_val= 72.22% (ep4) test= 55.56%
  S1 3000ms fold2/5: best_val= 66.67% (ep5) test= 61.11%
  S1 3000ms fold3/5: best_val=100.00% (ep8) test= 50.00%
  S1 3000ms fold4/5: best_val= 77.78% (ep5) test= 66.67%
  S1 3000ms fold5/5: best_val= 66.67% (ep18) test= 66.67%
  S1 4000ms fold1/5: best_val= 83.33% (ep23) test= 55.56%
  S1 4000ms fold2/5: best_val= 72.22% (ep12) test= 55.56%
  S1 4000ms fold3/5: best_val= 83.33% (ep5) test= 55.56%
  S1 4000ms fold4/5: best_val= 77.78% (ep33) test= 38.89%
  S1 4000ms fold5/5: best_val= 83.33% (ep18) test= 61.11%
S 1: 800ms= 54.44%  1500ms= 61.11%  3000ms= 60.00%  4000ms= 53.33%   (54s)
  S2 800ms fold1/5: best_val= 68.75% (ep31) test= 50.00%
  S2 800ms fold2/5: best_val= 62.50% (ep6) test= 50.00%
  S2 800ms fold3/5: best_val= 75.00% (ep6) test= 75.00%
  S2 800ms fold4/5: best_val= 56.25% (ep10) test= 50.00%
  S2 800ms fold5/5: best_val= 68.75% (ep6) test= 62.50%
  S2 1500ms fold1/5: best_val= 56.25% (ep7) test= 50.00%
  S2 1500ms fold2/5: best_val= 68.75% (ep4) test= 62.50%
  S2 1500ms fold3/5: best_val= 68.75% (ep9) test= 50.00%
  S2 1500ms fold4/5: best_val= 50.00% (ep1) test= 50.00%
  S2 1500ms fold5/5: best_val= 50.00% (ep2) test= 50.00%
  S2 3000ms fold1/5: best_val= 56.25% (ep17) test= 56.25%
  S2 3000ms fold2/5: best_val= 56.25% (ep9) test= 43.75%
  S2 3000ms fold3/5: best_val= 56.25% (ep10) test= 43.75%
  S2 3000ms fold4/5: best_val= 68.75% (ep32) test= 43.75%
  S2 3000ms fold5/5: best_val= 50.00% (ep3) test= 50.00%
  S2 4000ms fold1/5: best_val= 62.50% (ep2) test= 43.75%
  S2 4000ms fold2/5: best_val= 50.00% (ep1) test= 50.00%
  S2 4000ms fold3/5: best_val= 50.00% (ep1) test= 50.00%
  S2 4000ms fold4/5: best_val= 62.50% (ep6) test= 43.75%
  S2 4000ms fold5/5: best_val= 50.00% (ep1) test= 50.00%
S 2: 800ms= 57.50%  1500ms= 52.50%  3000ms= 47.50%  4000ms= 47.50%   (42s)
  S3 800ms fold1/5: best_val= 81.25% (ep20) test= 81.25%
  S3 800ms fold2/5: best_val= 75.00% (ep7) test= 75.00%
  S3 800ms fold3/5: best_val= 87.50% (ep8) test= 56.25%
  S3 800ms fold4/5: best_val= 87.50% (ep8) test= 81.25%
  S3 800ms fold5/5: best_val= 87.50% (ep7) test= 50.00%
  S3 1500ms fold1/5: best_val= 87.50% (ep14) test= 81.25%
  S3 1500ms fold2/5: best_val= 75.00% (ep8) test= 81.25%
  S3 1500ms fold3/5: best_val= 93.75% (ep7) test= 75.00%
  S3 1500ms fold4/5: best_val= 75.00% (ep14) test=100.00%
  S3 1500ms fold5/5: best_val= 87.50% (ep9) test= 81.25%
  S3 3000ms fold1/5: best_val= 93.75% (ep7) test= 81.25%
  S3 3000ms fold2/5: best_val= 93.75% (ep23) test= 75.00%
  S3 3000ms fold3/5: best_val=100.00% (ep18) test= 87.50%
  S3 3000ms fold4/5: best_val= 87.50% (ep32) test= 93.75%
  S3 3000ms fold5/5: best_val=100.00% (ep18) test= 62.50%
  S3 4000ms fold1/5: best_val=100.00% (ep11) test= 93.75%
  S3 4000ms fold2/5: best_val= 87.50% (ep20) test= 75.00%
  S3 4000ms fold3/5: best_val=100.00% (ep12) test= 93.75%
  S3 4000ms fold4/5: best_val= 87.50% (ep16) test= 93.75%
  S3 4000ms fold5/5: best_val=100.00% (ep9) test= 50.00%
S 3: 800ms= 68.75%  1500ms= 83.75%  3000ms= 80.00%  4000ms= 81.25%   (43s)
  S4 800ms fold1/5: best_val= 68.75% (ep7) test= 62.50%
  S4 800ms fold2/5: best_val= 62.50% (ep16) test= 75.00%
  S4 800ms fold3/5: best_val= 81.25% (ep5) test= 62.50%
  S4 800ms fold4/5: best_val= 56.25% (ep8) test= 75.00%
  S4 800ms fold5/5: best_val= 68.75% (ep7) test= 43.75%
  S4 1500ms fold1/5: best_val= 68.75% (ep18) test= 68.75%
  S4 1500ms fold2/5: best_val= 62.50% (ep11) test= 68.75%
  S4 1500ms fold3/5: best_val= 75.00% (ep13) test= 62.50%
  S4 1500ms fold4/5: best_val= 50.00% (ep1) test= 50.00%
  S4 1500ms fold5/5: best_val= 81.25% (ep28) test= 68.75%
  S4 3000ms fold1/5: best_val= 93.75% (ep15) test= 93.75%
  S4 3000ms fold2/5: best_val= 81.25% (ep14) test= 87.50%
  S4 3000ms fold3/5: best_val= 75.00% (ep13) test= 87.50%
  S4 3000ms fold4/5: best_val= 87.50% (ep14) test= 87.50%
  S4 3000ms fold5/5: best_val= 93.75% (ep18) test= 68.75%
  S4 4000ms fold1/5: best_val= 87.50% (ep14) test=100.00%
  S4 4000ms fold2/5: best_val= 81.25% (ep13) test= 81.25%
  S4 4000ms fold3/5: best_val= 87.50% (ep11) test= 93.75%
  S4 4000ms fold4/5: best_val= 87.50% (ep13) test= 81.25%
  S4 4000ms fold5/5: best_val=100.00% (ep16) test= 68.75%
S 4: 800ms= 63.75%  1500ms= 63.75%  3000ms= 85.00%  4000ms= 85.00%   (43s)
  S5 800ms fold1/5: best_val= 75.00% (ep17) test= 62.50%
  S5 800ms fold2/5: best_val= 62.50% (ep25) test= 68.75%
  S5 800ms fold3/5: best_val= 75.00% (ep19) test= 56.25%
  S5 800ms fold4/5: best_val= 68.75% (ep6) test= 50.00%
  S5 800ms fold5/5: best_val= 81.25% (ep12) test= 62.50%
  S5 1500ms fold1/5: best_val= 62.50% (ep4) test= 56.25%
  S5 1500ms fold2/5: best_val= 56.25% (ep1) test= 50.00%
  S5 1500ms fold3/5: best_val= 81.25% (ep6) test= 43.75%
  S5 1500ms fold4/5: best_val= 75.00% (ep9) test= 50.00%
  S5 1500ms fold5/5: best_val= 81.25% (ep21) test= 68.75%
  S5 3000ms fold1/5: best_val= 62.50% (ep26) test= 50.00%
  S5 3000ms fold2/5: best_val= 62.50% (ep8) test= 50.00%
  S5 3000ms fold3/5: best_val= 62.50% (ep7) test= 43.75%
  S5 3000ms fold4/5: best_val= 56.25% (ep7) test= 50.00%
  S5 3000ms fold5/5: best_val= 75.00% (ep13) test= 56.25%
  S5 4000ms fold1/5: best_val= 68.75% (ep22) test= 50.00%
  S5 4000ms fold2/5: best_val= 56.25% (ep15) test= 56.25%
  S5 4000ms fold3/5: best_val= 62.50% (ep1) test= 62.50%
  S5 4000ms fold4/5: best_val= 56.25% (ep1) test= 50.00%
  S5 4000ms fold5/5: best_val= 68.75% (ep2) test= 62.50%
S 5: 800ms= 60.00%  1500ms= 53.75%  3000ms= 50.00%  4000ms= 56.25%   (42s)
  S6 800ms fold1/5: best_val= 62.50% (ep7) test= 50.00%
  S6 800ms fold2/5: best_val= 75.00% (ep4) test= 43.75%
  S6 800ms fold3/5: best_val= 62.50% (ep2) test= 56.25%
  S6 800ms fold4/5: best_val= 68.75% (ep3) test= 50.00%
  S6 800ms fold5/5: best_val= 50.00% (ep1) test= 43.75%
  S6 1500ms fold1/5: best_val= 87.50% (ep10) test= 75.00%
  S6 1500ms fold2/5: best_val= 81.25% (ep6) test= 62.50%
  S6 1500ms fold3/5: best_val= 68.75% (ep8) test= 75.00%
  S6 1500ms fold4/5: best_val= 62.50% (ep23) test= 81.25%
  S6 1500ms fold5/5: best_val= 68.75% (ep2) test= 62.50%
  S6 3000ms fold1/5: best_val= 75.00% (ep14) test= 81.25%
  S6 3000ms fold2/5: best_val= 68.75% (ep20) test= 75.00%
  S6 3000ms fold3/5: best_val= 81.25% (ep32) test= 56.25%
  S6 3000ms fold4/5: best_val= 62.50% (ep9) test= 56.25%
  S6 3000ms fold5/5: best_val= 75.00% (ep22) test= 75.00%
  S6 4000ms fold1/5: best_val= 87.50% (ep26) test= 75.00%
  S6 4000ms fold2/5: best_val= 87.50% (ep5) test= 62.50%
  S6 4000ms fold3/5: best_val= 75.00% (ep16) test= 56.25%
  S6 4000ms fold4/5: best_val= 87.50% (ep9) test= 68.75%
  S6 4000ms fold5/5: best_val= 75.00% (ep12) test= 75.00%
S 6: 800ms= 48.75%  1500ms= 71.25%  3000ms= 68.75%  4000ms= 67.50%   (42s)
  S7 800ms fold1/5: best_val= 62.50% (ep9) test= 50.00%
  S7 800ms fold2/5: best_val= 75.00% (ep6) test= 62.50%
  S7 800ms fold3/5: best_val= 75.00% (ep4) test= 75.00%
  S7 800ms fold4/5: best_val= 56.25% (ep2) test= 56.25%
  S7 800ms fold5/5: best_val= 62.50% (ep2) test= 56.25%
  S7 1500ms fold1/5: best_val= 68.75% (ep4) test= 50.00%
  S7 1500ms fold2/5: best_val= 68.75% (ep8) test= 62.50%
  S7 1500ms fold3/5: best_val= 75.00% (ep13) test= 56.25%
  S7 1500ms fold4/5: best_val= 81.25% (ep14) test= 68.75%
  S7 1500ms fold5/5: best_val= 56.25% (ep3) test= 50.00%
  S7 3000ms fold1/5: best_val= 68.75% (ep16) test= 68.75%
  S7 3000ms fold2/5: best_val= 75.00% (ep16) test= 50.00%
  S7 3000ms fold3/5: best_val= 75.00% (ep14) test= 75.00%
  S7 3000ms fold4/5: best_val= 75.00% (ep18) test= 56.25%
  S7 3000ms fold5/5: best_val= 68.75% (ep3) test= 56.25%
  S7 4000ms fold1/5: best_val= 75.00% (ep10) test= 75.00%
  S7 4000ms fold2/5: best_val= 93.75% (ep16) test= 75.00%
  S7 4000ms fold3/5: best_val= 62.50% (ep3) test= 56.25%
  S7 4000ms fold4/5: best_val= 68.75% (ep8) test= 68.75%
  S7 4000ms fold5/5: best_val= 75.00% (ep9) test= 75.00%
S 7: 800ms= 60.00%  1500ms= 57.50%  3000ms= 61.25%  4000ms= 70.00%   (42s)
  S8 800ms fold1/5: best_val= 50.00% (ep1) test= 50.00%
  S8 800ms fold2/5: best_val= 56.25% (ep5) test= 56.25%
  S8 800ms fold3/5: best_val= 50.00% (ep2) test= 50.00%
  S8 800ms fold4/5: best_val= 56.25% (ep3) test= 50.00%
  S8 800ms fold5/5: best_val= 62.50% (ep2) test= 62.50%
  S8 1500ms fold1/5: best_val= 50.00% (ep2) test= 50.00%
  S8 1500ms fold2/5: best_val= 68.75% (ep3) test= 56.25%
  S8 1500ms fold3/5: best_val= 50.00% (ep21) test= 56.25%
  S8 1500ms fold4/5: best_val= 75.00% (ep12) test= 50.00%
  S8 1500ms fold5/5: best_val= 56.25% (ep2) test= 43.75%
  S8 3000ms fold1/5: best_val= 62.50% (ep7) test= 62.50%
  S8 3000ms fold2/5: best_val= 56.25% (ep8) test= 43.75%
  S8 3000ms fold3/5: best_val= 50.00% (ep1) test= 50.00%
  S8 3000ms fold4/5: best_val= 50.00% (ep2) test= 50.00%
  S8 3000ms fold5/5: best_val= 56.25% (ep4) test= 68.75%
  S8 4000ms fold1/5: best_val= 68.75% (ep7) test= 68.75%
  S8 4000ms fold2/5: best_val= 50.00% (ep1) test= 50.00%
  S8 4000ms fold3/5: best_val= 56.25% (ep14) test= 50.00%
  S8 4000ms fold4/5: best_val= 62.50% (ep5) test= 43.75%
  S8 4000ms fold5/5: best_val= 68.75% (ep5) test= 62.50%
S 8: 800ms= 53.75%  1500ms= 51.25%  3000ms= 55.00%  4000ms= 55.00%   (42s)
  S9 800ms fold1/5: best_val= 62.50% (ep1) test= 62.50%
  S9 800ms fold2/5: best_val= 56.25% (ep5) test= 50.00%
  S9 800ms fold3/5: best_val= 56.25% (ep2) test= 50.00%
  S9 800ms fold4/5: best_val= 62.50% (ep5) test= 50.00%
  S9 800ms fold5/5: best_val= 56.25% (ep6) test= 50.00%
  S9 1500ms fold1/5: best_val= 62.50% (ep1) test= 50.00%
  S9 1500ms fold2/5: best_val= 75.00% (ep13) test= 62.50%
  S9 1500ms fold3/5: best_val= 50.00% (ep1) test= 50.00%
  S9 1500ms fold4/5: best_val= 68.75% (ep8) test= 56.25%
  S9 1500ms fold5/5: best_val= 56.25% (ep1) test= 50.00%
  S9 3000ms fold1/5: best_val= 75.00% (ep6) test= 62.50%
  S9 3000ms fold2/5: best_val= 68.75% (ep16) test= 68.75%
  S9 3000ms fold3/5: best_val= 56.25% (ep6) test= 50.00%
  S9 3000ms fold4/5: best_val= 68.75% (ep9) test= 50.00%
  S9 3000ms fold5/5: best_val= 50.00% (ep5) test= 62.50%
  S9 4000ms fold1/5: best_val= 68.75% (ep10) test= 56.25%
  S9 4000ms fold2/5: best_val= 75.00% (ep22) test= 81.25%
  S9 4000ms fold3/5: best_val= 68.75% (ep9) test= 43.75%
  S9 4000ms fold4/5: best_val= 68.75% (ep12) test= 87.50%
  S9 4000ms fold5/5: best_val= 68.75% (ep21) test= 75.00%
S 9: 800ms= 52.50%  1500ms= 53.75%  3000ms= 58.75%  4000ms= 68.75%   (42s)
  S10 800ms fold1/5: best_val= 56.25% (ep5) test= 43.75%
  S10 800ms fold2/5: best_val= 87.50% (ep6) test= 56.25%
  S10 800ms fold3/5: best_val= 75.00% (ep3) test= 31.25%
  S10 800ms fold4/5: best_val= 68.75% (ep3) test= 50.00%
  S10 800ms fold5/5: best_val= 56.25% (ep4) test= 50.00%
  S10 1500ms fold1/5: best_val= 81.25% (ep11) test= 75.00%
  S10 1500ms fold2/5: best_val= 56.25% (ep10) test= 68.75%
  S10 1500ms fold3/5: best_val= 75.00% (ep11) test= 56.25%
  S10 1500ms fold4/5: best_val= 62.50% (ep5) test= 56.25%
  S10 1500ms fold5/5: best_val= 62.50% (ep4) test= 62.50%
  S10 3000ms fold1/5: best_val= 56.25% (ep14) test= 62.50%
  S10 3000ms fold2/5: best_val= 56.25% (ep2) test= 43.75%
  S10 3000ms fold3/5: best_val= 68.75% (ep7) test= 56.25%
  S10 3000ms fold4/5: best_val= 62.50% (ep8) test= 62.50%
  S10 3000ms fold5/5: best_val= 50.00% (ep1) test= 50.00%
  S10 4000ms fold1/5: best_val= 62.50% (ep10) test= 50.00%
  S10 4000ms fold2/5: best_val= 62.50% (ep22) test= 75.00%
  S10 4000ms fold3/5: best_val= 68.75% (ep13) test= 62.50%
  S10 4000ms fold4/5: best_val= 62.50% (ep11) test= 50.00%
  S10 4000ms fold5/5: best_val= 56.25% (ep7) test= 56.25%
S10: 800ms= 46.25%  1500ms= 63.75%  3000ms= 55.00%  4000ms= 58.75%   (42s)
  S11 800ms fold1/5: best_val= 50.00% (ep1) test= 50.00%
  S11 800ms fold2/5: best_val= 62.50% (ep1) test= 56.25%
  S11 800ms fold3/5: best_val= 62.50% (ep11) test= 56.25%
  S11 800ms fold4/5: best_val= 62.50% (ep1) test= 56.25%
  S11 800ms fold5/5: best_val= 56.25% (ep3) test= 50.00%
  S11 1500ms fold1/5: best_val= 50.00% (ep1) test= 50.00%
  S11 1500ms fold2/5: best_val= 75.00% (ep13) test= 56.25%
  S11 1500ms fold3/5: best_val= 75.00% (ep9) test= 50.00%
  S11 1500ms fold4/5: best_val= 68.75% (ep5) test= 56.25%
  S11 1500ms fold5/5: best_val= 50.00% (ep1) test= 50.00%
  S11 3000ms fold1/5: best_val= 56.25% (ep12) test= 68.75%
  S11 3000ms fold2/5: best_val= 68.75% (ep18) test= 37.50%
  S11 3000ms fold3/5: best_val= 62.50% (ep6) test= 56.25%
  S11 3000ms fold4/5: best_val= 56.25% (ep6) test= 50.00%
  S11 3000ms fold5/5: best_val= 56.25% (ep7) test= 43.75%
  S11 4000ms fold1/5: best_val= 56.25% (ep12) test= 75.00%
  S11 4000ms fold2/5: best_val= 62.50% (ep15) test= 62.50%
  S11 4000ms fold3/5: best_val= 62.50% (ep15) test= 62.50%
  S11 4000ms fold4/5: best_val= 56.25% (ep6) test= 56.25%
  S11 4000ms fold5/5: best_val= 56.25% (ep1) test= 56.25%
S11: 800ms= 53.75%  1500ms= 52.50%  3000ms= 51.25%  4000ms= 62.50%   (42s)
  S12 800ms fold1/5: best_val= 68.75% (ep6) test= 50.00%
  S12 800ms fold2/5: best_val= 75.00% (ep42) test= 56.25%
  S12 800ms fold3/5: best_val= 75.00% (ep8) test= 62.50%
  S12 800ms fold4/5: best_val= 75.00% (ep6) test= 62.50%
  S12 800ms fold5/5: best_val= 81.25% (ep8) test= 56.25%
  S12 1500ms fold1/5: best_val= 81.25% (ep17) test= 43.75%
  S12 1500ms fold2/5: best_val= 68.75% (ep17) test= 31.25%
  S12 1500ms fold3/5: best_val= 75.00% (ep7) test= 68.75%
  S12 1500ms fold4/5: best_val= 68.75% (ep20) test= 50.00%
  S12 1500ms fold5/5: best_val= 56.25% (ep7) test= 56.25%
  S12 3000ms fold1/5: best_val= 75.00% (ep6) test= 56.25%
  S12 3000ms fold2/5: best_val= 56.25% (ep4) test= 50.00%
  S12 3000ms fold3/5: best_val= 68.75% (ep15) test= 56.25%
  S12 3000ms fold4/5: best_val= 75.00% (ep11) test= 43.75%
  S12 3000ms fold5/5: best_val= 68.75% (ep22) test= 62.50%
  S12 4000ms fold1/5: best_val= 62.50% (ep6) test= 56.25%
  S12 4000ms fold2/5: best_val= 62.50% (ep7) test= 62.50%
  S12 4000ms fold3/5: best_val= 75.00% (ep5) test= 56.25%
  S12 4000ms fold4/5: best_val= 62.50% (ep4) test= 31.25%
  S12 4000ms fold5/5: best_val= 56.25% (ep11) test= 56.25%
S12: 800ms= 57.50%  1500ms= 50.00%  3000ms= 53.75%  4000ms= 52.50%   (42s)
  S13 800ms fold1/5: best_val= 75.00% (ep7) test= 62.50%
  S13 800ms fold2/5: best_val= 68.75% (ep9) test= 50.00%
  S13 800ms fold3/5: best_val= 75.00% (ep11) test= 56.25%
  S13 800ms fold4/5: best_val= 75.00% (ep17) test= 93.75%
  S13 800ms fold5/5: best_val= 68.75% (ep8) test= 68.75%
  S13 1500ms fold1/5: best_val= 68.75% (ep4) test= 56.25%
  S13 1500ms fold2/5: best_val= 87.50% (ep21) test= 43.75%
  S13 1500ms fold3/5: best_val= 56.25% (ep14) test= 56.25%
  S13 1500ms fold4/5: best_val= 75.00% (ep7) test= 62.50%
  S13 1500ms fold5/5: best_val= 75.00% (ep8) test= 56.25%
  S13 3000ms fold1/5: best_val= 75.00% (ep4) test= 62.50%
  S13 3000ms fold2/5: best_val= 56.25% (ep1) test= 43.75%
  S13 3000ms fold3/5: best_val= 68.75% (ep5) test= 50.00%
  S13 3000ms fold4/5: best_val= 75.00% (ep23) test= 56.25%
  S13 3000ms fold5/5: best_val= 50.00% (ep1) test= 50.00%
  S13 4000ms fold1/5: best_val= 93.75% (ep17) test= 56.25%
  S13 4000ms fold2/5: best_val= 68.75% (ep5) test= 62.50%
  S13 4000ms fold3/5: best_val= 62.50% (ep8) test= 56.25%
  S13 4000ms fold4/5: best_val= 75.00% (ep9) test= 81.25%
  S13 4000ms fold5/5: best_val= 62.50% (ep1) test= 50.00%
S13: 800ms= 66.25%  1500ms= 55.00%  3000ms= 52.50%  4000ms= 61.25%   (42s)
  S14 800ms fold1/5: best_val= 68.75% (ep5) test= 75.00%
  S14 800ms fold2/5: best_val= 75.00% (ep7) test= 75.00%
  S14 800ms fold3/5: best_val= 87.50% (ep4) test= 62.50%
  S14 800ms fold4/5: best_val= 75.00% (ep16) test= 68.75%
  S14 800ms fold5/5: best_val= 81.25% (ep7) test= 81.25%
  S14 1500ms fold1/5: best_val= 81.25% (ep6) test= 62.50%
  S14 1500ms fold2/5: best_val= 75.00% (ep22) test= 75.00%
  S14 1500ms fold3/5: best_val= 87.50% (ep3) test= 62.50%
  S14 1500ms fold4/5: best_val= 81.25% (ep20) test= 75.00%
  S14 1500ms fold5/5: best_val= 62.50% (ep8) test= 75.00%
  S14 3000ms fold1/5: best_val= 75.00% (ep11) test= 68.75%
  S14 3000ms fold2/5: best_val= 62.50% (ep16) test= 68.75%
  S14 3000ms fold3/5: best_val= 75.00% (ep6) test= 18.75%
  S14 3000ms fold4/5: best_val= 81.25% (ep20) test= 62.50%
  S14 3000ms fold5/5: best_val= 68.75% (ep10) test= 56.25%
  S14 4000ms fold1/5: best_val= 87.50% (ep8) test= 81.25%
  S14 4000ms fold2/5: best_val= 62.50% (ep9) test= 68.75%
  S14 4000ms fold3/5: best_val= 75.00% (ep8) test= 25.00%
  S14 4000ms fold4/5: best_val= 62.50% (ep7) test= 68.75%
  S14 4000ms fold5/5: best_val= 75.00% (ep7) test= 50.00%
S14: 800ms= 72.50%  1500ms= 70.00%  3000ms= 55.00%  4000ms= 58.75%   (42s)
  S15 800ms fold1/5: best_val= 62.50% (ep6) test= 56.25%
  S15 800ms fold2/5: best_val= 62.50% (ep1) test= 50.00%
  S15 800ms fold3/5: best_val= 50.00% (ep2) test= 50.00%
  S15 800ms fold4/5: best_val= 62.50% (ep15) test= 43.75%
  S15 800ms fold5/5: best_val= 56.25% (ep3) test= 56.25%
  S15 1500ms fold1/5: best_val= 62.50% (ep9) test= 43.75%
  S15 1500ms fold2/5: best_val= 50.00% (ep1) test= 50.00%
  S15 1500ms fold3/5: best_val= 56.25% (ep14) test= 62.50%
  S15 1500ms fold4/5: best_val= 50.00% (ep1) test= 37.50%
  S15 1500ms fold5/5: best_val= 56.25% (ep5) test= 43.75%
  S15 3000ms fold1/5: best_val= 50.00% (ep2) test= 31.25%
  S15 3000ms fold2/5: best_val= 62.50% (ep3) test= 37.50%
  S15 3000ms fold3/5: best_val= 56.25% (ep14) test= 43.75%
  S15 3000ms fold4/5: best_val= 56.25% (ep8) test= 18.75%
  S15 3000ms fold5/5: best_val= 62.50% (ep8) test= 50.00%
  S15 4000ms fold1/5: best_val= 50.00% (ep1) test= 50.00%
  S15 4000ms fold2/5: best_val= 50.00% (ep1) test= 50.00%
  S15 4000ms fold3/5: best_val= 62.50% (ep13) test= 50.00%
  S15 4000ms fold4/5: best_val= 56.25% (ep11) test= 31.25%
  S15 4000ms fold5/5: best_val= 68.75% (ep17) test= 43.75%
S15: 800ms= 51.25%  1500ms= 47.50%  3000ms= 36.25%  4000ms= 45.00%   (42s)
  S16 800ms fold1/5: best_val= 68.75% (ep1) test= 37.50%
  S16 800ms fold2/5: best_val= 50.00% (ep1) test= 50.00%
  S16 800ms fold3/5: best_val= 50.00% (ep1) test= 50.00%
  S16 800ms fold4/5: best_val= 81.25% (ep5) test= 62.50%
  S16 800ms fold5/5: best_val= 81.25% (ep1) test= 68.75%
  S16 1500ms fold1/5: best_val= 75.00% (ep7) test= 50.00%
  S16 1500ms fold2/5: best_val= 62.50% (ep7) test= 37.50%
  S16 1500ms fold3/5: best_val= 50.00% (ep1) test= 50.00%
  S16 1500ms fold4/5: best_val= 56.25% (ep3) test= 50.00%
  S16 1500ms fold5/5: best_val= 62.50% (ep9) test= 25.00%
  S16 3000ms fold1/5: best_val= 62.50% (ep9) test= 56.25%
  S16 3000ms fold2/5: best_val= 56.25% (ep4) test= 43.75%
  S16 3000ms fold3/5: best_val= 56.25% (ep2) test= 43.75%
  S16 3000ms fold4/5: best_val= 75.00% (ep24) test= 81.25%
  S16 3000ms fold5/5: best_val= 68.75% (ep21) test= 43.75%
  S16 4000ms fold1/5: best_val= 62.50% (ep9) test= 43.75%
  S16 4000ms fold2/5: best_val= 56.25% (ep11) test= 62.50%
  S16 4000ms fold3/5: best_val= 68.75% (ep14) test= 75.00%
  S16 4000ms fold4/5: best_val= 75.00% (ep30) test= 75.00%
  S16 4000ms fold5/5: best_val= 75.00% (ep22) test= 43.75%
S16: 800ms= 53.75%  1500ms= 42.50%  3000ms= 53.75%  4000ms= 60.00%   (42s)
  S17 800ms fold1/5: best_val= 68.75% (ep2) test= 62.50%
  S17 800ms fold2/5: best_val= 68.75% (ep10) test= 43.75%
  S17 800ms fold3/5: best_val= 62.50% (ep5) test= 43.75%
  S17 800ms fold4/5: best_val= 62.50% (ep9) test= 62.50%
  S17 800ms fold5/5: best_val= 68.75% (ep7) test= 50.00%
  S17 1500ms fold1/5: best_val= 68.75% (ep21) test= 56.25%
  S17 1500ms fold2/5: best_val= 56.25% (ep6) test= 68.75%
  S17 1500ms fold3/5: best_val= 56.25% (ep6) test= 68.75%
  S17 1500ms fold4/5: best_val= 81.25% (ep13) test= 50.00%
  S17 1500ms fold5/5: best_val= 62.50% (ep14) test= 37.50%
  S17 3000ms fold1/5: best_val= 62.50% (ep7) test= 62.50%
  S17 3000ms fold2/5: best_val= 62.50% (ep21) test= 68.75%
  S17 3000ms fold3/5: best_val= 50.00% (ep2) test= 56.25%
  S17 3000ms fold4/5: best_val= 75.00% (ep5) test= 43.75%
  S17 3000ms fold5/5: best_val= 56.25% (ep7) test= 56.25%
  S17 4000ms fold1/5: best_val= 75.00% (ep8) test= 62.50%
  S17 4000ms fold2/5: best_val= 87.50% (ep30) test= 75.00%
  S17 4000ms fold3/5: best_val= 75.00% (ep26) test= 56.25%
  S17 4000ms fold4/5: best_val= 81.25% (ep10) test= 56.25%
  S17 4000ms fold5/5: best_val= 68.75% (ep8) test= 62.50%
S17: 800ms= 52.50%  1500ms= 56.25%  3000ms= 57.50%  4000ms= 62.50%   (42s)
  S18 800ms fold1/5: best_val= 93.75% (ep12) test= 81.25%
  S18 800ms fold2/5: best_val= 75.00% (ep9) test= 62.50%
  S18 800ms fold3/5: best_val= 81.25% (ep10) test= 75.00%
  S18 800ms fold4/5: best_val= 87.50% (ep5) test= 68.75%
  S18 800ms fold5/5: best_val= 75.00% (ep4) test= 81.25%
  S18 1500ms fold1/5: best_val= 87.50% (ep7) test= 75.00%
  S18 1500ms fold2/5: best_val= 68.75% (ep26) test= 68.75%
  S18 1500ms fold3/5: best_val= 75.00% (ep4) test= 87.50%
  S18 1500ms fold4/5: best_val= 81.25% (ep9) test= 56.25%
  S18 1500ms fold5/5: best_val= 93.75% (ep25) test= 68.75%
  S18 3000ms fold1/5: best_val= 75.00% (ep4) test= 56.25%
  S18 3000ms fold2/5: best_val= 81.25% (ep5) test= 50.00%
  S18 3000ms fold3/5: best_val= 68.75% (ep14) test= 50.00%
  S18 3000ms fold4/5: best_val= 75.00% (ep7) test= 75.00%
  S18 3000ms fold5/5: best_val= 81.25% (ep11) test= 62.50%
  S18 4000ms fold1/5: best_val= 87.50% (ep21) test= 68.75%
  S18 4000ms fold2/5: best_val= 75.00% (ep12) test= 75.00%
  S18 4000ms fold3/5: best_val= 68.75% (ep5) test= 75.00%
  S18 4000ms fold4/5: best_val= 81.25% (ep22) test= 68.75%
  S18 4000ms fold5/5: best_val=100.00% (ep30) test= 68.75%
S18: 800ms= 73.75%  1500ms= 71.25%  3000ms= 58.75%  4000ms= 71.25%   (42s)

ALL SUBJECTS COMPLETED — WAA/SAA  (774s)

====================================================================
SAVED WAA/SAA -> /work/11862/rmaahin/ls6/FineMI-enhancements/ConformerEEG/experiments/option_b/results/full/WAA_SAA
gpu=NVIDIA A100-PCIE-40GB | torch=2.8.0+cu128 | seed=42 | model=conformer_b | mode=full
====================================================================
window_ms   800    1500   3000   4000
subject                              
1          54.44  61.11  60.00  53.33
2          57.50  52.50  47.50  47.50
3          68.75  83.75  80.00  81.25
4          63.75  63.75  85.00  85.00
5          60.00  53.75  50.00  56.25
6          48.75  71.25  68.75  67.50
7          60.00  57.50  61.25  70.00
8          53.75  51.25  55.00  55.00
9          52.50  53.75  58.75  68.75
10         46.25  63.75  55.00  58.75
11         53.75  52.50  51.25  62.50
12         57.50  50.00  53.75  52.50
13         66.25  55.00  52.50  61.25
14         72.50  70.00  55.00  58.75
15         51.25  47.50  36.25  45.00
16         53.75  42.50  53.75  60.00
17         52.50  56.25  57.50  62.50
18         73.75  71.25  58.75  71.25

mean: {800: 58.16, 1500: 58.74, 3000: 57.78, 4000: 62.06}
sd  : {800: 7.97, 1500: 10.27, 3000: 11.19, 4000: 10.57}

Pairs saved so far in /work/11862/rmaahin/ls6/FineMI-enhancements/ConformerEEG/experiments/option_b/results/full: 19/28

##### pair_idx=17 (WAA_SFE) #####

Using device: cuda | gpu=NVIDIA A100-PCIE-40GB | torch=2.8.0+cu128
NOTE: determinism holds per-GPU-model. Record this GPU name.

PAIR: WAA/SFE  (classes 2 vs 7)  model=conformer_b  mode=full
Test time windows: [800, 1500, 3000, 4000] ms
Test time windows (samples): [200, 375, 750, 1000]

BINARY CLASSIFICATION: Class 2 vs Class 7  (WAA/SFE)
  Class 0 (original 2): 725 trials
  Class 1 (original 7): 726 trials

Extracted time windows:
  800ms (200 samples): shape (1451, 62, 200)
  1500ms (375 samples): shape (1451, 62, 375)
  3000ms (750 samples): shape (1451, 62, 750)
  4000ms (1000 samples): shape (1451, 62, 1000)

Model configuration:
  Model: conformer_b
  Channels: 62
  Subjects: [1, 2, 3, 4, 5, 6, 7, 8, 9, 10, 11, 12, 13, 14, 15, 16, 17, 18]
  Time windows: [800, 1500, 3000, 4000] ms
  Classes: 2 (Binary: Class 2 vs Class 7)
  Folds: 5
  Batch size: 32
  Epochs per subject per time window: 50
  S1 800ms fold1/5: best_val= 77.78% (ep8) test= 50.00%
  S1 800ms fold2/5: best_val= 66.67% (ep19) test= 61.11%
  S1 800ms fold3/5: best_val= 72.22% (ep7) test= 44.44%
  S1 800ms fold4/5: best_val= 66.67% (ep14) test= 66.67%
  S1 800ms fold5/5: best_val= 72.22% (ep15) test= 50.00%
  S1 1500ms fold1/5: best_val= 61.11% (ep10) test= 38.89%
  S1 1500ms fold2/5: best_val= 61.11% (ep6) test= 55.56%
  S1 1500ms fold3/5: best_val= 77.78% (ep11) test= 38.89%
  S1 1500ms fold4/5: best_val= 66.67% (ep4) test= 38.89%
  S1 1500ms fold5/5: best_val= 72.22% (ep3) test= 61.11%
  S1 3000ms fold1/5: best_val= 66.67% (ep10) test= 66.67%
  S1 3000ms fold2/5: best_val= 72.22% (ep12) test= 33.33%
  S1 3000ms fold3/5: best_val= 72.22% (ep6) test= 55.56%
  S1 3000ms fold4/5: best_val= 72.22% (ep40) test= 38.89%
  S1 3000ms fold5/5: best_val= 66.67% (ep5) test= 55.56%
  S1 4000ms fold1/5: best_val= 77.78% (ep16) test= 61.11%
  S1 4000ms fold2/5: best_val= 77.78% (ep4) test= 44.44%
  S1 4000ms fold3/5: best_val= 77.78% (ep3) test= 50.00%
  S1 4000ms fold4/5: best_val= 66.67% (ep7) test= 44.44%
  S1 4000ms fold5/5: best_val= 77.78% (ep17) test= 83.33%
S 1: 800ms= 54.44%  1500ms= 46.67%  3000ms= 50.00%  4000ms= 56.67%   (54s)
  S2 800ms fold1/5: best_val= 68.75% (ep8) test= 56.25%
  S2 800ms fold2/5: best_val= 56.25% (ep2) test= 75.00%
  S2 800ms fold3/5: best_val= 50.00% (ep1) test= 50.00%
  S2 800ms fold4/5: best_val= 93.75% (ep14) test= 56.25%
  S2 800ms fold5/5: best_val= 75.00% (ep10) test= 56.25%
  S2 1500ms fold1/5: best_val= 68.75% (ep19) test= 62.50%
  S2 1500ms fold2/5: best_val= 68.75% (ep6) test= 68.75%
  S2 1500ms fold3/5: best_val= 62.50% (ep15) test= 56.25%
  S2 1500ms fold4/5: best_val= 87.50% (ep19) test= 50.00%
  S2 1500ms fold5/5: best_val= 62.50% (ep9) test= 68.75%
  S2 3000ms fold1/5: best_val= 68.75% (ep14) test= 43.75%
  S2 3000ms fold2/5: best_val= 56.25% (ep7) test= 56.25%
  S2 3000ms fold3/5: best_val= 68.75% (ep8) test= 43.75%
  S2 3000ms fold4/5: best_val= 75.00% (ep9) test= 43.75%
  S2 3000ms fold5/5: best_val= 68.75% (ep11) test= 43.75%
  S2 4000ms fold1/5: best_val= 56.25% (ep6) test= 56.25%
  S2 4000ms fold2/5: best_val= 56.25% (ep9) test= 50.00%
  S2 4000ms fold3/5: best_val= 50.00% (ep1) test= 50.00%
  S2 4000ms fold4/5: best_val= 68.75% (ep8) test= 56.25%
  S2 4000ms fold5/5: best_val= 62.50% (ep10) test= 50.00%
S 2: 800ms= 58.75%  1500ms= 61.25%  3000ms= 46.25%  4000ms= 52.50%   (42s)
  S3 800ms fold1/5: best_val= 87.50% (ep22) test= 62.50%
  S3 800ms fold2/5: best_val= 93.75% (ep14) test= 56.25%
  S3 800ms fold3/5: best_val= 68.75% (ep9) test= 81.25%
  S3 800ms fold4/5: best_val= 75.00% (ep1) test= 43.75%
  S3 800ms fold5/5: best_val= 81.25% (ep9) test= 75.00%
  S3 1500ms fold1/5: best_val= 81.25% (ep17) test= 75.00%
  S3 1500ms fold2/5: best_val= 93.75% (ep8) test= 62.50%
  S3 1500ms fold3/5: best_val= 87.50% (ep5) test= 43.75%
  S3 1500ms fold4/5: best_val= 62.50% (ep19) test= 81.25%
  S3 1500ms fold5/5: best_val= 68.75% (ep8) test= 56.25%
  S3 3000ms fold1/5: best_val= 87.50% (ep18) test= 62.50%
  S3 3000ms fold2/5: best_val= 87.50% (ep13) test= 50.00%
  S3 3000ms fold3/5: best_val= 81.25% (ep8) test= 68.75%
  S3 3000ms fold4/5: best_val= 62.50% (ep3) test= 56.25%
  S3 3000ms fold5/5: best_val= 87.50% (ep16) test= 87.50%
  S3 4000ms fold1/5: best_val= 87.50% (ep8) test= 68.75%
  S3 4000ms fold2/5: best_val= 93.75% (ep31) test= 62.50%
  S3 4000ms fold3/5: best_val= 81.25% (ep4) test= 75.00%
  S3 4000ms fold4/5: best_val= 75.00% (ep30) test= 93.75%
  S3 4000ms fold5/5: best_val= 81.25% (ep25) test= 75.00%
S 3: 800ms= 63.75%  1500ms= 63.75%  3000ms= 65.00%  4000ms= 75.00%   (42s)
  S4 800ms fold1/5: best_val= 87.50% (ep16) test= 81.25%
  S4 800ms fold2/5: best_val= 81.25% (ep13) test= 87.50%
  S4 800ms fold3/5: best_val= 93.75% (ep7) test= 81.25%
  S4 800ms fold4/5: best_val= 93.75% (ep15) test= 75.00%
  S4 800ms fold5/5: best_val= 81.25% (ep10) test= 87.50%
  S4 1500ms fold1/5: best_val= 81.25% (ep16) test= 68.75%
  S4 1500ms fold2/5: best_val= 68.75% (ep16) test= 87.50%
  S4 1500ms fold3/5: best_val= 87.50% (ep13) test= 81.25%
  S4 1500ms fold4/5: best_val= 75.00% (ep11) test= 75.00%
  S4 1500ms fold5/5: best_val= 87.50% (ep13) test= 75.00%
  S4 3000ms fold1/5: best_val= 93.75% (ep13) test= 81.25%
  S4 3000ms fold2/5: best_val= 68.75% (ep9) test= 56.25%
  S4 3000ms fold3/5: best_val= 62.50% (ep7) test= 62.50%
  S4 3000ms fold4/5: best_val= 93.75% (ep15) test= 81.25%
  S4 3000ms fold5/5: best_val= 81.25% (ep27) test= 75.00%
  S4 4000ms fold1/5: best_val= 93.75% (ep26) test= 87.50%
  S4 4000ms fold2/5: best_val= 87.50% (ep21) test= 81.25%
  S4 4000ms fold3/5: best_val= 87.50% (ep12) test= 87.50%
  S4 4000ms fold4/5: best_val= 81.25% (ep12) test= 68.75%
  S4 4000ms fold5/5: best_val= 87.50% (ep13) test= 81.25%
S 4: 800ms= 82.50%  1500ms= 77.50%  3000ms= 71.25%  4000ms= 81.25%   (42s)
  S5 800ms fold1/5: best_val= 62.50% (ep9) test= 58.82%
  S5 800ms fold2/5: best_val= 58.82% (ep13) test= 62.50%
  S5 800ms fold3/5: best_val= 76.47% (ep15) test= 62.50%
  S5 800ms fold4/5: best_val= 70.59% (ep15) test= 75.00%
  S5 800ms fold5/5: best_val= 76.47% (ep7) test= 50.00%
  S5 1500ms fold1/5: best_val= 68.75% (ep16) test= 82.35%
  S5 1500ms fold2/5: best_val= 70.59% (ep7) test= 75.00%
  S5 1500ms fold3/5: best_val= 76.47% (ep15) test= 68.75%
  S5 1500ms fold4/5: best_val= 76.47% (ep5) test= 50.00%
  S5 1500ms fold5/5: best_val= 82.35% (ep14) test= 50.00%
  S5 3000ms fold1/5: best_val= 81.25% (ep30) test= 41.18%
  S5 3000ms fold2/5: best_val= 70.59% (ep13) test= 75.00%
  S5 3000ms fold3/5: best_val= 76.47% (ep6) test= 50.00%
  S5 3000ms fold4/5: best_val= 82.35% (ep9) test= 75.00%
  S5 3000ms fold5/5: best_val= 76.47% (ep4) test= 37.50%
  S5 4000ms fold1/5: best_val= 81.25% (ep6) test= 58.82%
  S5 4000ms fold2/5: best_val= 64.71% (ep8) test= 68.75%
  S5 4000ms fold3/5: best_val= 76.47% (ep3) test= 56.25%
  S5 4000ms fold4/5: best_val= 70.59% (ep23) test= 56.25%
  S5 4000ms fold5/5: best_val= 64.71% (ep7) test= 50.00%
S 5: 800ms= 61.73%  1500ms= 65.43%  3000ms= 55.56%  4000ms= 58.02%   (42s)
  S6 800ms fold1/5: best_val= 75.00% (ep3) test= 50.00%
  S6 800ms fold2/5: best_val= 75.00% (ep5) test= 56.25%
  S6 800ms fold3/5: best_val= 62.50% (ep1) test= 68.75%
  S6 800ms fold4/5: best_val= 68.75% (ep10) test= 43.75%
  S6 800ms fold5/5: best_val= 56.25% (ep10) test= 62.50%
  S6 1500ms fold1/5: best_val= 75.00% (ep14) test= 50.00%
  S6 1500ms fold2/5: best_val= 56.25% (ep13) test= 62.50%
  S6 1500ms fold3/5: best_val= 62.50% (ep6) test= 62.50%
  S6 1500ms fold4/5: best_val= 62.50% (ep8) test= 50.00%
  S6 1500ms fold5/5: best_val= 56.25% (ep5) test= 75.00%
  S6 3000ms fold1/5: best_val= 68.75% (ep5) test= 75.00%
  S6 3000ms fold2/5: best_val= 68.75% (ep27) test= 50.00%
  S6 3000ms fold3/5: best_val= 50.00% (ep1) test= 50.00%
  S6 3000ms fold4/5: best_val= 81.25% (ep18) test= 43.75%
  S6 3000ms fold5/5: best_val= 56.25% (ep5) test= 56.25%
  S6 4000ms fold1/5: best_val= 68.75% (ep11) test= 87.50%
  S6 4000ms fold2/5: best_val= 68.75% (ep32) test= 68.75%
  S6 4000ms fold3/5: best_val= 62.50% (ep9) test= 62.50%
  S6 4000ms fold4/5: best_val= 68.75% (ep10) test= 50.00%
  S6 4000ms fold5/5: best_val= 75.00% (ep9) test= 62.50%
S 6: 800ms= 56.25%  1500ms= 60.00%  3000ms= 55.00%  4000ms= 66.25%   (42s)
  S7 800ms fold1/5: best_val= 62.50% (ep9) test= 62.50%
  S7 800ms fold2/5: best_val= 56.25% (ep3) test= 62.50%
  S7 800ms fold3/5: best_val= 68.75% (ep3) test= 68.75%
  S7 800ms fold4/5: best_val= 68.75% (ep12) test= 56.25%
  S7 800ms fold5/5: best_val= 62.50% (ep4) test= 56.25%
  S7 1500ms fold1/5: best_val= 68.75% (ep9) test= 50.00%
  S7 1500ms fold2/5: best_val= 62.50% (ep8) test= 50.00%
  S7 1500ms fold3/5: best_val= 56.25% (ep4) test= 50.00%
  S7 1500ms fold4/5: best_val= 56.25% (ep8) test= 62.50%
  S7 1500ms fold5/5: best_val= 50.00% (ep2) test= 50.00%
  S7 3000ms fold1/5: best_val= 62.50% (ep9) test= 50.00%
  S7 3000ms fold2/5: best_val= 56.25% (ep9) test= 43.75%
  S7 3000ms fold3/5: best_val= 56.25% (ep16) test= 81.25%
  S7 3000ms fold4/5: best_val= 50.00% (ep1) test= 50.00%
  S7 3000ms fold5/5: best_val= 62.50% (ep6) test= 62.50%
  S7 4000ms fold1/5: best_val= 81.25% (ep7) test= 50.00%
  S7 4000ms fold2/5: best_val= 68.75% (ep8) test= 50.00%
  S7 4000ms fold3/5: best_val= 81.25% (ep7) test= 75.00%
  S7 4000ms fold4/5: best_val= 62.50% (ep3) test= 56.25%
  S7 4000ms fold5/5: best_val= 56.25% (ep6) test= 56.25%
S 7: 800ms= 61.25%  1500ms= 52.50%  3000ms= 57.50%  4000ms= 57.50%   (42s)
  S8 800ms fold1/5: best_val= 62.50% (ep3) test= 56.25%
  S8 800ms fold2/5: best_val= 50.00% (ep1) test= 50.00%
  S8 800ms fold3/5: best_val= 68.75% (ep9) test= 56.25%
  S8 800ms fold4/5: best_val= 50.00% (ep1) test= 50.00%
  S8 800ms fold5/5: best_val= 62.50% (ep10) test= 43.75%
  S8 1500ms fold1/5: best_val= 56.25% (ep6) test= 50.00%
  S8 1500ms fold2/5: best_val= 56.25% (ep1) test= 50.00%
  S8 1500ms fold3/5: best_val= 50.00% (ep1) test= 50.00%
  S8 1500ms fold4/5: best_val= 56.25% (ep2) test= 43.75%
  S8 1500ms fold5/5: best_val= 62.50% (ep2) test= 37.50%
  S8 3000ms fold1/5: best_val= 56.25% (ep27) test= 68.75%
  S8 3000ms fold2/5: best_val= 50.00% (ep1) test= 43.75%
  S8 3000ms fold3/5: best_val= 56.25% (ep18) test= 37.50%
  S8 3000ms fold4/5: best_val= 50.00% (ep6) test= 56.25%
  S8 3000ms fold5/5: best_val= 50.00% (ep1) test= 50.00%
  S8 4000ms fold1/5: best_val= 56.25% (ep1) test= 43.75%
  S8 4000ms fold2/5: best_val= 56.25% (ep6) test= 50.00%
  S8 4000ms fold3/5: best_val= 56.25% (ep2) test= 50.00%
  S8 4000ms fold4/5: best_val= 50.00% (ep2) test= 50.00%
  S8 4000ms fold5/5: best_val= 62.50% (ep2) test= 50.00%
S 8: 800ms= 51.25%  1500ms= 46.25%  3000ms= 51.25%  4000ms= 48.75%   (42s)
  S9 800ms fold1/5: best_val= 68.75% (ep17) test= 43.75%
  S9 800ms fold2/5: best_val= 62.50% (ep4) test= 81.25%
  S9 800ms fold3/5: best_val= 50.00% (ep1) test= 62.50%
  S9 800ms fold4/5: best_val= 56.25% (ep5) test= 50.00%
  S9 800ms fold5/5: best_val= 56.25% (ep7) test= 43.75%
  S9 1500ms fold1/5: best_val= 62.50% (ep5) test= 43.75%
  S9 1500ms fold2/5: best_val= 56.25% (ep3) test= 43.75%
  S9 1500ms fold3/5: best_val= 56.25% (ep9) test= 31.25%
  S9 1500ms fold4/5: best_val= 50.00% (ep1) test= 43.75%
  S9 1500ms fold5/5: best_val= 50.00% (ep1) test= 50.00%
  S9 3000ms fold1/5: best_val= 68.75% (ep11) test= 37.50%
  S9 3000ms fold2/5: best_val= 62.50% (ep4) test= 43.75%
  S9 3000ms fold3/5: best_val= 62.50% (ep10) test= 43.75%
  S9 3000ms fold4/5: best_val= 62.50% (ep23) test= 62.50%
  S9 3000ms fold5/5: best_val= 56.25% (ep4) test= 50.00%
  S9 4000ms fold1/5: best_val= 56.25% (ep5) test= 43.75%
  S9 4000ms fold2/5: best_val= 68.75% (ep21) test= 56.25%
  S9 4000ms fold3/5: best_val= 68.75% (ep14) test= 37.50%
  S9 4000ms fold4/5: best_val= 56.25% (ep11) test= 56.25%
  S9 4000ms fold5/5: best_val= 56.25% (ep5) test= 43.75%
S 9: 800ms= 56.25%  1500ms= 42.50%  3000ms= 47.50%  4000ms= 47.50%   (42s)
  S10 800ms fold1/5: best_val= 68.75% (ep8) test= 50.00%
  S10 800ms fold2/5: best_val= 75.00% (ep10) test= 62.50%
  S10 800ms fold3/5: best_val= 68.75% (ep3) test= 62.50%
  S10 800ms fold4/5: best_val= 75.00% (ep2) test= 62.50%
  S10 800ms fold5/5: best_val= 68.75% (ep6) test= 50.00%
  S10 1500ms fold1/5: best_val= 87.50% (ep4) test= 68.75%
  S10 1500ms fold2/5: best_val= 68.75% (ep8) test= 75.00%
  S10 1500ms fold3/5: best_val= 75.00% (ep13) test= 62.50%
  S10 1500ms fold4/5: best_val= 81.25% (ep12) test= 56.25%
  S10 1500ms fold5/5: best_val= 68.75% (ep7) test= 56.25%
  S10 3000ms fold1/5: best_val= 81.25% (ep13) test= 56.25%
  S10 3000ms fold2/5: best_val= 62.50% (ep18) test= 68.75%
  S10 3000ms fold3/5: best_val= 68.75% (ep13) test= 50.00%
  S10 3000ms fold4/5: best_val= 62.50% (ep10) test= 50.00%
  S10 3000ms fold5/5: best_val= 56.25% (ep18) test= 56.25%
  S10 4000ms fold1/5: best_val= 87.50% (ep18) test= 62.50%
  S10 4000ms fold2/5: best_val= 81.25% (ep20) test= 81.25%
  S10 4000ms fold3/5: best_val= 75.00% (ep16) test= 50.00%
  S10 4000ms fold4/5: best_val= 75.00% (ep14) test= 56.25%
  S10 4000ms fold5/5: best_val= 75.00% (ep12) test= 75.00%
S10: 800ms= 57.50%  1500ms= 63.75%  3000ms= 56.25%  4000ms= 65.00%   (42s)
  S11 800ms fold1/5: best_val= 56.25% (ep18) test= 50.00%
  S11 800ms fold2/5: best_val= 75.00% (ep1) test= 56.25%
  S11 800ms fold3/5: best_val= 62.50% (ep8) test= 37.50%
  S11 800ms fold4/5: best_val= 56.25% (ep1) test= 18.75%
  S11 800ms fold5/5: best_val= 68.75% (ep5) test= 31.25%
  S11 1500ms fold1/5: best_val= 62.50% (ep7) test= 56.25%
  S11 1500ms fold2/5: best_val= 62.50% (ep9) test= 56.25%
  S11 1500ms fold3/5: best_val= 62.50% (ep1) test= 62.50%
  S11 1500ms fold4/5: best_val= 62.50% (ep7) test= 50.00%
  S11 1500ms fold5/5: best_val= 75.00% (ep2) test= 62.50%
  S11 3000ms fold1/5: best_val= 75.00% (ep17) test= 43.75%
  S11 3000ms fold2/5: best_val= 68.75% (ep26) test= 31.25%
  S11 3000ms fold3/5: best_val= 68.75% (ep10) test= 50.00%
  S11 3000ms fold4/5: best_val= 56.25% (ep8) test= 50.00%
  S11 3000ms fold5/5: best_val= 56.25% (ep7) test= 56.25%
  S11 4000ms fold1/5: best_val= 68.75% (ep6) test= 56.25%
  S11 4000ms fold2/5: best_val= 50.00% (ep1) test= 50.00%
  S11 4000ms fold3/5: best_val= 68.75% (ep9) test= 56.25%
  S11 4000ms fold4/5: best_val= 50.00% (ep1) test= 50.00%
  S11 4000ms fold5/5: best_val= 81.25% (ep2) test= 37.50%
S11: 800ms= 38.75%  1500ms= 57.50%  3000ms= 46.25%  4000ms= 50.00%   (43s)
  S12 800ms fold1/5: best_val= 62.50% (ep6) test= 62.50%
  S12 800ms fold2/5: best_val= 68.75% (ep11) test= 50.00%
  S12 800ms fold3/5: best_val= 87.50% (ep17) test= 68.75%
  S12 800ms fold4/5: best_val= 68.75% (ep12) test= 75.00%
  S12 800ms fold5/5: best_val= 75.00% (ep7) test= 37.50%
  S12 1500ms fold1/5: best_val= 62.50% (ep16) test= 56.25%
  S12 1500ms fold2/5: best_val= 68.75% (ep4) test= 81.25%
  S12 1500ms fold3/5: best_val= 62.50% (ep6) test= 50.00%
  S12 1500ms fold4/5: best_val= 50.00% (ep1) test= 50.00%
  S12 1500ms fold5/5: best_val= 62.50% (ep6) test= 50.00%
  S12 3000ms fold1/5: best_val= 62.50% (ep10) test= 68.75%
  S12 3000ms fold2/5: best_val= 68.75% (ep10) test= 68.75%
  S12 3000ms fold3/5: best_val= 81.25% (ep13) test= 68.75%
  S12 3000ms fold4/5: best_val= 50.00% (ep2) test= 50.00%
  S12 3000ms fold5/5: best_val= 68.75% (ep7) test= 43.75%
  S12 4000ms fold1/5: best_val= 81.25% (ep6) test= 50.00%
  S12 4000ms fold2/5: best_val= 43.75% (ep1) test= 50.00%
  S12 4000ms fold3/5: best_val= 68.75% (ep28) test= 62.50%
  S12 4000ms fold4/5: best_val= 62.50% (ep2) test= 56.25%
  S12 4000ms fold5/5: best_val= 75.00% (ep9) test= 31.25%
S12: 800ms= 58.75%  1500ms= 57.50%  3000ms= 60.00%  4000ms= 50.00%   (43s)
  S13 800ms fold1/5: best_val= 87.50% (ep21) test= 43.75%
  S13 800ms fold2/5: best_val= 87.50% (ep17) test= 62.50%
  S13 800ms fold3/5: best_val= 75.00% (ep14) test= 75.00%
  S13 800ms fold4/5: best_val= 87.50% (ep23) test= 68.75%
  S13 800ms fold5/5: best_val= 62.50% (ep16) test= 81.25%
  S13 1500ms fold1/5: best_val= 75.00% (ep3) test= 68.75%
  S13 1500ms fold2/5: best_val= 87.50% (ep8) test= 50.00%
  S13 1500ms fold3/5: best_val= 81.25% (ep8) test= 50.00%
  S13 1500ms fold4/5: best_val= 81.25% (ep5) test= 75.00%
  S13 1500ms fold5/5: best_val= 87.50% (ep4) test= 50.00%
  S13 3000ms fold1/5: best_val= 62.50% (ep5) test= 68.75%
  S13 3000ms fold2/5: best_val= 62.50% (ep4) test= 62.50%
  S13 3000ms fold3/5: best_val= 81.25% (ep6) test= 56.25%
  S13 3000ms fold4/5: best_val= 87.50% (ep7) test= 56.25%
  S13 3000ms fold5/5: best_val= 81.25% (ep11) test= 68.75%
  S13 4000ms fold1/5: best_val= 75.00% (ep9) test= 75.00%
  S13 4000ms fold2/5: best_val= 81.25% (ep21) test= 62.50%
  S13 4000ms fold3/5: best_val= 87.50% (ep6) test= 62.50%
  S13 4000ms fold4/5: best_val= 68.75% (ep12) test= 68.75%
  S13 4000ms fold5/5: best_val= 68.75% (ep6) test= 75.00%
S13: 800ms= 66.25%  1500ms= 58.75%  3000ms= 62.50%  4000ms= 68.75%   (42s)
  S14 800ms fold1/5: best_val= 81.25% (ep4) test= 81.25%
  S14 800ms fold2/5: best_val= 87.50% (ep13) test= 68.75%
  S14 800ms fold3/5: best_val= 93.75% (ep3) test= 56.25%
  S14 800ms fold4/5: best_val= 87.50% (ep18) test= 87.50%
  S14 800ms fold5/5: best_val=100.00% (ep13) test= 68.75%
  S14 1500ms fold1/5: best_val= 93.75% (ep10) test= 81.25%
  S14 1500ms fold2/5: best_val= 81.25% (ep16) test= 81.25%
  S14 1500ms fold3/5: best_val= 87.50% (ep32) test= 50.00%
  S14 1500ms fold4/5: best_val= 93.75% (ep11) test= 81.25%
  S14 1500ms fold5/5: best_val= 68.75% (ep1) test= 68.75%
  S14 3000ms fold1/5: best_val= 68.75% (ep7) test= 62.50%
  S14 3000ms fold2/5: best_val= 81.25% (ep21) test= 68.75%
  S14 3000ms fold3/5: best_val= 56.25% (ep11) test= 56.25%
  S14 3000ms fold4/5: best_val= 68.75% (ep14) test= 75.00%
  S14 3000ms fold5/5: best_val= 68.75% (ep3) test= 56.25%
  S14 4000ms fold1/5: best_val= 68.75% (ep6) test= 56.25%
  S14 4000ms fold2/5: best_val= 81.25% (ep3) test= 75.00%
  S14 4000ms fold3/5: best_val= 75.00% (ep9) test= 50.00%
  S14 4000ms fold4/5: best_val= 68.75% (ep5) test= 75.00%
  S14 4000ms fold5/5: best_val= 62.50% (ep15) test= 50.00%
S14: 800ms= 72.50%  1500ms= 72.50%  3000ms= 63.75%  4000ms= 61.25%   (42s)
  S15 800ms fold1/5: best_val= 75.00% (ep16) test= 68.75%
  S15 800ms fold2/5: best_val= 75.00% (ep15) test= 56.25%
  S15 800ms fold3/5: best_val= 75.00% (ep1) test= 75.00%
  S15 800ms fold4/5: best_val= 68.75% (ep16) test= 56.25%
  S15 800ms fold5/5: best_val= 68.75% (ep4) test= 37.50%
  S15 1500ms fold1/5: best_val= 68.75% (ep8) test= 50.00%
  S15 1500ms fold2/5: best_val= 62.50% (ep11) test= 56.25%
  S15 1500ms fold3/5: best_val= 56.25% (ep4) test= 50.00%
  S15 1500ms fold4/5: best_val= 68.75% (ep2) test= 37.50%
  S15 1500ms fold5/5: best_val= 68.75% (ep1) test= 50.00%
  S15 3000ms fold1/5: best_val= 62.50% (ep16) test= 37.50%
  S15 3000ms fold2/5: best_val= 68.75% (ep4) test= 62.50%
  S15 3000ms fold3/5: best_val= 50.00% (ep1) test= 50.00%
  S15 3000ms fold4/5: best_val= 56.25% (ep7) test= 50.00%
  S15 3000ms fold5/5: best_val= 56.25% (ep12) test= 56.25%
  S15 4000ms fold1/5: best_val= 62.50% (ep15) test= 37.50%
  S15 4000ms fold2/5: best_val= 50.00% (ep1) test= 50.00%
  S15 4000ms fold3/5: best_val= 62.50% (ep12) test= 56.25%
  S15 4000ms fold4/5: best_val= 62.50% (ep6) test= 50.00%
  S15 4000ms fold5/5: best_val= 50.00% (ep2) test= 50.00%
S15: 800ms= 58.75%  1500ms= 48.75%  3000ms= 51.25%  4000ms= 48.75%   (42s)
  S16 800ms fold1/5: best_val= 62.50% (ep6) test= 37.50%
  S16 800ms fold2/5: best_val= 62.50% (ep4) test= 50.00%
  S16 800ms fold3/5: best_val= 56.25% (ep6) test= 37.50%
  S16 800ms fold4/5: best_val= 56.25% (ep1) test= 50.00%
  S16 800ms fold5/5: best_val= 50.00% (ep4) test= 50.00%
  S16 1500ms fold1/5: best_val= 62.50% (ep7) test= 37.50%
  S16 1500ms fold2/5: best_val= 62.50% (ep7) test= 68.75%
  S16 1500ms fold3/5: best_val= 56.25% (ep7) test= 62.50%
  S16 1500ms fold4/5: best_val= 62.50% (ep17) test= 81.25%
  S16 1500ms fold5/5: best_val= 75.00% (ep13) test= 56.25%
  S16 3000ms fold1/5: best_val= 62.50% (ep14) test= 50.00%
  S16 3000ms fold2/5: best_val= 62.50% (ep5) test= 62.50%
  S16 3000ms fold3/5: best_val= 50.00% (ep1) test= 50.00%
  S16 3000ms fold4/5: best_val= 62.50% (ep7) test= 62.50%
  S16 3000ms fold5/5: best_val= 62.50% (ep8) test= 62.50%
  S16 4000ms fold1/5: best_val= 56.25% (ep2) test= 62.50%
  S16 4000ms fold2/5: best_val= 68.75% (ep13) test= 50.00%
  S16 4000ms fold3/5: best_val= 56.25% (ep12) test= 75.00%
  S16 4000ms fold4/5: best_val= 68.75% (ep1) test= 56.25%
  S16 4000ms fold5/5: best_val= 62.50% (ep17) test= 50.00%
S16: 800ms= 45.00%  1500ms= 61.25%  3000ms= 57.50%  4000ms= 58.75%   (42s)
  S17 800ms fold1/5: best_val= 62.50% (ep1) test= 68.75%
  S17 800ms fold2/5: best_val= 81.25% (ep14) test= 43.75%
  S17 800ms fold3/5: best_val= 75.00% (ep13) test= 50.00%
  S17 800ms fold4/5: best_val= 87.50% (ep27) test= 62.50%
  S17 800ms fold5/5: best_val= 68.75% (ep11) test= 68.75%
  S17 1500ms fold1/5: best_val= 75.00% (ep7) test= 75.00%
  S17 1500ms fold2/5: best_val= 68.75% (ep15) test= 75.00%
  S17 1500ms fold3/5: best_val= 75.00% (ep6) test= 50.00%
  S17 1500ms fold4/5: best_val= 75.00% (ep6) test= 50.00%
  S17 1500ms fold5/5: best_val= 87.50% (ep18) test= 56.25%
  S17 3000ms fold1/5: best_val= 81.25% (ep11) test= 62.50%
  S17 3000ms fold2/5: best_val= 81.25% (ep7) test= 62.50%
  S17 3000ms fold3/5: best_val= 75.00% (ep15) test= 62.50%
  S17 3000ms fold4/5: best_val= 81.25% (ep6) test= 62.50%
  S17 3000ms fold5/5: best_val= 81.25% (ep8) test= 43.75%
  S17 4000ms fold1/5: best_val= 81.25% (ep19) test= 62.50%
  S17 4000ms fold2/5: best_val= 87.50% (ep9) test= 75.00%
  S17 4000ms fold3/5: best_val= 81.25% (ep38) test= 81.25%
  S17 4000ms fold4/5: best_val= 81.25% (ep5) test= 50.00%
  S17 4000ms fold5/5: best_val= 75.00% (ep6) test= 75.00%
S17: 800ms= 58.75%  1500ms= 61.25%  3000ms= 58.75%  4000ms= 68.75%   (42s)
  S18 800ms fold1/5: best_val= 75.00% (ep10) test= 62.50%
  S18 800ms fold2/5: best_val= 68.75% (ep10) test= 81.25%
  S18 800ms fold3/5: best_val= 68.75% (ep2) test= 81.25%
  S18 800ms fold4/5: best_val= 62.50% (ep3) test= 50.00%
  S18 800ms fold5/5: best_val= 75.00% (ep4) test= 56.25%
  S18 1500ms fold1/5: best_val= 75.00% (ep11) test= 68.75%
  S18 1500ms fold2/5: best_val= 81.25% (ep14) test= 75.00%
  S18 1500ms fold3/5: best_val= 56.25% (ep6) test= 68.75%
  S18 1500ms fold4/5: best_val= 81.25% (ep22) test= 50.00%
  S18 1500ms fold5/5: best_val= 75.00% (ep12) test= 68.75%
  S18 3000ms fold1/5: best_val= 68.75% (ep7) test= 62.50%
  S18 3000ms fold2/5: best_val= 62.50% (ep11) test= 75.00%
  S18 3000ms fold3/5: best_val= 56.25% (ep9) test= 56.25%
  S18 3000ms fold4/5: best_val= 68.75% (ep13) test= 62.50%
  S18 3000ms fold5/5: best_val= 68.75% (ep17) test= 68.75%
  S18 4000ms fold1/5: best_val= 68.75% (ep16) test= 81.25%
  S18 4000ms fold2/5: best_val= 81.25% (ep15) test= 81.25%
  S18 4000ms fold3/5: best_val= 56.25% (ep7) test= 62.50%
  S18 4000ms fold4/5: best_val= 62.50% (ep8) test= 75.00%
  S18 4000ms fold5/5: best_val= 62.50% (ep2) test= 56.25%
S18: 800ms= 66.25%  1500ms= 66.25%  3000ms= 65.00%  4000ms= 71.25%   (42s)

ALL SUBJECTS COMPLETED — WAA/SFE  (775s)

====================================================================
SAVED WAA/SFE -> /work/11862/rmaahin/ls6/FineMI-enhancements/ConformerEEG/experiments/option_b/results/full/WAA_SFE
gpu=NVIDIA A100-PCIE-40GB | torch=2.8.0+cu128 | seed=42 | model=conformer_b | mode=full
====================================================================
window_ms   800    1500   3000   4000
subject                              
1          54.44  46.67  50.00  56.67
2          58.75  61.25  46.25  52.50
3          63.75  63.75  65.00  75.00
4          82.50  77.50  71.25  81.25
5          61.73  65.43  55.56  58.02
6          56.25  60.00  55.00  66.25
7          61.25  52.50  57.50  57.50
8          51.25  46.25  51.25  48.75
9          56.25  42.50  47.50  47.50
10         57.50  63.75  56.25  65.00
11         38.75  57.50  46.25  50.00
12         58.75  57.50  60.00  50.00
13         66.25  58.75  62.50  68.75
14         72.50  72.50  63.75  61.25
15         58.75  48.75  51.25  48.75
16         45.00  61.25  57.50  58.75
17         58.75  61.25  58.75  68.75
18         66.25  66.25  65.00  71.25

mean: {800: 59.37, 1500: 59.07, 3000: 56.7, 4000: 60.33}
sd  : {800: 9.63, 1500: 9.13, 3000: 7.12, 4000: 10.02}

Pairs saved so far in /work/11862/rmaahin/ls6/FineMI-enhancements/ConformerEEG/experiments/option_b/results/full: 22/28

##### pair_idx=18 (EPS_EFE) #####

Using device: cuda | gpu=NVIDIA A100-PCIE-40GB | torch=2.8.0+cu128
NOTE: determinism holds per-GPU-model. Record this GPU name.

PAIR: EPS/EFE  (classes 3 vs 4)  model=conformer_b  mode=full
Test time windows: [800, 1500, 3000, 4000] ms
Test time windows (samples): [200, 375, 750, 1000]

BINARY CLASSIFICATION: Class 3 vs Class 4  (EPS/EFE)
  Class 0 (original 3): 725 trials
  Class 1 (original 4): 725 trials

Extracted time windows:
  800ms (200 samples): shape (1450, 62, 200)
  1500ms (375 samples): shape (1450, 62, 375)
  3000ms (750 samples): shape (1450, 62, 750)
  4000ms (1000 samples): shape (1450, 62, 1000)

Model configuration:
  Model: conformer_b
  Channels: 62
  Subjects: [1, 2, 3, 4, 5, 6, 7, 8, 9, 10, 11, 12, 13, 14, 15, 16, 17, 18]
  Time windows: [800, 1500, 3000, 4000] ms
  Classes: 2 (Binary: Class 3 vs Class 4)
  Folds: 5
  Batch size: 32
  Epochs per subject per time window: 50
  S1 800ms fold1/5: best_val= 55.56% (ep1) test= 50.00%
  S1 800ms fold2/5: best_val= 50.00% (ep1) test= 55.56%
  S1 800ms fold3/5: best_val= 55.56% (ep1) test= 44.44%
  S1 800ms fold4/5: best_val= 55.56% (ep5) test= 61.11%
  S1 800ms fold5/5: best_val= 72.22% (ep5) test= 44.44%
  S1 1500ms fold1/5: best_val= 61.11% (ep3) test= 27.78%
  S1 1500ms fold2/5: best_val= 55.56% (ep15) test= 44.44%
  S1 1500ms fold3/5: best_val= 83.33% (ep23) test= 61.11%
  S1 1500ms fold4/5: best_val= 55.56% (ep6) test= 50.00%
  S1 1500ms fold5/5: best_val= 55.56% (ep12) test= 61.11%
  S1 3000ms fold1/5: best_val= 72.22% (ep5) test= 61.11%
  S1 3000ms fold2/5: best_val= 55.56% (ep9) test= 55.56%
  S1 3000ms fold3/5: best_val= 72.22% (ep13) test= 50.00%
  S1 3000ms fold4/5: best_val= 77.78% (ep17) test= 61.11%
  S1 3000ms fold5/5: best_val= 61.11% (ep9) test= 55.56%
  S1 4000ms fold1/5: best_val= 72.22% (ep9) test= 61.11%
  S1 4000ms fold2/5: best_val= 50.00% (ep1) test= 50.00%
  S1 4000ms fold3/5: best_val= 66.67% (ep12) test= 55.56%
  S1 4000ms fold4/5: best_val= 72.22% (ep10) test= 50.00%
  S1 4000ms fold5/5: best_val= 61.11% (ep10) test= 61.11%
S 1: 800ms= 51.11%  1500ms= 48.89%  3000ms= 56.67%  4000ms= 55.56%   (54s)
  S2 800ms fold1/5: best_val= 62.50% (ep2) test= 43.75%
  S2 800ms fold2/5: best_val= 87.50% (ep2) test= 56.25%
  S2 800ms fold3/5: best_val= 68.75% (ep6) test= 62.50%
  S2 800ms fold4/5: best_val= 56.25% (ep2) test= 43.75%
  S2 800ms fold5/5: best_val= 50.00% (ep1) test= 50.00%
  S2 1500ms fold1/5: best_val= 56.25% (ep9) test= 62.50%
  S2 1500ms fold2/5: best_val= 62.50% (ep6) test= 50.00%
  S2 1500ms fold3/5: best_val= 62.50% (ep9) test= 43.75%
  S2 1500ms fold4/5: best_val= 62.50% (ep6) test= 37.50%
  S2 1500ms fold5/5: best_val= 50.00% (ep1) test= 50.00%
  S2 3000ms fold1/5: best_val= 56.25% (ep7) test= 56.25%
  S2 3000ms fold2/5: best_val= 81.25% (ep12) test= 56.25%
  S2 3000ms fold3/5: best_val= 62.50% (ep21) test= 62.50%
  S2 3000ms fold4/5: best_val= 62.50% (ep5) test= 56.25%
  S2 3000ms fold5/5: best_val= 62.50% (ep16) test= 56.25%
  S2 4000ms fold1/5: best_val= 56.25% (ep9) test= 68.75%
  S2 4000ms fold2/5: best_val= 81.25% (ep8) test= 31.25%
  S2 4000ms fold3/5: best_val= 62.50% (ep2) test= 37.50%
  S2 4000ms fold4/5: best_val= 56.25% (ep3) test= 50.00%
  S2 4000ms fold5/5: best_val= 50.00% (ep1) test= 50.00%
S 2: 800ms= 51.25%  1500ms= 48.75%  3000ms= 57.50%  4000ms= 47.50%   (42s)
  S3 800ms fold1/5: best_val= 56.25% (ep3) test= 43.75%
  S3 800ms fold2/5: best_val= 62.50% (ep17) test= 50.00%
  S3 800ms fold3/5: best_val= 50.00% (ep1) test= 56.25%
  S3 800ms fold4/5: best_val= 68.75% (ep9) test= 43.75%
  S3 800ms fold5/5: best_val= 62.50% (ep4) test= 62.50%
  S3 1500ms fold1/5: best_val= 87.50% (ep12) test= 56.25%
  S3 1500ms fold2/5: best_val= 68.75% (ep6) test= 43.75%
  S3 1500ms fold3/5: best_val= 56.25% (ep4) test= 62.50%
  S3 1500ms fold4/5: best_val= 68.75% (ep20) test= 62.50%
  S3 1500ms fold5/5: best_val= 62.50% (ep3) test= 50.00%
  S3 3000ms fold1/5: best_val= 68.75% (ep18) test= 43.75%
  S3 3000ms fold2/5: best_val= 56.25% (ep11) test= 43.75%
  S3 3000ms fold3/5: best_val= 62.50% (ep5) test= 50.00%
  S3 3000ms fold4/5: best_val= 75.00% (ep19) test= 50.00%
  S3 3000ms fold5/5: best_val= 62.50% (ep17) test= 50.00%
  S3 4000ms fold1/5: best_val= 75.00% (ep8) test= 56.25%
  S3 4000ms fold2/5: best_val= 68.75% (ep9) test= 37.50%
  S3 4000ms fold3/5: best_val= 62.50% (ep13) test= 50.00%
  S3 4000ms fold4/5: best_val= 62.50% (ep6) test= 56.25%
  S3 4000ms fold5/5: best_val= 62.50% (ep4) test= 37.50%
S 3: 800ms= 51.25%  1500ms= 55.00%  3000ms= 47.50%  4000ms= 47.50%   (42s)
  S4 800ms fold1/5: best_val= 68.75% (ep5) test= 50.00%
  S4 800ms fold2/5: best_val= 68.75% (ep10) test= 50.00%
  S4 800ms fold3/5: best_val= 81.25% (ep17) test= 37.50%
  S4 800ms fold4/5: best_val= 81.25% (ep6) test= 68.75%
  S4 800ms fold5/5: best_val= 68.75% (ep7) test= 62.50%
  S4 1500ms fold1/5: best_val= 62.50% (ep12) test= 56.25%
  S4 1500ms fold2/5: best_val= 75.00% (ep11) test= 81.25%
  S4 1500ms fold3/5: best_val= 81.25% (ep16) test= 50.00%
  S4 1500ms fold4/5: best_val= 87.50% (ep22) test= 75.00%
  S4 1500ms fold5/5: best_val= 75.00% (ep13) test= 62.50%
  S4 3000ms fold1/5: best_val= 62.50% (ep13) test= 62.50%
  S4 3000ms fold2/5: best_val= 68.75% (ep13) test= 50.00%
  S4 3000ms fold3/5: best_val= 68.75% (ep15) test= 62.50%
  S4 3000ms fold4/5: best_val= 56.25% (ep12) test= 37.50%
  S4 3000ms fold5/5: best_val= 50.00% (ep1) test= 50.00%
  S4 4000ms fold1/5: best_val= 75.00% (ep24) test= 50.00%
  S4 4000ms fold2/5: best_val= 62.50% (ep13) test= 50.00%
  S4 4000ms fold3/5: best_val= 68.75% (ep20) test= 37.50%
  S4 4000ms fold4/5: best_val= 62.50% (ep17) test= 62.50%
  S4 4000ms fold5/5: best_val= 68.75% (ep12) test= 56.25%
S 4: 800ms= 53.75%  1500ms= 65.00%  3000ms= 52.50%  4000ms= 51.25%   (42s)
  S5 800ms fold1/5: best_val= 75.00% (ep18) test= 62.50%
  S5 800ms fold2/5: best_val= 75.00% (ep16) test= 56.25%
  S5 800ms fold3/5: best_val= 68.75% (ep1) test= 81.25%
  S5 800ms fold4/5: best_val= 75.00% (ep12) test= 43.75%
  S5 800ms fold5/5: best_val= 56.25% (ep12) test= 56.25%
  S5 1500ms fold1/5: best_val= 56.25% (ep17) test= 56.25%
  S5 1500ms fold2/5: best_val= 62.50% (ep11) test= 56.25%
  S5 1500ms fold3/5: best_val= 62.50% (ep12) test= 25.00%
  S5 1500ms fold4/5: best_val= 62.50% (ep8) test= 50.00%
  S5 1500ms fold5/5: best_val= 68.75% (ep20) test= 50.00%
  S5 3000ms fold1/5: best_val= 62.50% (ep23) test= 68.75%
  S5 3000ms fold2/5: best_val= 75.00% (ep5) test= 62.50%
  S5 3000ms fold3/5: best_val= 75.00% (ep8) test= 31.25%
  S5 3000ms fold4/5: best_val= 56.25% (ep5) test= 50.00%
  S5 3000ms fold5/5: best_val= 68.75% (ep16) test= 68.75%
  S5 4000ms fold1/5: best_val= 75.00% (ep12) test= 50.00%
  S5 4000ms fold2/5: best_val= 62.50% (ep3) test= 43.75%
  S5 4000ms fold3/5: best_val= 68.75% (ep10) test= 37.50%
  S5 4000ms fold4/5: best_val= 62.50% (ep6) test= 37.50%
  S5 4000ms fold5/5: best_val= 68.75% (ep12) test= 43.75%
S 5: 800ms= 60.00%  1500ms= 47.50%  3000ms= 56.25%  4000ms= 42.50%   (43s)
  S6 800ms fold1/5: best_val= 56.25% (ep12) test= 56.25%
  S6 800ms fold2/5: best_val= 75.00% (ep21) test= 43.75%
  S6 800ms fold3/5: best_val= 68.75% (ep5) test= 62.50%
  S6 800ms fold4/5: best_val= 62.50% (ep10) test= 50.00%
  S6 800ms fold5/5: best_val= 50.00% (ep1) test= 50.00%
  S6 1500ms fold1/5: best_val= 62.50% (ep5) test= 56.25%
  S6 1500ms fold2/5: best_val= 62.50% (ep4) test= 56.25%
  S6 1500ms fold3/5: best_val= 56.25% (ep4) test= 50.00%
  S6 1500ms fold4/5: best_val= 50.00% (ep1) test= 50.00%
  S6 1500ms fold5/5: best_val= 50.00% (ep1) test= 50.00%
  S6 3000ms fold1/5: best_val= 75.00% (ep7) test= 56.25%
  S6 3000ms fold2/5: best_val= 50.00% (ep1) test= 31.25%
  S6 3000ms fold3/5: best_val= 68.75% (ep8) test= 68.75%
  S6 3000ms fold4/5: best_val= 62.50% (ep15) test= 43.75%
  S6 3000ms fold5/5: best_val= 56.25% (ep5) test= 43.75%
  S6 4000ms fold1/5: best_val= 75.00% (ep9) test= 62.50%
  S6 4000ms fold2/5: best_val= 62.50% (ep7) test= 62.50%
  S6 4000ms fold3/5: best_val= 87.50% (ep8) test= 62.50%
  S6 4000ms fold4/5: best_val= 68.75% (ep15) test= 56.25%
  S6 4000ms fold5/5: best_val= 56.25% (ep10) test= 62.50%
S 6: 800ms= 52.50%  1500ms= 52.50%  3000ms= 48.75%  4000ms= 61.25%   (42s)
  S7 800ms fold1/5: best_val= 75.00% (ep9) test= 56.25%
  S7 800ms fold2/5: best_val= 68.75% (ep17) test= 43.75%
  S7 800ms fold3/5: best_val= 75.00% (ep7) test= 43.75%
  S7 800ms fold4/5: best_val= 50.00% (ep2) test= 25.00%
  S7 800ms fold5/5: best_val= 75.00% (ep3) test= 37.50%
  S7 1500ms fold1/5: best_val= 56.25% (ep6) test= 56.25%
  S7 1500ms fold2/5: best_val= 75.00% (ep8) test= 56.25%
  S7 1500ms fold3/5: best_val= 75.00% (ep12) test= 56.25%
  S7 1500ms fold4/5: best_val= 56.25% (ep2) test= 50.00%
  S7 1500ms fold5/5: best_val= 56.25% (ep17) test= 50.00%
  S7 3000ms fold1/5: best_val= 62.50% (ep15) test= 43.75%
  S7 3000ms fold2/5: best_val= 50.00% (ep1) test= 50.00%
  S7 3000ms fold3/5: best_val= 56.25% (ep11) test= 50.00%
  S7 3000ms fold4/5: best_val= 56.25% (ep21) test= 50.00%
  S7 3000ms fold5/5: best_val= 50.00% (ep1) test= 50.00%
  S7 4000ms fold1/5: best_val= 62.50% (ep1) test= 50.00%
  S7 4000ms fold2/5: best_val= 56.25% (ep11) test= 50.00%
  S7 4000ms fold3/5: best_val= 68.75% (ep22) test= 43.75%
  S7 4000ms fold4/5: best_val= 50.00% (ep1) test= 50.00%
  S7 4000ms fold5/5: best_val= 50.00% (ep1) test= 50.00%
S 7: 800ms= 41.25%  1500ms= 53.75%  3000ms= 48.75%  4000ms= 48.75%   (42s)
  S8 800ms fold1/5: best_val= 62.50% (ep4) test= 37.50%
  S8 800ms fold2/5: best_val= 50.00% (ep1) test= 50.00%
  S8 800ms fold3/5: best_val= 50.00% (ep1) test= 50.00%
  S8 800ms fold4/5: best_val= 50.00% (ep1) test= 50.00%
  S8 800ms fold5/5: best_val= 56.25% (ep1) test= 50.00%
  S8 1500ms fold1/5: best_val= 56.25% (ep2) test= 43.75%
  S8 1500ms fold2/5: best_val= 56.25% (ep1) test= 50.00%
  S8 1500ms fold3/5: best_val= 62.50% (ep7) test= 50.00%
  S8 1500ms fold4/5: best_val= 62.50% (ep3) test= 37.50%
  S8 1500ms fold5/5: best_val= 62.50% (ep3) test= 56.25%
  S8 3000ms fold1/5: best_val= 62.50% (ep12) test= 50.00%
  S8 3000ms fold2/5: best_val= 56.25% (ep15) test= 43.75%
  S8 3000ms fold3/5: best_val= 50.00% (ep1) test= 50.00%
  S8 3000ms fold4/5: best_val= 56.25% (ep4) test= 50.00%
  S8 3000ms fold5/5: best_val= 50.00% (ep3) test= 37.50%
  S8 4000ms fold1/5: best_val= 50.00% (ep1) test= 37.50%
  S8 4000ms fold2/5: best_val= 56.25% (ep1) test= 43.75%
  S8 4000ms fold3/5: best_val= 50.00% (ep1) test= 50.00%
  S8 4000ms fold4/5: best_val= 68.75% (ep6) test= 56.25%
  S8 4000ms fold5/5: best_val= 56.25% (ep10) test= 43.75%
S 8: 800ms= 47.50%  1500ms= 47.50%  3000ms= 46.25%  4000ms= 46.25%   (42s)
  S9 800ms fold1/5: best_val= 81.25% (ep2) test= 56.25%
  S9 800ms fold2/5: best_val= 62.50% (ep9) test= 50.00%
  S9 800ms fold3/5: best_val= 68.75% (ep10) test= 37.50%
  S9 800ms fold4/5: best_val= 68.75% (ep12) test= 62.50%
  S9 800ms fold5/5: best_val= 81.25% (ep6) test= 37.50%
  S9 1500ms fold1/5: best_val= 75.00% (ep34) test= 12.50%
  S9 1500ms fold2/5: best_val= 56.25% (ep6) test= 56.25%
  S9 1500ms fold3/5: best_val= 56.25% (ep1) test= 50.00%
  S9 1500ms fold4/5: best_val= 56.25% (ep5) test= 68.75%
  S9 1500ms fold5/5: best_val= 56.25% (ep8) test= 43.75%
  S9 3000ms fold1/5: best_val= 75.00% (ep37) test= 68.75%
  S9 3000ms fold2/5: best_val= 62.50% (ep16) test= 37.50%
  S9 3000ms fold3/5: best_val= 75.00% (ep6) test= 43.75%
  S9 3000ms fold4/5: best_val= 81.25% (ep29) test= 62.50%
  S9 3000ms fold5/5: best_val= 56.25% (ep3) test= 62.50%
  S9 4000ms fold1/5: best_val= 81.25% (ep7) test= 75.00%
  S9 4000ms fold2/5: best_val= 62.50% (ep8) test= 43.75%
  S9 4000ms fold3/5: best_val= 81.25% (ep15) test= 43.75%
  S9 4000ms fold4/5: best_val= 68.75% (ep19) test= 62.50%
  S9 4000ms fold5/5: best_val= 62.50% (ep15) test= 56.25%
S 9: 800ms= 48.75%  1500ms= 46.25%  3000ms= 55.00%  4000ms= 56.25%   (42s)
  S10 800ms fold1/5: best_val= 62.50% (ep3) test= 50.00%
  S10 800ms fold2/5: best_val= 56.25% (ep1) test= 43.75%
  S10 800ms fold3/5: best_val= 56.25% (ep1) test= 43.75%
  S10 800ms fold4/5: best_val= 56.25% (ep4) test= 43.75%
  S10 800ms fold5/5: best_val= 50.00% (ep1) test= 50.00%
  S10 1500ms fold1/5: best_val= 68.75% (ep6) test= 31.25%
  S10 1500ms fold2/5: best_val= 50.00% (ep1) test= 50.00%
  S10 1500ms fold3/5: best_val= 62.50% (ep29) test= 43.75%
  S10 1500ms fold4/5: best_val= 50.00% (ep1) test= 50.00%
  S10 1500ms fold5/5: best_val= 62.50% (ep1) test= 50.00%
  S10 3000ms fold1/5: best_val= 56.25% (ep6) test= 62.50%
  S10 3000ms fold2/5: best_val= 50.00% (ep1) test= 50.00%
  S10 3000ms fold3/5: best_val= 50.00% (ep1) test= 50.00%
  S10 3000ms fold4/5: best_val= 56.25% (ep9) test= 31.25%
  S10 3000ms fold5/5: best_val= 50.00% (ep1) test= 50.00%
  S10 4000ms fold1/5: best_val= 56.25% (ep3) test= 56.25%
  S10 4000ms fold2/5: best_val= 50.00% (ep1) test= 50.00%
  S10 4000ms fold3/5: best_val= 62.50% (ep10) test= 50.00%
  S10 4000ms fold4/5: best_val= 68.75% (ep6) test= 43.75%
  S10 4000ms fold5/5: best_val= 56.25% (ep5) test= 56.25%
S10: 800ms= 46.25%  1500ms= 45.00%  3000ms= 48.75%  4000ms= 51.25%   (42s)
  S11 800ms fold1/5: best_val= 56.25% (ep4) test= 50.00%
  S11 800ms fold2/5: best_val= 62.50% (ep1) test= 43.75%
  S11 800ms fold3/5: best_val= 56.25% (ep1) test= 50.00%
  S11 800ms fold4/5: best_val= 62.50% (ep1) test= 43.75%
  S11 800ms fold5/5: best_val= 56.25% (ep9) test= 56.25%
  S11 1500ms fold1/5: best_val= 68.75% (ep1) test= 56.25%
  S11 1500ms fold2/5: best_val= 62.50% (ep7) test= 37.50%
  S11 1500ms fold3/5: best_val= 56.25% (ep3) test= 12.50%
  S11 1500ms fold4/5: best_val= 50.00% (ep1) test= 50.00%
  S11 1500ms fold5/5: best_val= 68.75% (ep16) test= 50.00%
  S11 3000ms fold1/5: best_val= 62.50% (ep13) test= 56.25%
  S11 3000ms fold2/5: best_val= 50.00% (ep1) test= 50.00%
  S11 3000ms fold3/5: best_val= 68.75% (ep13) test= 31.25%
  S11 3000ms fold4/5: best_val= 62.50% (ep1) test= 31.25%
  S11 3000ms fold5/5: best_val= 56.25% (ep12) test= 56.25%
  S11 4000ms fold1/5: best_val= 68.75% (ep16) test= 50.00%
  S11 4000ms fold2/5: best_val= 68.75% (ep33) test= 56.25%
  S11 4000ms fold3/5: best_val= 68.75% (ep10) test= 56.25%
  S11 4000ms fold4/5: best_val= 50.00% (ep1) test= 50.00%
  S11 4000ms fold5/5: best_val= 62.50% (ep8) test= 37.50%
S11: 800ms= 48.75%  1500ms= 41.25%  3000ms= 45.00%  4000ms= 50.00%   (42s)
  S12 800ms fold1/5: best_val= 81.25% (ep20) test= 37.50%
  S12 800ms fold2/5: best_val= 50.00% (ep1) test= 50.00%
  S12 800ms fold3/5: best_val= 56.25% (ep6) test= 43.75%
  S12 800ms fold4/5: best_val= 56.25% (ep5) test= 68.75%
  S12 800ms fold5/5: best_val= 50.00% (ep1) test= 50.00%
  S12 1500ms fold1/5: best_val= 68.75% (ep12) test= 68.75%
  S12 1500ms fold2/5: best_val= 56.25% (ep9) test= 62.50%
  S12 1500ms fold3/5: best_val= 56.25% (ep17) test= 37.50%
  S12 1500ms fold4/5: best_val= 68.75% (ep6) test= 75.00%
  S12 1500ms fold5/5: best_val= 50.00% (ep1) test= 50.00%
  S12 3000ms fold1/5: best_val= 62.50% (ep8) test= 50.00%
  S12 3000ms fold2/5: best_val= 62.50% (ep1) test= 68.75%
  S12 3000ms fold3/5: best_val= 68.75% (ep5) test= 43.75%
  S12 3000ms fold4/5: best_val= 62.50% (ep9) test= 50.00%
  S12 3000ms fold5/5: best_val= 50.00% (ep1) test= 43.75%
  S12 4000ms fold1/5: best_val= 68.75% (ep3) test= 43.75%
  S12 4000ms fold2/5: best_val= 56.25% (ep5) test= 31.25%
  S12 4000ms fold3/5: best_val= 56.25% (ep5) test= 50.00%
  S12 4000ms fold4/5: best_val= 68.75% (ep19) test= 50.00%
  S12 4000ms fold5/5: best_val= 50.00% (ep1) test= 50.00%
S12: 800ms= 50.00%  1500ms= 58.75%  3000ms= 51.25%  4000ms= 45.00%   (42s)
  S13 800ms fold1/5: best_val= 56.25% (ep3) test= 50.00%
  S13 800ms fold2/5: best_val= 68.75% (ep1) test= 50.00%
  S13 800ms fold3/5: best_val= 75.00% (ep3) test= 50.00%
  S13 800ms fold4/5: best_val= 56.25% (ep5) test= 50.00%
  S13 800ms fold5/5: best_val= 68.75% (ep5) test= 62.50%
  S13 1500ms fold1/5: best_val= 50.00% (ep1) test= 50.00%
  S13 1500ms fold2/5: best_val= 68.75% (ep3) test= 50.00%
  S13 1500ms fold3/5: best_val= 62.50% (ep15) test= 31.25%
  S13 1500ms fold4/5: best_val= 56.25% (ep9) test= 50.00%
  S13 1500ms fold5/5: best_val= 56.25% (ep3) test= 50.00%
  S13 3000ms fold1/5: best_val= 56.25% (ep5) test= 50.00%
  S13 3000ms fold2/5: best_val= 62.50% (ep1) test= 43.75%
  S13 3000ms fold3/5: best_val= 62.50% (ep8) test= 43.75%
  S13 3000ms fold4/5: best_val= 62.50% (ep1) test= 31.25%
  S13 3000ms fold5/5: best_val= 68.75% (ep37) test= 43.75%
  S13 4000ms fold1/5: best_val= 62.50% (ep10) test= 43.75%
  S13 4000ms fold2/5: best_val= 50.00% (ep1) test= 50.00%
  S13 4000ms fold3/5: best_val= 56.25% (ep16) test= 37.50%
  S13 4000ms fold4/5: best_val= 50.00% (ep2) test= 50.00%
  S13 4000ms fold5/5: best_val= 68.75% (ep3) test= 43.75%
S13: 800ms= 52.50%  1500ms= 46.25%  3000ms= 42.50%  4000ms= 45.00%   (42s)
  S14 800ms fold1/5: best_val= 68.75% (ep12) test= 50.00%
  S14 800ms fold2/5: best_val= 68.75% (ep15) test= 68.75%
  S14 800ms fold3/5: best_val= 56.25% (ep1) test= 50.00%
  S14 800ms fold4/5: best_val= 62.50% (ep20) test= 43.75%
  S14 800ms fold5/5: best_val= 75.00% (ep1) test= 56.25%
  S14 1500ms fold1/5: best_val= 62.50% (ep7) test= 68.75%
  S14 1500ms fold2/5: best_val= 75.00% (ep10) test= 56.25%
  S14 1500ms fold3/5: best_val= 56.25% (ep9) test= 50.00%
  S14 1500ms fold4/5: best_val= 50.00% (ep2) test= 50.00%
  S14 1500ms fold5/5: best_val= 68.75% (ep2) test= 50.00%
  S14 3000ms fold1/5: best_val= 62.50% (ep4) test= 62.50%
  S14 3000ms fold2/5: best_val= 87.50% (ep3) test= 50.00%
  S14 3000ms fold3/5: best_val= 62.50% (ep5) test= 50.00%
  S14 3000ms fold4/5: best_val= 56.25% (ep2) test= 56.25%
  S14 3000ms fold5/5: best_val= 68.75% (ep7) test= 56.25%
  S14 4000ms fold1/5: best_val= 62.50% (ep7) test= 43.75%
  S14 4000ms fold2/5: best_val= 75.00% (ep7) test= 68.75%
  S14 4000ms fold3/5: best_val= 56.25% (ep1) test= 50.00%
  S14 4000ms fold4/5: best_val= 62.50% (ep13) test= 50.00%
  S14 4000ms fold5/5: best_val= 68.75% (ep27) test= 43.75%
S14: 800ms= 53.75%  1500ms= 55.00%  3000ms= 55.00%  4000ms= 51.25%   (43s)
  S15 800ms fold1/5: best_val= 56.25% (ep22) test= 50.00%
  S15 800ms fold2/5: best_val= 87.50% (ep7) test= 43.75%
  S15 800ms fold3/5: best_val= 62.50% (ep7) test= 50.00%
  S15 800ms fold4/5: best_val= 68.75% (ep8) test= 68.75%
  S15 800ms fold5/5: best_val= 62.50% (ep8) test= 56.25%
  S15 1500ms fold1/5: best_val= 62.50% (ep1) test= 43.75%
  S15 1500ms fold2/5: best_val= 68.75% (ep5) test= 75.00%
  S15 1500ms fold3/5: best_val= 62.50% (ep4) test= 50.00%
  S15 1500ms fold4/5: best_val= 62.50% (ep8) test= 62.50%
  S15 1500ms fold5/5: best_val= 62.50% (ep8) test= 62.50%
  S15 3000ms fold1/5: best_val= 68.75% (ep9) test= 56.25%
  S15 3000ms fold2/5: best_val= 75.00% (ep7) test= 50.00%
  S15 3000ms fold3/5: best_val= 68.75% (ep6) test= 50.00%
  S15 3000ms fold4/5: best_val= 87.50% (ep20) test= 62.50%
  S15 3000ms fold5/5: best_val= 68.75% (ep8) test= 37.50%
  S15 4000ms fold1/5: best_val= 56.25% (ep12) test= 56.25%
  S15 4000ms fold2/5: best_val= 68.75% (ep3) test= 43.75%
  S15 4000ms fold3/5: best_val= 62.50% (ep2) test= 50.00%
  S15 4000ms fold4/5: best_val= 56.25% (ep1) test= 50.00%
  S15 4000ms fold5/5: best_val= 50.00% (ep2) test= 50.00%
S15: 800ms= 53.75%  1500ms= 58.75%  3000ms= 51.25%  4000ms= 50.00%   (42s)
  S16 800ms fold1/5: best_val= 62.50% (ep38) test= 43.75%
  S16 800ms fold2/5: best_val= 75.00% (ep11) test= 37.50%
  S16 800ms fold3/5: best_val= 56.25% (ep2) test= 31.25%
  S16 800ms fold4/5: best_val= 56.25% (ep3) test= 31.25%
  S16 800ms fold5/5: best_val= 56.25% (ep1) test= 56.25%
  S16 1500ms fold1/5: best_val= 81.25% (ep6) test= 56.25%
  S16 1500ms fold2/5: best_val= 81.25% (ep24) test= 37.50%
  S16 1500ms fold3/5: best_val= 62.50% (ep6) test= 62.50%
  S16 1500ms fold4/5: best_val= 62.50% (ep5) test= 62.50%
  S16 1500ms fold5/5: best_val= 75.00% (ep23) test= 62.50%
  S16 3000ms fold1/5: best_val= 81.25% (ep19) test= 68.75%
  S16 3000ms fold2/5: best_val= 81.25% (ep13) test= 50.00%
  S16 3000ms fold3/5: best_val= 75.00% (ep7) test= 75.00%
  S16 3000ms fold4/5: best_val= 68.75% (ep22) test= 68.75%
  S16 3000ms fold5/5: best_val= 62.50% (ep29) test= 68.75%
  S16 4000ms fold1/5: best_val= 75.00% (ep9) test= 81.25%
  S16 4000ms fold2/5: best_val= 75.00% (ep15) test= 56.25%
  S16 4000ms fold3/5: best_val= 62.50% (ep7) test= 68.75%
  S16 4000ms fold4/5: best_val= 56.25% (ep13) test= 50.00%
  S16 4000ms fold5/5: best_val= 87.50% (ep18) test= 56.25%
S16: 800ms= 40.00%  1500ms= 56.25%  3000ms= 66.25%  4000ms= 62.50%   (42s)
  S17 800ms fold1/5: best_val= 62.50% (ep20) test= 81.25%
  S17 800ms fold2/5: best_val= 50.00% (ep1) test= 50.00%
  S17 800ms fold3/5: best_val= 62.50% (ep8) test= 50.00%
  S17 800ms fold4/5: best_val= 68.75% (ep26) test= 50.00%
  S17 800ms fold5/5: best_val= 93.75% (ep21) test= 50.00%
  S17 1500ms fold1/5: best_val= 56.25% (ep10) test= 75.00%
  S17 1500ms fold2/5: best_val= 68.75% (ep7) test= 56.25%
  S17 1500ms fold3/5: best_val= 56.25% (ep11) test= 43.75%
  S17 1500ms fold4/5: best_val= 87.50% (ep9) test= 68.75%
  S17 1500ms fold5/5: best_val= 56.25% (ep7) test= 56.25%
  S17 3000ms fold1/5: best_val= 50.00% (ep1) test= 50.00%
  S17 3000ms fold2/5: best_val= 75.00% (ep9) test= 68.75%
  S17 3000ms fold3/5: best_val= 62.50% (ep8) test= 37.50%
  S17 3000ms fold4/5: best_val= 62.50% (ep15) test= 56.25%
  S17 3000ms fold5/5: best_val= 68.75% (ep22) test= 50.00%
  S17 4000ms fold1/5: best_val= 68.75% (ep7) test= 56.25%
  S17 4000ms fold2/5: best_val= 75.00% (ep6) test= 56.25%
  S17 4000ms fold3/5: best_val= 75.00% (ep5) test= 56.25%
  S17 4000ms fold4/5: best_val= 62.50% (ep16) test= 75.00%
  S17 4000ms fold5/5: best_val= 75.00% (ep14) test= 56.25%
S17: 800ms= 56.25%  1500ms= 60.00%  3000ms= 52.50%  4000ms= 60.00%   (42s)
  S18 800ms fold1/5: best_val= 56.25% (ep6) test= 50.00%
  S18 800ms fold2/5: best_val= 75.00% (ep10) test= 43.75%
  S18 800ms fold3/5: best_val= 75.00% (ep9) test= 68.75%
  S18 800ms fold4/5: best_val= 68.75% (ep18) test= 50.00%
  S18 800ms fold5/5: best_val= 50.00% (ep2) test= 50.00%
  S18 1500ms fold1/5: best_val= 56.25% (ep14) test= 43.75%
  S18 1500ms fold2/5: best_val= 68.75% (ep8) test= 56.25%
  S18 1500ms fold3/5: best_val= 56.25% (ep7) test= 43.75%
  S18 1500ms fold4/5: best_val= 50.00% (ep1) test= 50.00%
  S18 1500ms fold5/5: best_val= 50.00% (ep1) test= 50.00%
  S18 3000ms fold1/5: best_val= 68.75% (ep22) test= 31.25%
  S18 3000ms fold2/5: best_val= 56.25% (ep11) test= 31.25%
  S18 3000ms fold3/5: best_val= 81.25% (ep11) test= 56.25%
  S18 3000ms fold4/5: best_val= 50.00% (ep1) test= 50.00%
  S18 3000ms fold5/5: best_val= 56.25% (ep9) test= 43.75%
  S18 4000ms fold1/5: best_val= 50.00% (ep1) test= 50.00%
  S18 4000ms fold2/5: best_val= 62.50% (ep3) test= 50.00%
  S18 4000ms fold3/5: best_val= 81.25% (ep14) test= 37.50%
  S18 4000ms fold4/5: best_val= 56.25% (ep7) test= 50.00%
  S18 4000ms fold5/5: best_val= 68.75% (ep23) test= 43.75%
S18: 800ms= 52.50%  1500ms= 48.75%  3000ms= 42.50%  4000ms= 46.25%   (42s)

ALL SUBJECTS COMPLETED — EPS/EFE  (774s)

====================================================================
SAVED EPS/EFE -> /work/11862/rmaahin/ls6/FineMI-enhancements/ConformerEEG/experiments/option_b/results/full/EPS_EFE
gpu=NVIDIA A100-PCIE-40GB | torch=2.8.0+cu128 | seed=42 | model=conformer_b | mode=full
====================================================================
window_ms   800    1500   3000   4000
subject                              
1          51.11  48.89  56.67  55.56
2          51.25  48.75  57.50  47.50
3          51.25  55.00  47.50  47.50
4          53.75  65.00  52.50  51.25
5          60.00  47.50  56.25  42.50
6          52.50  52.50  48.75  61.25
7          41.25  53.75  48.75  48.75
8          47.50  47.50  46.25  46.25
9          48.75  46.25  55.00  56.25
10         46.25  45.00  48.75  51.25
11         48.75  41.25  45.00  50.00
12         50.00  58.75  51.25  45.00
13         52.50  46.25  42.50  45.00
14         53.75  55.00  55.00  51.25
15         53.75  58.75  51.25  50.00
16         40.00  56.25  66.25  62.50
17         56.25  60.00  52.50  60.00
18         52.50  48.75  42.50  46.25

mean: {800: 50.62, 1500: 51.95, 3000: 51.34, 4000: 51.0}
sd  : {800: 4.84, 1500: 6.26, 3000: 5.94, 4000: 5.88}

Pairs saved so far in /work/11862/rmaahin/ls6/FineMI-enhancements/ConformerEEG/experiments/option_b/results/full: 25/28

Done: pairs [10, 11, 12, 13, 14, 15, 16, 17, 18]
