run_pairs_range: model=conformer_b mode=full range=[19, 28) -> pairs [19, 20, 21, 22, 23, 24, 25, 26, 27]
  dataset_root=/scratch/11862/rmaahin/finemi-dataset/FineMI
  results_root=/work/11862/rmaahin/ls6/FineMI-enhancements/ConformerEEG/experiments/option_b/results/full
  config=/work/11862/rmaahin/ls6/FineMI-enhancements/ConformerEEG/experiments/option_b/config_full.json

##### pair_idx=19 (EPS_SPS) #####

Using device: cuda | gpu=NVIDIA A100-PCIE-40GB | torch=2.8.0+cu128
NOTE: determinism holds per-GPU-model. Record this GPU name.

PAIR: EPS/SPS  (classes 3 vs 5)  model=conformer_b  mode=full
Test time windows: [800, 1500, 3000, 4000] ms
Test time windows (samples): [200, 375, 750, 1000]

Found 0 subject folders
No subject folders; found 18 subject .npz files

BINARY CLASSIFICATION: Class 3 vs Class 5  (EPS/SPS)
  Class 0 (original 3): 725 trials
  Class 1 (original 5): 725 trials

Extracted time windows:
  800ms (200 samples): shape (1450, 62, 200)
  1500ms (375 samples): shape (1450, 62, 375)
  3000ms (750 samples): shape (1450, 62, 750)
  4000ms (1000 samples): shape (1450, 62, 1000)

Model configuration:
  Model: conformer_b
  Channels: 62
  Subjects: [1, 2, 3, 4, 5, 6, 7, 8, 9, 10, 11, 12, 13, 14, 15, 16, 17, 18]
  Time windows: [800, 1500, 3000, 4000] ms
  Classes: 2 (Binary: Class 3 vs Class 5)
  Folds: 5
  Batch size: 32
  Epochs per subject per time window: 50
  S1 800ms fold1/5: best_val= 72.22% (ep13) test= 50.00%
  S1 800ms fold2/5: best_val= 66.67% (ep19) test= 72.22%
  S1 800ms fold3/5: best_val= 61.11% (ep5) test= 55.56%
  S1 800ms fold4/5: best_val= 55.56% (ep6) test= 44.44%
  S1 800ms fold5/5: best_val= 77.78% (ep5) test= 44.44%
  S1 1500ms fold1/5: best_val= 72.22% (ep17) test= 50.00%
  S1 1500ms fold2/5: best_val= 77.78% (ep16) test= 55.56%
  S1 1500ms fold3/5: best_val= 72.22% (ep9) test= 50.00%
  S1 1500ms fold4/5: best_val= 61.11% (ep3) test= 50.00%
  S1 1500ms fold5/5: best_val= 61.11% (ep4) test= 44.44%
  S1 3000ms fold1/5: best_val= 72.22% (ep6) test= 61.11%
  S1 3000ms fold2/5: best_val= 72.22% (ep4) test= 50.00%
  S1 3000ms fold3/5: best_val= 66.67% (ep5) test= 66.67%
  S1 3000ms fold4/5: best_val= 83.33% (ep15) test= 50.00%
  S1 3000ms fold5/5: best_val= 88.89% (ep4) test= 50.00%
  S1 4000ms fold1/5: best_val= 72.22% (ep7) test= 66.67%
  S1 4000ms fold2/5: best_val= 66.67% (ep6) test= 66.67%
  S1 4000ms fold3/5: best_val= 88.89% (ep27) test= 44.44%
  S1 4000ms fold4/5: best_val= 83.33% (ep11) test= 55.56%
  S1 4000ms fold5/5: best_val= 72.22% (ep13) test= 50.00%
S 1: 800ms= 53.33%  1500ms= 50.00%  3000ms= 55.56%  4000ms= 56.67%   (65s)
  S2 800ms fold1/5: best_val= 62.50% (ep2) test= 50.00%
  S2 800ms fold2/5: best_val= 68.75% (ep17) test= 50.00%
  S2 800ms fold3/5: best_val= 68.75% (ep14) test= 43.75%
  S2 800ms fold4/5: best_val= 68.75% (ep18) test= 37.50%
  S2 800ms fold5/5: best_val= 62.50% (ep5) test= 50.00%
  S2 1500ms fold1/5: best_val= 62.50% (ep6) test= 56.25%
  S2 1500ms fold2/5: best_val= 68.75% (ep10) test= 50.00%
  S2 1500ms fold3/5: best_val= 81.25% (ep13) test= 56.25%
  S2 1500ms fold4/5: best_val= 75.00% (ep20) test= 25.00%
  S2 1500ms fold5/5: best_val= 68.75% (ep7) test= 56.25%
  S2 3000ms fold1/5: best_val= 62.50% (ep6) test= 56.25%
  S2 3000ms fold2/5: best_val= 62.50% (ep6) test= 50.00%
  S2 3000ms fold3/5: best_val= 93.75% (ep16) test= 31.25%
  S2 3000ms fold4/5: best_val= 81.25% (ep4) test= 56.25%
  S2 3000ms fold5/5: best_val= 68.75% (ep15) test= 62.50%
  S2 4000ms fold1/5: best_val= 68.75% (ep2) test= 56.25%
  S2 4000ms fold2/5: best_val= 62.50% (ep6) test= 50.00%
  S2 4000ms fold3/5: best_val= 93.75% (ep10) test= 56.25%
  S2 4000ms fold4/5: best_val= 68.75% (ep8) test= 56.25%
  S2 4000ms fold5/5: best_val= 62.50% (ep3) test= 50.00%
S 2: 800ms= 46.25%  1500ms= 48.75%  3000ms= 51.25%  4000ms= 53.75%   (46s)
  S3 800ms fold1/5: best_val= 87.50% (ep8) test= 75.00%
  S3 800ms fold2/5: best_val= 81.25% (ep8) test= 43.75%
  S3 800ms fold3/5: best_val= 81.25% (ep12) test= 87.50%
  S3 800ms fold4/5: best_val= 81.25% (ep13) test= 81.25%
  S3 800ms fold5/5: best_val= 93.75% (ep10) test= 68.75%
  S3 1500ms fold1/5: best_val= 93.75% (ep11) test= 87.50%
  S3 1500ms fold2/5: best_val= 93.75% (ep10) test= 81.25%
  S3 1500ms fold3/5: best_val= 75.00% (ep16) test= 87.50%
  S3 1500ms fold4/5: best_val= 81.25% (ep6) test= 87.50%
  S3 1500ms fold5/5: best_val= 75.00% (ep5) test= 68.75%
  S3 3000ms fold1/5: best_val= 93.75% (ep18) test= 75.00%
  S3 3000ms fold2/5: best_val= 75.00% (ep7) test= 68.75%
  S3 3000ms fold3/5: best_val= 81.25% (ep24) test= 81.25%
  S3 3000ms fold4/5: best_val= 87.50% (ep27) test= 87.50%
  S3 3000ms fold5/5: best_val= 87.50% (ep27) test= 81.25%
  S3 4000ms fold1/5: best_val= 75.00% (ep9) test= 87.50%
  S3 4000ms fold2/5: best_val= 81.25% (ep17) test= 75.00%
  S3 4000ms fold3/5: best_val= 81.25% (ep20) test= 62.50%
  S3 4000ms fold4/5: best_val= 81.25% (ep11) test= 81.25%
  S3 4000ms fold5/5: best_val= 75.00% (ep14) test= 62.50%
S 3: 800ms= 71.25%  1500ms= 82.50%  3000ms= 78.75%  4000ms= 73.75%   (47s)
  S4 800ms fold1/5: best_val= 81.25% (ep7) test= 68.75%
  S4 800ms fold2/5: best_val= 93.75% (ep14) test= 75.00%
  S4 800ms fold3/5: best_val= 81.25% (ep18) test= 75.00%
  S4 800ms fold4/5: best_val= 87.50% (ep15) test= 81.25%
  S4 800ms fold5/5: best_val= 75.00% (ep20) test= 62.50%
  S4 1500ms fold1/5: best_val= 75.00% (ep10) test= 56.25%
  S4 1500ms fold2/5: best_val= 75.00% (ep8) test= 68.75%
  S4 1500ms fold3/5: best_val= 75.00% (ep6) test= 68.75%
  S4 1500ms fold4/5: best_val= 81.25% (ep11) test= 62.50%
  S4 1500ms fold5/5: best_val= 81.25% (ep9) test= 75.00%
  S4 3000ms fold1/5: best_val= 75.00% (ep15) test= 62.50%
  S4 3000ms fold2/5: best_val= 62.50% (ep19) test= 56.25%
  S4 3000ms fold3/5: best_val= 75.00% (ep17) test= 68.75%
  S4 3000ms fold4/5: best_val= 75.00% (ep15) test= 87.50%
  S4 3000ms fold5/5: best_val= 81.25% (ep16) test= 43.75%
  S4 4000ms fold1/5: best_val= 68.75% (ep13) test= 68.75%
  S4 4000ms fold2/5: best_val= 75.00% (ep30) test= 75.00%
  S4 4000ms fold3/5: best_val= 68.75% (ep10) test= 43.75%
  S4 4000ms fold4/5: best_val= 81.25% (ep14) test= 68.75%
  S4 4000ms fold5/5: best_val= 87.50% (ep10) test= 68.75%
S 4: 800ms= 72.50%  1500ms= 66.25%  3000ms= 63.75%  4000ms= 65.00%   (46s)
  S5 800ms fold1/5: best_val= 75.00% (ep17) test= 87.50%
  S5 800ms fold2/5: best_val= 62.50% (ep18) test= 50.00%
  S5 800ms fold3/5: best_val= 87.50% (ep17) test= 50.00%
  S5 800ms fold4/5: best_val= 75.00% (ep10) test= 68.75%
  S5 800ms fold5/5: best_val= 68.75% (ep13) test= 56.25%
  S5 1500ms fold1/5: best_val= 62.50% (ep2) test= 62.50%
  S5 1500ms fold2/5: best_val= 50.00% (ep1) test= 50.00%
  S5 1500ms fold3/5: best_val= 62.50% (ep8) test= 56.25%
  S5 1500ms fold4/5: best_val= 62.50% (ep28) test= 43.75%
  S5 1500ms fold5/5: best_val= 62.50% (ep15) test= 50.00%
  S5 3000ms fold1/5: best_val= 75.00% (ep9) test= 68.75%
  S5 3000ms fold2/5: best_val= 62.50% (ep8) test= 56.25%
  S5 3000ms fold3/5: best_val= 75.00% (ep12) test= 50.00%
  S5 3000ms fold4/5: best_val= 81.25% (ep12) test= 56.25%
  S5 3000ms fold5/5: best_val= 81.25% (ep22) test= 56.25%
  S5 4000ms fold1/5: best_val= 68.75% (ep9) test= 87.50%
  S5 4000ms fold2/5: best_val= 68.75% (ep28) test= 62.50%
  S5 4000ms fold3/5: best_val= 81.25% (ep12) test= 68.75%
  S5 4000ms fold4/5: best_val= 81.25% (ep14) test= 56.25%
  S5 4000ms fold5/5: best_val= 75.00% (ep6) test= 50.00%
S 5: 800ms= 62.50%  1500ms= 52.50%  3000ms= 57.50%  4000ms= 65.00%   (46s)
  S6 800ms fold1/5: best_val= 56.25% (ep1) test= 50.00%
  S6 800ms fold2/5: best_val= 56.25% (ep20) test= 50.00%
  S6 800ms fold3/5: best_val= 56.25% (ep6) test= 50.00%
  S6 800ms fold4/5: best_val= 56.25% (ep1) test= 43.75%
  S6 800ms fold5/5: best_val= 56.25% (ep4) test= 50.00%
  S6 1500ms fold1/5: best_val= 50.00% (ep1) test= 50.00%
  S6 1500ms fold2/5: best_val= 56.25% (ep6) test= 56.25%
  S6 1500ms fold3/5: best_val= 62.50% (ep3) test= 43.75%
  S6 1500ms fold4/5: best_val= 81.25% (ep12) test= 50.00%
  S6 1500ms fold5/5: best_val= 50.00% (ep1) test= 50.00%
  S6 3000ms fold1/5: best_val= 62.50% (ep7) test= 68.75%
  S6 3000ms fold2/5: best_val= 56.25% (ep6) test= 50.00%
  S6 3000ms fold3/5: best_val= 62.50% (ep5) test= 56.25%
  S6 3000ms fold4/5: best_val= 68.75% (ep9) test= 62.50%
  S6 3000ms fold5/5: best_val= 68.75% (ep17) test= 37.50%
  S6 4000ms fold1/5: best_val= 56.25% (ep1) test= 50.00%
  S6 4000ms fold2/5: best_val= 56.25% (ep8) test= 50.00%
  S6 4000ms fold3/5: best_val= 56.25% (ep18) test= 50.00%
  S6 4000ms fold4/5: best_val= 68.75% (ep8) test= 50.00%
  S6 4000ms fold5/5: best_val= 62.50% (ep13) test= 50.00%
S 6: 800ms= 48.75%  1500ms= 50.00%  3000ms= 55.00%  4000ms= 50.00%   (46s)
  S7 800ms fold1/5: best_val= 93.75% (ep10) test= 50.00%
  S7 800ms fold2/5: best_val= 50.00% (ep1) test= 50.00%
  S7 800ms fold3/5: best_val= 50.00% (ep1) test= 50.00%
  S7 800ms fold4/5: best_val= 75.00% (ep7) test= 50.00%
  S7 800ms fold5/5: best_val= 81.25% (ep19) test= 50.00%
  S7 1500ms fold1/5: best_val= 75.00% (ep6) test= 87.50%
  S7 1500ms fold2/5: best_val= 50.00% (ep1) test= 50.00%
  S7 1500ms fold3/5: best_val= 87.50% (ep5) test= 56.25%
  S7 1500ms fold4/5: best_val= 62.50% (ep16) test= 68.75%
  S7 1500ms fold5/5: best_val= 62.50% (ep7) test= 62.50%
  S7 3000ms fold1/5: best_val= 68.75% (ep25) test= 68.75%
  S7 3000ms fold2/5: best_val= 50.00% (ep1) test= 50.00%
  S7 3000ms fold3/5: best_val= 62.50% (ep13) test= 75.00%
  S7 3000ms fold4/5: best_val= 81.25% (ep8) test= 50.00%
  S7 3000ms fold5/5: best_val= 62.50% (ep25) test= 62.50%
  S7 4000ms fold1/5: best_val= 75.00% (ep21) test= 50.00%
  S7 4000ms fold2/5: best_val= 56.25% (ep2) test= 50.00%
  S7 4000ms fold3/5: best_val= 56.25% (ep10) test= 62.50%
  S7 4000ms fold4/5: best_val= 81.25% (ep17) test= 62.50%
  S7 4000ms fold5/5: best_val= 62.50% (ep8) test= 50.00%
S 7: 800ms= 50.00%  1500ms= 65.00%  3000ms= 61.25%  4000ms= 55.00%   (46s)
  S8 800ms fold1/5: best_val= 68.75% (ep2) test= 62.50%
  S8 800ms fold2/5: best_val= 56.25% (ep4) test= 50.00%
  S8 800ms fold3/5: best_val= 56.25% (ep6) test= 50.00%
  S8 800ms fold4/5: best_val= 62.50% (ep6) test= 56.25%
  S8 800ms fold5/5: best_val= 75.00% (ep10) test= 56.25%
  S8 1500ms fold1/5: best_val= 56.25% (ep19) test= 56.25%
  S8 1500ms fold2/5: best_val= 62.50% (ep1) test= 43.75%
  S8 1500ms fold3/5: best_val= 68.75% (ep14) test= 87.50%
  S8 1500ms fold4/5: best_val= 81.25% (ep20) test= 43.75%
  S8 1500ms fold5/5: best_val= 68.75% (ep10) test= 56.25%
  S8 3000ms fold1/5: best_val= 62.50% (ep12) test= 62.50%
  S8 3000ms fold2/5: best_val= 81.25% (ep10) test= 50.00%
  S8 3000ms fold3/5: best_val= 56.25% (ep5) test= 50.00%
  S8 3000ms fold4/5: best_val= 75.00% (ep6) test= 50.00%
  S8 3000ms fold5/5: best_val= 50.00% (ep1) test= 50.00%
  S8 4000ms fold1/5: best_val= 62.50% (ep11) test= 75.00%
  S8 4000ms fold2/5: best_val= 68.75% (ep10) test= 62.50%
  S8 4000ms fold3/5: best_val= 56.25% (ep5) test= 50.00%
  S8 4000ms fold4/5: best_val= 87.50% (ep7) test= 43.75%
  S8 4000ms fold5/5: best_val= 50.00% (ep1) test= 50.00%
S 8: 800ms= 55.00%  1500ms= 57.50%  3000ms= 52.50%  4000ms= 56.25%   (44s)
  S9 800ms fold1/5: best_val= 56.25% (ep1) test= 43.75%
  S9 800ms fold2/5: best_val= 68.75% (ep6) test= 50.00%
  S9 800ms fold3/5: best_val= 56.25% (ep9) test= 50.00%
  S9 800ms fold4/5: best_val= 62.50% (ep6) test= 31.25%
  S9 800ms fold5/5: best_val= 68.75% (ep4) test= 18.75%
  S9 1500ms fold1/5: best_val= 62.50% (ep2) test= 37.50%
  S9 1500ms fold2/5: best_val= 68.75% (ep14) test= 50.00%
  S9 1500ms fold3/5: best_val= 62.50% (ep6) test= 62.50%
  S9 1500ms fold4/5: best_val= 81.25% (ep1) test= 68.75%
  S9 1500ms fold5/5: best_val= 75.00% (ep19) test= 56.25%
  S9 3000ms fold1/5: best_val= 68.75% (ep18) test= 62.50%
  S9 3000ms fold2/5: best_val= 68.75% (ep7) test= 75.00%
  S9 3000ms fold3/5: best_val= 87.50% (ep8) test= 56.25%
  S9 3000ms fold4/5: best_val= 75.00% (ep15) test= 62.50%
  S9 3000ms fold5/5: best_val= 81.25% (ep11) test= 62.50%
  S9 4000ms fold1/5: best_val=100.00% (ep28) test= 68.75%
  S9 4000ms fold2/5: best_val= 87.50% (ep15) test= 87.50%
  S9 4000ms fold3/5: best_val= 93.75% (ep14) test= 56.25%
  S9 4000ms fold4/5: best_val= 62.50% (ep12) test= 50.00%
  S9 4000ms fold5/5: best_val= 87.50% (ep10) test= 50.00%
S 9: 800ms= 38.75%  1500ms= 55.00%  3000ms= 63.75%  4000ms= 62.50%   (42s)
  S10 800ms fold1/5: best_val= 81.25% (ep19) test= 81.25%
  S10 800ms fold2/5: best_val= 93.75% (ep18) test= 56.25%
  S10 800ms fold3/5: best_val= 68.75% (ep16) test= 81.25%
  S10 800ms fold4/5: best_val= 87.50% (ep12) test= 68.75%
  S10 800ms fold5/5: best_val= 81.25% (ep11) test= 81.25%
  S10 1500ms fold1/5: best_val= 81.25% (ep11) test= 75.00%
  S10 1500ms fold2/5: best_val= 93.75% (ep12) test= 62.50%
  S10 1500ms fold3/5: best_val= 81.25% (ep12) test= 75.00%
  S10 1500ms fold4/5: best_val= 87.50% (ep19) test= 62.50%
  S10 1500ms fold5/5: best_val= 81.25% (ep7) test= 62.50%
  S10 3000ms fold1/5: best_val= 68.75% (ep5) test= 62.50%
  S10 3000ms fold2/5: best_val= 81.25% (ep14) test= 43.75%
  S10 3000ms fold3/5: best_val= 81.25% (ep19) test= 81.25%
  S10 3000ms fold4/5: best_val= 81.25% (ep10) test= 68.75%
  S10 3000ms fold5/5: best_val= 75.00% (ep6) test= 62.50%
  S10 4000ms fold1/5: best_val= 75.00% (ep7) test= 62.50%
  S10 4000ms fold2/5: best_val= 81.25% (ep18) test= 50.00%
  S10 4000ms fold3/5: best_val= 81.25% (ep8) test= 87.50%
  S10 4000ms fold4/5: best_val= 87.50% (ep6) test= 43.75%
  S10 4000ms fold5/5: best_val= 75.00% (ep5) test= 62.50%
S10: 800ms= 73.75%  1500ms= 67.50%  3000ms= 63.75%  4000ms= 61.25%   (42s)
  S11 800ms fold1/5: best_val= 62.50% (ep5) test= 43.75%
  S11 800ms fold2/5: best_val= 56.25% (ep10) test= 50.00%
  S11 800ms fold3/5: best_val= 81.25% (ep29) test= 50.00%
  S11 800ms fold4/5: best_val= 68.75% (ep17) test= 50.00%
  S11 800ms fold5/5: best_val= 62.50% (ep8) test= 56.25%
  S11 1500ms fold1/5: best_val= 68.75% (ep1) test= 31.25%
  S11 1500ms fold2/5: best_val= 68.75% (ep8) test= 50.00%
  S11 1500ms fold3/5: best_val= 68.75% (ep1) test= 50.00%
  S11 1500ms fold4/5: best_val= 68.75% (ep4) test= 37.50%
  S11 1500ms fold5/5: best_val= 56.25% (ep1) test= 37.50%
  S11 3000ms fold1/5: best_val= 75.00% (ep12) test= 68.75%
  S11 3000ms fold2/5: best_val= 50.00% (ep1) test= 50.00%
  S11 3000ms fold3/5: best_val= 93.75% (ep5) test= 56.25%
  S11 3000ms fold4/5: best_val= 62.50% (ep3) test= 56.25%
  S11 3000ms fold5/5: best_val= 81.25% (ep12) test= 62.50%
  S11 4000ms fold1/5: best_val= 81.25% (ep16) test= 75.00%
  S11 4000ms fold2/5: best_val= 75.00% (ep3) test= 56.25%
  S11 4000ms fold3/5: best_val= 68.75% (ep13) test= 62.50%
  S11 4000ms fold4/5: best_val= 68.75% (ep6) test= 50.00%
  S11 4000ms fold5/5: best_val= 68.75% (ep7) test= 68.75%
S11: 800ms= 50.00%  1500ms= 41.25%  3000ms= 58.75%  4000ms= 62.50%   (41s)
  S12 800ms fold1/5: best_val= 56.25% (ep9) test= 37.50%
  S12 800ms fold2/5: best_val= 56.25% (ep16) test= 50.00%
  S12 800ms fold3/5: best_val= 68.75% (ep7) test= 37.50%
  S12 800ms fold4/5: best_val= 68.75% (ep9) test= 56.25%
  S12 800ms fold5/5: best_val= 75.00% (ep4) test= 50.00%
  S12 1500ms fold1/5: best_val= 50.00% (ep1) test= 50.00%
  S12 1500ms fold2/5: best_val= 62.50% (ep23) test= 62.50%
  S12 1500ms fold3/5: best_val= 50.00% (ep1) test= 50.00%
  S12 1500ms fold4/5: best_val= 56.25% (ep2) test= 68.75%
  S12 1500ms fold5/5: best_val= 50.00% (ep1) test= 50.00%
  S12 3000ms fold1/5: best_val= 56.25% (ep32) test= 43.75%
  S12 3000ms fold2/5: best_val= 75.00% (ep13) test= 62.50%
  S12 3000ms fold3/5: best_val= 56.25% (ep9) test= 37.50%
  S12 3000ms fold4/5: best_val= 68.75% (ep7) test= 37.50%
  S12 3000ms fold5/5: best_val= 62.50% (ep5) test= 62.50%
  S12 4000ms fold1/5: best_val= 62.50% (ep16) test= 50.00%
  S12 4000ms fold2/5: best_val= 62.50% (ep8) test= 62.50%
  S12 4000ms fold3/5: best_val= 56.25% (ep20) test= 50.00%
  S12 4000ms fold4/5: best_val= 62.50% (ep3) test= 31.25%
  S12 4000ms fold5/5: best_val= 62.50% (ep25) test= 43.75%
S12: 800ms= 46.25%  1500ms= 56.25%  3000ms= 48.75%  4000ms= 47.50%   (41s)
  S13 800ms fold1/5: best_val= 68.75% (ep3) test= 56.25%
  S13 800ms fold2/5: best_val= 62.50% (ep4) test= 50.00%
  S13 800ms fold3/5: best_val= 81.25% (ep4) test= 75.00%
  S13 800ms fold4/5: best_val= 81.25% (ep4) test= 68.75%
  S13 800ms fold5/5: best_val= 56.25% (ep8) test= 50.00%
  S13 1500ms fold1/5: best_val= 62.50% (ep14) test= 62.50%
  S13 1500ms fold2/5: best_val= 56.25% (ep8) test= 56.25%
  S13 1500ms fold3/5: best_val= 81.25% (ep6) test= 62.50%
  S13 1500ms fold4/5: best_val= 50.00% (ep1) test= 50.00%
  S13 1500ms fold5/5: best_val= 62.50% (ep25) test= 43.75%
  S13 3000ms fold1/5: best_val= 62.50% (ep5) test= 43.75%
  S13 3000ms fold2/5: best_val= 62.50% (ep13) test= 37.50%
  S13 3000ms fold3/5: best_val= 81.25% (ep11) test= 75.00%
  S13 3000ms fold4/5: best_val= 68.75% (ep5) test= 75.00%
  S13 3000ms fold5/5: best_val= 81.25% (ep31) test= 56.25%
  S13 4000ms fold1/5: best_val= 56.25% (ep15) test= 50.00%
  S13 4000ms fold2/5: best_val= 56.25% (ep5) test= 43.75%
  S13 4000ms fold3/5: best_val= 81.25% (ep15) test= 50.00%
  S13 4000ms fold4/5: best_val= 81.25% (ep5) test= 75.00%
  S13 4000ms fold5/5: best_val= 68.75% (ep5) test= 43.75%
S13: 800ms= 60.00%  1500ms= 55.00%  3000ms= 57.50%  4000ms= 52.50%   (41s)
  S14 800ms fold1/5: best_val= 62.50% (ep2) test= 43.75%
  S14 800ms fold2/5: best_val= 56.25% (ep9) test= 50.00%
  S14 800ms fold3/5: best_val= 56.25% (ep3) test= 50.00%
  S14 800ms fold4/5: best_val= 62.50% (ep11) test= 75.00%
  S14 800ms fold5/5: best_val= 62.50% (ep10) test= 43.75%
  S14 1500ms fold1/5: best_val= 50.00% (ep1) test= 50.00%
  S14 1500ms fold2/5: best_val= 56.25% (ep10) test= 56.25%
  S14 1500ms fold3/5: best_val= 75.00% (ep6) test= 37.50%
  S14 1500ms fold4/5: best_val= 50.00% (ep2) test= 37.50%
  S14 1500ms fold5/5: best_val= 56.25% (ep1) test= 43.75%
  S14 3000ms fold1/5: best_val= 68.75% (ep16) test= 56.25%
  S14 3000ms fold2/5: best_val= 75.00% (ep21) test= 56.25%
  S14 3000ms fold3/5: best_val= 68.75% (ep15) test= 62.50%
  S14 3000ms fold4/5: best_val= 56.25% (ep4) test= 56.25%
  S14 3000ms fold5/5: best_val= 68.75% (ep2) test= 37.50%
  S14 4000ms fold1/5: best_val= 68.75% (ep18) test= 62.50%
  S14 4000ms fold2/5: best_val= 62.50% (ep22) test= 68.75%
  S14 4000ms fold3/5: best_val= 68.75% (ep6) test= 43.75%
  S14 4000ms fold4/5: best_val= 62.50% (ep3) test= 43.75%
  S14 4000ms fold5/5: best_val= 75.00% (ep22) test= 43.75%
S14: 800ms= 52.50%  1500ms= 45.00%  3000ms= 53.75%  4000ms= 52.50%   (44s)
  S15 800ms fold1/5: best_val= 68.75% (ep17) test= 50.00%
  S15 800ms fold2/5: best_val= 50.00% (ep1) test= 50.00%
  S15 800ms fold3/5: best_val= 68.75% (ep5) test= 43.75%
  S15 800ms fold4/5: best_val= 68.75% (ep11) test= 50.00%
  S15 800ms fold5/5: best_val= 75.00% (ep7) test= 75.00%
  S15 1500ms fold1/5: best_val= 68.75% (ep5) test= 43.75%
  S15 1500ms fold2/5: best_val= 62.50% (ep6) test= 56.25%
  S15 1500ms fold3/5: best_val= 56.25% (ep6) test= 68.75%
  S15 1500ms fold4/5: best_val= 56.25% (ep1) test= 50.00%
  S15 1500ms fold5/5: best_val= 68.75% (ep2) test= 50.00%
  S15 3000ms fold1/5: best_val= 68.75% (ep6) test= 43.75%
  S15 3000ms fold2/5: best_val= 50.00% (ep4) test= 50.00%
  S15 3000ms fold3/5: best_val= 75.00% (ep10) test= 50.00%
  S15 3000ms fold4/5: best_val= 68.75% (ep5) test= 56.25%
  S15 3000ms fold5/5: best_val= 56.25% (ep8) test= 68.75%
  S15 4000ms fold1/5: best_val= 68.75% (ep9) test= 50.00%
  S15 4000ms fold2/5: best_val= 62.50% (ep1) test= 50.00%
  S15 4000ms fold3/5: best_val= 50.00% (ep1) test= 50.00%
  S15 4000ms fold4/5: best_val= 62.50% (ep13) test= 50.00%
  S15 4000ms fold5/5: best_val= 62.50% (ep5) test= 56.25%
S15: 800ms= 53.75%  1500ms= 53.75%  3000ms= 53.75%  4000ms= 51.25%   (45s)
  S16 800ms fold1/5: best_val= 81.25% (ep7) test= 31.25%
  S16 800ms fold2/5: best_val= 50.00% (ep1) test= 50.00%
  S16 800ms fold3/5: best_val= 62.50% (ep3) test= 50.00%
  S16 800ms fold4/5: best_val= 62.50% (ep3) test= 43.75%
  S16 800ms fold5/5: best_val= 56.25% (ep6) test= 37.50%
  S16 1500ms fold1/5: best_val= 62.50% (ep5) test= 50.00%
  S16 1500ms fold2/5: best_val= 50.00% (ep1) test= 50.00%
  S16 1500ms fold3/5: best_val= 68.75% (ep7) test= 37.50%
  S16 1500ms fold4/5: best_val= 56.25% (ep6) test= 50.00%
  S16 1500ms fold5/5: best_val= 75.00% (ep1) test= 56.25%
  S16 3000ms fold1/5: best_val= 56.25% (ep2) test= 31.25%
  S16 3000ms fold2/5: best_val= 56.25% (ep9) test= 62.50%
  S16 3000ms fold3/5: best_val= 75.00% (ep5) test= 43.75%
  S16 3000ms fold4/5: best_val= 75.00% (ep16) test= 56.25%
  S16 3000ms fold5/5: best_val= 56.25% (ep6) test= 56.25%
  S16 4000ms fold1/5: best_val= 68.75% (ep25) test= 68.75%
  S16 4000ms fold2/5: best_val= 62.50% (ep14) test= 56.25%
  S16 4000ms fold3/5: best_val= 62.50% (ep4) test= 50.00%
  S16 4000ms fold4/5: best_val= 62.50% (ep9) test= 62.50%
  S16 4000ms fold5/5: best_val= 75.00% (ep6) test= 62.50%
S16: 800ms= 42.50%  1500ms= 48.75%  3000ms= 50.00%  4000ms= 60.00%   (45s)
  S17 800ms fold1/5: best_val= 75.00% (ep8) test= 50.00%
  S17 800ms fold2/5: best_val= 50.00% (ep2) test= 56.25%
  S17 800ms fold3/5: best_val= 62.50% (ep9) test= 62.50%
  S17 800ms fold4/5: best_val= 68.75% (ep15) test= 62.50%
  S17 800ms fold5/5: best_val= 56.25% (ep1) test= 56.25%
  S17 1500ms fold1/5: best_val= 68.75% (ep11) test= 43.75%
  S17 1500ms fold2/5: best_val= 68.75% (ep8) test= 43.75%
  S17 1500ms fold3/5: best_val= 50.00% (ep1) test= 50.00%
  S17 1500ms fold4/5: best_val= 75.00% (ep6) test= 75.00%
  S17 1500ms fold5/5: best_val= 62.50% (ep7) test= 62.50%
  S17 3000ms fold1/5: best_val= 81.25% (ep8) test= 50.00%
  S17 3000ms fold2/5: best_val= 56.25% (ep9) test= 43.75%
  S17 3000ms fold3/5: best_val= 68.75% (ep7) test= 50.00%
  S17 3000ms fold4/5: best_val= 68.75% (ep14) test= 50.00%
  S17 3000ms fold5/5: best_val= 62.50% (ep5) test= 75.00%
  S17 4000ms fold1/5: best_val= 68.75% (ep5) test= 43.75%
  S17 4000ms fold2/5: best_val= 68.75% (ep34) test= 75.00%
  S17 4000ms fold3/5: best_val= 81.25% (ep6) test= 25.00%
  S17 4000ms fold4/5: best_val= 62.50% (ep9) test= 56.25%
  S17 4000ms fold5/5: best_val= 56.25% (ep21) test= 62.50%
S17: 800ms= 57.50%  1500ms= 55.00%  3000ms= 53.75%  4000ms= 52.50%   (45s)
  S18 800ms fold1/5: best_val= 68.75% (ep9) test= 62.50%
  S18 800ms fold2/5: best_val= 62.50% (ep1) test= 68.75%
  S18 800ms fold3/5: best_val= 81.25% (ep19) test= 68.75%
  S18 800ms fold4/5: best_val= 75.00% (ep6) test= 68.75%
  S18 800ms fold5/5: best_val= 56.25% (ep2) test= 50.00%
  S18 1500ms fold1/5: best_val= 62.50% (ep15) test= 43.75%
  S18 1500ms fold2/5: best_val= 75.00% (ep5) test= 56.25%
  S18 1500ms fold3/5: best_val= 87.50% (ep6) test= 62.50%
  S18 1500ms fold4/5: best_val= 62.50% (ep5) test= 68.75%
  S18 1500ms fold5/5: best_val= 68.75% (ep5) test= 75.00%
  S18 3000ms fold1/5: best_val= 62.50% (ep5) test= 56.25%
  S18 3000ms fold2/5: best_val= 93.75% (ep16) test= 68.75%
  S18 3000ms fold3/5: best_val= 68.75% (ep4) test= 56.25%
  S18 3000ms fold4/5: best_val= 81.25% (ep8) test= 56.25%
  S18 3000ms fold5/5: best_val= 75.00% (ep4) test= 62.50%
  S18 4000ms fold1/5: best_val= 50.00% (ep1) test= 50.00%
  S18 4000ms fold2/5: best_val= 81.25% (ep13) test= 62.50%
  S18 4000ms fold3/5: best_val= 68.75% (ep4) test= 37.50%
  S18 4000ms fold4/5: best_val= 75.00% (ep14) test= 62.50%
  S18 4000ms fold5/5: best_val= 68.75% (ep7) test= 56.25%
S18: 800ms= 63.75%  1500ms= 61.25%  3000ms= 60.00%  4000ms= 53.75%   (46s)

ALL SUBJECTS COMPLETED — EPS/SPS  (819s)

====================================================================
SAVED EPS/SPS -> /work/11862/rmaahin/ls6/FineMI-enhancements/ConformerEEG/experiments/option_b/results/full/EPS_SPS
gpu=NVIDIA A100-PCIE-40GB | torch=2.8.0+cu128 | seed=42 | model=conformer_b | mode=full
====================================================================
window_ms   800    1500   3000   4000
subject                              
1          53.33  50.00  55.56  56.67
2          46.25  48.75  51.25  53.75
3          71.25  82.50  78.75  73.75
4          72.50  66.25  63.75  65.00
5          62.50  52.50  57.50  65.00
6          48.75  50.00  55.00  50.00
7          50.00  65.00  61.25  55.00
8          55.00  57.50  52.50  56.25
9          38.75  55.00  63.75  62.50
10         73.75  67.50  63.75  61.25
11         50.00  41.25  58.75  62.50
12         46.25  56.25  48.75  47.50
13         60.00  55.00  57.50  52.50
14         52.50  45.00  53.75  52.50
15         53.75  53.75  53.75  51.25
16         42.50  48.75  50.00  60.00
17         57.50  55.00  53.75  52.50
18         63.75  61.25  60.00  53.75

mean: {800: 55.46, 1500: 56.18, 3000: 57.74, 4000: 57.31}
sd  : {800: 10.16, 1500: 9.66, 3000: 7.02, 4000: 6.66}

Pairs saved so far in /work/11862/rmaahin/ls6/FineMI-enhancements/ConformerEEG/experiments/option_b/results/full: 1/28

##### pair_idx=20 (EPS_SAA) #####

Using device: cuda | gpu=NVIDIA A100-PCIE-40GB | torch=2.8.0+cu128
NOTE: determinism holds per-GPU-model. Record this GPU name.

PAIR: EPS/SAA  (classes 3 vs 6)  model=conformer_b  mode=full
Test time windows: [800, 1500, 3000, 4000] ms
Test time windows (samples): [200, 375, 750, 1000]

BINARY CLASSIFICATION: Class 3 vs Class 6  (EPS/SAA)
  Class 0 (original 3): 725 trials
  Class 1 (original 6): 725 trials

Extracted time windows:
  800ms (200 samples): shape (1450, 62, 200)
  1500ms (375 samples): shape (1450, 62, 375)
  3000ms (750 samples): shape (1450, 62, 750)
  4000ms (1000 samples): shape (1450, 62, 1000)

Model configuration:
  Model: conformer_b
  Channels: 62
  Subjects: [1, 2, 3, 4, 5, 6, 7, 8, 9, 10, 11, 12, 13, 14, 15, 16, 17, 18]
  Time windows: [800, 1500, 3000, 4000] ms
  Classes: 2 (Binary: Class 3 vs Class 6)
  Folds: 5
  Batch size: 32
  Epochs per subject per time window: 50
  S1 800ms fold1/5: best_val= 55.56% (ep6) test= 50.00%
  S1 800ms fold2/5: best_val= 61.11% (ep2) test= 50.00%
  S1 800ms fold3/5: best_val= 55.56% (ep1) test= 50.00%
  S1 800ms fold4/5: best_val= 66.67% (ep8) test= 55.56%
  S1 800ms fold5/5: best_val= 83.33% (ep5) test= 55.56%
  S1 1500ms fold1/5: best_val= 66.67% (ep27) test= 61.11%
  S1 1500ms fold2/5: best_val= 72.22% (ep2) test= 33.33%
  S1 1500ms fold3/5: best_val= 72.22% (ep4) test= 44.44%
  S1 1500ms fold4/5: best_val= 55.56% (ep4) test= 55.56%
  S1 1500ms fold5/5: best_val= 72.22% (ep4) test= 44.44%
  S1 3000ms fold1/5: best_val= 55.56% (ep3) test= 55.56%
  S1 3000ms fold2/5: best_val= 72.22% (ep8) test= 66.67%
  S1 3000ms fold3/5: best_val= 77.78% (ep5) test= 55.56%
  S1 3000ms fold4/5: best_val= 72.22% (ep10) test= 55.56%
  S1 3000ms fold5/5: best_val= 66.67% (ep21) test= 72.22%
  S1 4000ms fold1/5: best_val= 72.22% (ep3) test= 33.33%
  S1 4000ms fold2/5: best_val= 72.22% (ep6) test= 50.00%
  S1 4000ms fold3/5: best_val= 72.22% (ep11) test= 44.44%
  S1 4000ms fold4/5: best_val= 72.22% (ep11) test= 50.00%
  S1 4000ms fold5/5: best_val= 66.67% (ep8) test= 55.56%
S 1: 800ms= 52.22%  1500ms= 47.78%  3000ms= 61.11%  4000ms= 46.67%   (58s)
  S2 800ms fold1/5: best_val= 56.25% (ep2) test= 62.50%
  S2 800ms fold2/5: best_val= 56.25% (ep1) test= 50.00%
  S2 800ms fold3/5: best_val= 81.25% (ep6) test= 68.75%
  S2 800ms fold4/5: best_val= 62.50% (ep16) test= 62.50%
  S2 800ms fold5/5: best_val= 56.25% (ep2) test= 43.75%
  S2 1500ms fold1/5: best_val= 56.25% (ep3) test= 50.00%
  S2 1500ms fold2/5: best_val= 62.50% (ep14) test= 50.00%
  S2 1500ms fold3/5: best_val= 68.75% (ep20) test= 68.75%
  S2 1500ms fold4/5: best_val= 50.00% (ep3) test= 56.25%
  S2 1500ms fold5/5: best_val= 50.00% (ep1) test= 50.00%
  S2 3000ms fold1/5: best_val= 56.25% (ep4) test= 50.00%
  S2 3000ms fold2/5: best_val= 50.00% (ep1) test= 50.00%
  S2 3000ms fold3/5: best_val= 62.50% (ep6) test= 62.50%
  S2 3000ms fold4/5: best_val= 62.50% (ep5) test= 56.25%
  S2 3000ms fold5/5: best_val= 56.25% (ep3) test= 56.25%
  S2 4000ms fold1/5: best_val= 56.25% (ep6) test= 75.00%
  S2 4000ms fold2/5: best_val= 50.00% (ep1) test= 50.00%
  S2 4000ms fold3/5: best_val= 75.00% (ep15) test= 68.75%
  S2 4000ms fold4/5: best_val= 68.75% (ep6) test= 62.50%
  S2 4000ms fold5/5: best_val= 68.75% (ep6) test= 68.75%
S 2: 800ms= 57.50%  1500ms= 55.00%  3000ms= 55.00%  4000ms= 65.00%   (45s)
  S3 800ms fold1/5: best_val= 87.50% (ep1) test= 56.25%
  S3 800ms fold2/5: best_val= 68.75% (ep9) test= 62.50%
  S3 800ms fold3/5: best_val= 81.25% (ep18) test= 87.50%
  S3 800ms fold4/5: best_val= 81.25% (ep8) test= 75.00%
  S3 800ms fold5/5: best_val= 75.00% (ep8) test= 81.25%
  S3 1500ms fold1/5: best_val= 93.75% (ep21) test= 75.00%
  S3 1500ms fold2/5: best_val= 68.75% (ep6) test= 62.50%
  S3 1500ms fold3/5: best_val= 93.75% (ep31) test= 81.25%
  S3 1500ms fold4/5: best_val= 75.00% (ep9) test= 75.00%
  S3 1500ms fold5/5: best_val= 93.75% (ep11) test= 75.00%
  S3 3000ms fold1/5: best_val= 87.50% (ep8) test= 87.50%
  S3 3000ms fold2/5: best_val= 68.75% (ep5) test= 68.75%
  S3 3000ms fold3/5: best_val= 93.75% (ep10) test= 93.75%
  S3 3000ms fold4/5: best_val= 87.50% (ep18) test= 81.25%
  S3 3000ms fold5/5: best_val=100.00% (ep29) test= 75.00%
  S3 4000ms fold1/5: best_val= 75.00% (ep5) test= 81.25%
  S3 4000ms fold2/5: best_val= 68.75% (ep10) test= 81.25%
  S3 4000ms fold3/5: best_val= 87.50% (ep8) test= 68.75%
  S3 4000ms fold4/5: best_val= 68.75% (ep5) test= 75.00%
  S3 4000ms fold5/5: best_val= 93.75% (ep15) test= 62.50%
S 3: 800ms= 72.50%  1500ms= 73.75%  3000ms= 81.25%  4000ms= 73.75%   (46s)
  S4 800ms fold1/5: best_val= 75.00% (ep7) test= 56.25%
  S4 800ms fold2/5: best_val= 68.75% (ep8) test= 68.75%
  S4 800ms fold3/5: best_val= 68.75% (ep14) test= 75.00%
  S4 800ms fold4/5: best_val= 68.75% (ep22) test= 56.25%
  S4 800ms fold5/5: best_val= 75.00% (ep10) test= 75.00%
  S4 1500ms fold1/5: best_val= 75.00% (ep10) test= 75.00%
  S4 1500ms fold2/5: best_val= 75.00% (ep42) test= 68.75%
  S4 1500ms fold3/5: best_val= 68.75% (ep17) test= 68.75%
  S4 1500ms fold4/5: best_val= 87.50% (ep12) test= 50.00%
  S4 1500ms fold5/5: best_val= 75.00% (ep11) test= 56.25%
  S4 3000ms fold1/5: best_val= 75.00% (ep13) test= 68.75%
  S4 3000ms fold2/5: best_val= 81.25% (ep15) test= 56.25%
  S4 3000ms fold3/5: best_val= 81.25% (ep17) test= 81.25%
  S4 3000ms fold4/5: best_val= 81.25% (ep15) test= 81.25%
  S4 3000ms fold5/5: best_val= 87.50% (ep17) test= 75.00%
  S4 4000ms fold1/5: best_val= 68.75% (ep10) test= 62.50%
  S4 4000ms fold2/5: best_val= 81.25% (ep12) test= 68.75%
  S4 4000ms fold3/5: best_val= 81.25% (ep9) test= 75.00%
  S4 4000ms fold4/5: best_val= 75.00% (ep10) test= 75.00%
  S4 4000ms fold5/5: best_val= 87.50% (ep14) test= 62.50%
S 4: 800ms= 66.25%  1500ms= 63.75%  3000ms= 72.50%  4000ms= 68.75%   (46s)
  S5 800ms fold1/5: best_val= 68.75% (ep4) test= 81.25%
  S5 800ms fold2/5: best_val= 68.75% (ep27) test= 81.25%
  S5 800ms fold3/5: best_val= 81.25% (ep7) test= 50.00%
  S5 800ms fold4/5: best_val= 68.75% (ep10) test= 50.00%
  S5 800ms fold5/5: best_val= 75.00% (ep42) test= 62.50%
  S5 1500ms fold1/5: best_val= 56.25% (ep1) test= 62.50%
  S5 1500ms fold2/5: best_val= 56.25% (ep11) test= 56.25%
  S5 1500ms fold3/5: best_val= 68.75% (ep7) test= 50.00%
  S5 1500ms fold4/5: best_val= 50.00% (ep2) test= 50.00%
  S5 1500ms fold5/5: best_val= 75.00% (ep11) test= 50.00%
  S5 3000ms fold1/5: best_val= 56.25% (ep11) test= 37.50%
  S5 3000ms fold2/5: best_val= 56.25% (ep5) test= 62.50%
  S5 3000ms fold3/5: best_val= 75.00% (ep6) test= 43.75%
  S5 3000ms fold4/5: best_val= 62.50% (ep34) test= 43.75%
  S5 3000ms fold5/5: best_val= 68.75% (ep5) test= 43.75%
  S5 4000ms fold1/5: best_val= 62.50% (ep7) test= 75.00%
  S5 4000ms fold2/5: best_val= 68.75% (ep18) test= 62.50%
  S5 4000ms fold3/5: best_val= 75.00% (ep32) test= 43.75%
  S5 4000ms fold4/5: best_val= 62.50% (ep1) test= 25.00%
  S5 4000ms fold5/5: best_val= 62.50% (ep5) test= 37.50%
S 5: 800ms= 65.00%  1500ms= 53.75%  3000ms= 46.25%  4000ms= 48.75%   (46s)
  S6 800ms fold1/5: best_val= 68.75% (ep9) test= 68.75%
  S6 800ms fold2/5: best_val= 56.25% (ep2) test= 37.50%
  S6 800ms fold3/5: best_val= 81.25% (ep13) test= 12.50%
  S6 800ms fold4/5: best_val= 50.00% (ep1) test= 50.00%
  S6 800ms fold5/5: best_val= 68.75% (ep4) test= 50.00%
  S6 1500ms fold1/5: best_val= 68.75% (ep18) test= 62.50%
  S6 1500ms fold2/5: best_val= 62.50% (ep5) test= 56.25%
  S6 1500ms fold3/5: best_val= 68.75% (ep6) test= 62.50%
  S6 1500ms fold4/5: best_val= 75.00% (ep7) test= 68.75%
  S6 1500ms fold5/5: best_val= 56.25% (ep7) test= 50.00%
  S6 3000ms fold1/5: best_val= 62.50% (ep1) test= 50.00%
  S6 3000ms fold2/5: best_val= 56.25% (ep7) test= 56.25%
  S6 3000ms fold3/5: best_val= 75.00% (ep10) test= 68.75%
  S6 3000ms fold4/5: best_val= 75.00% (ep12) test= 50.00%
  S6 3000ms fold5/5: best_val= 56.25% (ep18) test= 62.50%
  S6 4000ms fold1/5: best_val= 68.75% (ep3) test= 62.50%
  S6 4000ms fold2/5: best_val= 62.50% (ep17) test= 62.50%
  S6 4000ms fold3/5: best_val= 68.75% (ep17) test= 62.50%
  S6 4000ms fold4/5: best_val= 75.00% (ep9) test= 75.00%
  S6 4000ms fold5/5: best_val= 68.75% (ep8) test= 62.50%
S 6: 800ms= 43.75%  1500ms= 60.00%  3000ms= 57.50%  4000ms= 65.00%   (45s)
  S7 800ms fold1/5: best_val= 81.25% (ep6) test= 62.50%
  S7 800ms fold2/5: best_val= 68.75% (ep1) test= 75.00%
  S7 800ms fold3/5: best_val= 87.50% (ep13) test= 75.00%
  S7 800ms fold4/5: best_val= 81.25% (ep5) test= 62.50%
  S7 800ms fold5/5: best_val= 81.25% (ep4) test= 75.00%
  S7 1500ms fold1/5: best_val= 87.50% (ep4) test= 50.00%
  S7 1500ms fold2/5: best_val= 75.00% (ep5) test= 62.50%
  S7 1500ms fold3/5: best_val= 75.00% (ep4) test= 62.50%
  S7 1500ms fold4/5: best_val= 75.00% (ep10) test= 75.00%
  S7 1500ms fold5/5: best_val= 68.75% (ep5) test= 81.25%
  S7 3000ms fold1/5: best_val= 81.25% (ep8) test= 31.25%
  S7 3000ms fold2/5: best_val= 50.00% (ep1) test= 50.00%
  S7 3000ms fold3/5: best_val= 56.25% (ep5) test= 50.00%
  S7 3000ms fold4/5: best_val= 62.50% (ep25) test= 75.00%
  S7 3000ms fold5/5: best_val= 68.75% (ep16) test= 62.50%
  S7 4000ms fold1/5: best_val= 56.25% (ep10) test= 62.50%
  S7 4000ms fold2/5: best_val= 56.25% (ep2) test= 50.00%
  S7 4000ms fold3/5: best_val= 56.25% (ep7) test= 56.25%
  S7 4000ms fold4/5: best_val= 75.00% (ep16) test= 75.00%
  S7 4000ms fold5/5: best_val= 75.00% (ep11) test= 75.00%
S 7: 800ms= 70.00%  1500ms= 66.25%  3000ms= 53.75%  4000ms= 63.75%   (46s)
  S8 800ms fold1/5: best_val= 75.00% (ep3) test= 50.00%
  S8 800ms fold2/5: best_val= 50.00% (ep1) test= 50.00%
  S8 800ms fold3/5: best_val= 56.25% (ep3) test= 50.00%
  S8 800ms fold4/5: best_val= 62.50% (ep5) test= 43.75%
  S8 800ms fold5/5: best_val= 56.25% (ep6) test= 56.25%
  S8 1500ms fold1/5: best_val= 50.00% (ep1) test= 50.00%
  S8 1500ms fold2/5: best_val= 50.00% (ep1) test= 50.00%
  S8 1500ms fold3/5: best_val= 68.75% (ep11) test= 37.50%
  S8 1500ms fold4/5: best_val= 50.00% (ep1) test= 50.00%
  S8 1500ms fold5/5: best_val= 68.75% (ep3) test= 43.75%
  S8 3000ms fold1/5: best_val= 62.50% (ep11) test= 50.00%
  S8 3000ms fold2/5: best_val= 56.25% (ep2) test= 43.75%
  S8 3000ms fold3/5: best_val= 56.25% (ep4) test= 50.00%
  S8 3000ms fold4/5: best_val= 56.25% (ep7) test= 62.50%
  S8 3000ms fold5/5: best_val= 56.25% (ep1) test= 56.25%
  S8 4000ms fold1/5: best_val= 56.25% (ep9) test= 43.75%
  S8 4000ms fold2/5: best_val= 56.25% (ep2) test= 43.75%
  S8 4000ms fold3/5: best_val= 62.50% (ep3) test= 31.25%
  S8 4000ms fold4/5: best_val= 50.00% (ep1) test= 50.00%
  S8 4000ms fold5/5: best_val= 50.00% (ep2) test= 50.00%
S 8: 800ms= 50.00%  1500ms= 46.25%  3000ms= 52.50%  4000ms= 43.75%   (45s)
  S9 800ms fold1/5: best_val= 68.75% (ep1) test= 56.25%
  S9 800ms fold2/5: best_val= 68.75% (ep3) test= 56.25%
  S9 800ms fold3/5: best_val= 62.50% (ep5) test= 62.50%
  S9 800ms fold4/5: best_val= 62.50% (ep9) test= 56.25%
  S9 800ms fold5/5: best_val= 56.25% (ep2) test= 43.75%
  S9 1500ms fold1/5: best_val= 68.75% (ep2) test= 56.25%
  S9 1500ms fold2/5: best_val= 50.00% (ep3) test= 50.00%
  S9 1500ms fold3/5: best_val= 62.50% (ep7) test= 50.00%
  S9 1500ms fold4/5: best_val= 56.25% (ep4) test= 50.00%
  S9 1500ms fold5/5: best_val= 68.75% (ep7) test= 50.00%
  S9 3000ms fold1/5: best_val= 75.00% (ep4) test= 62.50%
  S9 3000ms fold2/5: best_val= 81.25% (ep13) test= 68.75%
  S9 3000ms fold3/5: best_val= 81.25% (ep17) test= 75.00%
  S9 3000ms fold4/5: best_val= 68.75% (ep11) test= 56.25%
  S9 3000ms fold5/5: best_val= 68.75% (ep4) test= 62.50%
  S9 4000ms fold1/5: best_val= 75.00% (ep35) test= 68.75%
  S9 4000ms fold2/5: best_val= 87.50% (ep16) test= 75.00%
  S9 4000ms fold3/5: best_val= 75.00% (ep12) test= 50.00%
  S9 4000ms fold4/5: best_val= 62.50% (ep10) test= 68.75%
  S9 4000ms fold5/5: best_val= 68.75% (ep5) test= 56.25%
S 9: 800ms= 55.00%  1500ms= 51.25%  3000ms= 65.00%  4000ms= 63.75%   (45s)
  S10 800ms fold1/5: best_val= 56.25% (ep3) test= 56.25%
  S10 800ms fold2/5: best_val= 62.50% (ep3) test= 50.00%
  S10 800ms fold3/5: best_val= 75.00% (ep21) test= 62.50%
  S10 800ms fold4/5: best_val= 56.25% (ep1) test= 81.25%
  S10 800ms fold5/5: best_val= 50.00% (ep1) test= 50.00%
  S10 1500ms fold1/5: best_val= 56.25% (ep3) test= 62.50%
  S10 1500ms fold2/5: best_val= 75.00% (ep14) test= 62.50%
  S10 1500ms fold3/5: best_val= 62.50% (ep12) test= 50.00%
  S10 1500ms fold4/5: best_val= 62.50% (ep17) test= 68.75%
  S10 1500ms fold5/5: best_val= 50.00% (ep1) test= 50.00%
  S10 3000ms fold1/5: best_val= 56.25% (ep5) test= 50.00%
  S10 3000ms fold2/5: best_val= 68.75% (ep11) test= 31.25%
  S10 3000ms fold3/5: best_val= 56.25% (ep1) test= 50.00%
  S10 3000ms fold4/5: best_val= 68.75% (ep8) test= 56.25%
  S10 3000ms fold5/5: best_val= 62.50% (ep1) test= 37.50%
  S10 4000ms fold1/5: best_val= 56.25% (ep2) test= 43.75%
  S10 4000ms fold2/5: best_val= 56.25% (ep11) test= 56.25%
  S10 4000ms fold3/5: best_val= 75.00% (ep1) test= 75.00%
  S10 4000ms fold4/5: best_val= 56.25% (ep5) test= 56.25%
  S10 4000ms fold5/5: best_val= 56.25% (ep6) test= 50.00%
S10: 800ms= 60.00%  1500ms= 58.75%  3000ms= 45.00%  4000ms= 56.25%   (45s)
  S11 800ms fold1/5: best_val= 50.00% (ep1) test= 50.00%
  S11 800ms fold2/5: best_val= 50.00% (ep1) test= 50.00%
  S11 800ms fold3/5: best_val= 56.25% (ep1) test= 37.50%
  S11 800ms fold4/5: best_val= 50.00% (ep1) test= 50.00%
  S11 800ms fold5/5: best_val= 50.00% (ep1) test= 50.00%
  S11 1500ms fold1/5: best_val= 62.50% (ep1) test= 56.25%
  S11 1500ms fold2/5: best_val= 50.00% (ep1) test= 50.00%
  S11 1500ms fold3/5: best_val= 56.25% (ep4) test= 43.75%
  S11 1500ms fold4/5: best_val= 68.75% (ep6) test= 37.50%
  S11 1500ms fold5/5: best_val= 50.00% (ep1) test= 50.00%
  S11 3000ms fold1/5: best_val= 62.50% (ep11) test= 68.75%
  S11 3000ms fold2/5: best_val= 68.75% (ep16) test= 50.00%
  S11 3000ms fold3/5: best_val= 50.00% (ep1) test= 50.00%
  S11 3000ms fold4/5: best_val= 75.00% (ep8) test= 56.25%
  S11 3000ms fold5/5: best_val= 50.00% (ep2) test= 50.00%
  S11 4000ms fold1/5: best_val= 56.25% (ep12) test= 50.00%
  S11 4000ms fold2/5: best_val= 68.75% (ep27) test= 43.75%
  S11 4000ms fold3/5: best_val= 56.25% (ep5) test= 50.00%
  S11 4000ms fold4/5: best_val= 62.50% (ep5) test= 43.75%
  S11 4000ms fold5/5: best_val= 56.25% (ep16) test= 50.00%
S11: 800ms= 47.50%  1500ms= 47.50%  3000ms= 55.00%  4000ms= 47.50%   (45s)
  S12 800ms fold1/5: best_val= 62.50% (ep4) test= 43.75%
  S12 800ms fold2/5: best_val= 50.00% (ep1) test= 50.00%
  S12 800ms fold3/5: best_val= 75.00% (ep15) test= 62.50%
  S12 800ms fold4/5: best_val= 56.25% (ep5) test= 50.00%
  S12 800ms fold5/5: best_val= 56.25% (ep20) test= 50.00%
  S12 1500ms fold1/5: best_val= 62.50% (ep6) test= 56.25%
  S12 1500ms fold2/5: best_val= 56.25% (ep10) test= 56.25%
  S12 1500ms fold3/5: best_val= 62.50% (ep5) test= 56.25%
  S12 1500ms fold4/5: best_val= 62.50% (ep18) test= 62.50%
  S12 1500ms fold5/5: best_val= 68.75% (ep31) test= 62.50%
  S12 3000ms fold1/5: best_val= 56.25% (ep9) test= 50.00%
  S12 3000ms fold2/5: best_val= 56.25% (ep5) test= 62.50%
  S12 3000ms fold3/5: best_val= 62.50% (ep3) test= 50.00%
  S12 3000ms fold4/5: best_val= 68.75% (ep3) test= 50.00%
  S12 3000ms fold5/5: best_val= 50.00% (ep2) test= 50.00%
  S12 4000ms fold1/5: best_val= 62.50% (ep12) test= 43.75%
  S12 4000ms fold2/5: best_val= 50.00% (ep7) test= 43.75%
  S12 4000ms fold3/5: best_val= 56.25% (ep11) test= 50.00%
  S12 4000ms fold4/5: best_val= 62.50% (ep21) test= 56.25%
  S12 4000ms fold5/5: best_val= 56.25% (ep8) test= 50.00%
S12: 800ms= 51.25%  1500ms= 58.75%  3000ms= 52.50%  4000ms= 48.75%   (46s)
  S13 800ms fold1/5: best_val= 81.25% (ep24) test= 43.75%
  S13 800ms fold2/5: best_val= 62.50% (ep13) test= 43.75%
  S13 800ms fold3/5: best_val= 62.50% (ep6) test= 37.50%
  S13 800ms fold4/5: best_val= 56.25% (ep7) test= 31.25%
  S13 800ms fold5/5: best_val= 56.25% (ep8) test= 68.75%
  S13 1500ms fold1/5: best_val= 56.25% (ep4) test= 62.50%
  S13 1500ms fold2/5: best_val= 62.50% (ep20) test= 56.25%
  S13 1500ms fold3/5: best_val= 81.25% (ep6) test= 68.75%
  S13 1500ms fold4/5: best_val= 68.75% (ep15) test= 56.25%
  S13 1500ms fold5/5: best_val= 62.50% (ep2) test= 68.75%
  S13 3000ms fold1/5: best_val= 68.75% (ep16) test= 56.25%
  S13 3000ms fold2/5: best_val= 62.50% (ep4) test= 50.00%
  S13 3000ms fold3/5: best_val= 68.75% (ep7) test= 62.50%
  S13 3000ms fold4/5: best_val= 62.50% (ep2) test= 62.50%
  S13 3000ms fold5/5: best_val= 75.00% (ep20) test= 43.75%
  S13 4000ms fold1/5: best_val= 68.75% (ep9) test= 43.75%
  S13 4000ms fold2/5: best_val= 50.00% (ep1) test= 50.00%
  S13 4000ms fold3/5: best_val= 68.75% (ep5) test= 43.75%
  S13 4000ms fold4/5: best_val= 75.00% (ep4) test= 62.50%
  S13 4000ms fold5/5: best_val= 62.50% (ep1) test= 43.75%
S13: 800ms= 45.00%  1500ms= 62.50%  3000ms= 55.00%  4000ms= 48.75%   (46s)
  S14 800ms fold1/5: best_val= 68.75% (ep10) test= 43.75%
  S14 800ms fold2/5: best_val= 56.25% (ep6) test= 43.75%
  S14 800ms fold3/5: best_val= 68.75% (ep6) test= 31.25%
  S14 800ms fold4/5: best_val= 68.75% (ep17) test= 50.00%
  S14 800ms fold5/5: best_val= 75.00% (ep8) test= 43.75%
  S14 1500ms fold1/5: best_val= 68.75% (ep47) test= 56.25%
  S14 1500ms fold2/5: best_val= 68.75% (ep26) test= 50.00%
  S14 1500ms fold3/5: best_val= 68.75% (ep19) test= 31.25%
  S14 1500ms fold4/5: best_val= 56.25% (ep8) test= 56.25%
  S14 1500ms fold5/5: best_val= 68.75% (ep15) test= 43.75%
  S14 3000ms fold1/5: best_val= 75.00% (ep1) test= 50.00%
  S14 3000ms fold2/5: best_val= 68.75% (ep8) test= 56.25%
  S14 3000ms fold3/5: best_val= 68.75% (ep5) test= 43.75%
  S14 3000ms fold4/5: best_val= 62.50% (ep9) test= 56.25%
  S14 3000ms fold5/5: best_val= 68.75% (ep16) test= 43.75%
  S14 4000ms fold1/5: best_val= 68.75% (ep3) test= 50.00%
  S14 4000ms fold2/5: best_val= 62.50% (ep8) test= 43.75%
  S14 4000ms fold3/5: best_val= 68.75% (ep23) test= 56.25%
  S14 4000ms fold4/5: best_val= 68.75% (ep4) test= 43.75%
  S14 4000ms fold5/5: best_val= 81.25% (ep12) test= 43.75%
S14: 800ms= 42.50%  1500ms= 47.50%  3000ms= 50.00%  4000ms= 47.50%   (46s)
  S15 800ms fold1/5: best_val= 75.00% (ep6) test= 56.25%
  S15 800ms fold2/5: best_val= 75.00% (ep2) test= 75.00%
  S15 800ms fold3/5: best_val= 75.00% (ep5) test= 56.25%
  S15 800ms fold4/5: best_val= 50.00% (ep1) test= 50.00%
  S15 800ms fold5/5: best_val= 81.25% (ep20) test= 37.50%
  S15 1500ms fold1/5: best_val= 68.75% (ep3) test= 62.50%
  S15 1500ms fold2/5: best_val= 62.50% (ep6) test= 68.75%
  S15 1500ms fold3/5: best_val= 68.75% (ep3) test= 56.25%
  S15 1500ms fold4/5: best_val= 75.00% (ep6) test= 50.00%
  S15 1500ms fold5/5: best_val= 75.00% (ep18) test= 62.50%
  S15 3000ms fold1/5: best_val= 75.00% (ep9) test= 56.25%
  S15 3000ms fold2/5: best_val= 68.75% (ep9) test= 56.25%
  S15 3000ms fold3/5: best_val= 68.75% (ep24) test= 37.50%
  S15 3000ms fold4/5: best_val= 62.50% (ep15) test= 37.50%
  S15 3000ms fold5/5: best_val= 62.50% (ep20) test= 56.25%
  S15 4000ms fold1/5: best_val= 81.25% (ep14) test= 50.00%
  S15 4000ms fold2/5: best_val= 75.00% (ep3) test= 56.25%
  S15 4000ms fold3/5: best_val= 81.25% (ep11) test= 25.00%
  S15 4000ms fold4/5: best_val= 62.50% (ep3) test= 68.75%
  S15 4000ms fold5/5: best_val= 62.50% (ep11) test= 56.25%
S15: 800ms= 55.00%  1500ms= 60.00%  3000ms= 48.75%  4000ms= 51.25%   (46s)
  S16 800ms fold1/5: best_val= 50.00% (ep1) test= 68.75%
  S16 800ms fold2/5: best_val= 68.75% (ep6) test= 43.75%
  S16 800ms fold3/5: best_val= 50.00% (ep1) test= 43.75%
  S16 800ms fold4/5: best_val= 56.25% (ep16) test= 18.75%
  S16 800ms fold5/5: best_val= 50.00% (ep1) test= 62.50%
  S16 1500ms fold1/5: best_val= 75.00% (ep5) test= 56.25%
  S16 1500ms fold2/5: best_val= 81.25% (ep13) test= 50.00%
  S16 1500ms fold3/5: best_val= 50.00% (ep1) test= 50.00%
  S16 1500ms fold4/5: best_val= 56.25% (ep6) test= 50.00%
  S16 1500ms fold5/5: best_val= 50.00% (ep1) test= 50.00%
  S16 3000ms fold1/5: best_val= 81.25% (ep13) test= 62.50%
  S16 3000ms fold2/5: best_val= 81.25% (ep16) test= 68.75%
  S16 3000ms fold3/5: best_val= 68.75% (ep7) test= 75.00%
  S16 3000ms fold4/5: best_val= 56.25% (ep6) test= 68.75%
  S16 3000ms fold5/5: best_val= 81.25% (ep13) test= 68.75%
  S16 4000ms fold1/5: best_val= 93.75% (ep1) test= 56.25%
  S16 4000ms fold2/5: best_val= 81.25% (ep14) test= 81.25%
  S16 4000ms fold3/5: best_val= 68.75% (ep17) test= 68.75%
  S16 4000ms fold4/5: best_val= 75.00% (ep17) test= 68.75%
  S16 4000ms fold5/5: best_val= 75.00% (ep15) test= 56.25%
S16: 800ms= 47.50%  1500ms= 51.25%  3000ms= 68.75%  4000ms= 66.25%   (46s)
  S17 800ms fold1/5: best_val= 81.25% (ep16) test= 56.25%
  S17 800ms fold2/5: best_val= 68.75% (ep12) test= 75.00%
  S17 800ms fold3/5: best_val= 68.75% (ep7) test= 50.00%
  S17 800ms fold4/5: best_val= 62.50% (ep17) test= 62.50%
  S17 800ms fold5/5: best_val= 75.00% (ep21) test= 62.50%
  S17 1500ms fold1/5: best_val= 75.00% (ep10) test= 37.50%
  S17 1500ms fold2/5: best_val= 75.00% (ep13) test= 62.50%
  S17 1500ms fold3/5: best_val= 68.75% (ep10) test= 37.50%
  S17 1500ms fold4/5: best_val= 62.50% (ep7) test= 75.00%
  S17 1500ms fold5/5: best_val= 68.75% (ep14) test= 62.50%
  S17 3000ms fold1/5: best_val= 87.50% (ep6) test= 31.25%
  S17 3000ms fold2/5: best_val= 81.25% (ep41) test= 68.75%
  S17 3000ms fold3/5: best_val= 75.00% (ep11) test= 50.00%
  S17 3000ms fold4/5: best_val= 75.00% (ep6) test= 81.25%
  S17 3000ms fold5/5: best_val= 62.50% (ep6) test= 75.00%
  S17 4000ms fold1/5: best_val= 68.75% (ep9) test= 31.25%
  S17 4000ms fold2/5: best_val= 75.00% (ep9) test= 93.75%
  S17 4000ms fold3/5: best_val= 87.50% (ep5) test= 43.75%
  S17 4000ms fold4/5: best_val= 81.25% (ep6) test= 68.75%
  S17 4000ms fold5/5: best_val= 81.25% (ep9) test= 75.00%
S17: 800ms= 61.25%  1500ms= 55.00%  3000ms= 61.25%  4000ms= 62.50%   (46s)
  S18 800ms fold1/5: best_val= 87.50% (ep3) test= 56.25%
  S18 800ms fold2/5: best_val= 75.00% (ep1) test= 68.75%
  S18 800ms fold3/5: best_val= 87.50% (ep5) test= 56.25%
  S18 800ms fold4/5: best_val= 93.75% (ep5) test= 75.00%
  S18 800ms fold5/5: best_val= 81.25% (ep13) test= 87.50%
  S18 1500ms fold1/5: best_val=100.00% (ep19) test= 68.75%
  S18 1500ms fold2/5: best_val= 87.50% (ep6) test= 75.00%
  S18 1500ms fold3/5: best_val= 93.75% (ep5) test= 56.25%
  S18 1500ms fold4/5: best_val= 93.75% (ep15) test= 62.50%
  S18 1500ms fold5/5: best_val= 93.75% (ep13) test= 87.50%
  S18 3000ms fold1/5: best_val= 93.75% (ep11) test= 56.25%
  S18 3000ms fold2/5: best_val= 75.00% (ep6) test= 81.25%
  S18 3000ms fold3/5: best_val= 93.75% (ep1) test= 62.50%
  S18 3000ms fold4/5: best_val= 93.75% (ep4) test= 68.75%
  S18 3000ms fold5/5: best_val= 75.00% (ep5) test= 68.75%
  S18 4000ms fold1/5: best_val=100.00% (ep6) test= 75.00%
  S18 4000ms fold2/5: best_val= 87.50% (ep6) test= 81.25%
  S18 4000ms fold3/5: best_val= 81.25% (ep15) test= 62.50%
  S18 4000ms fold4/5: best_val= 87.50% (ep7) test= 75.00%
  S18 4000ms fold5/5: best_val= 87.50% (ep3) test= 87.50%
S18: 800ms= 68.75%  1500ms= 70.00%  3000ms= 67.50%  4000ms= 76.25%   (46s)

ALL SUBJECTS COMPLETED — EPS/SAA  (833s)

====================================================================
SAVED EPS/SAA -> /work/11862/rmaahin/ls6/FineMI-enhancements/ConformerEEG/experiments/option_b/results/full/EPS_SAA
gpu=NVIDIA A100-PCIE-40GB | torch=2.8.0+cu128 | seed=42 | model=conformer_b | mode=full
====================================================================
window_ms   800    1500   3000   4000
subject                              
1          52.22  47.78  61.11  46.67
2          57.50  55.00  55.00  65.00
3          72.50  73.75  81.25  73.75
4          66.25  63.75  72.50  68.75
5          65.00  53.75  46.25  48.75
6          43.75  60.00  57.50  65.00
7          70.00  66.25  53.75  63.75
8          50.00  46.25  52.50  43.75
9          55.00  51.25  65.00  63.75
10         60.00  58.75  45.00  56.25
11         47.50  47.50  55.00  47.50
12         51.25  58.75  52.50  48.75
13         45.00  62.50  55.00  48.75
14         42.50  47.50  50.00  47.50
15         55.00  60.00  48.75  51.25
16         47.50  51.25  68.75  66.25
17         61.25  55.00  61.25  62.50
18         68.75  70.00  67.50  76.25

mean: {800: 56.17, 1500: 57.17, 3000: 58.26, 4000: 58.01}
sd  : {800: 9.5, 1500: 8.05, 3000: 9.66, 4000: 10.31}

Pairs saved so far in /work/11862/rmaahin/ls6/FineMI-enhancements/ConformerEEG/experiments/option_b/results/full: 5/28

##### pair_idx=21 (EPS_SFE) #####

Using device: cuda | gpu=NVIDIA A100-PCIE-40GB | torch=2.8.0+cu128
NOTE: determinism holds per-GPU-model. Record this GPU name.

PAIR: EPS/SFE  (classes 3 vs 7)  model=conformer_b  mode=full
Test time windows: [800, 1500, 3000, 4000] ms
Test time windows (samples): [200, 375, 750, 1000]

BINARY CLASSIFICATION: Class 3 vs Class 7  (EPS/SFE)
  Class 0 (original 3): 725 trials
  Class 1 (original 7): 726 trials

Extracted time windows:
  800ms (200 samples): shape (1451, 62, 200)
  1500ms (375 samples): shape (1451, 62, 375)
  3000ms (750 samples): shape (1451, 62, 750)
  4000ms (1000 samples): shape (1451, 62, 1000)

Model configuration:
  Model: conformer_b
  Channels: 62
  Subjects: [1, 2, 3, 4, 5, 6, 7, 8, 9, 10, 11, 12, 13, 14, 15, 16, 17, 18]
  Time windows: [800, 1500, 3000, 4000] ms
  Classes: 2 (Binary: Class 3 vs Class 7)
  Folds: 5
  Batch size: 32
  Epochs per subject per time window: 50
  S1 800ms fold1/5: best_val= 77.78% (ep26) test= 55.56%
  S1 800ms fold2/5: best_val= 66.67% (ep41) test= 55.56%
  S1 800ms fold3/5: best_val= 72.22% (ep21) test= 44.44%
  S1 800ms fold4/5: best_val= 50.00% (ep1) test= 50.00%
  S1 800ms fold5/5: best_val= 66.67% (ep4) test= 44.44%
  S1 1500ms fold1/5: best_val= 72.22% (ep32) test= 33.33%
  S1 1500ms fold2/5: best_val= 61.11% (ep4) test= 55.56%
  S1 1500ms fold3/5: best_val= 66.67% (ep4) test= 38.89%
  S1 1500ms fold4/5: best_val= 66.67% (ep11) test= 50.00%
  S1 1500ms fold5/5: best_val= 66.67% (ep16) test= 55.56%
  S1 3000ms fold1/5: best_val= 72.22% (ep12) test= 44.44%
  S1 3000ms fold2/5: best_val= 77.78% (ep11) test= 50.00%
  S1 3000ms fold3/5: best_val= 66.67% (ep6) test= 55.56%
  S1 3000ms fold4/5: best_val= 61.11% (ep25) test= 66.67%
  S1 3000ms fold5/5: best_val= 66.67% (ep9) test= 55.56%
  S1 4000ms fold1/5: best_val= 55.56% (ep5) test= 38.89%
  S1 4000ms fold2/5: best_val= 66.67% (ep15) test= 44.44%
  S1 4000ms fold3/5: best_val= 66.67% (ep4) test= 44.44%
  S1 4000ms fold4/5: best_val= 61.11% (ep20) test= 50.00%
  S1 4000ms fold5/5: best_val= 77.78% (ep7) test= 50.00%
S 1: 800ms= 50.00%  1500ms= 46.67%  3000ms= 54.44%  4000ms= 45.56%   (58s)
  S2 800ms fold1/5: best_val= 75.00% (ep6) test= 50.00%
  S2 800ms fold2/5: best_val= 68.75% (ep17) test= 25.00%
  S2 800ms fold3/5: best_val= 56.25% (ep1) test= 81.25%
  S2 800ms fold4/5: best_val= 62.50% (ep18) test= 50.00%
  S2 800ms fold5/5: best_val= 56.25% (ep1) test= 75.00%
  S2 1500ms fold1/5: best_val= 75.00% (ep9) test= 62.50%
  S2 1500ms fold2/5: best_val= 56.25% (ep4) test= 56.25%
  S2 1500ms fold3/5: best_val= 62.50% (ep6) test= 37.50%
  S2 1500ms fold4/5: best_val= 68.75% (ep5) test= 43.75%
  S2 1500ms fold5/5: best_val= 50.00% (ep2) test= 50.00%
  S2 3000ms fold1/5: best_val= 68.75% (ep12) test= 68.75%
  S2 3000ms fold2/5: best_val= 56.25% (ep5) test= 50.00%
  S2 3000ms fold3/5: best_val= 62.50% (ep4) test= 37.50%
  S2 3000ms fold4/5: best_val= 75.00% (ep12) test= 43.75%
  S2 3000ms fold5/5: best_val= 50.00% (ep1) test= 50.00%
  S2 4000ms fold1/5: best_val= 68.75% (ep14) test= 75.00%
  S2 4000ms fold2/5: best_val= 62.50% (ep11) test= 50.00%
  S2 4000ms fold3/5: best_val= 62.50% (ep14) test= 56.25%
  S2 4000ms fold4/5: best_val= 56.25% (ep11) test= 50.00%
  S2 4000ms fold5/5: best_val= 62.50% (ep3) test= 68.75%
S 2: 800ms= 56.25%  1500ms= 50.00%  3000ms= 50.00%  4000ms= 60.00%   (45s)
  S3 800ms fold1/5: best_val= 81.25% (ep20) test= 81.25%
  S3 800ms fold2/5: best_val= 81.25% (ep14) test= 81.25%
  S3 800ms fold3/5: best_val= 75.00% (ep37) test= 75.00%
  S3 800ms fold4/5: best_val= 93.75% (ep16) test= 68.75%
  S3 800ms fold5/5: best_val= 93.75% (ep14) test= 81.25%
  S3 1500ms fold1/5: best_val= 87.50% (ep20) test= 68.75%
  S3 1500ms fold2/5: best_val= 87.50% (ep19) test= 56.25%
  S3 1500ms fold3/5: best_val= 68.75% (ep5) test= 87.50%
  S3 1500ms fold4/5: best_val= 75.00% (ep10) test= 75.00%
  S3 1500ms fold5/5: best_val= 75.00% (ep16) test= 81.25%
  S3 3000ms fold1/5: best_val= 93.75% (ep11) test= 87.50%
  S3 3000ms fold2/5: best_val= 87.50% (ep9) test= 75.00%
  S3 3000ms fold3/5: best_val= 81.25% (ep21) test= 75.00%
  S3 3000ms fold4/5: best_val= 81.25% (ep28) test= 93.75%
  S3 3000ms fold5/5: best_val= 93.75% (ep13) test= 81.25%
  S3 4000ms fold1/5: best_val= 93.75% (ep15) test= 81.25%
  S3 4000ms fold2/5: best_val= 93.75% (ep14) test= 68.75%
  S3 4000ms fold3/5: best_val= 81.25% (ep11) test= 75.00%
  S3 4000ms fold4/5: best_val= 93.75% (ep29) test= 75.00%
  S3 4000ms fold5/5: best_val= 93.75% (ep21) test= 68.75%
S 3: 800ms= 77.50%  1500ms= 73.75%  3000ms= 82.50%  4000ms= 73.75%   (45s)
  S4 800ms fold1/5: best_val= 75.00% (ep16) test= 93.75%
  S4 800ms fold2/5: best_val= 93.75% (ep13) test= 87.50%
  S4 800ms fold3/5: best_val= 81.25% (ep6) test= 81.25%
  S4 800ms fold4/5: best_val= 87.50% (ep12) test= 56.25%
  S4 800ms fold5/5: best_val= 87.50% (ep14) test= 68.75%
  S4 1500ms fold1/5: best_val= 87.50% (ep13) test= 87.50%
  S4 1500ms fold2/5: best_val= 81.25% (ep11) test= 87.50%
  S4 1500ms fold3/5: best_val= 87.50% (ep9) test= 81.25%
  S4 1500ms fold4/5: best_val= 81.25% (ep17) test= 75.00%
  S4 1500ms fold5/5: best_val= 93.75% (ep13) test= 81.25%
  S4 3000ms fold1/5: best_val= 75.00% (ep15) test= 56.25%
  S4 3000ms fold2/5: best_val= 81.25% (ep21) test= 75.00%
  S4 3000ms fold3/5: best_val= 81.25% (ep29) test= 68.75%
  S4 3000ms fold4/5: best_val= 75.00% (ep15) test= 75.00%
  S4 3000ms fold5/5: best_val= 75.00% (ep26) test= 62.50%
  S4 4000ms fold1/5: best_val= 75.00% (ep10) test= 62.50%
  S4 4000ms fold2/5: best_val= 81.25% (ep15) test= 68.75%
  S4 4000ms fold3/5: best_val= 81.25% (ep40) test= 68.75%
  S4 4000ms fold4/5: best_val= 81.25% (ep11) test= 81.25%
  S4 4000ms fold5/5: best_val= 75.00% (ep7) test= 68.75%
S 4: 800ms= 77.50%  1500ms= 82.50%  3000ms= 67.50%  4000ms= 70.00%   (46s)
  S5 800ms fold1/5: best_val= 87.50% (ep9) test= 70.59%
  S5 800ms fold2/5: best_val= 58.82% (ep1) test= 50.00%
  S5 800ms fold3/5: best_val= 76.47% (ep5) test= 43.75%
  S5 800ms fold4/5: best_val= 64.71% (ep7) test= 62.50%
  S5 800ms fold5/5: best_val= 76.47% (ep15) test= 56.25%
  S5 1500ms fold1/5: best_val= 75.00% (ep11) test= 94.12%
  S5 1500ms fold2/5: best_val= 70.59% (ep17) test= 81.25%
  S5 1500ms fold3/5: best_val= 76.47% (ep14) test= 68.75%
  S5 1500ms fold4/5: best_val= 52.94% (ep1) test= 62.50%
  S5 1500ms fold5/5: best_val= 64.71% (ep15) test= 68.75%
  S5 3000ms fold1/5: best_val= 87.50% (ep21) test= 64.71%
  S5 3000ms fold2/5: best_val= 64.71% (ep10) test= 56.25%
  S5 3000ms fold3/5: best_val= 52.94% (ep6) test= 37.50%
  S5 3000ms fold4/5: best_val= 64.71% (ep10) test= 56.25%
  S5 3000ms fold5/5: best_val= 64.71% (ep5) test= 56.25%
  S5 4000ms fold1/5: best_val= 62.50% (ep12) test= 58.82%
  S5 4000ms fold2/5: best_val= 82.35% (ep16) test= 56.25%
  S5 4000ms fold3/5: best_val= 64.71% (ep16) test= 43.75%
  S5 4000ms fold4/5: best_val= 76.47% (ep18) test= 56.25%
  S5 4000ms fold5/5: best_val= 70.59% (ep7) test= 50.00%
S 5: 800ms= 56.79%  1500ms= 75.31%  3000ms= 54.32%  4000ms= 53.09%   (45s)
  S6 800ms fold1/5: best_val= 68.75% (ep21) test= 50.00%
  S6 800ms fold2/5: best_val= 81.25% (ep4) test= 50.00%
  S6 800ms fold3/5: best_val= 56.25% (ep17) test= 56.25%
  S6 800ms fold4/5: best_val= 62.50% (ep6) test= 43.75%
  S6 800ms fold5/5: best_val= 56.25% (ep2) test= 68.75%
  S6 1500ms fold1/5: best_val= 62.50% (ep6) test= 37.50%
  S6 1500ms fold2/5: best_val= 50.00% (ep1) test= 50.00%
  S6 1500ms fold3/5: best_val= 50.00% (ep1) test= 50.00%
  S6 1500ms fold4/5: best_val= 62.50% (ep3) test= 56.25%
  S6 1500ms fold5/5: best_val= 50.00% (ep1) test= 50.00%
  S6 3000ms fold1/5: best_val= 68.75% (ep36) test= 50.00%
  S6 3000ms fold2/5: best_val= 56.25% (ep21) test= 68.75%
  S6 3000ms fold3/5: best_val= 50.00% (ep2) test= 50.00%
  S6 3000ms fold4/5: best_val= 75.00% (ep8) test= 62.50%
  S6 3000ms fold5/5: best_val= 50.00% (ep1) test= 50.00%
  S6 4000ms fold1/5: best_val= 62.50% (ep11) test= 50.00%
  S6 4000ms fold2/5: best_val= 62.50% (ep7) test= 81.25%
  S6 4000ms fold3/5: best_val= 68.75% (ep7) test= 68.75%
  S6 4000ms fold4/5: best_val= 62.50% (ep12) test= 75.00%
  S6 4000ms fold5/5: best_val= 68.75% (ep8) test= 68.75%
S 6: 800ms= 53.75%  1500ms= 48.75%  3000ms= 56.25%  4000ms= 68.75%   (45s)
  S7 800ms fold1/5: best_val= 81.25% (ep26) test= 68.75%
  S7 800ms fold2/5: best_val= 56.25% (ep3) test= 62.50%
  S7 800ms fold3/5: best_val= 56.25% (ep4) test= 62.50%
  S7 800ms fold4/5: best_val= 75.00% (ep8) test= 68.75%
  S7 800ms fold5/5: best_val= 75.00% (ep5) test= 62.50%
  S7 1500ms fold1/5: best_val= 68.75% (ep14) test= 50.00%
  S7 1500ms fold2/5: best_val= 56.25% (ep19) test= 68.75%
  S7 1500ms fold3/5: best_val= 62.50% (ep2) test= 50.00%
  S7 1500ms fold4/5: best_val= 81.25% (ep10) test= 56.25%
  S7 1500ms fold5/5: best_val= 75.00% (ep5) test= 56.25%
  S7 3000ms fold1/5: best_val= 68.75% (ep6) test= 50.00%
  S7 3000ms fold2/5: best_val= 62.50% (ep10) test= 43.75%
  S7 3000ms fold3/5: best_val= 62.50% (ep6) test= 62.50%
  S7 3000ms fold4/5: best_val= 50.00% (ep1) test= 50.00%
  S7 3000ms fold5/5: best_val= 62.50% (ep19) test= 62.50%
  S7 4000ms fold1/5: best_val= 56.25% (ep4) test= 62.50%
  S7 4000ms fold2/5: best_val= 62.50% (ep14) test= 50.00%
  S7 4000ms fold3/5: best_val= 68.75% (ep17) test= 68.75%
  S7 4000ms fold4/5: best_val= 62.50% (ep8) test= 68.75%
  S7 4000ms fold5/5: best_val= 62.50% (ep3) test= 62.50%
S 7: 800ms= 65.00%  1500ms= 56.25%  3000ms= 53.75%  4000ms= 62.50%   (45s)
  S8 800ms fold1/5: best_val= 62.50% (ep4) test= 56.25%
  S8 800ms fold2/5: best_val= 56.25% (ep5) test= 50.00%
  S8 800ms fold3/5: best_val= 68.75% (ep8) test= 50.00%
  S8 800ms fold4/5: best_val= 68.75% (ep6) test= 50.00%
  S8 800ms fold5/5: best_val= 62.50% (ep8) test= 50.00%
  S8 1500ms fold1/5: best_val= 62.50% (ep5) test= 50.00%
  S8 1500ms fold2/5: best_val= 62.50% (ep2) test= 50.00%
  S8 1500ms fold3/5: best_val= 62.50% (ep1) test= 43.75%
  S8 1500ms fold4/5: best_val= 62.50% (ep7) test= 56.25%
  S8 1500ms fold5/5: best_val= 68.75% (ep12) test= 43.75%
  S8 3000ms fold1/5: best_val= 68.75% (ep6) test= 62.50%
  S8 3000ms fold2/5: best_val= 75.00% (ep22) test= 50.00%
  S8 3000ms fold3/5: best_val= 56.25% (ep2) test= 43.75%
  S8 3000ms fold4/5: best_val= 68.75% (ep7) test= 56.25%
  S8 3000ms fold5/5: best_val= 62.50% (ep8) test= 50.00%
  S8 4000ms fold1/5: best_val= 75.00% (ep5) test= 56.25%
  S8 4000ms fold2/5: best_val= 68.75% (ep14) test= 56.25%
  S8 4000ms fold3/5: best_val= 43.75% (ep2) test= 31.25%
  S8 4000ms fold4/5: best_val= 62.50% (ep6) test= 75.00%
  S8 4000ms fold5/5: best_val= 50.00% (ep1) test= 50.00%
S 8: 800ms= 51.25%  1500ms= 48.75%  3000ms= 52.50%  4000ms= 53.75%   (46s)
  S9 800ms fold1/5: best_val= 56.25% (ep2) test= 43.75%
  S9 800ms fold2/5: best_val= 62.50% (ep23) test= 43.75%
  S9 800ms fold3/5: best_val= 56.25% (ep3) test= 50.00%
  S9 800ms fold4/5: best_val= 56.25% (ep4) test= 50.00%
  S9 800ms fold5/5: best_val= 75.00% (ep23) test= 50.00%
  S9 1500ms fold1/5: best_val= 68.75% (ep4) test= 68.75%
  S9 1500ms fold2/5: best_val= 56.25% (ep6) test= 50.00%
  S9 1500ms fold3/5: best_val= 50.00% (ep1) test= 50.00%
  S9 1500ms fold4/5: best_val= 68.75% (ep7) test= 43.75%
  S9 1500ms fold5/5: best_val= 62.50% (ep9) test= 25.00%
  S9 3000ms fold1/5: best_val= 81.25% (ep12) test= 56.25%
  S9 3000ms fold2/5: best_val= 56.25% (ep14) test= 50.00%
  S9 3000ms fold3/5: best_val= 56.25% (ep11) test= 43.75%
  S9 3000ms fold4/5: best_val= 68.75% (ep8) test= 37.50%
  S9 3000ms fold5/5: best_val= 56.25% (ep8) test= 62.50%
  S9 4000ms fold1/5: best_val= 62.50% (ep7) test= 43.75%
  S9 4000ms fold2/5: best_val= 62.50% (ep16) test= 56.25%
  S9 4000ms fold3/5: best_val= 68.75% (ep28) test= 62.50%
  S9 4000ms fold4/5: best_val= 75.00% (ep11) test= 50.00%
  S9 4000ms fold5/5: best_val= 68.75% (ep22) test= 56.25%
S 9: 800ms= 47.50%  1500ms= 47.50%  3000ms= 50.00%  4000ms= 53.75%   (46s)
  S10 800ms fold1/5: best_val= 81.25% (ep5) test= 68.75%
  S10 800ms fold2/5: best_val= 68.75% (ep9) test= 43.75%
  S10 800ms fold3/5: best_val= 87.50% (ep14) test= 81.25%
  S10 800ms fold4/5: best_val= 75.00% (ep5) test= 75.00%
  S10 800ms fold5/5: best_val= 75.00% (ep5) test= 68.75%
  S10 1500ms fold1/5: best_val= 62.50% (ep7) test= 56.25%
  S10 1500ms fold2/5: best_val= 81.25% (ep14) test= 50.00%
  S10 1500ms fold3/5: best_val= 68.75% (ep13) test= 56.25%
  S10 1500ms fold4/5: best_val= 68.75% (ep6) test= 56.25%
  S10 1500ms fold5/5: best_val= 62.50% (ep11) test= 62.50%
  S10 3000ms fold1/5: best_val= 62.50% (ep8) test= 81.25%
  S10 3000ms fold2/5: best_val= 62.50% (ep12) test= 37.50%
  S10 3000ms fold3/5: best_val= 68.75% (ep21) test= 56.25%
  S10 3000ms fold4/5: best_val= 75.00% (ep11) test= 50.00%
  S10 3000ms fold5/5: best_val= 62.50% (ep13) test= 68.75%
  S10 4000ms fold1/5: best_val= 68.75% (ep10) test= 62.50%
  S10 4000ms fold2/5: best_val= 56.25% (ep11) test= 43.75%
  S10 4000ms fold3/5: best_val= 50.00% (ep1) test= 50.00%
  S10 4000ms fold4/5: best_val= 68.75% (ep5) test= 43.75%
  S10 4000ms fold5/5: best_val= 50.00% (ep1) test= 50.00%
S10: 800ms= 67.50%  1500ms= 56.25%  3000ms= 58.75%  4000ms= 50.00%   (46s)
  S11 800ms fold1/5: best_val= 62.50% (ep8) test= 43.75%
  S11 800ms fold2/5: best_val= 75.00% (ep12) test= 62.50%
  S11 800ms fold3/5: best_val= 62.50% (ep8) test= 43.75%
  S11 800ms fold4/5: best_val= 62.50% (ep1) test= 62.50%
  S11 800ms fold5/5: best_val= 62.50% (ep6) test= 62.50%
  S11 1500ms fold1/5: best_val= 56.25% (ep10) test= 56.25%
  S11 1500ms fold2/5: best_val= 62.50% (ep8) test= 43.75%
  S11 1500ms fold3/5: best_val= 56.25% (ep6) test= 56.25%
  S11 1500ms fold4/5: best_val= 50.00% (ep1) test= 50.00%
  S11 1500ms fold5/5: best_val= 68.75% (ep17) test= 43.75%
  S11 3000ms fold1/5: best_val= 50.00% (ep1) test= 50.00%
  S11 3000ms fold2/5: best_val= 56.25% (ep6) test= 50.00%
  S11 3000ms fold3/5: best_val= 56.25% (ep4) test= 56.25%
  S11 3000ms fold4/5: best_val= 50.00% (ep2) test= 50.00%
  S11 3000ms fold5/5: best_val= 62.50% (ep5) test= 56.25%
  S11 4000ms fold1/5: best_val= 50.00% (ep1) test= 50.00%
  S11 4000ms fold2/5: best_val= 75.00% (ep27) test= 43.75%
  S11 4000ms fold3/5: best_val= 56.25% (ep1) test= 50.00%
  S11 4000ms fold4/5: best_val= 56.25% (ep3) test= 43.75%
  S11 4000ms fold5/5: best_val= 56.25% (ep1) test= 50.00%
S11: 800ms= 55.00%  1500ms= 50.00%  3000ms= 52.50%  4000ms= 47.50%   (46s)
  S12 800ms fold1/5: best_val= 56.25% (ep14) test= 43.75%
  S12 800ms fold2/5: best_val= 62.50% (ep5) test= 50.00%
  S12 800ms fold3/5: best_val= 62.50% (ep2) test= 43.75%
  S12 800ms fold4/5: best_val= 81.25% (ep15) test= 62.50%
  S12 800ms fold5/5: best_val= 56.25% (ep2) test= 50.00%
  S12 1500ms fold1/5: best_val= 56.25% (ep3) test= 50.00%
  S12 1500ms fold2/5: best_val= 56.25% (ep12) test= 37.50%
  S12 1500ms fold3/5: best_val= 56.25% (ep9) test= 50.00%
  S12 1500ms fold4/5: best_val= 56.25% (ep17) test= 56.25%
  S12 1500ms fold5/5: best_val= 50.00% (ep1) test= 50.00%
  S12 3000ms fold1/5: best_val= 56.25% (ep7) test= 43.75%
  S12 3000ms fold2/5: best_val= 56.25% (ep9) test= 50.00%
  S12 3000ms fold3/5: best_val= 68.75% (ep3) test= 50.00%
  S12 3000ms fold4/5: best_val= 62.50% (ep6) test= 50.00%
  S12 3000ms fold5/5: best_val= 56.25% (ep4) test= 37.50%
  S12 4000ms fold1/5: best_val= 75.00% (ep3) test= 37.50%
  S12 4000ms fold2/5: best_val= 56.25% (ep9) test= 37.50%
  S12 4000ms fold3/5: best_val= 68.75% (ep4) test= 75.00%
  S12 4000ms fold4/5: best_val= 62.50% (ep5) test= 68.75%
  S12 4000ms fold5/5: best_val= 56.25% (ep17) test= 37.50%
S12: 800ms= 50.00%  1500ms= 48.75%  3000ms= 46.25%  4000ms= 51.25%   (46s)
  S13 800ms fold1/5: best_val= 62.50% (ep4) test= 56.25%
  S13 800ms fold2/5: best_val= 56.25% (ep5) test= 37.50%
  S13 800ms fold3/5: best_val= 62.50% (ep4) test= 56.25%
  S13 800ms fold4/5: best_val= 68.75% (ep1) test= 62.50%
  S13 800ms fold5/5: best_val= 56.25% (ep5) test= 50.00%
  S13 1500ms fold1/5: best_val= 56.25% (ep4) test= 75.00%
  S13 1500ms fold2/5: best_val= 68.75% (ep10) test= 68.75%
  S13 1500ms fold3/5: best_val= 81.25% (ep16) test= 56.25%
  S13 1500ms fold4/5: best_val= 68.75% (ep20) test= 68.75%
  S13 1500ms fold5/5: best_val= 75.00% (ep5) test= 56.25%
  S13 3000ms fold1/5: best_val= 62.50% (ep4) test= 62.50%
  S13 3000ms fold2/5: best_val= 56.25% (ep5) test= 50.00%
  S13 3000ms fold3/5: best_val= 75.00% (ep11) test= 68.75%
  S13 3000ms fold4/5: best_val= 81.25% (ep4) test= 81.25%
  S13 3000ms fold5/5: best_val= 68.75% (ep24) test= 43.75%
  S13 4000ms fold1/5: best_val= 62.50% (ep7) test= 56.25%
  S13 4000ms fold2/5: best_val= 62.50% (ep12) test= 62.50%
  S13 4000ms fold3/5: best_val= 75.00% (ep14) test= 56.25%
  S13 4000ms fold4/5: best_val= 68.75% (ep10) test= 56.25%
  S13 4000ms fold5/5: best_val= 75.00% (ep11) test= 62.50%
S13: 800ms= 52.50%  1500ms= 65.00%  3000ms= 61.25%  4000ms= 58.75%   (46s)
  S14 800ms fold1/5: best_val= 75.00% (ep10) test= 50.00%
  S14 800ms fold2/5: best_val= 81.25% (ep9) test= 50.00%
  S14 800ms fold3/5: best_val= 62.50% (ep6) test= 56.25%
  S14 800ms fold4/5: best_val= 62.50% (ep27) test= 50.00%
  S14 800ms fold5/5: best_val= 68.75% (ep7) test= 43.75%
  S14 1500ms fold1/5: best_val= 75.00% (ep15) test= 68.75%
  S14 1500ms fold2/5: best_val= 87.50% (ep18) test= 50.00%
  S14 1500ms fold3/5: best_val= 62.50% (ep5) test= 68.75%
  S14 1500ms fold4/5: best_val= 68.75% (ep10) test= 37.50%
  S14 1500ms fold5/5: best_val= 75.00% (ep2) test= 56.25%
  S14 3000ms fold1/5: best_val= 68.75% (ep6) test= 50.00%
  S14 3000ms fold2/5: best_val= 81.25% (ep8) test= 50.00%
  S14 3000ms fold3/5: best_val= 81.25% (ep25) test= 50.00%
  S14 3000ms fold4/5: best_val= 68.75% (ep9) test= 56.25%
  S14 3000ms fold5/5: best_val= 62.50% (ep5) test= 62.50%
  S14 4000ms fold1/5: best_val= 68.75% (ep4) test= 62.50%
  S14 4000ms fold2/5: best_val= 62.50% (ep10) test= 56.25%
  S14 4000ms fold3/5: best_val= 68.75% (ep17) test= 43.75%
  S14 4000ms fold4/5: best_val= 62.50% (ep11) test= 50.00%
  S14 4000ms fold5/5: best_val= 56.25% (ep3) test= 56.25%
S14: 800ms= 50.00%  1500ms= 56.25%  3000ms= 53.75%  4000ms= 53.75%   (46s)
  S15 800ms fold1/5: best_val= 68.75% (ep1) test= 37.50%
  S15 800ms fold2/5: best_val= 56.25% (ep4) test= 62.50%
  S15 800ms fold3/5: best_val= 62.50% (ep2) test= 43.75%
  S15 800ms fold4/5: best_val= 62.50% (ep10) test= 68.75%
  S15 800ms fold5/5: best_val= 81.25% (ep9) test= 50.00%
  S15 1500ms fold1/5: best_val= 68.75% (ep3) test= 68.75%
  S15 1500ms fold2/5: best_val= 68.75% (ep5) test= 68.75%
  S15 1500ms fold3/5: best_val= 75.00% (ep9) test= 56.25%
  S15 1500ms fold4/5: best_val= 68.75% (ep6) test= 56.25%
  S15 1500ms fold5/5: best_val= 50.00% (ep1) test= 50.00%
  S15 3000ms fold1/5: best_val= 75.00% (ep11) test= 37.50%
  S15 3000ms fold2/5: best_val= 56.25% (ep4) test= 50.00%
  S15 3000ms fold3/5: best_val= 62.50% (ep6) test= 50.00%
  S15 3000ms fold4/5: best_val= 68.75% (ep16) test= 56.25%
  S15 3000ms fold5/5: best_val= 62.50% (ep8) test= 56.25%
  S15 4000ms fold1/5: best_val= 81.25% (ep11) test= 37.50%
  S15 4000ms fold2/5: best_val= 56.25% (ep7) test= 50.00%
  S15 4000ms fold3/5: best_val= 50.00% (ep1) test= 43.75%
  S15 4000ms fold4/5: best_val= 56.25% (ep6) test= 50.00%
  S15 4000ms fold5/5: best_val= 62.50% (ep14) test= 43.75%
S15: 800ms= 52.50%  1500ms= 60.00%  3000ms= 50.00%  4000ms= 45.00%   (45s)
  S16 800ms fold1/5: best_val= 75.00% (ep5) test= 75.00%
  S16 800ms fold2/5: best_val= 56.25% (ep12) test= 56.25%
  S16 800ms fold3/5: best_val= 50.00% (ep8) test= 62.50%
  S16 800ms fold4/5: best_val= 56.25% (ep4) test= 50.00%
  S16 800ms fold5/5: best_val= 75.00% (ep8) test= 43.75%
  S16 1500ms fold1/5: best_val= 75.00% (ep10) test= 56.25%
  S16 1500ms fold2/5: best_val= 62.50% (ep25) test= 62.50%
  S16 1500ms fold3/5: best_val= 56.25% (ep13) test= 68.75%
  S16 1500ms fold4/5: best_val= 62.50% (ep20) test= 68.75%
  S16 1500ms fold5/5: best_val= 62.50% (ep1) test= 62.50%
  S16 3000ms fold1/5: best_val= 81.25% (ep22) test= 56.25%
  S16 3000ms fold2/5: best_val= 75.00% (ep21) test= 56.25%
  S16 3000ms fold3/5: best_val= 68.75% (ep11) test= 75.00%
  S16 3000ms fold4/5: best_val= 56.25% (ep26) test= 50.00%
  S16 3000ms fold5/5: best_val= 81.25% (ep13) test= 50.00%
  S16 4000ms fold1/5: best_val= 81.25% (ep3) test= 62.50%
  S16 4000ms fold2/5: best_val= 62.50% (ep9) test= 56.25%
  S16 4000ms fold3/5: best_val= 62.50% (ep8) test= 75.00%
  S16 4000ms fold4/5: best_val= 62.50% (ep9) test= 62.50%
  S16 4000ms fold5/5: best_val= 75.00% (ep17) test= 43.75%
S16: 800ms= 57.50%  1500ms= 63.75%  3000ms= 57.50%  4000ms= 60.00%   (42s)
  S17 800ms fold1/5: best_val= 75.00% (ep21) test= 56.25%
  S17 800ms fold2/5: best_val= 56.25% (ep3) test= 43.75%
  S17 800ms fold3/5: best_val= 62.50% (ep7) test= 75.00%
  S17 800ms fold4/5: best_val= 81.25% (ep19) test= 56.25%
  S17 800ms fold5/5: best_val= 81.25% (ep13) test= 56.25%
  S17 1500ms fold1/5: best_val= 75.00% (ep12) test= 56.25%
  S17 1500ms fold2/5: best_val= 75.00% (ep14) test= 68.75%
  S17 1500ms fold3/5: best_val= 81.25% (ep15) test= 75.00%
  S17 1500ms fold4/5: best_val= 62.50% (ep10) test= 81.25%
  S17 1500ms fold5/5: best_val= 62.50% (ep6) test= 75.00%
  S17 3000ms fold1/5: best_val= 75.00% (ep8) test= 56.25%
  S17 3000ms fold2/5: best_val= 81.25% (ep26) test= 62.50%
  S17 3000ms fold3/5: best_val= 87.50% (ep32) test= 62.50%
  S17 3000ms fold4/5: best_val= 87.50% (ep7) test= 81.25%
  S17 3000ms fold5/5: best_val= 87.50% (ep9) test= 75.00%
  S17 4000ms fold1/5: best_val= 75.00% (ep7) test= 62.50%
  S17 4000ms fold2/5: best_val= 87.50% (ep10) test= 62.50%
  S17 4000ms fold3/5: best_val= 81.25% (ep9) test= 68.75%
  S17 4000ms fold4/5: best_val= 75.00% (ep15) test= 75.00%
  S17 4000ms fold5/5: best_val= 81.25% (ep11) test= 50.00%
S17: 800ms= 57.50%  1500ms= 71.25%  3000ms= 67.50%  4000ms= 63.75%   (42s)
  S18 800ms fold1/5: best_val= 75.00% (ep10) test= 81.25%
  S18 800ms fold2/5: best_val= 75.00% (ep1) test= 62.50%
  S18 800ms fold3/5: best_val= 81.25% (ep10) test= 81.25%
  S18 800ms fold4/5: best_val= 87.50% (ep7) test= 56.25%
  S18 800ms fold5/5: best_val= 87.50% (ep14) test= 68.75%
  S18 1500ms fold1/5: best_val= 62.50% (ep7) test= 81.25%
  S18 1500ms fold2/5: best_val= 62.50% (ep3) test= 50.00%
  S18 1500ms fold3/5: best_val= 81.25% (ep8) test= 62.50%
  S18 1500ms fold4/5: best_val= 87.50% (ep2) test= 37.50%
  S18 1500ms fold5/5: best_val= 75.00% (ep4) test= 56.25%
  S18 3000ms fold1/5: best_val= 68.75% (ep19) test= 68.75%
  S18 3000ms fold2/5: best_val= 81.25% (ep15) test= 62.50%
  S18 3000ms fold3/5: best_val= 68.75% (ep6) test= 75.00%
  S18 3000ms fold4/5: best_val= 81.25% (ep10) test= 50.00%
  S18 3000ms fold5/5: best_val= 75.00% (ep9) test= 50.00%
  S18 4000ms fold1/5: best_val= 75.00% (ep9) test= 75.00%
  S18 4000ms fold2/5: best_val= 81.25% (ep23) test= 68.75%
  S18 4000ms fold3/5: best_val= 81.25% (ep13) test= 56.25%
  S18 4000ms fold4/5: best_val= 75.00% (ep27) test= 68.75%
  S18 4000ms fold5/5: best_val= 75.00% (ep16) test= 62.50%
S18: 800ms= 70.00%  1500ms= 57.50%  3000ms= 61.25%  4000ms= 66.25%   (42s)

ALL SUBJECTS COMPLETED — EPS/SFE  (820s)

====================================================================
SAVED EPS/SFE -> /work/11862/rmaahin/ls6/FineMI-enhancements/ConformerEEG/experiments/option_b/results/full/EPS_SFE
gpu=NVIDIA A100-PCIE-40GB | torch=2.8.0+cu128 | seed=42 | model=conformer_b | mode=full
====================================================================
window_ms   800    1500   3000   4000
subject                              
1          50.00  46.67  54.44  45.56
2          56.25  50.00  50.00  60.00
3          77.50  73.75  82.50  73.75
4          77.50  82.50  67.50  70.00
5          56.79  75.31  54.32  53.09
6          53.75  48.75  56.25  68.75
7          65.00  56.25  53.75  62.50
8          51.25  48.75  52.50  53.75
9          47.50  47.50  50.00  53.75
10         67.50  56.25  58.75  50.00
11         55.00  50.00  52.50  47.50
12         50.00  48.75  46.25  51.25
13         52.50  65.00  61.25  58.75
14         50.00  56.25  53.75  53.75
15         52.50  60.00  50.00  45.00
16         57.50  63.75  57.50  60.00
17         57.50  71.25  67.50  63.75
18         70.00  57.50  61.25  66.25

mean: {800: 58.22, 1500: 58.79, 3000: 57.22, 4000: 57.63}
sd  : {800: 9.34, 1500: 10.93, 3000: 8.57, 4000: 8.6}

Pairs saved so far in /work/11862/rmaahin/ls6/FineMI-enhancements/ConformerEEG/experiments/option_b/results/full: 8/28

##### pair_idx=22 (EFE_SPS) #####

Using device: cuda | gpu=NVIDIA A100-PCIE-40GB | torch=2.8.0+cu128
NOTE: determinism holds per-GPU-model. Record this GPU name.

PAIR: EFE/SPS  (classes 4 vs 5)  model=conformer_b  mode=full
Test time windows: [800, 1500, 3000, 4000] ms
Test time windows (samples): [200, 375, 750, 1000]

BINARY CLASSIFICATION: Class 4 vs Class 5  (EFE/SPS)
  Class 0 (original 4): 725 trials
  Class 1 (original 5): 725 trials

Extracted time windows:
  800ms (200 samples): shape (1450, 62, 200)
  1500ms (375 samples): shape (1450, 62, 375)
  3000ms (750 samples): shape (1450, 62, 750)
  4000ms (1000 samples): shape (1450, 62, 1000)

Model configuration:
  Model: conformer_b
  Channels: 62
  Subjects: [1, 2, 3, 4, 5, 6, 7, 8, 9, 10, 11, 12, 13, 14, 15, 16, 17, 18]
  Time windows: [800, 1500, 3000, 4000] ms
  Classes: 2 (Binary: Class 4 vs Class 5)
  Folds: 5
  Batch size: 32
  Epochs per subject per time window: 50
  S1 800ms fold1/5: best_val= 66.67% (ep5) test= 55.56%
  S1 800ms fold2/5: best_val= 55.56% (ep17) test= 61.11%
  S1 800ms fold3/5: best_val= 61.11% (ep8) test= 55.56%
  S1 800ms fold4/5: best_val= 83.33% (ep20) test= 72.22%
  S1 800ms fold5/5: best_val= 72.22% (ep4) test= 66.67%
  S1 1500ms fold1/5: best_val= 55.56% (ep21) test= 38.89%
  S1 1500ms fold2/5: best_val= 66.67% (ep18) test= 38.89%
  S1 1500ms fold3/5: best_val= 83.33% (ep18) test= 55.56%
  S1 1500ms fold4/5: best_val= 72.22% (ep4) test= 38.89%
  S1 1500ms fold5/5: best_val= 72.22% (ep21) test= 44.44%
  S1 3000ms fold1/5: best_val= 61.11% (ep10) test= 50.00%
  S1 3000ms fold2/5: best_val= 55.56% (ep17) test= 27.78%
  S1 3000ms fold3/5: best_val= 66.67% (ep14) test= 44.44%
  S1 3000ms fold4/5: best_val= 66.67% (ep6) test= 38.89%
  S1 3000ms fold5/5: best_val= 61.11% (ep11) test= 55.56%
  S1 4000ms fold1/5: best_val= 66.67% (ep13) test= 55.56%
  S1 4000ms fold2/5: best_val= 55.56% (ep1) test= 50.00%
  S1 4000ms fold3/5: best_val= 66.67% (ep14) test= 83.33%
  S1 4000ms fold4/5: best_val= 77.78% (ep18) test= 38.89%
  S1 4000ms fold5/5: best_val= 55.56% (ep2) test= 50.00%
S 1: 800ms= 62.22%  1500ms= 43.33%  3000ms= 43.33%  4000ms= 55.56%   (53s)
  S2 800ms fold1/5: best_val= 56.25% (ep2) test= 56.25%
  S2 800ms fold2/5: best_val= 62.50% (ep6) test= 43.75%
  S2 800ms fold3/5: best_val= 68.75% (ep5) test= 56.25%
  S2 800ms fold4/5: best_val= 68.75% (ep21) test= 50.00%
  S2 800ms fold5/5: best_val= 75.00% (ep2) test= 62.50%
  S2 1500ms fold1/5: best_val= 62.50% (ep6) test= 43.75%
  S2 1500ms fold2/5: best_val= 62.50% (ep8) test= 68.75%
  S2 1500ms fold3/5: best_val= 62.50% (ep19) test= 56.25%
  S2 1500ms fold4/5: best_val= 56.25% (ep13) test= 50.00%
  S2 1500ms fold5/5: best_val= 62.50% (ep1) test= 50.00%
  S2 3000ms fold1/5: best_val= 62.50% (ep19) test= 50.00%
  S2 3000ms fold2/5: best_val= 50.00% (ep1) test= 50.00%
  S2 3000ms fold3/5: best_val= 75.00% (ep8) test= 43.75%
  S2 3000ms fold4/5: best_val= 68.75% (ep5) test= 50.00%
  S2 3000ms fold5/5: best_val= 68.75% (ep7) test= 62.50%
  S2 4000ms fold1/5: best_val= 56.25% (ep26) test= 75.00%
  S2 4000ms fold2/5: best_val= 56.25% (ep10) test= 50.00%
  S2 4000ms fold3/5: best_val= 56.25% (ep10) test= 50.00%
  S2 4000ms fold4/5: best_val= 56.25% (ep9) test= 62.50%
  S2 4000ms fold5/5: best_val= 62.50% (ep21) test= 37.50%
S 2: 800ms= 53.75%  1500ms= 53.75%  3000ms= 51.25%  4000ms= 55.00%   (42s)
  S3 800ms fold1/5: best_val= 93.75% (ep5) test= 75.00%
  S3 800ms fold2/5: best_val= 75.00% (ep6) test= 68.75%
  S3 800ms fold3/5: best_val= 81.25% (ep15) test= 87.50%
  S3 800ms fold4/5: best_val= 87.50% (ep4) test= 62.50%
  S3 800ms fold5/5: best_val= 87.50% (ep6) test= 75.00%
  S3 1500ms fold1/5: best_val= 75.00% (ep11) test= 62.50%
  S3 1500ms fold2/5: best_val= 75.00% (ep6) test= 68.75%
  S3 1500ms fold3/5: best_val= 68.75% (ep8) test= 62.50%
  S3 1500ms fold4/5: best_val= 87.50% (ep4) test= 75.00%
  S3 1500ms fold5/5: best_val= 87.50% (ep10) test= 87.50%
  S3 3000ms fold1/5: best_val= 68.75% (ep10) test= 37.50%
  S3 3000ms fold2/5: best_val= 75.00% (ep19) test= 56.25%
  S3 3000ms fold3/5: best_val= 93.75% (ep20) test= 75.00%
  S3 3000ms fold4/5: best_val= 75.00% (ep5) test= 81.25%
  S3 3000ms fold5/5: best_val= 87.50% (ep9) test= 75.00%
  S3 4000ms fold1/5: best_val= 87.50% (ep20) test= 56.25%
  S3 4000ms fold2/5: best_val= 75.00% (ep20) test= 62.50%
  S3 4000ms fold3/5: best_val= 81.25% (ep5) test= 68.75%
  S3 4000ms fold4/5: best_val= 68.75% (ep14) test= 56.25%
  S3 4000ms fold5/5: best_val= 62.50% (ep22) test= 50.00%
S 3: 800ms= 73.75%  1500ms= 71.25%  3000ms= 65.00%  4000ms= 58.75%   (42s)
  S4 800ms fold1/5: best_val= 81.25% (ep24) test= 81.25%
  S4 800ms fold2/5: best_val= 75.00% (ep5) test= 81.25%
  S4 800ms fold3/5: best_val= 87.50% (ep14) test= 62.50%
  S4 800ms fold4/5: best_val= 93.75% (ep14) test= 62.50%
  S4 800ms fold5/5: best_val= 87.50% (ep4) test= 81.25%
  S4 1500ms fold1/5: best_val= 75.00% (ep13) test= 62.50%
  S4 1500ms fold2/5: best_val= 68.75% (ep5) test= 56.25%
  S4 1500ms fold3/5: best_val= 50.00% (ep1) test= 56.25%
  S4 1500ms fold4/5: best_val= 68.75% (ep5) test= 50.00%
  S4 1500ms fold5/5: best_val= 50.00% (ep3) test= 50.00%
  S4 3000ms fold1/5: best_val= 56.25% (ep5) test= 62.50%
  S4 3000ms fold2/5: best_val= 56.25% (ep4) test= 50.00%
  S4 3000ms fold3/5: best_val= 75.00% (ep6) test= 50.00%
  S4 3000ms fold4/5: best_val= 62.50% (ep6) test= 75.00%
  S4 3000ms fold5/5: best_val= 56.25% (ep10) test= 56.25%
  S4 4000ms fold1/5: best_val= 75.00% (ep16) test= 56.25%
  S4 4000ms fold2/5: best_val= 75.00% (ep13) test= 56.25%
  S4 4000ms fold3/5: best_val= 81.25% (ep21) test= 68.75%
  S4 4000ms fold4/5: best_val= 75.00% (ep8) test= 81.25%
  S4 4000ms fold5/5: best_val= 68.75% (ep6) test= 62.50%
S 4: 800ms= 73.75%  1500ms= 55.00%  3000ms= 58.75%  4000ms= 65.00%   (42s)
  S5 800ms fold1/5: best_val= 62.50% (ep12) test= 31.25%
  S5 800ms fold2/5: best_val= 62.50% (ep1) test= 31.25%
  S5 800ms fold3/5: best_val= 68.75% (ep9) test= 56.25%
  S5 800ms fold4/5: best_val= 62.50% (ep2) test= 56.25%
  S5 800ms fold5/5: best_val= 50.00% (ep1) test= 50.00%
  S5 1500ms fold1/5: best_val= 62.50% (ep1) test= 50.00%
  S5 1500ms fold2/5: best_val= 50.00% (ep2) test= 50.00%
  S5 1500ms fold3/5: best_val= 56.25% (ep6) test= 56.25%
  S5 1500ms fold4/5: best_val= 62.50% (ep3) test= 75.00%
  S5 1500ms fold5/5: best_val= 50.00% (ep1) test= 50.00%
  S5 3000ms fold1/5: best_val= 50.00% (ep2) test= 62.50%
  S5 3000ms fold2/5: best_val= 50.00% (ep2) test= 50.00%
  S5 3000ms fold3/5: best_val= 68.75% (ep9) test= 50.00%
  S5 3000ms fold4/5: best_val= 62.50% (ep6) test= 50.00%
  S5 3000ms fold5/5: best_val= 62.50% (ep7) test= 56.25%
  S5 4000ms fold1/5: best_val= 56.25% (ep4) test= 56.25%
  S5 4000ms fold2/5: best_val= 56.25% (ep5) test= 68.75%
  S5 4000ms fold3/5: best_val= 75.00% (ep17) test= 56.25%
  S5 4000ms fold4/5: best_val= 81.25% (ep18) test= 62.50%
  S5 4000ms fold5/5: best_val= 68.75% (ep8) test= 43.75%
S 5: 800ms= 45.00%  1500ms= 56.25%  3000ms= 53.75%  4000ms= 57.50%   (42s)
  S6 800ms fold1/5: best_val= 68.75% (ep16) test= 68.75%
  S6 800ms fold2/5: best_val= 50.00% (ep1) test= 50.00%
  S6 800ms fold3/5: best_val= 75.00% (ep13) test= 50.00%
  S6 800ms fold4/5: best_val= 81.25% (ep2) test= 37.50%
  S6 800ms fold5/5: best_val= 75.00% (ep15) test= 81.25%
  S6 1500ms fold1/5: best_val= 56.25% (ep11) test= 56.25%
  S6 1500ms fold2/5: best_val= 56.25% (ep6) test= 56.25%
  S6 1500ms fold3/5: best_val= 68.75% (ep22) test= 62.50%
  S6 1500ms fold4/5: best_val= 75.00% (ep9) test= 37.50%
  S6 1500ms fold5/5: best_val= 75.00% (ep16) test= 56.25%
  S6 3000ms fold1/5: best_val= 68.75% (ep16) test= 62.50%
  S6 3000ms fold2/5: best_val= 56.25% (ep10) test= 62.50%
  S6 3000ms fold3/5: best_val= 68.75% (ep23) test= 62.50%
  S6 3000ms fold4/5: best_val= 56.25% (ep1) test= 43.75%
  S6 3000ms fold5/5: best_val= 68.75% (ep4) test= 56.25%
  S6 4000ms fold1/5: best_val= 81.25% (ep5) test= 68.75%
  S6 4000ms fold2/5: best_val= 56.25% (ep7) test= 62.50%
  S6 4000ms fold3/5: best_val= 62.50% (ep8) test= 43.75%
  S6 4000ms fold4/5: best_val= 62.50% (ep6) test= 43.75%
  S6 4000ms fold5/5: best_val= 50.00% (ep1) test= 50.00%
S 6: 800ms= 57.50%  1500ms= 53.75%  3000ms= 57.50%  4000ms= 53.75%   (42s)
  S7 800ms fold1/5: best_val= 62.50% (ep6) test= 75.00%
  S7 800ms fold2/5: best_val= 68.75% (ep21) test= 56.25%
  S7 800ms fold3/5: best_val= 68.75% (ep13) test= 56.25%
  S7 800ms fold4/5: best_val= 81.25% (ep7) test= 56.25%
  S7 800ms fold5/5: best_val= 75.00% (ep6) test= 56.25%
  S7 1500ms fold1/5: best_val= 62.50% (ep5) test= 56.25%
  S7 1500ms fold2/5: best_val= 75.00% (ep12) test= 62.50%
  S7 1500ms fold3/5: best_val= 56.25% (ep1) test= 50.00%
  S7 1500ms fold4/5: best_val= 68.75% (ep8) test= 62.50%
  S7 1500ms fold5/5: best_val= 68.75% (ep5) test= 56.25%
  S7 3000ms fold1/5: best_val= 56.25% (ep1) test= 56.25%
  S7 3000ms fold2/5: best_val= 56.25% (ep10) test= 62.50%
  S7 3000ms fold3/5: best_val= 62.50% (ep10) test= 56.25%
  S7 3000ms fold4/5: best_val= 62.50% (ep17) test= 37.50%
  S7 3000ms fold5/5: best_val= 62.50% (ep20) test= 62.50%
  S7 4000ms fold1/5: best_val= 68.75% (ep8) test= 62.50%
  S7 4000ms fold2/5: best_val= 50.00% (ep1) test= 50.00%
  S7 4000ms fold3/5: best_val= 50.00% (ep1) test= 50.00%
  S7 4000ms fold4/5: best_val= 56.25% (ep6) test= 43.75%
  S7 4000ms fold5/5: best_val= 68.75% (ep10) test= 31.25%
S 7: 800ms= 60.00%  1500ms= 57.50%  3000ms= 55.00%  4000ms= 47.50%   (42s)
  S8 800ms fold1/5: best_val= 56.25% (ep5) test= 50.00%
  S8 800ms fold2/5: best_val= 56.25% (ep5) test= 43.75%
  S8 800ms fold3/5: best_val= 62.50% (ep7) test= 50.00%
  S8 800ms fold4/5: best_val= 87.50% (ep10) test= 37.50%
  S8 800ms fold5/5: best_val= 68.75% (ep7) test= 43.75%
  S8 1500ms fold1/5: best_val= 68.75% (ep5) test= 56.25%
  S8 1500ms fold2/5: best_val= 56.25% (ep6) test= 62.50%
  S8 1500ms fold3/5: best_val= 68.75% (ep12) test= 50.00%
  S8 1500ms fold4/5: best_val= 81.25% (ep34) test= 43.75%
  S8 1500ms fold5/5: best_val= 68.75% (ep7) test= 56.25%
  S8 3000ms fold1/5: best_val= 56.25% (ep6) test= 68.75%
  S8 3000ms fold2/5: best_val= 56.25% (ep13) test= 56.25%
  S8 3000ms fold3/5: best_val= 50.00% (ep1) test= 50.00%
  S8 3000ms fold4/5: best_val= 56.25% (ep9) test= 56.25%
  S8 3000ms fold5/5: best_val= 50.00% (ep1) test= 50.00%
  S8 4000ms fold1/5: best_val= 75.00% (ep6) test= 68.75%
  S8 4000ms fold2/5: best_val= 62.50% (ep8) test= 62.50%
  S8 4000ms fold3/5: best_val= 56.25% (ep8) test= 62.50%
  S8 4000ms fold4/5: best_val= 75.00% (ep25) test= 43.75%
  S8 4000ms fold5/5: best_val= 62.50% (ep9) test= 68.75%
S 8: 800ms= 45.00%  1500ms= 53.75%  3000ms= 56.25%  4000ms= 61.25%   (41s)
  S9 800ms fold1/5: best_val= 56.25% (ep5) test= 50.00%
  S9 800ms fold2/5: best_val= 56.25% (ep2) test= 50.00%
  S9 800ms fold3/5: best_val= 56.25% (ep7) test= 43.75%
  S9 800ms fold4/5: best_val= 62.50% (ep13) test= 50.00%
  S9 800ms fold5/5: best_val= 68.75% (ep7) test= 37.50%
  S9 1500ms fold1/5: best_val= 56.25% (ep6) test= 50.00%
  S9 1500ms fold2/5: best_val= 62.50% (ep6) test= 50.00%
  S9 1500ms fold3/5: best_val= 68.75% (ep6) test= 56.25%
  S9 1500ms fold4/5: best_val= 68.75% (ep12) test= 50.00%
  S9 1500ms fold5/5: best_val= 81.25% (ep21) test= 31.25%
  S9 3000ms fold1/5: best_val= 56.25% (ep9) test= 68.75%
  S9 3000ms fold2/5: best_val= 68.75% (ep19) test= 87.50%
  S9 3000ms fold3/5: best_val= 87.50% (ep16) test= 43.75%
  S9 3000ms fold4/5: best_val= 75.00% (ep26) test= 62.50%
  S9 3000ms fold5/5: best_val= 87.50% (ep8) test= 62.50%
  S9 4000ms fold1/5: best_val= 81.25% (ep5) test= 31.25%
  S9 4000ms fold2/5: best_val= 68.75% (ep9) test= 87.50%
  S9 4000ms fold3/5: best_val= 81.25% (ep8) test= 75.00%
  S9 4000ms fold4/5: best_val= 75.00% (ep12) test= 75.00%
  S9 4000ms fold5/5: best_val= 93.75% (ep12) test= 56.25%
S 9: 800ms= 46.25%  1500ms= 47.50%  3000ms= 65.00%  4000ms= 65.00%   (42s)
  S10 800ms fold1/5: best_val= 68.75% (ep2) test= 62.50%
  S10 800ms fold2/5: best_val= 56.25% (ep13) test= 56.25%
  S10 800ms fold3/5: best_val= 75.00% (ep9) test= 75.00%
  S10 800ms fold4/5: best_val= 75.00% (ep10) test= 68.75%
  S10 800ms fold5/5: best_val= 75.00% (ep11) test= 50.00%
  S10 1500ms fold1/5: best_val= 68.75% (ep5) test= 62.50%
  S10 1500ms fold2/5: best_val= 81.25% (ep11) test= 43.75%
  S10 1500ms fold3/5: best_val= 68.75% (ep8) test= 75.00%
  S10 1500ms fold4/5: best_val= 68.75% (ep8) test= 75.00%
  S10 1500ms fold5/5: best_val= 87.50% (ep24) test= 43.75%
  S10 3000ms fold1/5: best_val= 81.25% (ep10) test= 81.25%
  S10 3000ms fold2/5: best_val= 81.25% (ep15) test= 50.00%
  S10 3000ms fold3/5: best_val= 81.25% (ep6) test= 81.25%
  S10 3000ms fold4/5: best_val= 87.50% (ep17) test= 62.50%
  S10 3000ms fold5/5: best_val= 87.50% (ep8) test= 62.50%
  S10 4000ms fold1/5: best_val= 75.00% (ep11) test= 75.00%
  S10 4000ms fold2/5: best_val= 81.25% (ep7) test= 56.25%
  S10 4000ms fold3/5: best_val= 62.50% (ep22) test= 81.25%
  S10 4000ms fold4/5: best_val= 87.50% (ep8) test= 81.25%
  S10 4000ms fold5/5: best_val= 87.50% (ep18) test= 75.00%
S10: 800ms= 62.50%  1500ms= 60.00%  3000ms= 67.50%  4000ms= 73.75%   (42s)
  S11 800ms fold1/5: best_val= 50.00% (ep1) test= 50.00%
  S11 800ms fold2/5: best_val= 56.25% (ep1) test= 43.75%
  S11 800ms fold3/5: best_val= 62.50% (ep10) test= 75.00%
  S11 800ms fold4/5: best_val= 50.00% (ep1) test= 50.00%
  S11 800ms fold5/5: best_val= 62.50% (ep7) test= 50.00%
  S11 1500ms fold1/5: best_val= 62.50% (ep11) test= 50.00%
  S11 1500ms fold2/5: best_val= 62.50% (ep9) test= 62.50%
  S11 1500ms fold3/5: best_val= 62.50% (ep6) test= 43.75%
  S11 1500ms fold4/5: best_val= 50.00% (ep1) test= 50.00%
  S11 1500ms fold5/5: best_val= 68.75% (ep7) test= 50.00%
  S11 3000ms fold1/5: best_val= 68.75% (ep11) test= 50.00%
  S11 3000ms fold2/5: best_val= 62.50% (ep8) test= 68.75%
  S11 3000ms fold3/5: best_val= 75.00% (ep7) test= 62.50%
  S11 3000ms fold4/5: best_val= 62.50% (ep32) test= 50.00%
  S11 3000ms fold5/5: best_val= 62.50% (ep10) test= 43.75%
  S11 4000ms fold1/5: best_val= 62.50% (ep6) test= 56.25%
  S11 4000ms fold2/5: best_val= 62.50% (ep11) test= 37.50%
  S11 4000ms fold3/5: best_val= 75.00% (ep10) test= 68.75%
  S11 4000ms fold4/5: best_val= 62.50% (ep5) test= 62.50%
  S11 4000ms fold5/5: best_val= 68.75% (ep15) test= 43.75%
S11: 800ms= 53.75%  1500ms= 51.25%  3000ms= 55.00%  4000ms= 53.75%   (42s)
  S12 800ms fold1/5: best_val= 50.00% (ep1) test= 43.75%
  S12 800ms fold2/5: best_val= 68.75% (ep28) test= 56.25%
  S12 800ms fold3/5: best_val= 87.50% (ep4) test= 31.25%
  S12 800ms fold4/5: best_val= 68.75% (ep8) test= 56.25%
  S12 800ms fold5/5: best_val= 56.25% (ep7) test= 68.75%
  S12 1500ms fold1/5: best_val= 56.25% (ep10) test= 50.00%
  S12 1500ms fold2/5: best_val= 68.75% (ep13) test= 68.75%
  S12 1500ms fold3/5: best_val= 75.00% (ep26) test= 37.50%
  S12 1500ms fold4/5: best_val= 56.25% (ep5) test= 50.00%
  S12 1500ms fold5/5: best_val= 81.25% (ep15) test= 68.75%
  S12 3000ms fold1/5: best_val= 81.25% (ep14) test= 62.50%
  S12 3000ms fold2/5: best_val= 68.75% (ep4) test= 62.50%
  S12 3000ms fold3/5: best_val= 68.75% (ep8) test= 56.25%
  S12 3000ms fold4/5: best_val= 62.50% (ep9) test= 56.25%
  S12 3000ms fold5/5: best_val= 68.75% (ep7) test= 81.25%
  S12 4000ms fold1/5: best_val= 81.25% (ep16) test= 62.50%
  S12 4000ms fold2/5: best_val= 62.50% (ep6) test= 56.25%
  S12 4000ms fold3/5: best_val= 62.50% (ep11) test= 50.00%
  S12 4000ms fold4/5: best_val= 75.00% (ep18) test= 75.00%
  S12 4000ms fold5/5: best_val= 56.25% (ep9) test= 56.25%
S12: 800ms= 51.25%  1500ms= 55.00%  3000ms= 63.75%  4000ms= 60.00%   (41s)
  S13 800ms fold1/5: best_val= 75.00% (ep13) test= 37.50%
  S13 800ms fold2/5: best_val= 75.00% (ep6) test= 68.75%
  S13 800ms fold3/5: best_val= 75.00% (ep12) test= 68.75%
  S13 800ms fold4/5: best_val= 62.50% (ep1) test= 43.75%
  S13 800ms fold5/5: best_val= 62.50% (ep9) test= 56.25%
  S13 1500ms fold1/5: best_val= 56.25% (ep10) test= 43.75%
  S13 1500ms fold2/5: best_val= 50.00% (ep1) test= 50.00%
  S13 1500ms fold3/5: best_val= 75.00% (ep7) test= 50.00%
  S13 1500ms fold4/5: best_val= 62.50% (ep10) test= 50.00%
  S13 1500ms fold5/5: best_val= 68.75% (ep8) test= 56.25%
  S13 3000ms fold1/5: best_val= 68.75% (ep11) test= 68.75%
  S13 3000ms fold2/5: best_val= 68.75% (ep7) test= 43.75%
  S13 3000ms fold3/5: best_val= 87.50% (ep13) test= 68.75%
  S13 3000ms fold4/5: best_val= 56.25% (ep10) test= 68.75%
  S13 3000ms fold5/5: best_val= 62.50% (ep6) test= 37.50%
  S13 4000ms fold1/5: best_val= 62.50% (ep10) test= 62.50%
  S13 4000ms fold2/5: best_val= 56.25% (ep8) test= 50.00%
  S13 4000ms fold3/5: best_val= 81.25% (ep7) test= 62.50%
  S13 4000ms fold4/5: best_val= 56.25% (ep1) test= 37.50%
  S13 4000ms fold5/5: best_val= 81.25% (ep21) test= 31.25%
S13: 800ms= 55.00%  1500ms= 50.00%  3000ms= 57.50%  4000ms= 48.75%   (46s)
  S14 800ms fold1/5: best_val= 56.25% (ep3) test= 50.00%
  S14 800ms fold2/5: best_val= 68.75% (ep9) test= 37.50%
  S14 800ms fold3/5: best_val= 50.00% (ep1) test= 50.00%
  S14 800ms fold4/5: best_val= 62.50% (ep14) test= 31.25%
  S14 800ms fold5/5: best_val= 68.75% (ep3) test= 50.00%
  S14 1500ms fold1/5: best_val= 68.75% (ep6) test= 62.50%
  S14 1500ms fold2/5: best_val= 56.25% (ep2) test= 50.00%
  S14 1500ms fold3/5: best_val= 62.50% (ep21) test= 37.50%
  S14 1500ms fold4/5: best_val= 68.75% (ep1) test= 56.25%
  S14 1500ms fold5/5: best_val= 62.50% (ep5) test= 50.00%
  S14 3000ms fold1/5: best_val= 68.75% (ep6) test= 37.50%
  S14 3000ms fold2/5: best_val= 62.50% (ep14) test= 56.25%
  S14 3000ms fold3/5: best_val= 62.50% (ep5) test= 43.75%
  S14 3000ms fold4/5: best_val= 56.25% (ep1) test= 50.00%
  S14 3000ms fold5/5: best_val= 50.00% (ep1) test= 50.00%
  S14 4000ms fold1/5: best_val= 56.25% (ep5) test= 43.75%
  S14 4000ms fold2/5: best_val= 56.25% (ep11) test= 50.00%
  S14 4000ms fold3/5: best_val= 68.75% (ep11) test= 37.50%
  S14 4000ms fold4/5: best_val= 62.50% (ep19) test= 43.75%
  S14 4000ms fold5/5: best_val= 62.50% (ep12) test= 43.75%
S14: 800ms= 43.75%  1500ms= 51.25%  3000ms= 47.50%  4000ms= 43.75%   (46s)
  S15 800ms fold1/5: best_val= 56.25% (ep10) test= 75.00%
  S15 800ms fold2/5: best_val= 81.25% (ep13) test= 56.25%
  S15 800ms fold3/5: best_val= 62.50% (ep21) test= 50.00%
  S15 800ms fold4/5: best_val= 87.50% (ep18) test= 68.75%
  S15 800ms fold5/5: best_val= 68.75% (ep7) test= 62.50%
  S15 1500ms fold1/5: best_val= 56.25% (ep4) test= 43.75%
  S15 1500ms fold2/5: best_val= 62.50% (ep7) test= 43.75%
  S15 1500ms fold3/5: best_val= 56.25% (ep5) test= 43.75%
  S15 1500ms fold4/5: best_val= 62.50% (ep5) test= 43.75%
  S15 1500ms fold5/5: best_val= 62.50% (ep25) test= 62.50%
  S15 3000ms fold1/5: best_val= 56.25% (ep18) test= 68.75%
  S15 3000ms fold2/5: best_val= 75.00% (ep4) test= 43.75%
  S15 3000ms fold3/5: best_val= 68.75% (ep3) test= 37.50%
  S15 3000ms fold4/5: best_val= 75.00% (ep1) test= 18.75%
  S15 3000ms fold5/5: best_val= 68.75% (ep5) test= 50.00%
  S15 4000ms fold1/5: best_val= 62.50% (ep11) test= 62.50%
  S15 4000ms fold2/5: best_val= 75.00% (ep2) test= 62.50%
  S15 4000ms fold3/5: best_val= 62.50% (ep18) test= 56.25%
  S15 4000ms fold4/5: best_val= 75.00% (ep18) test= 43.75%
  S15 4000ms fold5/5: best_val= 56.25% (ep4) test= 50.00%
S15: 800ms= 62.50%  1500ms= 47.50%  3000ms= 43.75%  4000ms= 55.00%   (45s)
  S16 800ms fold1/5: best_val= 68.75% (ep5) test= 50.00%
  S16 800ms fold2/5: best_val= 56.25% (ep2) test= 50.00%
  S16 800ms fold3/5: best_val= 62.50% (ep4) test= 50.00%
  S16 800ms fold4/5: best_val= 50.00% (ep6) test= 50.00%
  S16 800ms fold5/5: best_val= 62.50% (ep5) test= 56.25%
  S16 1500ms fold1/5: best_val= 56.25% (ep18) test= 68.75%
  S16 1500ms fold2/5: best_val= 62.50% (ep19) test= 37.50%
  S16 1500ms fold3/5: best_val= 81.25% (ep16) test= 50.00%
  S16 1500ms fold4/5: best_val= 75.00% (ep7) test= 62.50%
  S16 1500ms fold5/5: best_val= 56.25% (ep11) test= 37.50%
  S16 3000ms fold1/5: best_val= 50.00% (ep1) test= 50.00%
  S16 3000ms fold2/5: best_val= 56.25% (ep9) test= 31.25%
  S16 3000ms fold3/5: best_val= 68.75% (ep17) test= 56.25%
  S16 3000ms fold4/5: best_val= 68.75% (ep22) test= 50.00%
  S16 3000ms fold5/5: best_val= 68.75% (ep7) test= 43.75%
  S16 4000ms fold1/5: best_val= 81.25% (ep12) test= 50.00%
  S16 4000ms fold2/5: best_val= 68.75% (ep17) test= 56.25%
  S16 4000ms fold3/5: best_val= 68.75% (ep10) test= 56.25%
  S16 4000ms fold4/5: best_val= 62.50% (ep14) test= 56.25%
  S16 4000ms fold5/5: best_val= 81.25% (ep9) test= 56.25%
S16: 800ms= 51.25%  1500ms= 51.25%  3000ms= 46.25%  4000ms= 55.00%   (46s)
  S17 800ms fold1/5: best_val= 50.00% (ep1) test= 50.00%
  S17 800ms fold2/5: best_val= 50.00% (ep1) test= 50.00%
  S17 800ms fold3/5: best_val= 62.50% (ep13) test= 75.00%
  S17 800ms fold4/5: best_val= 68.75% (ep4) test= 56.25%
  S17 800ms fold5/5: best_val= 68.75% (ep10) test= 62.50%
  S17 1500ms fold1/5: best_val= 62.50% (ep6) test= 68.75%
  S17 1500ms fold2/5: best_val= 56.25% (ep3) test= 43.75%
  S17 1500ms fold3/5: best_val= 56.25% (ep5) test= 43.75%
  S17 1500ms fold4/5: best_val= 62.50% (ep5) test= 31.25%
  S17 1500ms fold5/5: best_val= 62.50% (ep7) test= 62.50%
  S17 3000ms fold1/5: best_val= 56.25% (ep17) test= 37.50%
  S17 3000ms fold2/5: best_val= 43.75% (ep1) test= 50.00%
  S17 3000ms fold3/5: best_val= 62.50% (ep16) test= 68.75%
  S17 3000ms fold4/5: best_val= 62.50% (ep6) test= 50.00%
  S17 3000ms fold5/5: best_val= 62.50% (ep10) test= 62.50%
  S17 4000ms fold1/5: best_val= 62.50% (ep12) test= 31.25%
  S17 4000ms fold2/5: best_val= 50.00% (ep1) test= 50.00%
  S17 4000ms fold3/5: best_val= 68.75% (ep17) test= 56.25%
  S17 4000ms fold4/5: best_val= 62.50% (ep3) test= 31.25%
  S17 4000ms fold5/5: best_val= 50.00% (ep1) test= 50.00%
S17: 800ms= 58.75%  1500ms= 50.00%  3000ms= 53.75%  4000ms= 43.75%   (45s)
  S18 800ms fold1/5: best_val= 81.25% (ep13) test= 56.25%
  S18 800ms fold2/5: best_val= 62.50% (ep9) test= 62.50%
  S18 800ms fold3/5: best_val= 75.00% (ep16) test= 75.00%
  S18 800ms fold4/5: best_val= 62.50% (ep10) test= 50.00%
  S18 800ms fold5/5: best_val= 87.50% (ep13) test= 50.00%
  S18 1500ms fold1/5: best_val= 62.50% (ep5) test= 37.50%
  S18 1500ms fold2/5: best_val= 50.00% (ep1) test= 50.00%
  S18 1500ms fold3/5: best_val= 87.50% (ep8) test= 43.75%
  S18 1500ms fold4/5: best_val= 56.25% (ep7) test= 75.00%
  S18 1500ms fold5/5: best_val= 56.25% (ep6) test= 62.50%
  S18 3000ms fold1/5: best_val= 68.75% (ep7) test= 56.25%
  S18 3000ms fold2/5: best_val= 75.00% (ep13) test= 68.75%
  S18 3000ms fold3/5: best_val= 87.50% (ep12) test= 50.00%
  S18 3000ms fold4/5: best_val= 56.25% (ep10) test= 56.25%
  S18 3000ms fold5/5: best_val= 56.25% (ep18) test= 62.50%
  S18 4000ms fold1/5: best_val= 75.00% (ep16) test= 37.50%
  S18 4000ms fold2/5: best_val= 75.00% (ep14) test= 56.25%
  S18 4000ms fold3/5: best_val= 87.50% (ep22) test= 62.50%
  S18 4000ms fold4/5: best_val= 75.00% (ep14) test= 68.75%
  S18 4000ms fold5/5: best_val= 81.25% (ep15) test= 62.50%
S18: 800ms= 58.75%  1500ms= 53.75%  3000ms= 58.75%  4000ms= 57.50%   (46s)

ALL SUBJECTS COMPLETED — EFE/SPS  (785s)

====================================================================
SAVED EFE/SPS -> /work/11862/rmaahin/ls6/FineMI-enhancements/ConformerEEG/experiments/option_b/results/full/EFE_SPS
gpu=NVIDIA A100-PCIE-40GB | torch=2.8.0+cu128 | seed=42 | model=conformer_b | mode=full
====================================================================
window_ms   800    1500   3000   4000
subject                              
1          62.22  43.33  43.33  55.56
2          53.75  53.75  51.25  55.00
3          73.75  71.25  65.00  58.75
4          73.75  55.00  58.75  65.00
5          45.00  56.25  53.75  57.50
6          57.50  53.75  57.50  53.75
7          60.00  57.50  55.00  47.50
8          45.00  53.75  56.25  61.25
9          46.25  47.50  65.00  65.00
10         62.50  60.00  67.50  73.75
11         53.75  51.25  55.00  53.75
12         51.25  55.00  63.75  60.00
13         55.00  50.00  57.50  48.75
14         43.75  51.25  47.50  43.75
15         62.50  47.50  43.75  55.00
16         51.25  51.25  46.25  55.00
17         58.75  50.00  53.75  43.75
18         58.75  53.75  58.75  57.50

mean: {800: 56.37, 1500: 53.45, 3000: 55.53, 4000: 56.14}
sd  : {800: 8.84, 1500: 5.94, 3000: 7.21, 4000: 7.56}

Pairs saved so far in /work/11862/rmaahin/ls6/FineMI-enhancements/ConformerEEG/experiments/option_b/results/full: 11/28

##### pair_idx=23 (EFE_SAA) #####

Using device: cuda | gpu=NVIDIA A100-PCIE-40GB | torch=2.8.0+cu128
NOTE: determinism holds per-GPU-model. Record this GPU name.

PAIR: EFE/SAA  (classes 4 vs 6)  model=conformer_b  mode=full
Test time windows: [800, 1500, 3000, 4000] ms
Test time windows (samples): [200, 375, 750, 1000]

BINARY CLASSIFICATION: Class 4 vs Class 6  (EFE/SAA)
  Class 0 (original 4): 725 trials
  Class 1 (original 6): 725 trials

Extracted time windows:
  800ms (200 samples): shape (1450, 62, 200)
  1500ms (375 samples): shape (1450, 62, 375)
  3000ms (750 samples): shape (1450, 62, 750)
  4000ms (1000 samples): shape (1450, 62, 1000)

Model configuration:
  Model: conformer_b
  Channels: 62
  Subjects: [1, 2, 3, 4, 5, 6, 7, 8, 9, 10, 11, 12, 13, 14, 15, 16, 17, 18]
  Time windows: [800, 1500, 3000, 4000] ms
  Classes: 2 (Binary: Class 4 vs Class 6)
  Folds: 5
  Batch size: 32
  Epochs per subject per time window: 50
  S1 800ms fold1/5: best_val= 50.00% (ep4) test= 50.00%
  S1 800ms fold2/5: best_val= 83.33% (ep26) test= 44.44%
  S1 800ms fold3/5: best_val= 77.78% (ep29) test= 55.56%
  S1 800ms fold4/5: best_val= 50.00% (ep1) test= 50.00%
  S1 800ms fold5/5: best_val= 66.67% (ep13) test= 50.00%
  S1 1500ms fold1/5: best_val= 55.56% (ep4) test= 38.89%
  S1 1500ms fold2/5: best_val= 61.11% (ep42) test= 44.44%
  S1 1500ms fold3/5: best_val= 61.11% (ep2) test= 33.33%
  S1 1500ms fold4/5: best_val= 61.11% (ep12) test= 38.89%
  S1 1500ms fold5/5: best_val= 77.78% (ep19) test= 33.33%
  S1 3000ms fold1/5: best_val= 72.22% (ep20) test= 27.78%
  S1 3000ms fold2/5: best_val= 61.11% (ep2) test= 44.44%
  S1 3000ms fold3/5: best_val= 55.56% (ep10) test= 50.00%
  S1 3000ms fold4/5: best_val= 61.11% (ep4) test= 55.56%
  S1 3000ms fold5/5: best_val= 66.67% (ep10) test= 33.33%
  S1 4000ms fold1/5: best_val= 61.11% (ep14) test= 38.89%
  S1 4000ms fold2/5: best_val= 61.11% (ep2) test= 44.44%
  S1 4000ms fold3/5: best_val= 77.78% (ep48) test= 38.89%
  S1 4000ms fold4/5: best_val= 72.22% (ep7) test= 33.33%
  S1 4000ms fold5/5: best_val= 61.11% (ep17) test= 44.44%
S 1: 800ms= 50.00%  1500ms= 37.78%  3000ms= 42.22%  4000ms= 40.00%   (59s)
  S2 800ms fold1/5: best_val= 56.25% (ep1) test= 43.75%
  S2 800ms fold2/5: best_val= 68.75% (ep13) test= 43.75%
  S2 800ms fold3/5: best_val= 62.50% (ep1) test= 43.75%
  S2 800ms fold4/5: best_val= 68.75% (ep9) test= 37.50%
  S2 800ms fold5/5: best_val= 43.75% (ep12) test= 56.25%
  S2 1500ms fold1/5: best_val= 56.25% (ep2) test= 50.00%
  S2 1500ms fold2/5: best_val= 68.75% (ep13) test= 50.00%
  S2 1500ms fold3/5: best_val= 50.00% (ep1) test= 50.00%
  S2 1500ms fold4/5: best_val= 68.75% (ep5) test= 43.75%
  S2 1500ms fold5/5: best_val= 62.50% (ep3) test= 43.75%
  S2 3000ms fold1/5: best_val= 50.00% (ep1) test= 50.00%
  S2 3000ms fold2/5: best_val= 62.50% (ep13) test= 56.25%
  S2 3000ms fold3/5: best_val= 62.50% (ep11) test= 56.25%
  S2 3000ms fold4/5: best_val= 75.00% (ep50) test= 62.50%
  S2 3000ms fold5/5: best_val= 56.25% (ep18) test= 62.50%
  S2 4000ms fold1/5: best_val= 62.50% (ep3) test= 37.50%
  S2 4000ms fold2/5: best_val= 81.25% (ep20) test= 56.25%
  S2 4000ms fold3/5: best_val= 68.75% (ep26) test= 50.00%
  S2 4000ms fold4/5: best_val= 75.00% (ep5) test= 50.00%
  S2 4000ms fold5/5: best_val= 75.00% (ep11) test= 62.50%
S 2: 800ms= 45.00%  1500ms= 47.50%  3000ms= 57.50%  4000ms= 51.25%   (46s)
  S3 800ms fold1/5: best_val= 81.25% (ep16) test= 68.75%
  S3 800ms fold2/5: best_val= 68.75% (ep2) test= 68.75%
  S3 800ms fold3/5: best_val= 87.50% (ep4) test= 68.75%
  S3 800ms fold4/5: best_val= 81.25% (ep4) test= 62.50%
  S3 800ms fold5/5: best_val= 87.50% (ep11) test= 81.25%
  S3 1500ms fold1/5: best_val= 87.50% (ep18) test= 75.00%
  S3 1500ms fold2/5: best_val= 68.75% (ep8) test= 81.25%
  S3 1500ms fold3/5: best_val= 93.75% (ep3) test= 68.75%
  S3 1500ms fold4/5: best_val= 87.50% (ep8) test= 81.25%
  S3 1500ms fold5/5: best_val= 87.50% (ep8) test= 68.75%
  S3 3000ms fold1/5: best_val= 93.75% (ep2) test= 68.75%
  S3 3000ms fold2/5: best_val= 81.25% (ep6) test= 62.50%
  S3 3000ms fold3/5: best_val= 87.50% (ep22) test= 68.75%
  S3 3000ms fold4/5: best_val= 75.00% (ep20) test= 81.25%
  S3 3000ms fold5/5: best_val= 87.50% (ep2) test= 75.00%
  S3 4000ms fold1/5: best_val= 87.50% (ep12) test= 68.75%
  S3 4000ms fold2/5: best_val= 81.25% (ep12) test= 62.50%
  S3 4000ms fold3/5: best_val= 93.75% (ep8) test= 87.50%
  S3 4000ms fold4/5: best_val= 75.00% (ep6) test= 93.75%
  S3 4000ms fold5/5: best_val= 93.75% (ep9) test= 62.50%
S 3: 800ms= 70.00%  1500ms= 75.00%  3000ms= 71.25%  4000ms= 75.00%   (48s)
  S4 800ms fold1/5: best_val= 75.00% (ep6) test= 62.50%
  S4 800ms fold2/5: best_val= 56.25% (ep6) test= 50.00%
  S4 800ms fold3/5: best_val= 68.75% (ep13) test= 50.00%
  S4 800ms fold4/5: best_val= 75.00% (ep8) test= 62.50%
  S4 800ms fold5/5: best_val= 75.00% (ep22) test= 62.50%
  S4 1500ms fold1/5: best_val= 68.75% (ep20) test= 37.50%
  S4 1500ms fold2/5: best_val= 56.25% (ep1) test= 50.00%
  S4 1500ms fold3/5: best_val= 62.50% (ep6) test= 50.00%
  S4 1500ms fold4/5: best_val= 68.75% (ep10) test= 62.50%
  S4 1500ms fold5/5: best_val= 62.50% (ep16) test= 50.00%
  S4 3000ms fold1/5: best_val= 56.25% (ep16) test= 43.75%
  S4 3000ms fold2/5: best_val= 62.50% (ep9) test= 56.25%
  S4 3000ms fold3/5: best_val= 68.75% (ep12) test= 68.75%
  S4 3000ms fold4/5: best_val= 81.25% (ep8) test= 62.50%
  S4 3000ms fold5/5: best_val= 56.25% (ep12) test= 87.50%
  S4 4000ms fold1/5: best_val= 56.25% (ep10) test= 56.25%
  S4 4000ms fold2/5: best_val= 62.50% (ep15) test= 56.25%
  S4 4000ms fold3/5: best_val= 62.50% (ep10) test= 56.25%
  S4 4000ms fold4/5: best_val= 68.75% (ep9) test= 62.50%
  S4 4000ms fold5/5: best_val= 56.25% (ep8) test= 62.50%
S 4: 800ms= 57.50%  1500ms= 50.00%  3000ms= 63.75%  4000ms= 58.75%   (45s)
  S5 800ms fold1/5: best_val= 62.50% (ep5) test= 62.50%
  S5 800ms fold2/5: best_val= 68.75% (ep18) test= 37.50%
  S5 800ms fold3/5: best_val= 56.25% (ep3) test= 50.00%
  S5 800ms fold4/5: best_val= 62.50% (ep16) test= 43.75%
  S5 800ms fold5/5: best_val= 68.75% (ep6) test= 50.00%
  S5 1500ms fold1/5: best_val= 68.75% (ep1) test= 37.50%
  S5 1500ms fold2/5: best_val= 56.25% (ep2) test= 50.00%
  S5 1500ms fold3/5: best_val= 50.00% (ep1) test= 50.00%
  S5 1500ms fold4/5: best_val= 56.25% (ep5) test= 31.25%
  S5 1500ms fold5/5: best_val= 62.50% (ep2) test= 43.75%
  S5 3000ms fold1/5: best_val= 50.00% (ep1) test= 56.25%
  S5 3000ms fold2/5: best_val= 56.25% (ep3) test= 37.50%
  S5 3000ms fold3/5: best_val= 56.25% (ep3) test= 50.00%
  S5 3000ms fold4/5: best_val= 56.25% (ep7) test= 50.00%
  S5 3000ms fold5/5: best_val= 62.50% (ep2) test= 43.75%
  S5 4000ms fold1/5: best_val= 56.25% (ep1) test= 56.25%
  S5 4000ms fold2/5: best_val= 50.00% (ep1) test= 50.00%
  S5 4000ms fold3/5: best_val= 50.00% (ep1) test= 50.00%
  S5 4000ms fold4/5: best_val= 56.25% (ep5) test= 62.50%
  S5 4000ms fold5/5: best_val= 56.25% (ep3) test= 62.50%
S 5: 800ms= 48.75%  1500ms= 42.50%  3000ms= 47.50%  4000ms= 56.25%   (45s)
  S6 800ms fold1/5: best_val= 75.00% (ep9) test= 37.50%
  S6 800ms fold2/5: best_val= 62.50% (ep1) test= 37.50%
  S6 800ms fold3/5: best_val= 62.50% (ep10) test= 18.75%
  S6 800ms fold4/5: best_val= 56.25% (ep6) test= 43.75%
  S6 800ms fold5/5: best_val= 50.00% (ep2) test= 50.00%
  S6 1500ms fold1/5: best_val= 56.25% (ep6) test= 56.25%
  S6 1500ms fold2/5: best_val= 50.00% (ep1) test= 50.00%
  S6 1500ms fold3/5: best_val= 75.00% (ep10) test= 43.75%
  S6 1500ms fold4/5: best_val= 62.50% (ep6) test= 43.75%
  S6 1500ms fold5/5: best_val= 56.25% (ep10) test= 37.50%
  S6 3000ms fold1/5: best_val= 68.75% (ep7) test= 43.75%
  S6 3000ms fold2/5: best_val= 62.50% (ep8) test= 62.50%
  S6 3000ms fold3/5: best_val= 75.00% (ep22) test= 43.75%
  S6 3000ms fold4/5: best_val= 62.50% (ep14) test= 43.75%
  S6 3000ms fold5/5: best_val= 56.25% (ep2) test= 56.25%
  S6 4000ms fold1/5: best_val= 68.75% (ep6) test= 50.00%
  S6 4000ms fold2/5: best_val= 68.75% (ep19) test= 50.00%
  S6 4000ms fold3/5: best_val= 56.25% (ep5) test= 75.00%
  S6 4000ms fold4/5: best_val= 62.50% (ep6) test= 18.75%
  S6 4000ms fold5/5: best_val= 50.00% (ep1) test= 50.00%
S 6: 800ms= 37.50%  1500ms= 46.25%  3000ms= 50.00%  4000ms= 48.75%   (45s)
  S7 800ms fold1/5: best_val= 75.00% (ep6) test= 62.50%
  S7 800ms fold2/5: best_val= 62.50% (ep6) test= 62.50%
  S7 800ms fold3/5: best_val= 62.50% (ep7) test= 43.75%
  S7 800ms fold4/5: best_val= 68.75% (ep6) test= 62.50%
  S7 800ms fold5/5: best_val= 56.25% (ep3) test= 68.75%
  S7 1500ms fold1/5: best_val= 81.25% (ep15) test= 50.00%
  S7 1500ms fold2/5: best_val= 62.50% (ep8) test= 56.25%
  S7 1500ms fold3/5: best_val= 75.00% (ep11) test= 50.00%
  S7 1500ms fold4/5: best_val= 68.75% (ep10) test= 68.75%
  S7 1500ms fold5/5: best_val= 81.25% (ep18) test= 81.25%
  S7 3000ms fold1/5: best_val= 75.00% (ep9) test= 56.25%
  S7 3000ms fold2/5: best_val= 50.00% (ep1) test= 50.00%
  S7 3000ms fold3/5: best_val= 56.25% (ep1) test= 50.00%
  S7 3000ms fold4/5: best_val= 62.50% (ep3) test= 68.75%
  S7 3000ms fold5/5: best_val= 56.25% (ep7) test= 37.50%
  S7 4000ms fold1/5: best_val= 68.75% (ep11) test= 56.25%
  S7 4000ms fold2/5: best_val= 56.25% (ep13) test= 68.75%
  S7 4000ms fold3/5: best_val= 56.25% (ep3) test= 50.00%
  S7 4000ms fold4/5: best_val= 56.25% (ep7) test= 68.75%
  S7 4000ms fold5/5: best_val= 75.00% (ep11) test= 50.00%
S 7: 800ms= 60.00%  1500ms= 61.25%  3000ms= 52.50%  4000ms= 58.75%   (45s)
  S8 800ms fold1/5: best_val= 62.50% (ep4) test= 43.75%
  S8 800ms fold2/5: best_val= 50.00% (ep1) test= 50.00%
  S8 800ms fold3/5: best_val= 56.25% (ep6) test= 31.25%
  S8 800ms fold4/5: best_val= 62.50% (ep3) test= 56.25%
  S8 800ms fold5/5: best_val= 56.25% (ep12) test= 68.75%
  S8 1500ms fold1/5: best_val= 56.25% (ep5) test= 62.50%
  S8 1500ms fold2/5: best_val= 68.75% (ep12) test= 56.25%
  S8 1500ms fold3/5: best_val= 62.50% (ep11) test= 43.75%
  S8 1500ms fold4/5: best_val= 62.50% (ep18) test= 56.25%
  S8 1500ms fold5/5: best_val= 68.75% (ep9) test= 50.00%
  S8 3000ms fold1/5: best_val= 68.75% (ep11) test= 62.50%
  S8 3000ms fold2/5: best_val= 68.75% (ep3) test= 50.00%
  S8 3000ms fold3/5: best_val= 68.75% (ep8) test= 43.75%
  S8 3000ms fold4/5: best_val= 68.75% (ep26) test= 68.75%
  S8 3000ms fold5/5: best_val= 68.75% (ep3) test= 43.75%
  S8 4000ms fold1/5: best_val= 62.50% (ep16) test= 62.50%
  S8 4000ms fold2/5: best_val= 62.50% (ep7) test= 56.25%
  S8 4000ms fold3/5: best_val= 56.25% (ep5) test= 37.50%
  S8 4000ms fold4/5: best_val= 62.50% (ep10) test= 50.00%
  S8 4000ms fold5/5: best_val= 56.25% (ep15) test= 37.50%
S 8: 800ms= 50.00%  1500ms= 53.75%  3000ms= 53.75%  4000ms= 48.75%   (45s)
  S9 800ms fold1/5: best_val= 62.50% (ep5) test= 56.25%
  S9 800ms fold2/5: best_val= 56.25% (ep6) test= 50.00%
  S9 800ms fold3/5: best_val= 81.25% (ep1) test= 56.25%
  S9 800ms fold4/5: best_val= 56.25% (ep7) test= 50.00%
  S9 800ms fold5/5: best_val= 68.75% (ep14) test= 68.75%
  S9 1500ms fold1/5: best_val= 68.75% (ep3) test= 62.50%
  S9 1500ms fold2/5: best_val= 68.75% (ep10) test= 62.50%
  S9 1500ms fold3/5: best_val= 68.75% (ep12) test= 75.00%
  S9 1500ms fold4/5: best_val= 50.00% (ep1) test= 50.00%
  S9 1500ms fold5/5: best_val= 87.50% (ep13) test= 43.75%
  S9 3000ms fold1/5: best_val= 68.75% (ep11) test= 62.50%
  S9 3000ms fold2/5: best_val= 81.25% (ep9) test= 62.50%
  S9 3000ms fold3/5: best_val= 75.00% (ep18) test= 62.50%
  S9 3000ms fold4/5: best_val= 56.25% (ep7) test= 68.75%
  S9 3000ms fold5/5: best_val= 87.50% (ep6) test= 62.50%
  S9 4000ms fold1/5: best_val= 81.25% (ep16) test= 50.00%
  S9 4000ms fold2/5: best_val= 68.75% (ep6) test= 75.00%
  S9 4000ms fold3/5: best_val= 75.00% (ep10) test= 56.25%
  S9 4000ms fold4/5: best_val= 68.75% (ep14) test= 81.25%
  S9 4000ms fold5/5: best_val= 68.75% (ep7) test= 50.00%
S 9: 800ms= 56.25%  1500ms= 58.75%  3000ms= 63.75%  4000ms= 62.50%   (45s)
  S10 800ms fold1/5: best_val= 50.00% (ep1) test= 50.00%
  S10 800ms fold2/5: best_val= 75.00% (ep13) test= 37.50%
  S10 800ms fold3/5: best_val= 68.75% (ep2) test= 50.00%
  S10 800ms fold4/5: best_val= 56.25% (ep2) test= 62.50%
  S10 800ms fold5/5: best_val= 62.50% (ep6) test= 56.25%
  S10 1500ms fold1/5: best_val= 62.50% (ep3) test= 56.25%
  S10 1500ms fold2/5: best_val= 81.25% (ep15) test= 56.25%
  S10 1500ms fold3/5: best_val= 68.75% (ep5) test= 50.00%
  S10 1500ms fold4/5: best_val= 50.00% (ep1) test= 50.00%
  S10 1500ms fold5/5: best_val= 62.50% (ep7) test= 56.25%
  S10 3000ms fold1/5: best_val= 50.00% (ep1) test= 56.25%
  S10 3000ms fold2/5: best_val= 68.75% (ep14) test= 37.50%
  S10 3000ms fold3/5: best_val= 62.50% (ep30) test= 68.75%
  S10 3000ms fold4/5: best_val= 56.25% (ep16) test= 62.50%
  S10 3000ms fold5/5: best_val= 56.25% (ep5) test= 50.00%
  S10 4000ms fold1/5: best_val= 56.25% (ep7) test= 50.00%
  S10 4000ms fold2/5: best_val= 62.50% (ep9) test= 50.00%
  S10 4000ms fold3/5: best_val= 62.50% (ep12) test= 56.25%
  S10 4000ms fold4/5: best_val= 62.50% (ep13) test= 50.00%
  S10 4000ms fold5/5: best_val= 56.25% (ep9) test= 50.00%
S10: 800ms= 51.25%  1500ms= 53.75%  3000ms= 55.00%  4000ms= 51.25%   (45s)
  S11 800ms fold1/5: best_val= 62.50% (ep4) test= 75.00%
  S11 800ms fold2/5: best_val= 50.00% (ep1) test= 50.00%
  S11 800ms fold3/5: best_val= 56.25% (ep3) test= 50.00%
  S11 800ms fold4/5: best_val= 68.75% (ep9) test= 43.75%
  S11 800ms fold5/5: best_val= 62.50% (ep5) test= 68.75%
  S11 1500ms fold1/5: best_val= 50.00% (ep1) test= 56.25%
  S11 1500ms fold2/5: best_val= 62.50% (ep9) test= 75.00%
  S11 1500ms fold3/5: best_val= 62.50% (ep5) test= 37.50%
  S11 1500ms fold4/5: best_val= 75.00% (ep12) test= 50.00%
  S11 1500ms fold5/5: best_val= 56.25% (ep6) test= 50.00%
  S11 3000ms fold1/5: best_val= 75.00% (ep17) test= 68.75%
  S11 3000ms fold2/5: best_val= 81.25% (ep8) test= 50.00%
  S11 3000ms fold3/5: best_val= 62.50% (ep3) test= 43.75%
  S11 3000ms fold4/5: best_val= 62.50% (ep8) test= 56.25%
  S11 3000ms fold5/5: best_val= 56.25% (ep8) test= 50.00%
  S11 4000ms fold1/5: best_val= 81.25% (ep16) test= 75.00%
  S11 4000ms fold2/5: best_val= 75.00% (ep16) test= 68.75%
  S11 4000ms fold3/5: best_val= 62.50% (ep5) test= 43.75%
  S11 4000ms fold4/5: best_val= 68.75% (ep5) test= 56.25%
  S11 4000ms fold5/5: best_val= 68.75% (ep6) test= 62.50%
S11: 800ms= 57.50%  1500ms= 53.75%  3000ms= 53.75%  4000ms= 61.25%   (45s)
  S12 800ms fold1/5: best_val= 68.75% (ep11) test= 43.75%
  S12 800ms fold2/5: best_val= 50.00% (ep1) test= 50.00%
  S12 800ms fold3/5: best_val= 56.25% (ep5) test= 37.50%
  S12 800ms fold4/5: best_val= 50.00% (ep1) test= 50.00%
  S12 800ms fold5/5: best_val= 56.25% (ep4) test= 50.00%
  S12 1500ms fold1/5: best_val= 68.75% (ep5) test= 50.00%
  S12 1500ms fold2/5: best_val= 68.75% (ep5) test= 81.25%
  S12 1500ms fold3/5: best_val= 62.50% (ep8) test= 43.75%
  S12 1500ms fold4/5: best_val= 68.75% (ep6) test= 56.25%
  S12 1500ms fold5/5: best_val= 75.00% (ep9) test= 68.75%
  S12 3000ms fold1/5: best_val= 62.50% (ep11) test= 56.25%
  S12 3000ms fold2/5: best_val= 68.75% (ep3) test= 62.50%
  S12 3000ms fold3/5: best_val= 68.75% (ep4) test= 56.25%
  S12 3000ms fold4/5: best_val= 75.00% (ep5) test= 56.25%
  S12 3000ms fold5/5: best_val= 75.00% (ep10) test= 56.25%
  S12 4000ms fold1/5: best_val= 68.75% (ep9) test= 62.50%
  S12 4000ms fold2/5: best_val= 75.00% (ep5) test= 56.25%
  S12 4000ms fold3/5: best_val= 62.50% (ep8) test= 43.75%
  S12 4000ms fold4/5: best_val= 68.75% (ep8) test= 56.25%
  S12 4000ms fold5/5: best_val= 81.25% (ep13) test= 62.50%
S12: 800ms= 46.25%  1500ms= 60.00%  3000ms= 57.50%  4000ms= 56.25%   (45s)
  S13 800ms fold1/5: best_val= 75.00% (ep3) test= 25.00%
  S13 800ms fold2/5: best_val= 62.50% (ep2) test= 56.25%
  S13 800ms fold3/5: best_val= 75.00% (ep8) test= 50.00%
  S13 800ms fold4/5: best_val= 62.50% (ep3) test= 43.75%
  S13 800ms fold5/5: best_val= 75.00% (ep3) test= 62.50%
  S13 1500ms fold1/5: best_val= 56.25% (ep6) test= 50.00%
  S13 1500ms fold2/5: best_val= 56.25% (ep21) test= 56.25%
  S13 1500ms fold3/5: best_val= 62.50% (ep1) test= 56.25%
  S13 1500ms fold4/5: best_val= 56.25% (ep7) test= 50.00%
  S13 1500ms fold5/5: best_val= 75.00% (ep7) test= 50.00%
  S13 3000ms fold1/5: best_val= 50.00% (ep1) test= 50.00%
  S13 3000ms fold2/5: best_val= 56.25% (ep10) test= 37.50%
  S13 3000ms fold3/5: best_val= 56.25% (ep15) test= 31.25%
  S13 3000ms fold4/5: best_val= 50.00% (ep1) test= 50.00%
  S13 3000ms fold5/5: best_val= 68.75% (ep14) test= 37.50%
  S13 4000ms fold1/5: best_val= 68.75% (ep8) test= 50.00%
  S13 4000ms fold2/5: best_val= 50.00% (ep1) test= 50.00%
  S13 4000ms fold3/5: best_val= 75.00% (ep11) test= 50.00%
  S13 4000ms fold4/5: best_val= 56.25% (ep7) test= 43.75%
  S13 4000ms fold5/5: best_val= 56.25% (ep6) test= 37.50%
S13: 800ms= 47.50%  1500ms= 52.50%  3000ms= 41.25%  4000ms= 46.25%   (45s)
  S14 800ms fold1/5: best_val= 56.25% (ep14) test= 62.50%
  S14 800ms fold2/5: best_val= 68.75% (ep4) test= 37.50%
  S14 800ms fold3/5: best_val= 56.25% (ep8) test= 37.50%
  S14 800ms fold4/5: best_val= 62.50% (ep2) test= 50.00%
  S14 800ms fold5/5: best_val= 56.25% (ep1) test= 43.75%
  S14 1500ms fold1/5: best_val= 68.75% (ep25) test= 43.75%
  S14 1500ms fold2/5: best_val= 75.00% (ep12) test= 37.50%
  S14 1500ms fold3/5: best_val= 56.25% (ep3) test= 43.75%
  S14 1500ms fold4/5: best_val= 62.50% (ep18) test= 43.75%
  S14 1500ms fold5/5: best_val= 75.00% (ep5) test= 43.75%
  S14 3000ms fold1/5: best_val= 56.25% (ep6) test= 56.25%
  S14 3000ms fold2/5: best_val= 56.25% (ep16) test= 56.25%
  S14 3000ms fold3/5: best_val= 62.50% (ep1) test= 62.50%
  S14 3000ms fold4/5: best_val= 62.50% (ep2) test= 62.50%
  S14 3000ms fold5/5: best_val= 62.50% (ep3) test= 62.50%
  S14 4000ms fold1/5: best_val= 62.50% (ep16) test= 50.00%
  S14 4000ms fold2/5: best_val= 50.00% (ep1) test= 50.00%
  S14 4000ms fold3/5: best_val= 68.75% (ep15) test= 43.75%
  S14 4000ms fold4/5: best_val= 62.50% (ep8) test= 56.25%
  S14 4000ms fold5/5: best_val= 56.25% (ep2) test= 50.00%
S14: 800ms= 46.25%  1500ms= 42.50%  3000ms= 60.00%  4000ms= 50.00%   (46s)
  S15 800ms fold1/5: best_val= 81.25% (ep7) test= 50.00%
  S15 800ms fold2/5: best_val= 62.50% (ep2) test= 68.75%
  S15 800ms fold3/5: best_val= 81.25% (ep12) test= 43.75%
  S15 800ms fold4/5: best_val= 56.25% (ep7) test= 56.25%
  S15 800ms fold5/5: best_val= 81.25% (ep5) test= 50.00%
  S15 1500ms fold1/5: best_val= 56.25% (ep3) test= 50.00%
  S15 1500ms fold2/5: best_val= 56.25% (ep4) test= 56.25%
  S15 1500ms fold3/5: best_val= 68.75% (ep12) test= 37.50%
  S15 1500ms fold4/5: best_val= 62.50% (ep10) test= 56.25%
  S15 1500ms fold5/5: best_val= 68.75% (ep5) test= 62.50%
  S15 3000ms fold1/5: best_val= 62.50% (ep3) test= 56.25%
  S15 3000ms fold2/5: best_val= 56.25% (ep3) test= 56.25%
  S15 3000ms fold3/5: best_val= 62.50% (ep2) test= 56.25%
  S15 3000ms fold4/5: best_val= 62.50% (ep1) test= 31.25%
  S15 3000ms fold5/5: best_val= 62.50% (ep2) test= 62.50%
  S15 4000ms fold1/5: best_val= 68.75% (ep11) test= 43.75%
  S15 4000ms fold2/5: best_val= 68.75% (ep12) test= 50.00%
  S15 4000ms fold3/5: best_val= 81.25% (ep13) test= 56.25%
  S15 4000ms fold4/5: best_val= 75.00% (ep2) test= 68.75%
  S15 4000ms fold5/5: best_val= 62.50% (ep3) test= 50.00%
S15: 800ms= 53.75%  1500ms= 52.50%  3000ms= 52.50%  4000ms= 53.75%   (46s)
  S16 800ms fold1/5: best_val= 68.75% (ep6) test= 62.50%
  S16 800ms fold2/5: best_val= 68.75% (ep5) test= 62.50%
  S16 800ms fold3/5: best_val= 62.50% (ep4) test= 81.25%
  S16 800ms fold4/5: best_val= 81.25% (ep3) test= 43.75%
  S16 800ms fold5/5: best_val= 68.75% (ep13) test= 62.50%
  S16 1500ms fold1/5: best_val= 50.00% (ep1) test= 56.25%
  S16 1500ms fold2/5: best_val= 81.25% (ep17) test= 50.00%
  S16 1500ms fold3/5: best_val= 56.25% (ep1) test= 43.75%
  S16 1500ms fold4/5: best_val= 68.75% (ep32) test= 56.25%
  S16 1500ms fold5/5: best_val= 62.50% (ep15) test= 62.50%
  S16 3000ms fold1/5: best_val= 68.75% (ep5) test= 50.00%
  S16 3000ms fold2/5: best_val= 56.25% (ep17) test= 56.25%
  S16 3000ms fold3/5: best_val= 56.25% (ep6) test= 62.50%
  S16 3000ms fold4/5: best_val= 50.00% (ep1) test= 50.00%
  S16 3000ms fold5/5: best_val= 62.50% (ep9) test= 50.00%
  S16 4000ms fold1/5: best_val= 62.50% (ep11) test= 43.75%
  S16 4000ms fold2/5: best_val= 56.25% (ep1) test= 56.25%
  S16 4000ms fold3/5: best_val= 68.75% (ep22) test= 62.50%
  S16 4000ms fold4/5: best_val= 62.50% (ep32) test= 50.00%
  S16 4000ms fold5/5: best_val= 75.00% (ep20) test= 56.25%
S16: 800ms= 62.50%  1500ms= 53.75%  3000ms= 53.75%  4000ms= 53.75%   (45s)
  S17 800ms fold1/5: best_val= 50.00% (ep1) test= 37.50%
  S17 800ms fold2/5: best_val= 75.00% (ep15) test= 43.75%
  S17 800ms fold3/5: best_val= 56.25% (ep7) test= 50.00%
  S17 800ms fold4/5: best_val= 68.75% (ep11) test= 50.00%
  S17 800ms fold5/5: best_val= 62.50% (ep4) test= 37.50%
  S17 1500ms fold1/5: best_val= 56.25% (ep3) test= 50.00%
  S17 1500ms fold2/5: best_val= 62.50% (ep7) test= 43.75%
  S17 1500ms fold3/5: best_val= 68.75% (ep7) test= 37.50%
  S17 1500ms fold4/5: best_val= 62.50% (ep5) test= 50.00%
  S17 1500ms fold5/5: best_val= 68.75% (ep9) test= 62.50%
  S17 3000ms fold1/5: best_val= 50.00% (ep1) test= 50.00%
  S17 3000ms fold2/5: best_val= 62.50% (ep17) test= 37.50%
  S17 3000ms fold3/5: best_val= 56.25% (ep13) test= 43.75%
  S17 3000ms fold4/5: best_val= 68.75% (ep5) test= 50.00%
  S17 3000ms fold5/5: best_val= 62.50% (ep6) test= 43.75%
  S17 4000ms fold1/5: best_val= 62.50% (ep6) test= 50.00%
  S17 4000ms fold2/5: best_val= 62.50% (ep11) test= 56.25%
  S17 4000ms fold3/5: best_val= 56.25% (ep5) test= 37.50%
  S17 4000ms fold4/5: best_val= 68.75% (ep9) test= 43.75%
  S17 4000ms fold5/5: best_val= 56.25% (ep4) test= 50.00%
S17: 800ms= 43.75%  1500ms= 48.75%  3000ms= 45.00%  4000ms= 47.50%   (46s)
  S18 800ms fold1/5: best_val= 87.50% (ep12) test= 68.75%
  S18 800ms fold2/5: best_val= 81.25% (ep14) test= 62.50%
  S18 800ms fold3/5: best_val= 68.75% (ep1) test= 62.50%
  S18 800ms fold4/5: best_val= 75.00% (ep14) test= 56.25%
  S18 800ms fold5/5: best_val= 93.75% (ep9) test= 93.75%
  S18 1500ms fold1/5: best_val= 81.25% (ep9) test= 68.75%
  S18 1500ms fold2/5: best_val= 81.25% (ep6) test= 62.50%
  S18 1500ms fold3/5: best_val= 87.50% (ep6) test= 62.50%
  S18 1500ms fold4/5: best_val= 87.50% (ep12) test= 87.50%
  S18 1500ms fold5/5: best_val= 75.00% (ep13) test= 93.75%
  S18 3000ms fold1/5: best_val= 75.00% (ep16) test= 75.00%
  S18 3000ms fold2/5: best_val= 87.50% (ep15) test= 56.25%
  S18 3000ms fold3/5: best_val= 81.25% (ep11) test= 75.00%
  S18 3000ms fold4/5: best_val= 87.50% (ep5) test= 81.25%
  S18 3000ms fold5/5: best_val= 93.75% (ep17) test= 56.25%
  S18 4000ms fold1/5: best_val= 62.50% (ep17) test= 87.50%
  S18 4000ms fold2/5: best_val= 81.25% (ep8) test= 68.75%
  S18 4000ms fold3/5: best_val= 81.25% (ep19) test= 75.00%
  S18 4000ms fold4/5: best_val= 81.25% (ep9) test= 75.00%
  S18 4000ms fold5/5: best_val= 93.75% (ep21) test= 68.75%
S18: 800ms= 68.75%  1500ms= 75.00%  3000ms= 68.75%  4000ms= 75.00%   (46s)

ALL SUBJECTS COMPLETED — EFE/SAA  (829s)

====================================================================
SAVED EFE/SAA -> /work/11862/rmaahin/ls6/FineMI-enhancements/ConformerEEG/experiments/option_b/results/full/EFE_SAA
gpu=NVIDIA A100-PCIE-40GB | torch=2.8.0+cu128 | seed=42 | model=conformer_b | mode=full
====================================================================
window_ms   800    1500   3000   4000
subject                              
1          50.00  37.78  42.22  40.00
2          45.00  47.50  57.50  51.25
3          70.00  75.00  71.25  75.00
4          57.50  50.00  63.75  58.75
5          48.75  42.50  47.50  56.25
6          37.50  46.25  50.00  48.75
7          60.00  61.25  52.50  58.75
8          50.00  53.75  53.75  48.75
9          56.25  58.75  63.75  62.50
10         51.25  53.75  55.00  51.25
11         57.50  53.75  53.75  61.25
12         46.25  60.00  57.50  56.25
13         47.50  52.50  41.25  46.25
14         46.25  42.50  60.00  50.00
15         53.75  52.50  52.50  53.75
16         62.50  53.75  53.75  53.75
17         43.75  48.75  45.00  47.50
18         68.75  75.00  68.75  75.00

mean: {800: 52.92, 1500: 53.63, 3000: 54.98, 4000: 55.28}
sd  : {800: 8.67, 1500: 9.91, 3000: 8.38, 4000: 9.13}

Pairs saved so far in /work/11862/rmaahin/ls6/FineMI-enhancements/ConformerEEG/experiments/option_b/results/full: 14/28

##### pair_idx=24 (EFE_SFE) #####

Using device: cuda | gpu=NVIDIA A100-PCIE-40GB | torch=2.8.0+cu128
NOTE: determinism holds per-GPU-model. Record this GPU name.

PAIR: EFE/SFE  (classes 4 vs 7)  model=conformer_b  mode=full
Test time windows: [800, 1500, 3000, 4000] ms
Test time windows (samples): [200, 375, 750, 1000]

BINARY CLASSIFICATION: Class 4 vs Class 7  (EFE/SFE)
  Class 0 (original 4): 725 trials
  Class 1 (original 7): 726 trials

Extracted time windows:
  800ms (200 samples): shape (1451, 62, 200)
  1500ms (375 samples): shape (1451, 62, 375)
  3000ms (750 samples): shape (1451, 62, 750)
  4000ms (1000 samples): shape (1451, 62, 1000)

Model configuration:
  Model: conformer_b
  Channels: 62
  Subjects: [1, 2, 3, 4, 5, 6, 7, 8, 9, 10, 11, 12, 13, 14, 15, 16, 17, 18]
  Time windows: [800, 1500, 3000, 4000] ms
  Classes: 2 (Binary: Class 4 vs Class 7)
  Folds: 5
  Batch size: 32
  Epochs per subject per time window: 50
  S1 800ms fold1/5: best_val= 77.78% (ep23) test= 44.44%
  S1 800ms fold2/5: best_val= 72.22% (ep19) test= 55.56%
  S1 800ms fold3/5: best_val= 66.67% (ep21) test= 61.11%
  S1 800ms fold4/5: best_val= 77.78% (ep8) test= 72.22%
  S1 800ms fold5/5: best_val= 72.22% (ep22) test= 50.00%
  S1 1500ms fold1/5: best_val= 66.67% (ep13) test= 38.89%
  S1 1500ms fold2/5: best_val= 72.22% (ep7) test= 38.89%
  S1 1500ms fold3/5: best_val= 72.22% (ep10) test= 61.11%
  S1 1500ms fold4/5: best_val= 77.78% (ep6) test= 33.33%
  S1 1500ms fold5/5: best_val= 66.67% (ep11) test= 44.44%
  S1 3000ms fold1/5: best_val= 72.22% (ep3) test= 44.44%
  S1 3000ms fold2/5: best_val= 66.67% (ep5) test= 55.56%
  S1 3000ms fold3/5: best_val= 61.11% (ep10) test= 50.00%
  S1 3000ms fold4/5: best_val= 66.67% (ep8) test= 55.56%
  S1 3000ms fold5/5: best_val= 66.67% (ep13) test= 61.11%
  S1 4000ms fold1/5: best_val= 66.67% (ep3) test= 44.44%
  S1 4000ms fold2/5: best_val= 61.11% (ep3) test= 38.89%
  S1 4000ms fold3/5: best_val= 72.22% (ep29) test= 66.67%
  S1 4000ms fold4/5: best_val= 66.67% (ep17) test= 50.00%
  S1 4000ms fold5/5: best_val= 72.22% (ep5) test= 66.67%
S 1: 800ms= 56.67%  1500ms= 43.33%  3000ms= 53.33%  4000ms= 53.33%   (59s)
  S2 800ms fold1/5: best_val= 56.25% (ep4) test= 50.00%
  S2 800ms fold2/5: best_val= 62.50% (ep1) test= 50.00%
  S2 800ms fold3/5: best_val= 50.00% (ep1) test= 81.25%
  S2 800ms fold4/5: best_val= 56.25% (ep16) test= 56.25%
  S2 800ms fold5/5: best_val= 62.50% (ep3) test= 62.50%
  S2 1500ms fold1/5: best_val= 68.75% (ep9) test= 56.25%
  S2 1500ms fold2/5: best_val= 68.75% (ep7) test= 50.00%
  S2 1500ms fold3/5: best_val= 62.50% (ep24) test= 68.75%
  S2 1500ms fold4/5: best_val= 75.00% (ep12) test= 68.75%
  S2 1500ms fold5/5: best_val= 62.50% (ep5) test= 50.00%
  S2 3000ms fold1/5: best_val= 56.25% (ep2) test= 50.00%
  S2 3000ms fold2/5: best_val= 56.25% (ep8) test= 50.00%
  S2 3000ms fold3/5: best_val= 56.25% (ep7) test= 50.00%
  S2 3000ms fold4/5: best_val= 87.50% (ep31) test= 43.75%
  S2 3000ms fold5/5: best_val= 68.75% (ep22) test= 43.75%
  S2 4000ms fold1/5: best_val= 62.50% (ep1) test= 56.25%
  S2 4000ms fold2/5: best_val= 50.00% (ep1) test= 50.00%
  S2 4000ms fold3/5: best_val= 50.00% (ep1) test= 50.00%
  S2 4000ms fold4/5: best_val= 62.50% (ep7) test= 43.75%
  S2 4000ms fold5/5: best_val= 56.25% (ep4) test= 43.75%
S 2: 800ms= 60.00%  1500ms= 58.75%  3000ms= 47.50%  4000ms= 48.75%   (45s)
  S3 800ms fold1/5: best_val= 87.50% (ep6) test= 75.00%
  S3 800ms fold2/5: best_val=100.00% (ep10) test= 81.25%
  S3 800ms fold3/5: best_val= 93.75% (ep15) test= 87.50%
  S3 800ms fold4/5: best_val= 87.50% (ep14) test= 75.00%
  S3 800ms fold5/5: best_val= 93.75% (ep12) test= 81.25%
  S3 1500ms fold1/5: best_val= 75.00% (ep7) test= 81.25%
  S3 1500ms fold2/5: best_val= 87.50% (ep6) test= 68.75%
  S3 1500ms fold3/5: best_val= 87.50% (ep38) test= 81.25%
  S3 1500ms fold4/5: best_val= 75.00% (ep9) test= 68.75%
  S3 1500ms fold5/5: best_val= 81.25% (ep6) test= 68.75%
  S3 3000ms fold1/5: best_val= 87.50% (ep6) test= 68.75%
  S3 3000ms fold2/5: best_val= 93.75% (ep8) test= 81.25%
  S3 3000ms fold3/5: best_val= 93.75% (ep20) test= 87.50%
  S3 3000ms fold4/5: best_val= 81.25% (ep14) test=100.00%
  S3 3000ms fold5/5: best_val= 87.50% (ep16) test= 50.00%
  S3 4000ms fold1/5: best_val= 81.25% (ep8) test= 68.75%
  S3 4000ms fold2/5: best_val= 93.75% (ep16) test= 75.00%
  S3 4000ms fold3/5: best_val= 93.75% (ep15) test= 62.50%
  S3 4000ms fold4/5: best_val= 87.50% (ep23) test=100.00%
  S3 4000ms fold5/5: best_val=100.00% (ep10) test= 56.25%
S 3: 800ms= 80.00%  1500ms= 73.75%  3000ms= 77.50%  4000ms= 72.50%   (46s)
  S4 800ms fold1/5: best_val= 81.25% (ep14) test= 75.00%
  S4 800ms fold2/5: best_val= 81.25% (ep7) test= 93.75%
  S4 800ms fold3/5: best_val= 93.75% (ep14) test= 68.75%
  S4 800ms fold4/5: best_val= 87.50% (ep9) test= 62.50%
  S4 800ms fold5/5: best_val= 81.25% (ep12) test= 75.00%
  S4 1500ms fold1/5: best_val= 75.00% (ep14) test= 56.25%
  S4 1500ms fold2/5: best_val= 75.00% (ep6) test= 93.75%
  S4 1500ms fold3/5: best_val= 81.25% (ep10) test= 56.25%
  S4 1500ms fold4/5: best_val= 62.50% (ep14) test= 62.50%
  S4 1500ms fold5/5: best_val= 62.50% (ep7) test= 93.75%
  S4 3000ms fold1/5: best_val= 56.25% (ep7) test= 56.25%
  S4 3000ms fold2/5: best_val= 56.25% (ep8) test= 56.25%
  S4 3000ms fold3/5: best_val= 68.75% (ep5) test= 50.00%
  S4 3000ms fold4/5: best_val= 75.00% (ep10) test= 50.00%
  S4 3000ms fold5/5: best_val= 50.00% (ep1) test= 50.00%
  S4 4000ms fold1/5: best_val= 68.75% (ep1) test= 56.25%
  S4 4000ms fold2/5: best_val= 62.50% (ep37) test= 68.75%
  S4 4000ms fold3/5: best_val= 87.50% (ep9) test= 62.50%
  S4 4000ms fold4/5: best_val= 56.25% (ep7) test= 62.50%
  S4 4000ms fold5/5: best_val= 56.25% (ep7) test= 50.00%
S 4: 800ms= 75.00%  1500ms= 72.50%  3000ms= 52.50%  4000ms= 60.00%   (46s)
  S5 800ms fold1/5: best_val= 68.75% (ep16) test= 47.06%
  S5 800ms fold2/5: best_val= 70.59% (ep9) test= 56.25%
  S5 800ms fold3/5: best_val= 64.71% (ep3) test= 56.25%
  S5 800ms fold4/5: best_val= 70.59% (ep3) test= 37.50%
  S5 800ms fold5/5: best_val= 82.35% (ep23) test= 50.00%
  S5 1500ms fold1/5: best_val= 75.00% (ep13) test= 58.82%
  S5 1500ms fold2/5: best_val= 70.59% (ep2) test= 43.75%
  S5 1500ms fold3/5: best_val= 70.59% (ep10) test= 50.00%
  S5 1500ms fold4/5: best_val= 58.82% (ep4) test= 50.00%
  S5 1500ms fold5/5: best_val= 52.94% (ep4) test= 56.25%
  S5 3000ms fold1/5: best_val= 68.75% (ep2) test= 64.71%
  S5 3000ms fold2/5: best_val= 64.71% (ep14) test= 56.25%
  S5 3000ms fold3/5: best_val= 70.59% (ep11) test= 62.50%
  S5 3000ms fold4/5: best_val= 94.12% (ep16) test= 75.00%
  S5 3000ms fold5/5: best_val= 70.59% (ep28) test= 68.75%
  S5 4000ms fold1/5: best_val= 87.50% (ep4) test= 58.82%
  S5 4000ms fold2/5: best_val= 82.35% (ep32) test= 50.00%
  S5 4000ms fold3/5: best_val= 88.24% (ep7) test= 68.75%
  S5 4000ms fold4/5: best_val= 70.59% (ep19) test= 62.50%
  S5 4000ms fold5/5: best_val= 64.71% (ep5) test= 68.75%
S 5: 800ms= 49.38%  1500ms= 51.85%  3000ms= 65.43%  4000ms= 61.73%   (46s)
  S6 800ms fold1/5: best_val= 68.75% (ep6) test= 62.50%
  S6 800ms fold2/5: best_val= 62.50% (ep8) test= 37.50%
  S6 800ms fold3/5: best_val= 62.50% (ep4) test= 56.25%
  S6 800ms fold4/5: best_val= 50.00% (ep1) test= 50.00%
  S6 800ms fold5/5: best_val= 56.25% (ep4) test= 50.00%
  S6 1500ms fold1/5: best_val= 62.50% (ep9) test= 81.25%
  S6 1500ms fold2/5: best_val= 75.00% (ep8) test= 50.00%
  S6 1500ms fold3/5: best_val= 75.00% (ep6) test= 50.00%
  S6 1500ms fold4/5: best_val= 75.00% (ep7) test= 50.00%
  S6 1500ms fold5/5: best_val= 62.50% (ep12) test= 43.75%
  S6 3000ms fold1/5: best_val= 81.25% (ep19) test= 62.50%
  S6 3000ms fold2/5: best_val= 68.75% (ep12) test= 50.00%
  S6 3000ms fold3/5: best_val= 75.00% (ep7) test= 50.00%
  S6 3000ms fold4/5: best_val= 62.50% (ep4) test= 43.75%
  S6 3000ms fold5/5: best_val= 56.25% (ep7) test= 50.00%
  S6 4000ms fold1/5: best_val= 81.25% (ep11) test= 56.25%
  S6 4000ms fold2/5: best_val= 81.25% (ep12) test= 62.50%
  S6 4000ms fold3/5: best_val= 75.00% (ep20) test= 37.50%
  S6 4000ms fold4/5: best_val= 62.50% (ep4) test= 50.00%
  S6 4000ms fold5/5: best_val= 50.00% (ep1) test= 50.00%
S 6: 800ms= 51.25%  1500ms= 55.00%  3000ms= 51.25%  4000ms= 51.25%   (46s)
  S7 800ms fold1/5: best_val= 68.75% (ep11) test= 62.50%
  S7 800ms fold2/5: best_val= 75.00% (ep34) test= 62.50%
  S7 800ms fold3/5: best_val= 62.50% (ep1) test= 62.50%
  S7 800ms fold4/5: best_val= 62.50% (ep11) test= 75.00%
  S7 800ms fold5/5: best_val= 50.00% (ep2) test= 43.75%
  S7 1500ms fold1/5: best_val= 62.50% (ep23) test= 62.50%
  S7 1500ms fold2/5: best_val= 56.25% (ep6) test= 37.50%
  S7 1500ms fold3/5: best_val= 75.00% (ep26) test= 62.50%
  S7 1500ms fold4/5: best_val= 50.00% (ep1) test= 50.00%
  S7 1500ms fold5/5: best_val= 50.00% (ep1) test= 50.00%
  S7 3000ms fold1/5: best_val= 68.75% (ep9) test= 31.25%
  S7 3000ms fold2/5: best_val= 50.00% (ep1) test= 50.00%
  S7 3000ms fold3/5: best_val= 68.75% (ep8) test= 56.25%
  S7 3000ms fold4/5: best_val= 50.00% (ep1) test= 50.00%
  S7 3000ms fold5/5: best_val= 56.25% (ep14) test= 50.00%
  S7 4000ms fold1/5: best_val= 81.25% (ep13) test= 50.00%
  S7 4000ms fold2/5: best_val= 56.25% (ep5) test= 50.00%
  S7 4000ms fold3/5: best_val= 62.50% (ep5) test= 56.25%
  S7 4000ms fold4/5: best_val= 50.00% (ep1) test= 50.00%
  S7 4000ms fold5/5: best_val= 56.25% (ep20) test= 75.00%
S 7: 800ms= 61.25%  1500ms= 52.50%  3000ms= 47.50%  4000ms= 56.25%   (46s)
  S8 800ms fold1/5: best_val= 56.25% (ep2) test= 62.50%
  S8 800ms fold2/5: best_val= 62.50% (ep5) test= 50.00%
  S8 800ms fold3/5: best_val= 68.75% (ep4) test= 37.50%
  S8 800ms fold4/5: best_val= 68.75% (ep5) test= 37.50%
  S8 800ms fold5/5: best_val= 75.00% (ep6) test= 37.50%
  S8 1500ms fold1/5: best_val= 75.00% (ep12) test= 50.00%
  S8 1500ms fold2/5: best_val= 56.25% (ep2) test= 50.00%
  S8 1500ms fold3/5: best_val= 50.00% (ep1) test= 50.00%
  S8 1500ms fold4/5: best_val= 62.50% (ep6) test= 50.00%
  S8 1500ms fold5/5: best_val= 56.25% (ep6) test= 25.00%
  S8 3000ms fold1/5: best_val= 68.75% (ep22) test= 68.75%
  S8 3000ms fold2/5: best_val= 62.50% (ep7) test= 56.25%
  S8 3000ms fold3/5: best_val= 50.00% (ep1) test= 50.00%
  S8 3000ms fold4/5: best_val= 62.50% (ep26) test= 50.00%
  S8 3000ms fold5/5: best_val= 62.50% (ep6) test= 37.50%
  S8 4000ms fold1/5: best_val= 56.25% (ep1) test= 43.75%
  S8 4000ms fold2/5: best_val= 75.00% (ep24) test= 56.25%
  S8 4000ms fold3/5: best_val= 50.00% (ep1) test= 37.50%
  S8 4000ms fold4/5: best_val= 56.25% (ep4) test= 43.75%
  S8 4000ms fold5/5: best_val= 56.25% (ep4) test= 31.25%
S 8: 800ms= 45.00%  1500ms= 45.00%  3000ms= 52.50%  4000ms= 42.50%   (46s)
  S9 800ms fold1/5: best_val= 81.25% (ep7) test= 50.00%
  S9 800ms fold2/5: best_val= 68.75% (ep6) test= 50.00%
  S9 800ms fold3/5: best_val= 68.75% (ep10) test= 56.25%
  S9 800ms fold4/5: best_val= 56.25% (ep7) test= 56.25%
  S9 800ms fold5/5: best_val= 81.25% (ep2) test= 43.75%
  S9 1500ms fold1/5: best_val= 56.25% (ep5) test= 62.50%
  S9 1500ms fold2/5: best_val= 56.25% (ep5) test= 56.25%
  S9 1500ms fold3/5: best_val= 75.00% (ep21) test= 37.50%
  S9 1500ms fold4/5: best_val= 62.50% (ep43) test= 50.00%
  S9 1500ms fold5/5: best_val= 56.25% (ep2) test= 50.00%
  S9 3000ms fold1/5: best_val= 62.50% (ep5) test= 56.25%
  S9 3000ms fold2/5: best_val= 68.75% (ep5) test= 81.25%
  S9 3000ms fold3/5: best_val= 75.00% (ep22) test= 56.25%
  S9 3000ms fold4/5: best_val= 56.25% (ep7) test= 75.00%
  S9 3000ms fold5/5: best_val= 81.25% (ep10) test= 43.75%
  S9 4000ms fold1/5: best_val= 81.25% (ep1) test= 62.50%
  S9 4000ms fold2/5: best_val= 75.00% (ep14) test= 75.00%
  S9 4000ms fold3/5: best_val= 75.00% (ep15) test= 62.50%
  S9 4000ms fold4/5: best_val= 56.25% (ep10) test= 75.00%
  S9 4000ms fold5/5: best_val= 81.25% (ep11) test= 62.50%
S 9: 800ms= 51.25%  1500ms= 51.25%  3000ms= 62.50%  4000ms= 67.50%   (46s)
  S10 800ms fold1/5: best_val= 81.25% (ep13) test= 62.50%
  S10 800ms fold2/5: best_val= 81.25% (ep15) test= 43.75%
  S10 800ms fold3/5: best_val= 62.50% (ep11) test= 75.00%
  S10 800ms fold4/5: best_val= 75.00% (ep15) test= 43.75%
  S10 800ms fold5/5: best_val= 68.75% (ep7) test= 50.00%
  S10 1500ms fold1/5: best_val= 75.00% (ep5) test= 62.50%
  S10 1500ms fold2/5: best_val= 87.50% (ep14) test= 50.00%
  S10 1500ms fold3/5: best_val= 68.75% (ep19) test= 50.00%
  S10 1500ms fold4/5: best_val= 68.75% (ep7) test= 62.50%
  S10 1500ms fold5/5: best_val= 87.50% (ep7) test= 50.00%
  S10 3000ms fold1/5: best_val= 62.50% (ep9) test= 56.25%
  S10 3000ms fold2/5: best_val= 81.25% (ep12) test= 50.00%
  S10 3000ms fold3/5: best_val= 75.00% (ep1) test= 62.50%
  S10 3000ms fold4/5: best_val= 62.50% (ep16) test= 50.00%
  S10 3000ms fold5/5: best_val=100.00% (ep7) test= 62.50%
  S10 4000ms fold1/5: best_val= 62.50% (ep12) test= 75.00%
  S10 4000ms fold2/5: best_val= 81.25% (ep10) test= 50.00%
  S10 4000ms fold3/5: best_val= 81.25% (ep8) test= 56.25%
  S10 4000ms fold4/5: best_val= 50.00% (ep1) test= 50.00%
  S10 4000ms fold5/5: best_val= 56.25% (ep18) test= 68.75%
S10: 800ms= 55.00%  1500ms= 55.00%  3000ms= 56.25%  4000ms= 60.00%   (46s)
  S11 800ms fold1/5: best_val= 50.00% (ep1) test= 50.00%
  S11 800ms fold2/5: best_val= 56.25% (ep1) test= 50.00%
  S11 800ms fold3/5: best_val= 50.00% (ep1) test= 50.00%
  S11 800ms fold4/5: best_val= 56.25% (ep3) test= 50.00%
  S11 800ms fold5/5: best_val= 56.25% (ep5) test= 56.25%
  S11 1500ms fold1/5: best_val= 56.25% (ep8) test= 43.75%
  S11 1500ms fold2/5: best_val= 50.00% (ep1) test= 50.00%
  S11 1500ms fold3/5: best_val= 50.00% (ep1) test= 50.00%
  S11 1500ms fold4/5: best_val= 50.00% (ep1) test= 50.00%
  S11 1500ms fold5/5: best_val= 56.25% (ep5) test= 50.00%
  S11 3000ms fold1/5: best_val= 62.50% (ep1) test= 31.25%
  S11 3000ms fold2/5: best_val= 50.00% (ep1) test= 43.75%
  S11 3000ms fold3/5: best_val= 62.50% (ep3) test= 56.25%
  S11 3000ms fold4/5: best_val= 56.25% (ep1) test= 75.00%
  S11 3000ms fold5/5: best_val= 62.50% (ep1) test= 37.50%
  S11 4000ms fold1/5: best_val= 68.75% (ep6) test= 62.50%
  S11 4000ms fold2/5: best_val= 50.00% (ep1) test= 50.00%
  S11 4000ms fold3/5: best_val= 56.25% (ep1) test= 50.00%
  S11 4000ms fold4/5: best_val= 50.00% (ep1) test= 50.00%
  S11 4000ms fold5/5: best_val= 62.50% (ep5) test= 62.50%
S11: 800ms= 51.25%  1500ms= 48.75%  3000ms= 48.75%  4000ms= 55.00%   (45s)
  S12 800ms fold1/5: best_val= 75.00% (ep5) test= 56.25%
  S12 800ms fold2/5: best_val= 68.75% (ep8) test= 62.50%
  S12 800ms fold3/5: best_val= 62.50% (ep11) test= 62.50%
  S12 800ms fold4/5: best_val= 68.75% (ep2) test= 56.25%
  S12 800ms fold5/5: best_val= 68.75% (ep8) test= 56.25%
  S12 1500ms fold1/5: best_val= 81.25% (ep1) test= 31.25%
  S12 1500ms fold2/5: best_val= 50.00% (ep1) test= 50.00%
  S12 1500ms fold3/5: best_val= 62.50% (ep4) test= 50.00%
  S12 1500ms fold4/5: best_val= 68.75% (ep17) test= 50.00%
  S12 1500ms fold5/5: best_val= 81.25% (ep7) test= 50.00%
  S12 3000ms fold1/5: best_val= 68.75% (ep2) test= 43.75%
  S12 3000ms fold2/5: best_val= 75.00% (ep3) test= 43.75%
  S12 3000ms fold3/5: best_val= 68.75% (ep3) test= 43.75%
  S12 3000ms fold4/5: best_val= 56.25% (ep5) test= 56.25%
  S12 3000ms fold5/5: best_val= 62.50% (ep4) test= 62.50%
  S12 4000ms fold1/5: best_val= 81.25% (ep18) test= 31.25%
  S12 4000ms fold2/5: best_val= 56.25% (ep12) test= 43.75%
  S12 4000ms fold3/5: best_val= 62.50% (ep6) test= 50.00%
  S12 4000ms fold4/5: best_val= 56.25% (ep1) test= 50.00%
  S12 4000ms fold5/5: best_val= 50.00% (ep1) test= 50.00%
S12: 800ms= 58.75%  1500ms= 46.25%  3000ms= 50.00%  4000ms= 45.00%   (45s)
  S13 800ms fold1/5: best_val= 56.25% (ep8) test= 43.75%
  S13 800ms fold2/5: best_val= 68.75% (ep9) test= 87.50%
  S13 800ms fold3/5: best_val= 62.50% (ep9) test= 37.50%
  S13 800ms fold4/5: best_val= 56.25% (ep1) test= 43.75%
  S13 800ms fold5/5: best_val= 68.75% (ep6) test= 62.50%
  S13 1500ms fold1/5: best_val= 56.25% (ep6) test= 56.25%
  S13 1500ms fold2/5: best_val= 81.25% (ep6) test= 50.00%
  S13 1500ms fold3/5: best_val= 75.00% (ep7) test= 50.00%
  S13 1500ms fold4/5: best_val= 75.00% (ep11) test= 50.00%
  S13 1500ms fold5/5: best_val= 81.25% (ep11) test= 56.25%
  S13 3000ms fold1/5: best_val= 56.25% (ep4) test= 56.25%
  S13 3000ms fold2/5: best_val= 75.00% (ep6) test= 75.00%
  S13 3000ms fold3/5: best_val= 75.00% (ep10) test= 75.00%
  S13 3000ms fold4/5: best_val= 68.75% (ep5) test= 37.50%
  S13 3000ms fold5/5: best_val= 68.75% (ep17) test= 56.25%
  S13 4000ms fold1/5: best_val= 62.50% (ep2) test= 68.75%
  S13 4000ms fold2/5: best_val= 68.75% (ep6) test= 62.50%
  S13 4000ms fold3/5: best_val= 75.00% (ep1) test= 50.00%
  S13 4000ms fold4/5: best_val= 68.75% (ep14) test= 50.00%
  S13 4000ms fold5/5: best_val= 56.25% (ep10) test= 68.75%
S13: 800ms= 55.00%  1500ms= 52.50%  3000ms= 60.00%  4000ms= 60.00%   (45s)
  S14 800ms fold1/5: best_val= 75.00% (ep4) test= 56.25%
  S14 800ms fold2/5: best_val= 75.00% (ep16) test= 68.75%
  S14 800ms fold3/5: best_val= 75.00% (ep16) test= 68.75%
  S14 800ms fold4/5: best_val= 68.75% (ep11) test= 56.25%
  S14 800ms fold5/5: best_val= 68.75% (ep14) test= 43.75%
  S14 1500ms fold1/5: best_val= 56.25% (ep1) test= 43.75%
  S14 1500ms fold2/5: best_val= 81.25% (ep23) test= 50.00%
  S14 1500ms fold3/5: best_val= 75.00% (ep2) test= 62.50%
  S14 1500ms fold4/5: best_val= 75.00% (ep24) test= 50.00%
  S14 1500ms fold5/5: best_val= 62.50% (ep2) test= 37.50%
  S14 3000ms fold1/5: best_val= 68.75% (ep1) test= 56.25%
  S14 3000ms fold2/5: best_val= 75.00% (ep5) test= 56.25%
  S14 3000ms fold3/5: best_val= 62.50% (ep2) test= 56.25%
  S14 3000ms fold4/5: best_val= 62.50% (ep5) test= 56.25%
  S14 3000ms fold5/5: best_val= 50.00% (ep2) test= 50.00%
  S14 4000ms fold1/5: best_val= 62.50% (ep11) test= 62.50%
  S14 4000ms fold2/5: best_val= 68.75% (ep6) test= 62.50%
  S14 4000ms fold3/5: best_val= 50.00% (ep1) test= 50.00%
  S14 4000ms fold4/5: best_val= 62.50% (ep3) test= 62.50%
  S14 4000ms fold5/5: best_val= 56.25% (ep4) test= 50.00%
S14: 800ms= 58.75%  1500ms= 48.75%  3000ms= 55.00%  4000ms= 57.50%   (45s)
  S15 800ms fold1/5: best_val= 68.75% (ep19) test= 56.25%
  S15 800ms fold2/5: best_val= 62.50% (ep17) test= 50.00%
  S15 800ms fold3/5: best_val= 62.50% (ep10) test= 50.00%
  S15 800ms fold4/5: best_val= 81.25% (ep6) test= 75.00%
  S15 800ms fold5/5: best_val= 68.75% (ep11) test= 62.50%
  S15 1500ms fold1/5: best_val= 62.50% (ep18) test= 18.75%
  S15 1500ms fold2/5: best_val= 56.25% (ep6) test= 50.00%
  S15 1500ms fold3/5: best_val= 68.75% (ep3) test= 43.75%
  S15 1500ms fold4/5: best_val= 68.75% (ep1) test= 37.50%
  S15 1500ms fold5/5: best_val= 62.50% (ep6) test= 50.00%
  S15 3000ms fold1/5: best_val= 62.50% (ep16) test= 31.25%
  S15 3000ms fold2/5: best_val= 56.25% (ep7) test= 50.00%
  S15 3000ms fold3/5: best_val= 62.50% (ep2) test= 50.00%
  S15 3000ms fold4/5: best_val= 50.00% (ep1) test= 56.25%
  S15 3000ms fold5/5: best_val= 68.75% (ep9) test= 31.25%
  S15 4000ms fold1/5: best_val= 68.75% (ep3) test= 31.25%
  S15 4000ms fold2/5: best_val= 50.00% (ep1) test= 50.00%
  S15 4000ms fold3/5: best_val= 87.50% (ep21) test= 37.50%
  S15 4000ms fold4/5: best_val= 62.50% (ep20) test= 50.00%
  S15 4000ms fold5/5: best_val= 62.50% (ep3) test= 50.00%
S15: 800ms= 58.75%  1500ms= 40.00%  3000ms= 43.75%  4000ms= 43.75%   (45s)
  S16 800ms fold1/5: best_val= 56.25% (ep2) test= 56.25%
  S16 800ms fold2/5: best_val= 56.25% (ep3) test= 62.50%
  S16 800ms fold3/5: best_val= 75.00% (ep6) test= 62.50%
  S16 800ms fold4/5: best_val= 50.00% (ep4) test= 50.00%
  S16 800ms fold5/5: best_val= 50.00% (ep3) test= 50.00%
  S16 1500ms fold1/5: best_val= 62.50% (ep17) test= 43.75%
  S16 1500ms fold2/5: best_val= 62.50% (ep13) test= 81.25%
  S16 1500ms fold3/5: best_val= 68.75% (ep12) test= 56.25%
  S16 1500ms fold4/5: best_val= 50.00% (ep1) test= 50.00%
  S16 1500ms fold5/5: best_val= 62.50% (ep4) test= 62.50%
  S16 3000ms fold1/5: best_val= 68.75% (ep9) test= 68.75%
  S16 3000ms fold2/5: best_val= 68.75% (ep14) test= 56.25%
  S16 3000ms fold3/5: best_val= 56.25% (ep7) test= 50.00%
  S16 3000ms fold4/5: best_val= 81.25% (ep13) test= 56.25%
  S16 3000ms fold5/5: best_val= 75.00% (ep16) test= 75.00%
  S16 4000ms fold1/5: best_val= 75.00% (ep11) test= 68.75%
  S16 4000ms fold2/5: best_val= 68.75% (ep14) test= 50.00%
  S16 4000ms fold3/5: best_val= 81.25% (ep12) test= 62.50%
  S16 4000ms fold4/5: best_val= 81.25% (ep15) test= 50.00%
  S16 4000ms fold5/5: best_val= 68.75% (ep1) test= 50.00%
S16: 800ms= 56.25%  1500ms= 58.75%  3000ms= 61.25%  4000ms= 56.25%   (45s)
  S17 800ms fold1/5: best_val= 81.25% (ep3) test= 50.00%
  S17 800ms fold2/5: best_val= 68.75% (ep12) test= 62.50%
  S17 800ms fold3/5: best_val= 68.75% (ep19) test= 81.25%
  S17 800ms fold4/5: best_val= 62.50% (ep3) test= 43.75%
  S17 800ms fold5/5: best_val= 62.50% (ep2) test= 62.50%
  S17 1500ms fold1/5: best_val= 75.00% (ep5) test= 43.75%
  S17 1500ms fold2/5: best_val= 68.75% (ep11) test= 43.75%
  S17 1500ms fold3/5: best_val= 56.25% (ep6) test= 68.75%
  S17 1500ms fold4/5: best_val= 81.25% (ep18) test= 56.25%
  S17 1500ms fold5/5: best_val= 56.25% (ep12) test= 56.25%
  S17 3000ms fold1/5: best_val= 81.25% (ep5) test= 43.75%
  S17 3000ms fold2/5: best_val= 68.75% (ep8) test= 68.75%
  S17 3000ms fold3/5: best_val= 62.50% (ep10) test= 56.25%
  S17 3000ms fold4/5: best_val= 75.00% (ep10) test= 43.75%
  S17 3000ms fold5/5: best_val= 68.75% (ep23) test= 50.00%
  S17 4000ms fold1/5: best_val= 68.75% (ep8) test= 62.50%
  S17 4000ms fold2/5: best_val= 75.00% (ep26) test= 50.00%
  S17 4000ms fold3/5: best_val= 68.75% (ep12) test= 50.00%
  S17 4000ms fold4/5: best_val= 56.25% (ep5) test= 37.50%
  S17 4000ms fold5/5: best_val= 56.25% (ep5) test= 56.25%
S17: 800ms= 60.00%  1500ms= 53.75%  3000ms= 52.50%  4000ms= 51.25%   (46s)
  S18 800ms fold1/5: best_val= 62.50% (ep12) test= 56.25%
  S18 800ms fold2/5: best_val= 56.25% (ep18) test= 75.00%
  S18 800ms fold3/5: best_val= 68.75% (ep11) test= 68.75%
  S18 800ms fold4/5: best_val= 75.00% (ep3) test= 56.25%
  S18 800ms fold5/5: best_val= 81.25% (ep7) test= 68.75%
  S18 1500ms fold1/5: best_val= 62.50% (ep5) test= 56.25%
  S18 1500ms fold2/5: best_val= 68.75% (ep26) test= 62.50%
  S18 1500ms fold3/5: best_val= 62.50% (ep23) test= 68.75%
  S18 1500ms fold4/5: best_val= 62.50% (ep1) test= 62.50%
  S18 1500ms fold5/5: best_val= 81.25% (ep23) test= 68.75%
  S18 3000ms fold1/5: best_val= 68.75% (ep12) test= 56.25%
  S18 3000ms fold2/5: best_val= 62.50% (ep12) test= 81.25%
  S18 3000ms fold3/5: best_val= 81.25% (ep21) test= 62.50%
  S18 3000ms fold4/5: best_val= 75.00% (ep22) test= 75.00%
  S18 3000ms fold5/5: best_val= 68.75% (ep2) test= 68.75%
  S18 4000ms fold1/5: best_val= 68.75% (ep11) test= 75.00%
  S18 4000ms fold2/5: best_val= 68.75% (ep12) test= 62.50%
  S18 4000ms fold3/5: best_val= 68.75% (ep21) test= 75.00%
  S18 4000ms fold4/5: best_val= 75.00% (ep17) test= 81.25%
  S18 4000ms fold5/5: best_val= 81.25% (ep19) test= 68.75%
S18: 800ms= 65.00%  1500ms= 63.75%  3000ms= 68.75%  4000ms= 72.50%   (46s)

ALL SUBJECTS COMPLETED — EFE/SFE  (833s)

====================================================================
SAVED EFE/SFE -> /work/11862/rmaahin/ls6/FineMI-enhancements/ConformerEEG/experiments/option_b/results/full/EFE_SFE
gpu=NVIDIA A100-PCIE-40GB | torch=2.8.0+cu128 | seed=42 | model=conformer_b | mode=full
====================================================================
window_ms   800    1500   3000   4000
subject                              
1          56.67  43.33  53.33  53.33
2          60.00  58.75  47.50  48.75
3          80.00  73.75  77.50  72.50
4          75.00  72.50  52.50  60.00
5          49.38  51.85  65.43  61.73
6          51.25  55.00  51.25  51.25
7          61.25  52.50  47.50  56.25
8          45.00  45.00  52.50  42.50
9          51.25  51.25  62.50  67.50
10         55.00  55.00  56.25  60.00
11         51.25  48.75  48.75  55.00
12         58.75  46.25  50.00  45.00
13         55.00  52.50  60.00  60.00
14         58.75  48.75  55.00  57.50
15         58.75  40.00  43.75  43.75
16         56.25  58.75  61.25  56.25
17         60.00  53.75  52.50  51.25
18         65.00  63.75  68.75  72.50

mean: {800: 58.25, 1500: 53.97, 3000: 55.9, 4000: 56.39}
sd  : {800: 8.55, 1500: 9.07, 3000: 8.58, 4000: 8.8}

Pairs saved so far in /work/11862/rmaahin/ls6/FineMI-enhancements/ConformerEEG/experiments/option_b/results/full: 17/28

##### pair_idx=25 (SPS_SAA) #####

Using device: cuda | gpu=NVIDIA A100-PCIE-40GB | torch=2.8.0+cu128
NOTE: determinism holds per-GPU-model. Record this GPU name.

PAIR: SPS/SAA  (classes 5 vs 6)  model=conformer_b  mode=full
Test time windows: [800, 1500, 3000, 4000] ms
Test time windows (samples): [200, 375, 750, 1000]

BINARY CLASSIFICATION: Class 5 vs Class 6  (SPS/SAA)
  Class 0 (original 5): 725 trials
  Class 1 (original 6): 725 trials

Extracted time windows:
  800ms (200 samples): shape (1450, 62, 200)
  1500ms (375 samples): shape (1450, 62, 375)
  3000ms (750 samples): shape (1450, 62, 750)
  4000ms (1000 samples): shape (1450, 62, 1000)

Model configuration:
  Model: conformer_b
  Channels: 62
  Subjects: [1, 2, 3, 4, 5, 6, 7, 8, 9, 10, 11, 12, 13, 14, 15, 16, 17, 18]
  Time windows: [800, 1500, 3000, 4000] ms
  Classes: 2 (Binary: Class 5 vs Class 6)
  Folds: 5
  Batch size: 32
  Epochs per subject per time window: 50
  S1 800ms fold1/5: best_val= 72.22% (ep15) test= 38.89%
  S1 800ms fold2/5: best_val= 61.11% (ep15) test= 66.67%
  S1 800ms fold3/5: best_val= 61.11% (ep6) test= 50.00%
  S1 800ms fold4/5: best_val= 66.67% (ep6) test= 61.11%
  S1 800ms fold5/5: best_val= 61.11% (ep31) test= 55.56%
  S1 1500ms fold1/5: best_val= 72.22% (ep14) test= 55.56%
  S1 1500ms fold2/5: best_val= 55.56% (ep25) test= 50.00%
  S1 1500ms fold3/5: best_val= 83.33% (ep47) test= 38.89%
  S1 1500ms fold4/5: best_val= 55.56% (ep7) test= 61.11%
  S1 1500ms fold5/5: best_val= 61.11% (ep22) test= 44.44%
  S1 3000ms fold1/5: best_val= 61.11% (ep3) test= 27.78%
  S1 3000ms fold2/5: best_val= 66.67% (ep8) test= 61.11%
  S1 3000ms fold3/5: best_val= 77.78% (ep16) test= 50.00%
  S1 3000ms fold4/5: best_val= 72.22% (ep23) test= 55.56%
  S1 3000ms fold5/5: best_val= 61.11% (ep2) test= 66.67%
  S1 4000ms fold1/5: best_val= 77.78% (ep15) test= 33.33%
  S1 4000ms fold2/5: best_val= 61.11% (ep13) test= 50.00%
  S1 4000ms fold3/5: best_val= 77.78% (ep17) test= 55.56%
  S1 4000ms fold4/5: best_val= 83.33% (ep16) test= 50.00%
  S1 4000ms fold5/5: best_val= 61.11% (ep5) test= 61.11%
S 1: 800ms= 54.44%  1500ms= 50.00%  3000ms= 52.22%  4000ms= 50.00%   (60s)
  S2 800ms fold1/5: best_val= 56.25% (ep30) test= 50.00%
  S2 800ms fold2/5: best_val= 62.50% (ep4) test= 43.75%
  S2 800ms fold3/5: best_val= 56.25% (ep4) test= 56.25%
  S2 800ms fold4/5: best_val= 62.50% (ep8) test= 25.00%
  S2 800ms fold5/5: best_val= 62.50% (ep10) test= 43.75%
  S2 1500ms fold1/5: best_val= 50.00% (ep1) test= 50.00%
  S2 1500ms fold2/5: best_val= 81.25% (ep13) test= 43.75%
  S2 1500ms fold3/5: best_val= 68.75% (ep19) test= 50.00%
  S2 1500ms fold4/5: best_val= 56.25% (ep6) test= 56.25%
  S2 1500ms fold5/5: best_val= 50.00% (ep1) test= 50.00%
  S2 3000ms fold1/5: best_val= 68.75% (ep10) test= 56.25%
  S2 3000ms fold2/5: best_val= 75.00% (ep13) test= 37.50%
  S2 3000ms fold3/5: best_val= 68.75% (ep7) test= 37.50%
  S2 3000ms fold4/5: best_val= 56.25% (ep1) test= 56.25%
  S2 3000ms fold5/5: best_val= 56.25% (ep8) test= 43.75%
  S2 4000ms fold1/5: best_val= 62.50% (ep13) test= 43.75%
  S2 4000ms fold2/5: best_val= 75.00% (ep20) test= 50.00%
  S2 4000ms fold3/5: best_val= 62.50% (ep12) test= 37.50%
  S2 4000ms fold4/5: best_val= 56.25% (ep11) test= 50.00%
  S2 4000ms fold5/5: best_val= 50.00% (ep1) test= 50.00%
S 2: 800ms= 43.75%  1500ms= 50.00%  3000ms= 46.25%  4000ms= 46.25%   (46s)
  S3 800ms fold1/5: best_val= 56.25% (ep3) test= 43.75%
  S3 800ms fold2/5: best_val= 68.75% (ep13) test= 68.75%
  S3 800ms fold3/5: best_val= 62.50% (ep6) test= 75.00%
  S3 800ms fold4/5: best_val= 68.75% (ep1) test= 56.25%
  S3 800ms fold5/5: best_val= 62.50% (ep1) test= 68.75%
  S3 1500ms fold1/5: best_val= 75.00% (ep8) test= 62.50%
  S3 1500ms fold2/5: best_val= 81.25% (ep11) test= 68.75%
  S3 1500ms fold3/5: best_val= 87.50% (ep11) test= 75.00%
  S3 1500ms fold4/5: best_val= 68.75% (ep4) test= 62.50%
  S3 1500ms fold5/5: best_val= 81.25% (ep9) test= 68.75%
  S3 3000ms fold1/5: best_val= 93.75% (ep12) test= 56.25%
  S3 3000ms fold2/5: best_val= 87.50% (ep18) test= 75.00%
  S3 3000ms fold3/5: best_val= 93.75% (ep24) test= 75.00%
  S3 3000ms fold4/5: best_val= 75.00% (ep12) test= 87.50%
  S3 3000ms fold5/5: best_val=100.00% (ep3) test= 50.00%
  S3 4000ms fold1/5: best_val= 93.75% (ep13) test= 68.75%
  S3 4000ms fold2/5: best_val= 87.50% (ep8) test= 81.25%
  S3 4000ms fold3/5: best_val= 87.50% (ep20) test= 81.25%
  S3 4000ms fold4/5: best_val= 81.25% (ep13) test= 81.25%
  S3 4000ms fold5/5: best_val= 93.75% (ep17) test= 62.50%
S 3: 800ms= 62.50%  1500ms= 67.50%  3000ms= 68.75%  4000ms= 75.00%   (46s)
  S4 800ms fold1/5: best_val= 75.00% (ep5) test= 68.75%
  S4 800ms fold2/5: best_val= 62.50% (ep5) test= 62.50%
  S4 800ms fold3/5: best_val= 81.25% (ep9) test= 62.50%
  S4 800ms fold4/5: best_val= 50.00% (ep1) test= 50.00%
  S4 800ms fold5/5: best_val= 81.25% (ep20) test= 43.75%
  S4 1500ms fold1/5: best_val= 75.00% (ep12) test= 56.25%
  S4 1500ms fold2/5: best_val= 56.25% (ep10) test= 81.25%
  S4 1500ms fold3/5: best_val= 50.00% (ep1) test= 50.00%
  S4 1500ms fold4/5: best_val= 62.50% (ep8) test= 50.00%
  S4 1500ms fold5/5: best_val= 87.50% (ep18) test= 50.00%
  S4 3000ms fold1/5: best_val= 75.00% (ep8) test= 68.75%
  S4 3000ms fold2/5: best_val= 68.75% (ep10) test= 75.00%
  S4 3000ms fold3/5: best_val= 75.00% (ep5) test= 62.50%
  S4 3000ms fold4/5: best_val= 62.50% (ep16) test= 56.25%
  S4 3000ms fold5/5: best_val= 75.00% (ep12) test= 56.25%
  S4 4000ms fold1/5: best_val= 87.50% (ep5) test= 93.75%
  S4 4000ms fold2/5: best_val= 81.25% (ep11) test= 87.50%
  S4 4000ms fold3/5: best_val= 93.75% (ep6) test= 68.75%
  S4 4000ms fold4/5: best_val= 81.25% (ep12) test= 68.75%
  S4 4000ms fold5/5: best_val= 93.75% (ep14) test= 75.00%
S 4: 800ms= 57.50%  1500ms= 57.50%  3000ms= 63.75%  4000ms= 78.75%   (46s)
  S5 800ms fold1/5: best_val= 62.50% (ep24) test= 50.00%
  S5 800ms fold2/5: best_val= 62.50% (ep3) test= 43.75%
  S5 800ms fold3/5: best_val= 50.00% (ep1) test= 50.00%
  S5 800ms fold4/5: best_val= 62.50% (ep1) test= 56.25%
  S5 800ms fold5/5: best_val= 75.00% (ep15) test= 56.25%
  S5 1500ms fold1/5: best_val= 75.00% (ep7) test= 43.75%
  S5 1500ms fold2/5: best_val= 62.50% (ep4) test= 37.50%
  S5 1500ms fold3/5: best_val= 62.50% (ep6) test= 50.00%
  S5 1500ms fold4/5: best_val= 81.25% (ep30) test= 18.75%
  S5 1500ms fold5/5: best_val= 62.50% (ep8) test= 37.50%
  S5 3000ms fold1/5: best_val= 62.50% (ep9) test= 31.25%
  S5 3000ms fold2/5: best_val= 56.25% (ep5) test= 62.50%
  S5 3000ms fold3/5: best_val= 56.25% (ep7) test= 62.50%
  S5 3000ms fold4/5: best_val= 56.25% (ep8) test= 31.25%
  S5 3000ms fold5/5: best_val= 68.75% (ep7) test= 43.75%
  S5 4000ms fold1/5: best_val= 68.75% (ep10) test= 62.50%
  S5 4000ms fold2/5: best_val= 62.50% (ep3) test= 56.25%
  S5 4000ms fold3/5: best_val= 56.25% (ep3) test= 50.00%
  S5 4000ms fold4/5: best_val= 75.00% (ep3) test= 56.25%
  S5 4000ms fold5/5: best_val= 75.00% (ep4) test= 50.00%
S 5: 800ms= 51.25%  1500ms= 37.50%  3000ms= 46.25%  4000ms= 55.00%   (45s)
  S6 800ms fold1/5: best_val= 56.25% (ep1) test= 43.75%
  S6 800ms fold2/5: best_val= 75.00% (ep18) test= 62.50%
  S6 800ms fold3/5: best_val= 75.00% (ep3) test= 68.75%
  S6 800ms fold4/5: best_val= 81.25% (ep6) test= 43.75%
  S6 800ms fold5/5: best_val= 68.75% (ep8) test= 56.25%
  S6 1500ms fold1/5: best_val= 56.25% (ep7) test= 50.00%
  S6 1500ms fold2/5: best_val= 56.25% (ep10) test= 56.25%
  S6 1500ms fold3/5: best_val= 68.75% (ep11) test= 62.50%
  S6 1500ms fold4/5: best_val= 56.25% (ep11) test= 68.75%
  S6 1500ms fold5/5: best_val= 62.50% (ep7) test= 43.75%
  S6 3000ms fold1/5: best_val= 75.00% (ep24) test= 56.25%
  S6 3000ms fold2/5: best_val= 62.50% (ep3) test= 43.75%
  S6 3000ms fold3/5: best_val= 56.25% (ep5) test= 50.00%
  S6 3000ms fold4/5: best_val= 75.00% (ep9) test= 56.25%
  S6 3000ms fold5/5: best_val= 68.75% (ep7) test= 50.00%
  S6 4000ms fold1/5: best_val= 81.25% (ep7) test= 50.00%
  S6 4000ms fold2/5: best_val= 62.50% (ep14) test= 43.75%
  S6 4000ms fold3/5: best_val= 62.50% (ep27) test= 81.25%
  S6 4000ms fold4/5: best_val= 68.75% (ep12) test= 62.50%
  S6 4000ms fold5/5: best_val= 62.50% (ep7) test= 50.00%
S 6: 800ms= 55.00%  1500ms= 56.25%  3000ms= 51.25%  4000ms= 57.50%   (41s)
  S7 800ms fold1/5: best_val= 68.75% (ep6) test= 43.75%
  S7 800ms fold2/5: best_val= 50.00% (ep1) test= 43.75%
  S7 800ms fold3/5: best_val= 75.00% (ep10) test= 56.25%
  S7 800ms fold4/5: best_val= 62.50% (ep1) test= 50.00%
  S7 800ms fold5/5: best_val= 68.75% (ep1) test= 43.75%
  S7 1500ms fold1/5: best_val= 75.00% (ep8) test= 37.50%
  S7 1500ms fold2/5: best_val= 62.50% (ep13) test= 50.00%
  S7 1500ms fold3/5: best_val= 50.00% (ep1) test= 50.00%
  S7 1500ms fold4/5: best_val= 75.00% (ep16) test= 68.75%
  S7 1500ms fold5/5: best_val= 62.50% (ep11) test= 75.00%
  S7 3000ms fold1/5: best_val= 62.50% (ep6) test= 50.00%
  S7 3000ms fold2/5: best_val= 62.50% (ep11) test= 56.25%
  S7 3000ms fold3/5: best_val= 68.75% (ep7) test= 68.75%
  S7 3000ms fold4/5: best_val= 62.50% (ep26) test= 56.25%
  S7 3000ms fold5/5: best_val= 81.25% (ep9) test= 56.25%
  S7 4000ms fold1/5: best_val= 68.75% (ep14) test= 50.00%
  S7 4000ms fold2/5: best_val= 56.25% (ep17) test= 81.25%
  S7 4000ms fold3/5: best_val= 62.50% (ep2) test= 43.75%
  S7 4000ms fold4/5: best_val= 56.25% (ep6) test= 68.75%
  S7 4000ms fold5/5: best_val= 81.25% (ep15) test= 81.25%
S 7: 800ms= 47.50%  1500ms= 56.25%  3000ms= 57.50%  4000ms= 65.00%   (41s)
  S8 800ms fold1/5: best_val= 68.75% (ep13) test= 62.50%
  S8 800ms fold2/5: best_val= 68.75% (ep7) test= 50.00%
  S8 800ms fold3/5: best_val= 62.50% (ep6) test= 37.50%
  S8 800ms fold4/5: best_val= 56.25% (ep5) test= 50.00%
  S8 800ms fold5/5: best_val= 56.25% (ep2) test= 62.50%
  S8 1500ms fold1/5: best_val= 62.50% (ep8) test= 50.00%
  S8 1500ms fold2/5: best_val= 75.00% (ep48) test= 37.50%
  S8 1500ms fold3/5: best_val= 50.00% (ep1) test= 37.50%
  S8 1500ms fold4/5: best_val= 75.00% (ep1) test= 50.00%
  S8 1500ms fold5/5: best_val= 62.50% (ep5) test= 50.00%
  S8 3000ms fold1/5: best_val= 56.25% (ep4) test= 50.00%
  S8 3000ms fold2/5: best_val= 75.00% (ep10) test= 75.00%
  S8 3000ms fold3/5: best_val= 68.75% (ep9) test= 56.25%
  S8 3000ms fold4/5: best_val= 68.75% (ep11) test= 43.75%
  S8 3000ms fold5/5: best_val= 62.50% (ep6) test= 56.25%
  S8 4000ms fold1/5: best_val= 75.00% (ep19) test= 62.50%
  S8 4000ms fold2/5: best_val= 81.25% (ep29) test= 56.25%
  S8 4000ms fold3/5: best_val= 68.75% (ep7) test= 43.75%
  S8 4000ms fold4/5: best_val= 75.00% (ep10) test= 25.00%
  S8 4000ms fold5/5: best_val= 56.25% (ep6) test= 50.00%
S 8: 800ms= 52.50%  1500ms= 45.00%  3000ms= 56.25%  4000ms= 47.50%   (41s)
  S9 800ms fold1/5: best_val= 50.00% (ep1) test= 50.00%
  S9 800ms fold2/5: best_val= 50.00% (ep1) test= 50.00%
  S9 800ms fold3/5: best_val= 56.25% (ep3) test= 50.00%
  S9 800ms fold4/5: best_val= 75.00% (ep11) test= 68.75%
  S9 800ms fold5/5: best_val= 75.00% (ep14) test= 43.75%
  S9 1500ms fold1/5: best_val= 56.25% (ep4) test= 50.00%
  S9 1500ms fold2/5: best_val= 62.50% (ep16) test= 56.25%
  S9 1500ms fold3/5: best_val= 68.75% (ep24) test= 43.75%
  S9 1500ms fold4/5: best_val= 62.50% (ep4) test= 62.50%
  S9 1500ms fold5/5: best_val= 56.25% (ep9) test= 43.75%
  S9 3000ms fold1/5: best_val= 43.75% (ep2) test= 43.75%
  S9 3000ms fold2/5: best_val= 62.50% (ep6) test= 50.00%
  S9 3000ms fold3/5: best_val= 50.00% (ep1) test= 50.00%
  S9 3000ms fold4/5: best_val= 62.50% (ep3) test= 50.00%
  S9 3000ms fold5/5: best_val= 62.50% (ep11) test= 50.00%
  S9 4000ms fold1/5: best_val= 50.00% (ep1) test= 37.50%
  S9 4000ms fold2/5: best_val= 56.25% (ep6) test= 50.00%
  S9 4000ms fold3/5: best_val= 62.50% (ep12) test= 43.75%
  S9 4000ms fold4/5: best_val= 68.75% (ep9) test= 50.00%
  S9 4000ms fold5/5: best_val= 68.75% (ep6) test= 31.25%
S 9: 800ms= 52.50%  1500ms= 51.25%  3000ms= 48.75%  4000ms= 42.50%   (41s)
  S10 800ms fold1/5: best_val= 75.00% (ep15) test= 56.25%
  S10 800ms fold2/5: best_val= 87.50% (ep15) test= 62.50%
  S10 800ms fold3/5: best_val= 81.25% (ep11) test= 56.25%
  S10 800ms fold4/5: best_val= 68.75% (ep12) test= 68.75%
  S10 800ms fold5/5: best_val= 81.25% (ep20) test= 68.75%
  S10 1500ms fold1/5: best_val= 62.50% (ep3) test= 43.75%
  S10 1500ms fold2/5: best_val= 75.00% (ep5) test= 81.25%
  S10 1500ms fold3/5: best_val= 75.00% (ep10) test= 68.75%
  S10 1500ms fold4/5: best_val= 81.25% (ep8) test= 43.75%
  S10 1500ms fold5/5: best_val= 75.00% (ep23) test= 62.50%
  S10 3000ms fold1/5: best_val= 68.75% (ep6) test= 37.50%
  S10 3000ms fold2/5: best_val= 56.25% (ep6) test= 56.25%
  S10 3000ms fold3/5: best_val= 50.00% (ep1) test= 50.00%
  S10 3000ms fold4/5: best_val= 50.00% (ep1) test= 56.25%
  S10 3000ms fold5/5: best_val= 62.50% (ep7) test= 62.50%
  S10 4000ms fold1/5: best_val= 62.50% (ep5) test= 43.75%
  S10 4000ms fold2/5: best_val= 56.25% (ep2) test= 43.75%
  S10 4000ms fold3/5: best_val= 56.25% (ep20) test= 68.75%
  S10 4000ms fold4/5: best_val= 50.00% (ep1) test= 50.00%
  S10 4000ms fold5/5: best_val= 56.25% (ep6) test= 50.00%
S10: 800ms= 62.50%  1500ms= 60.00%  3000ms= 52.50%  4000ms= 51.25%   (41s)
  S11 800ms fold1/5: best_val= 62.50% (ep4) test= 56.25%
  S11 800ms fold2/5: best_val= 56.25% (ep1) test= 56.25%
  S11 800ms fold3/5: best_val= 56.25% (ep4) test= 50.00%
  S11 800ms fold4/5: best_val= 56.25% (ep1) test= 56.25%
  S11 800ms fold5/5: best_val= 62.50% (ep5) test= 56.25%
  S11 1500ms fold1/5: best_val= 56.25% (ep2) test= 37.50%
  S11 1500ms fold2/5: best_val= 62.50% (ep25) test= 50.00%
  S11 1500ms fold3/5: best_val= 62.50% (ep3) test= 50.00%
  S11 1500ms fold4/5: best_val= 68.75% (ep4) test= 81.25%
  S11 1500ms fold5/5: best_val= 62.50% (ep6) test= 50.00%
  S11 3000ms fold1/5: best_val= 68.75% (ep11) test= 68.75%
  S11 3000ms fold2/5: best_val= 62.50% (ep19) test= 37.50%
  S11 3000ms fold3/5: best_val= 50.00% (ep1) test= 50.00%
  S11 3000ms fold4/5: best_val= 56.25% (ep5) test= 56.25%
  S11 3000ms fold5/5: best_val= 56.25% (ep16) test= 50.00%
  S11 4000ms fold1/5: best_val= 68.75% (ep2) test= 50.00%
  S11 4000ms fold2/5: best_val= 56.25% (ep6) test= 56.25%
  S11 4000ms fold3/5: best_val= 62.50% (ep15) test= 50.00%
  S11 4000ms fold4/5: best_val= 62.50% (ep9) test= 50.00%
  S11 4000ms fold5/5: best_val= 56.25% (ep2) test= 43.75%
S11: 800ms= 55.00%  1500ms= 53.75%  3000ms= 52.50%  4000ms= 50.00%   (41s)
  S12 800ms fold1/5: best_val= 56.25% (ep3) test= 56.25%
  S12 800ms fold2/5: best_val= 50.00% (ep2) test= 43.75%
  S12 800ms fold3/5: best_val= 68.75% (ep2) test= 43.75%
  S12 800ms fold4/5: best_val= 68.75% (ep9) test= 43.75%
  S12 800ms fold5/5: best_val= 56.25% (ep7) test= 43.75%
  S12 1500ms fold1/5: best_val= 62.50% (ep9) test= 56.25%
  S12 1500ms fold2/5: best_val= 56.25% (ep4) test= 56.25%
  S12 1500ms fold3/5: best_val= 56.25% (ep1) test= 50.00%
  S12 1500ms fold4/5: best_val= 87.50% (ep7) test= 37.50%
  S12 1500ms fold5/5: best_val= 75.00% (ep1) test= 50.00%
  S12 3000ms fold1/5: best_val= 68.75% (ep8) test= 56.25%
  S12 3000ms fold2/5: best_val= 56.25% (ep4) test= 56.25%
  S12 3000ms fold3/5: best_val= 62.50% (ep7) test= 50.00%
  S12 3000ms fold4/5: best_val= 68.75% (ep22) test= 62.50%
  S12 3000ms fold5/5: best_val= 56.25% (ep8) test= 68.75%
  S12 4000ms fold1/5: best_val= 81.25% (ep9) test= 50.00%
  S12 4000ms fold2/5: best_val= 50.00% (ep1) test= 50.00%
  S12 4000ms fold3/5: best_val= 56.25% (ep10) test= 37.50%
  S12 4000ms fold4/5: best_val= 68.75% (ep23) test= 37.50%
  S12 4000ms fold5/5: best_val= 50.00% (ep1) test= 50.00%
S12: 800ms= 46.25%  1500ms= 50.00%  3000ms= 58.75%  4000ms= 45.00%   (41s)
  S13 800ms fold1/5: best_val= 62.50% (ep18) test= 50.00%
  S13 800ms fold2/5: best_val= 68.75% (ep1) test= 37.50%
  S13 800ms fold3/5: best_val= 81.25% (ep8) test= 50.00%
  S13 800ms fold4/5: best_val= 68.75% (ep5) test= 37.50%
  S13 800ms fold5/5: best_val= 56.25% (ep2) test= 56.25%
  S13 1500ms fold1/5: best_val= 62.50% (ep13) test= 43.75%
  S13 1500ms fold2/5: best_val= 56.25% (ep7) test= 56.25%
  S13 1500ms fold3/5: best_val= 50.00% (ep1) test= 50.00%
  S13 1500ms fold4/5: best_val= 75.00% (ep23) test= 81.25%
  S13 1500ms fold5/5: best_val= 50.00% (ep1) test= 50.00%
  S13 3000ms fold1/5: best_val= 75.00% (ep5) test= 56.25%
  S13 3000ms fold2/5: best_val= 75.00% (ep19) test= 37.50%
  S13 3000ms fold3/5: best_val= 56.25% (ep4) test= 56.25%
  S13 3000ms fold4/5: best_val= 81.25% (ep7) test= 68.75%
  S13 3000ms fold5/5: best_val= 56.25% (ep7) test= 50.00%
  S13 4000ms fold1/5: best_val= 68.75% (ep8) test= 25.00%
  S13 4000ms fold2/5: best_val= 75.00% (ep3) test= 43.75%
  S13 4000ms fold3/5: best_val= 62.50% (ep4) test= 50.00%
  S13 4000ms fold4/5: best_val= 81.25% (ep27) test= 68.75%
  S13 4000ms fold5/5: best_val= 75.00% (ep10) test= 62.50%
S13: 800ms= 46.25%  1500ms= 56.25%  3000ms= 53.75%  4000ms= 50.00%   (41s)
  S14 800ms fold1/5: best_val= 75.00% (ep13) test= 50.00%
  S14 800ms fold2/5: best_val= 81.25% (ep4) test= 75.00%
  S14 800ms fold3/5: best_val= 62.50% (ep15) test= 43.75%
  S14 800ms fold4/5: best_val= 62.50% (ep2) test= 62.50%
  S14 800ms fold5/5: best_val= 62.50% (ep1) test= 43.75%
  S14 1500ms fold1/5: best_val= 75.00% (ep16) test= 37.50%
  S14 1500ms fold2/5: best_val= 68.75% (ep12) test= 68.75%
  S14 1500ms fold3/5: best_val= 75.00% (ep16) test= 62.50%
  S14 1500ms fold4/5: best_val= 62.50% (ep13) test= 75.00%
  S14 1500ms fold5/5: best_val= 75.00% (ep5) test= 68.75%
  S14 3000ms fold1/5: best_val= 62.50% (ep5) test= 62.50%
  S14 3000ms fold2/5: best_val= 62.50% (ep3) test= 43.75%
  S14 3000ms fold3/5: best_val= 75.00% (ep2) test= 43.75%
  S14 3000ms fold4/5: best_val= 68.75% (ep4) test= 62.50%
  S14 3000ms fold5/5: best_val= 75.00% (ep11) test= 43.75%
  S14 4000ms fold1/5: best_val= 75.00% (ep17) test= 56.25%
  S14 4000ms fold2/5: best_val= 50.00% (ep1) test= 50.00%
  S14 4000ms fold3/5: best_val= 75.00% (ep2) test= 43.75%
  S14 4000ms fold4/5: best_val= 68.75% (ep4) test= 56.25%
  S14 4000ms fold5/5: best_val= 75.00% (ep15) test= 68.75%
S14: 800ms= 55.00%  1500ms= 62.50%  3000ms= 51.25%  4000ms= 55.00%   (41s)
  S15 800ms fold1/5: best_val= 68.75% (ep8) test= 50.00%
  S15 800ms fold2/5: best_val= 75.00% (ep6) test= 56.25%
  S15 800ms fold3/5: best_val= 75.00% (ep15) test= 43.75%
  S15 800ms fold4/5: best_val= 68.75% (ep18) test= 62.50%
  S15 800ms fold5/5: best_val= 62.50% (ep8) test= 56.25%
  S15 1500ms fold1/5: best_val= 75.00% (ep4) test= 50.00%
  S15 1500ms fold2/5: best_val= 68.75% (ep8) test= 50.00%
  S15 1500ms fold3/5: best_val= 56.25% (ep9) test= 43.75%
  S15 1500ms fold4/5: best_val= 56.25% (ep7) test= 37.50%
  S15 1500ms fold5/5: best_val= 62.50% (ep7) test= 62.50%
  S15 3000ms fold1/5: best_val= 68.75% (ep12) test= 43.75%
  S15 3000ms fold2/5: best_val= 50.00% (ep1) test= 50.00%
  S15 3000ms fold3/5: best_val= 62.50% (ep21) test= 50.00%
  S15 3000ms fold4/5: best_val= 62.50% (ep7) test= 50.00%
  S15 3000ms fold5/5: best_val= 56.25% (ep7) test= 50.00%
  S15 4000ms fold1/5: best_val= 62.50% (ep5) test= 50.00%
  S15 4000ms fold2/5: best_val= 56.25% (ep5) test= 62.50%
  S15 4000ms fold3/5: best_val= 68.75% (ep5) test= 43.75%
  S15 4000ms fold4/5: best_val= 62.50% (ep11) test= 43.75%
  S15 4000ms fold5/5: best_val= 56.25% (ep7) test= 43.75%
S15: 800ms= 53.75%  1500ms= 48.75%  3000ms= 48.75%  4000ms= 48.75%   (41s)
  S16 800ms fold1/5: best_val= 62.50% (ep6) test= 43.75%
  S16 800ms fold2/5: best_val= 56.25% (ep4) test= 50.00%
  S16 800ms fold3/5: best_val= 62.50% (ep7) test= 31.25%
  S16 800ms fold4/5: best_val= 62.50% (ep7) test= 43.75%
  S16 800ms fold5/5: best_val= 62.50% (ep5) test= 43.75%
  S16 1500ms fold1/5: best_val= 62.50% (ep6) test= 43.75%
  S16 1500ms fold2/5: best_val= 62.50% (ep5) test= 37.50%
  S16 1500ms fold3/5: best_val= 62.50% (ep11) test= 56.25%
  S16 1500ms fold4/5: best_val= 75.00% (ep5) test= 43.75%
  S16 1500ms fold5/5: best_val= 68.75% (ep7) test= 18.75%
  S16 3000ms fold1/5: best_val= 87.50% (ep5) test= 62.50%
  S16 3000ms fold2/5: best_val= 68.75% (ep16) test= 50.00%
  S16 3000ms fold3/5: best_val= 62.50% (ep8) test= 50.00%
  S16 3000ms fold4/5: best_val= 75.00% (ep18) test= 43.75%
  S16 3000ms fold5/5: best_val= 81.25% (ep17) test= 50.00%
  S16 4000ms fold1/5: best_val= 75.00% (ep24) test= 37.50%
  S16 4000ms fold2/5: best_val= 68.75% (ep11) test= 50.00%
  S16 4000ms fold3/5: best_val= 68.75% (ep12) test= 43.75%
  S16 4000ms fold4/5: best_val= 68.75% (ep23) test= 50.00%
  S16 4000ms fold5/5: best_val= 62.50% (ep18) test= 62.50%
S16: 800ms= 42.50%  1500ms= 40.00%  3000ms= 51.25%  4000ms= 48.75%   (42s)
  S17 800ms fold1/5: best_val= 56.25% (ep5) test= 56.25%
  S17 800ms fold2/5: best_val= 68.75% (ep9) test= 68.75%
  S17 800ms fold3/5: best_val= 62.50% (ep13) test= 68.75%
  S17 800ms fold4/5: best_val= 50.00% (ep1) test= 50.00%
  S17 800ms fold5/5: best_val= 50.00% (ep4) test= 50.00%
  S17 1500ms fold1/5: best_val= 50.00% (ep1) test= 50.00%
  S17 1500ms fold2/5: best_val= 68.75% (ep3) test= 50.00%
  S17 1500ms fold3/5: best_val= 56.25% (ep1) test= 56.25%
  S17 1500ms fold4/5: best_val= 68.75% (ep16) test= 37.50%
  S17 1500ms fold5/5: best_val= 50.00% (ep1) test= 50.00%
  S17 3000ms fold1/5: best_val= 56.25% (ep12) test= 43.75%
  S17 3000ms fold2/5: best_val= 62.50% (ep3) test= 50.00%
  S17 3000ms fold3/5: best_val= 62.50% (ep19) test= 37.50%
  S17 3000ms fold4/5: best_val= 62.50% (ep10) test= 43.75%
  S17 3000ms fold5/5: best_val= 56.25% (ep10) test= 43.75%
  S17 4000ms fold1/5: best_val= 62.50% (ep3) test= 43.75%
  S17 4000ms fold2/5: best_val= 56.25% (ep14) test= 43.75%
  S17 4000ms fold3/5: best_val= 62.50% (ep11) test= 37.50%
  S17 4000ms fold4/5: best_val= 62.50% (ep5) test= 43.75%
  S17 4000ms fold5/5: best_val= 56.25% (ep3) test= 50.00%
S17: 800ms= 58.75%  1500ms= 48.75%  3000ms= 43.75%  4000ms= 43.75%   (42s)
  S18 800ms fold1/5: best_val=100.00% (ep9) test= 62.50%
  S18 800ms fold2/5: best_val= 81.25% (ep5) test= 56.25%
  S18 800ms fold3/5: best_val= 81.25% (ep6) test= 75.00%
  S18 800ms fold4/5: best_val= 68.75% (ep8) test= 68.75%
  S18 800ms fold5/5: best_val= 81.25% (ep13) test= 62.50%
  S18 1500ms fold1/5: best_val= 68.75% (ep5) test= 81.25%
  S18 1500ms fold2/5: best_val= 62.50% (ep7) test= 62.50%
  S18 1500ms fold3/5: best_val= 87.50% (ep11) test= 62.50%
  S18 1500ms fold4/5: best_val= 81.25% (ep28) test= 62.50%
  S18 1500ms fold5/5: best_val= 68.75% (ep32) test= 68.75%
  S18 3000ms fold1/5: best_val= 93.75% (ep3) test= 31.25%
  S18 3000ms fold2/5: best_val= 81.25% (ep5) test= 81.25%
  S18 3000ms fold3/5: best_val= 56.25% (ep7) test= 75.00%
  S18 3000ms fold4/5: best_val= 75.00% (ep26) test= 62.50%
  S18 3000ms fold5/5: best_val= 75.00% (ep27) test= 75.00%
  S18 4000ms fold1/5: best_val= 75.00% (ep6) test= 50.00%
  S18 4000ms fold2/5: best_val= 87.50% (ep15) test= 50.00%
  S18 4000ms fold3/5: best_val= 75.00% (ep25) test= 68.75%
  S18 4000ms fold4/5: best_val= 62.50% (ep11) test= 56.25%
  S18 4000ms fold5/5: best_val= 56.25% (ep6) test= 62.50%
S18: 800ms= 65.00%  1500ms= 67.50%  3000ms= 65.00%  4000ms= 57.50%   (42s)

ALL SUBJECTS COMPLETED — SPS/SAA  (782s)

====================================================================
SAVED SPS/SAA -> /work/11862/rmaahin/ls6/FineMI-enhancements/ConformerEEG/experiments/option_b/results/full/SPS_SAA
gpu=NVIDIA A100-PCIE-40GB | torch=2.8.0+cu128 | seed=42 | model=conformer_b | mode=full
====================================================================
window_ms   800    1500   3000   4000
subject                              
1          54.44  50.00  52.22  50.00
2          43.75  50.00  46.25  46.25
3          62.50  67.50  68.75  75.00
4          57.50  57.50  63.75  78.75
5          51.25  37.50  46.25  55.00
6          55.00  56.25  51.25  57.50
7          47.50  56.25  57.50  65.00
8          52.50  45.00  56.25  47.50
9          52.50  51.25  48.75  42.50
10         62.50  60.00  52.50  51.25
11         55.00  53.75  52.50  50.00
12         46.25  50.00  58.75  45.00
13         46.25  56.25  53.75  50.00
14         55.00  62.50  51.25  55.00
15         53.75  48.75  48.75  48.75
16         42.50  40.00  51.25  48.75
17         58.75  48.75  43.75  43.75
18         65.00  67.50  65.00  57.50

mean: {800: 53.44, 1500: 53.26, 3000: 53.8, 4000: 53.75}
sd  : {800: 6.46, 1500: 8.23, 3000: 6.79, 4000: 10.09}

Pairs saved so far in /work/11862/rmaahin/ls6/FineMI-enhancements/ConformerEEG/experiments/option_b/results/full: 21/28

##### pair_idx=26 (SPS_SFE) #####

Using device: cuda | gpu=NVIDIA A100-PCIE-40GB | torch=2.8.0+cu128
NOTE: determinism holds per-GPU-model. Record this GPU name.

PAIR: SPS/SFE  (classes 5 vs 7)  model=conformer_b  mode=full
Test time windows: [800, 1500, 3000, 4000] ms
Test time windows (samples): [200, 375, 750, 1000]

BINARY CLASSIFICATION: Class 5 vs Class 7  (SPS/SFE)
  Class 0 (original 5): 725 trials
  Class 1 (original 7): 726 trials

Extracted time windows:
  800ms (200 samples): shape (1451, 62, 200)
  1500ms (375 samples): shape (1451, 62, 375)
  3000ms (750 samples): shape (1451, 62, 750)
  4000ms (1000 samples): shape (1451, 62, 1000)

Model configuration:
  Model: conformer_b
  Channels: 62
  Subjects: [1, 2, 3, 4, 5, 6, 7, 8, 9, 10, 11, 12, 13, 14, 15, 16, 17, 18]
  Time windows: [800, 1500, 3000, 4000] ms
  Classes: 2 (Binary: Class 5 vs Class 7)
  Folds: 5
  Batch size: 32
  Epochs per subject per time window: 50
  S1 800ms fold1/5: best_val= 61.11% (ep3) test= 38.89%
  S1 800ms fold2/5: best_val= 66.67% (ep16) test= 50.00%
  S1 800ms fold3/5: best_val= 66.67% (ep3) test= 66.67%
  S1 800ms fold4/5: best_val= 77.78% (ep6) test= 55.56%
  S1 800ms fold5/5: best_val= 77.78% (ep22) test= 50.00%
  S1 1500ms fold1/5: best_val= 66.67% (ep10) test= 27.78%
  S1 1500ms fold2/5: best_val= 55.56% (ep6) test= 33.33%
  S1 1500ms fold3/5: best_val= 72.22% (ep46) test= 44.44%
  S1 1500ms fold4/5: best_val= 55.56% (ep12) test= 38.89%
  S1 1500ms fold5/5: best_val= 55.56% (ep11) test= 50.00%
  S1 3000ms fold1/5: best_val= 72.22% (ep11) test= 44.44%
  S1 3000ms fold2/5: best_val= 61.11% (ep10) test= 55.56%
  S1 3000ms fold3/5: best_val= 72.22% (ep11) test= 38.89%
  S1 3000ms fold4/5: best_val= 72.22% (ep14) test= 44.44%
  S1 3000ms fold5/5: best_val= 72.22% (ep15) test= 44.44%
  S1 4000ms fold1/5: best_val= 66.67% (ep4) test= 44.44%
  S1 4000ms fold2/5: best_val= 77.78% (ep15) test= 55.56%
  S1 4000ms fold3/5: best_val= 72.22% (ep6) test= 27.78%
  S1 4000ms fold4/5: best_val= 72.22% (ep13) test= 61.11%
  S1 4000ms fold5/5: best_val= 72.22% (ep9) test= 38.89%
S 1: 800ms= 52.22%  1500ms= 38.89%  3000ms= 45.56%  4000ms= 45.56%   (53s)
  S2 800ms fold1/5: best_val= 68.75% (ep4) test= 37.50%
  S2 800ms fold2/5: best_val= 68.75% (ep2) test= 62.50%
  S2 800ms fold3/5: best_val= 62.50% (ep1) test= 43.75%
  S2 800ms fold4/5: best_val= 62.50% (ep4) test= 62.50%
  S2 800ms fold5/5: best_val= 68.75% (ep9) test= 50.00%
  S2 1500ms fold1/5: best_val= 62.50% (ep4) test= 43.75%
  S2 1500ms fold2/5: best_val= 56.25% (ep4) test= 43.75%
  S2 1500ms fold3/5: best_val= 50.00% (ep1) test= 50.00%
  S2 1500ms fold4/5: best_val= 87.50% (ep14) test= 62.50%
  S2 1500ms fold5/5: best_val= 56.25% (ep11) test= 62.50%
  S2 3000ms fold1/5: best_val= 68.75% (ep13) test= 56.25%
  S2 3000ms fold2/5: best_val= 56.25% (ep8) test= 56.25%
  S2 3000ms fold3/5: best_val= 68.75% (ep5) test= 37.50%
  S2 3000ms fold4/5: best_val= 75.00% (ep17) test= 50.00%
  S2 3000ms fold5/5: best_val= 62.50% (ep17) test= 56.25%
  S2 4000ms fold1/5: best_val= 68.75% (ep1) test= 43.75%
  S2 4000ms fold2/5: best_val= 50.00% (ep1) test= 50.00%
  S2 4000ms fold3/5: best_val= 56.25% (ep4) test= 56.25%
  S2 4000ms fold4/5: best_val= 62.50% (ep10) test= 37.50%
  S2 4000ms fold5/5: best_val= 56.25% (ep12) test= 43.75%
S 2: 800ms= 51.25%  1500ms= 52.50%  3000ms= 51.25%  4000ms= 46.25%   (41s)
  S3 800ms fold1/5: best_val= 81.25% (ep6) test= 68.75%
  S3 800ms fold2/5: best_val= 62.50% (ep1) test= 50.00%
  S3 800ms fold3/5: best_val= 68.75% (ep7) test= 56.25%
  S3 800ms fold4/5: best_val= 75.00% (ep6) test= 75.00%
  S3 800ms fold5/5: best_val= 87.50% (ep11) test= 56.25%
  S3 1500ms fold1/5: best_val= 75.00% (ep10) test= 50.00%
  S3 1500ms fold2/5: best_val= 75.00% (ep4) test= 56.25%
  S3 1500ms fold3/5: best_val= 68.75% (ep6) test= 62.50%
  S3 1500ms fold4/5: best_val= 81.25% (ep1) test= 50.00%
  S3 1500ms fold5/5: best_val= 93.75% (ep3) test= 62.50%
  S3 3000ms fold1/5: best_val= 87.50% (ep27) test= 62.50%
  S3 3000ms fold2/5: best_val= 87.50% (ep16) test= 62.50%
  S3 3000ms fold3/5: best_val= 75.00% (ep13) test= 43.75%
  S3 3000ms fold4/5: best_val= 87.50% (ep7) test= 68.75%
  S3 3000ms fold5/5: best_val= 87.50% (ep24) test= 81.25%
  S3 4000ms fold1/5: best_val= 87.50% (ep10) test= 68.75%
  S3 4000ms fold2/5: best_val= 87.50% (ep14) test= 62.50%
  S3 4000ms fold3/5: best_val= 81.25% (ep25) test= 62.50%
  S3 4000ms fold4/5: best_val= 81.25% (ep13) test= 75.00%
  S3 4000ms fold5/5: best_val= 75.00% (ep14) test= 62.50%
S 3: 800ms= 61.25%  1500ms= 56.25%  3000ms= 63.75%  4000ms= 66.25%   (42s)
  S4 800ms fold1/5: best_val= 81.25% (ep7) test= 87.50%
  S4 800ms fold2/5: best_val= 87.50% (ep14) test= 81.25%
  S4 800ms fold3/5: best_val= 87.50% (ep5) test= 93.75%
  S4 800ms fold4/5: best_val= 93.75% (ep11) test= 81.25%
  S4 800ms fold5/5: best_val= 93.75% (ep10) test= 81.25%
  S4 1500ms fold1/5: best_val= 68.75% (ep7) test= 56.25%
  S4 1500ms fold2/5: best_val= 75.00% (ep19) test= 75.00%
  S4 1500ms fold3/5: best_val= 93.75% (ep12) test= 81.25%
  S4 1500ms fold4/5: best_val= 75.00% (ep8) test= 56.25%
  S4 1500ms fold5/5: best_val= 81.25% (ep32) test= 68.75%
  S4 3000ms fold1/5: best_val= 81.25% (ep7) test= 50.00%
  S4 3000ms fold2/5: best_val= 75.00% (ep4) test= 62.50%
  S4 3000ms fold3/5: best_val= 81.25% (ep22) test= 43.75%
  S4 3000ms fold4/5: best_val= 75.00% (ep16) test= 50.00%
  S4 3000ms fold5/5: best_val= 75.00% (ep6) test= 68.75%
  S4 4000ms fold1/5: best_val= 81.25% (ep12) test= 68.75%
  S4 4000ms fold2/5: best_val= 68.75% (ep6) test= 81.25%
  S4 4000ms fold3/5: best_val= 75.00% (ep8) test= 68.75%
  S4 4000ms fold4/5: best_val= 87.50% (ep10) test= 62.50%
  S4 4000ms fold5/5: best_val= 75.00% (ep8) test= 68.75%
S 4: 800ms= 85.00%  1500ms= 67.50%  3000ms= 55.00%  4000ms= 70.00%   (42s)
  S5 800ms fold1/5: best_val= 62.50% (ep4) test= 52.94%
  S5 800ms fold2/5: best_val= 76.47% (ep1) test= 62.50%
  S5 800ms fold3/5: best_val= 82.35% (ep6) test= 50.00%
  S5 800ms fold4/5: best_val= 76.47% (ep4) test= 43.75%
  S5 800ms fold5/5: best_val= 52.94% (ep5) test= 50.00%
  S5 1500ms fold1/5: best_val= 68.75% (ep11) test= 52.94%
  S5 1500ms fold2/5: best_val= 58.82% (ep6) test= 62.50%
  S5 1500ms fold3/5: best_val= 64.71% (ep9) test= 56.25%
  S5 1500ms fold4/5: best_val= 64.71% (ep7) test= 31.25%
  S5 1500ms fold5/5: best_val= 76.47% (ep29) test= 56.25%
  S5 3000ms fold1/5: best_val= 93.75% (ep19) test= 35.29%
  S5 3000ms fold2/5: best_val= 70.59% (ep8) test= 81.25%
  S5 3000ms fold3/5: best_val= 70.59% (ep8) test= 56.25%
  S5 3000ms fold4/5: best_val= 82.35% (ep5) test= 62.50%
  S5 3000ms fold5/5: best_val= 82.35% (ep6) test= 56.25%
  S5 4000ms fold1/5: best_val= 87.50% (ep14) test= 52.94%
  S5 4000ms fold2/5: best_val= 76.47% (ep21) test= 75.00%
  S5 4000ms fold3/5: best_val= 88.24% (ep21) test= 62.50%
  S5 4000ms fold4/5: best_val= 82.35% (ep13) test= 56.25%
  S5 4000ms fold5/5: best_val= 88.24% (ep17) test= 62.50%
S 5: 800ms= 51.85%  1500ms= 51.85%  3000ms= 58.02%  4000ms= 61.73%   (41s)
  S6 800ms fold1/5: best_val= 62.50% (ep5) test= 50.00%
  S6 800ms fold2/5: best_val= 81.25% (ep14) test= 62.50%
  S6 800ms fold3/5: best_val= 75.00% (ep8) test= 56.25%
  S6 800ms fold4/5: best_val= 75.00% (ep13) test= 37.50%
  S6 800ms fold5/5: best_val= 56.25% (ep5) test= 56.25%
  S6 1500ms fold1/5: best_val= 68.75% (ep16) test= 50.00%
  S6 1500ms fold2/5: best_val= 68.75% (ep7) test= 62.50%
  S6 1500ms fold3/5: best_val= 62.50% (ep7) test= 56.25%
  S6 1500ms fold4/5: best_val= 87.50% (ep6) test= 68.75%
  S6 1500ms fold5/5: best_val= 75.00% (ep6) test= 62.50%
  S6 3000ms fold1/5: best_val= 81.25% (ep13) test= 37.50%
  S6 3000ms fold2/5: best_val= 62.50% (ep3) test= 56.25%
  S6 3000ms fold3/5: best_val= 56.25% (ep2) test= 62.50%
  S6 3000ms fold4/5: best_val= 81.25% (ep5) test= 37.50%
  S6 3000ms fold5/5: best_val= 81.25% (ep2) test= 50.00%
  S6 4000ms fold1/5: best_val= 68.75% (ep3) test= 68.75%
  S6 4000ms fold2/5: best_val= 81.25% (ep22) test= 75.00%
  S6 4000ms fold3/5: best_val= 68.75% (ep7) test= 75.00%
  S6 4000ms fold4/5: best_val= 56.25% (ep5) test= 37.50%
  S6 4000ms fold5/5: best_val= 75.00% (ep8) test= 50.00%
S 6: 800ms= 52.50%  1500ms= 60.00%  3000ms= 48.75%  4000ms= 61.25%   (42s)
  S7 800ms fold1/5: best_val= 56.25% (ep7) test= 43.75%
  S7 800ms fold2/5: best_val= 68.75% (ep5) test= 31.25%
  S7 800ms fold3/5: best_val= 56.25% (ep2) test= 50.00%
  S7 800ms fold4/5: best_val= 56.25% (ep3) test= 50.00%
  S7 800ms fold5/5: best_val= 75.00% (ep15) test= 50.00%
  S7 1500ms fold1/5: best_val= 68.75% (ep1) test= 50.00%
  S7 1500ms fold2/5: best_val= 68.75% (ep8) test= 68.75%
  S7 1500ms fold3/5: best_val= 56.25% (ep5) test= 25.00%
  S7 1500ms fold4/5: best_val= 56.25% (ep11) test= 43.75%
  S7 1500ms fold5/5: best_val= 56.25% (ep5) test= 56.25%
  S7 3000ms fold1/5: best_val= 75.00% (ep21) test= 50.00%
  S7 3000ms fold2/5: best_val= 62.50% (ep4) test= 37.50%
  S7 3000ms fold3/5: best_val= 62.50% (ep8) test= 37.50%
  S7 3000ms fold4/5: best_val= 62.50% (ep13) test= 43.75%
  S7 3000ms fold5/5: best_val= 68.75% (ep8) test= 25.00%
  S7 4000ms fold1/5: best_val= 56.25% (ep2) test= 87.50%
  S7 4000ms fold2/5: best_val= 56.25% (ep7) test= 43.75%
  S7 4000ms fold3/5: best_val= 56.25% (ep10) test= 50.00%
  S7 4000ms fold4/5: best_val= 50.00% (ep1) test= 50.00%
  S7 4000ms fold5/5: best_val= 56.25% (ep7) test= 62.50%
S 7: 800ms= 45.00%  1500ms= 48.75%  3000ms= 38.75%  4000ms= 58.75%   (41s)
  S8 800ms fold1/5: best_val= 56.25% (ep1) test= 43.75%
  S8 800ms fold2/5: best_val= 62.50% (ep5) test= 12.50%
  S8 800ms fold3/5: best_val= 62.50% (ep6) test= 18.75%
  S8 800ms fold4/5: best_val= 50.00% (ep1) test= 43.75%
  S8 800ms fold5/5: best_val= 50.00% (ep1) test= 50.00%
  S8 1500ms fold1/5: best_val= 62.50% (ep6) test= 43.75%
  S8 1500ms fold2/5: best_val= 75.00% (ep10) test= 50.00%
  S8 1500ms fold3/5: best_val= 50.00% (ep1) test= 50.00%
  S8 1500ms fold4/5: best_val= 62.50% (ep12) test= 37.50%
  S8 1500ms fold5/5: best_val= 68.75% (ep1) test= 50.00%
  S8 3000ms fold1/5: best_val= 56.25% (ep24) test= 43.75%
  S8 3000ms fold2/5: best_val= 81.25% (ep9) test= 50.00%
  S8 3000ms fold3/5: best_val= 62.50% (ep6) test= 37.50%
  S8 3000ms fold4/5: best_val= 56.25% (ep1) test= 50.00%
  S8 3000ms fold5/5: best_val= 50.00% (ep1) test= 50.00%
  S8 4000ms fold1/5: best_val= 62.50% (ep17) test= 31.25%
  S8 4000ms fold2/5: best_val= 68.75% (ep5) test= 31.25%
  S8 4000ms fold3/5: best_val= 56.25% (ep4) test= 43.75%
  S8 4000ms fold4/5: best_val= 62.50% (ep22) test= 31.25%
  S8 4000ms fold5/5: best_val= 50.00% (ep1) test= 50.00%
S 8: 800ms= 33.75%  1500ms= 46.25%  3000ms= 46.25%  4000ms= 37.50%   (41s)
  S9 800ms fold1/5: best_val= 62.50% (ep2) test= 56.25%
  S9 800ms fold2/5: best_val= 50.00% (ep3) test= 50.00%
  S9 800ms fold3/5: best_val= 68.75% (ep3) test= 56.25%
  S9 800ms fold4/5: best_val= 62.50% (ep6) test= 56.25%
  S9 800ms fold5/5: best_val= 62.50% (ep5) test= 62.50%
  S9 1500ms fold1/5: best_val= 50.00% (ep1) test= 50.00%
  S9 1500ms fold2/5: best_val= 50.00% (ep1) test= 50.00%
  S9 1500ms fold3/5: best_val= 56.25% (ep3) test= 43.75%
  S9 1500ms fold4/5: best_val= 68.75% (ep12) test= 43.75%
  S9 1500ms fold5/5: best_val= 50.00% (ep1) test= 50.00%
  S9 3000ms fold1/5: best_val= 50.00% (ep1) test= 50.00%
  S9 3000ms fold2/5: best_val= 50.00% (ep1) test= 50.00%
  S9 3000ms fold3/5: best_val= 50.00% (ep1) test= 50.00%
  S9 3000ms fold4/5: best_val= 50.00% (ep1) test= 50.00%
  S9 3000ms fold5/5: best_val= 50.00% (ep1) test= 50.00%
  S9 4000ms fold1/5: best_val= 56.25% (ep1) test= 50.00%
  S9 4000ms fold2/5: best_val= 50.00% (ep1) test= 50.00%
  S9 4000ms fold3/5: best_val= 56.25% (ep5) test= 56.25%
  S9 4000ms fold4/5: best_val= 62.50% (ep2) test= 56.25%
  S9 4000ms fold5/5: best_val= 50.00% (ep1) test= 50.00%
S 9: 800ms= 56.25%  1500ms= 47.50%  3000ms= 50.00%  4000ms= 52.50%   (41s)
  S10 800ms fold1/5: best_val= 68.75% (ep9) test= 56.25%
  S10 800ms fold2/5: best_val= 87.50% (ep10) test= 75.00%
  S10 800ms fold3/5: best_val= 75.00% (ep13) test= 56.25%
  S10 800ms fold4/5: best_val= 56.25% (ep5) test= 62.50%
  S10 800ms fold5/5: best_val= 68.75% (ep6) test= 68.75%
  S10 1500ms fold1/5: best_val= 81.25% (ep5) test= 56.25%
  S10 1500ms fold2/5: best_val= 81.25% (ep7) test= 56.25%
  S10 1500ms fold3/5: best_val= 81.25% (ep7) test= 62.50%
  S10 1500ms fold4/5: best_val= 62.50% (ep6) test= 43.75%
  S10 1500ms fold5/5: best_val= 93.75% (ep13) test= 68.75%
  S10 3000ms fold1/5: best_val= 81.25% (ep16) test= 56.25%
  S10 3000ms fold2/5: best_val= 93.75% (ep19) test= 75.00%
  S10 3000ms fold3/5: best_val= 75.00% (ep15) test= 56.25%
  S10 3000ms fold4/5: best_val= 56.25% (ep3) test= 37.50%
  S10 3000ms fold5/5: best_val= 75.00% (ep5) test= 50.00%
  S10 4000ms fold1/5: best_val= 93.75% (ep9) test= 62.50%
  S10 4000ms fold2/5: best_val= 81.25% (ep9) test= 68.75%
  S10 4000ms fold3/5: best_val= 62.50% (ep2) test= 68.75%
  S10 4000ms fold4/5: best_val= 68.75% (ep11) test= 50.00%
  S10 4000ms fold5/5: best_val= 68.75% (ep4) test= 50.00%
S10: 800ms= 63.75%  1500ms= 57.50%  3000ms= 55.00%  4000ms= 60.00%   (42s)
  S11 800ms fold1/5: best_val= 56.25% (ep5) test= 43.75%
  S11 800ms fold2/5: best_val= 50.00% (ep1) test= 50.00%
  S11 800ms fold3/5: best_val= 50.00% (ep6) test= 25.00%
  S11 800ms fold4/5: best_val= 50.00% (ep2) test= 50.00%
  S11 800ms fold5/5: best_val= 50.00% (ep1) test= 50.00%
  S11 1500ms fold1/5: best_val= 56.25% (ep4) test= 50.00%
  S11 1500ms fold2/5: best_val= 56.25% (ep5) test= 50.00%
  S11 1500ms fold3/5: best_val= 62.50% (ep6) test= 56.25%
  S11 1500ms fold4/5: best_val= 68.75% (ep4) test= 62.50%
  S11 1500ms fold5/5: best_val= 68.75% (ep15) test= 50.00%
  S11 3000ms fold1/5: best_val= 68.75% (ep1) test= 43.75%
  S11 3000ms fold2/5: best_val= 68.75% (ep7) test= 50.00%
  S11 3000ms fold3/5: best_val= 50.00% (ep1) test= 50.00%
  S11 3000ms fold4/5: best_val= 62.50% (ep1) test= 50.00%
  S11 3000ms fold5/5: best_val= 56.25% (ep16) test= 62.50%
  S11 4000ms fold1/5: best_val= 81.25% (ep12) test= 50.00%
  S11 4000ms fold2/5: best_val= 56.25% (ep8) test= 68.75%
  S11 4000ms fold3/5: best_val= 56.25% (ep7) test= 50.00%
  S11 4000ms fold4/5: best_val= 68.75% (ep6) test= 50.00%
  S11 4000ms fold5/5: best_val= 62.50% (ep5) test= 56.25%
S11: 800ms= 43.75%  1500ms= 53.75%  3000ms= 51.25%  4000ms= 55.00%   (41s)
  S12 800ms fold1/5: best_val= 56.25% (ep9) test= 56.25%
  S12 800ms fold2/5: best_val= 50.00% (ep1) test= 50.00%
  S12 800ms fold3/5: best_val= 62.50% (ep9) test= 62.50%
  S12 800ms fold4/5: best_val= 50.00% (ep1) test= 50.00%
  S12 800ms fold5/5: best_val= 56.25% (ep15) test= 56.25%
  S12 1500ms fold1/5: best_val= 68.75% (ep2) test= 50.00%
  S12 1500ms fold2/5: best_val= 68.75% (ep9) test= 56.25%
  S12 1500ms fold3/5: best_val= 62.50% (ep9) test= 62.50%
  S12 1500ms fold4/5: best_val= 50.00% (ep2) test= 50.00%
  S12 1500ms fold5/5: best_val= 56.25% (ep6) test= 31.25%
  S12 3000ms fold1/5: best_val= 75.00% (ep4) test= 56.25%
  S12 3000ms fold2/5: best_val= 62.50% (ep5) test= 68.75%
  S12 3000ms fold3/5: best_val= 62.50% (ep10) test= 62.50%
  S12 3000ms fold4/5: best_val= 75.00% (ep7) test= 62.50%
  S12 3000ms fold5/5: best_val= 50.00% (ep1) test= 50.00%
  S12 4000ms fold1/5: best_val= 75.00% (ep14) test= 50.00%
  S12 4000ms fold2/5: best_val= 62.50% (ep6) test= 56.25%
  S12 4000ms fold3/5: best_val= 68.75% (ep24) test= 56.25%
  S12 4000ms fold4/5: best_val= 68.75% (ep4) test= 68.75%
  S12 4000ms fold5/5: best_val= 50.00% (ep1) test= 50.00%
S12: 800ms= 55.00%  1500ms= 50.00%  3000ms= 60.00%  4000ms= 56.25%   (42s)
  S13 800ms fold1/5: best_val= 68.75% (ep13) test= 75.00%
  S13 800ms fold2/5: best_val= 87.50% (ep17) test= 68.75%
  S13 800ms fold3/5: best_val= 81.25% (ep8) test= 56.25%
  S13 800ms fold4/5: best_val= 56.25% (ep8) test= 50.00%
  S13 800ms fold5/5: best_val= 81.25% (ep5) test= 56.25%
  S13 1500ms fold1/5: best_val= 56.25% (ep3) test= 56.25%
  S13 1500ms fold2/5: best_val= 62.50% (ep7) test= 56.25%
  S13 1500ms fold3/5: best_val= 62.50% (ep13) test= 56.25%
  S13 1500ms fold4/5: best_val= 50.00% (ep1) test= 50.00%
  S13 1500ms fold5/5: best_val= 75.00% (ep8) test= 50.00%
  S13 3000ms fold1/5: best_val= 56.25% (ep6) test= 81.25%
  S13 3000ms fold2/5: best_val= 68.75% (ep10) test= 56.25%
  S13 3000ms fold3/5: best_val= 62.50% (ep5) test= 50.00%
  S13 3000ms fold4/5: best_val= 56.25% (ep5) test= 50.00%
  S13 3000ms fold5/5: best_val= 62.50% (ep3) test= 37.50%
  S13 4000ms fold1/5: best_val= 62.50% (ep14) test= 62.50%
  S13 4000ms fold2/5: best_val= 62.50% (ep7) test= 68.75%
  S13 4000ms fold3/5: best_val= 81.25% (ep20) test= 56.25%
  S13 4000ms fold4/5: best_val= 62.50% (ep1) test= 31.25%
  S13 4000ms fold5/5: best_val= 56.25% (ep4) test= 68.75%
S13: 800ms= 61.25%  1500ms= 53.75%  3000ms= 55.00%  4000ms= 57.50%   (41s)
  S14 800ms fold1/5: best_val= 75.00% (ep8) test= 62.50%
  S14 800ms fold2/5: best_val= 62.50% (ep4) test= 62.50%
  S14 800ms fold3/5: best_val= 75.00% (ep6) test= 50.00%
  S14 800ms fold4/5: best_val= 62.50% (ep1) test= 50.00%
  S14 800ms fold5/5: best_val= 81.25% (ep1) test= 50.00%
  S14 1500ms fold1/5: best_val= 62.50% (ep11) test= 43.75%
  S14 1500ms fold2/5: best_val= 81.25% (ep25) test= 43.75%
  S14 1500ms fold3/5: best_val= 56.25% (ep3) test= 50.00%
  S14 1500ms fold4/5: best_val= 75.00% (ep21) test= 25.00%
  S14 1500ms fold5/5: best_val= 68.75% (ep12) test= 50.00%
  S14 3000ms fold1/5: best_val= 81.25% (ep7) test= 43.75%
  S14 3000ms fold2/5: best_val= 75.00% (ep6) test= 37.50%
  S14 3000ms fold3/5: best_val= 62.50% (ep4) test= 50.00%
  S14 3000ms fold4/5: best_val= 81.25% (ep6) test= 43.75%
  S14 3000ms fold5/5: best_val= 56.25% (ep4) test= 50.00%
  S14 4000ms fold1/5: best_val= 68.75% (ep15) test= 43.75%
  S14 4000ms fold2/5: best_val= 68.75% (ep23) test= 31.25%
  S14 4000ms fold3/5: best_val= 56.25% (ep7) test= 50.00%
  S14 4000ms fold4/5: best_val= 68.75% (ep7) test= 62.50%
  S14 4000ms fold5/5: best_val= 75.00% (ep2) test= 62.50%
S14: 800ms= 55.00%  1500ms= 42.50%  3000ms= 45.00%  4000ms= 50.00%   (42s)
  S15 800ms fold1/5: best_val= 62.50% (ep15) test= 56.25%
  S15 800ms fold2/5: best_val= 75.00% (ep8) test= 37.50%
  S15 800ms fold3/5: best_val= 68.75% (ep7) test= 56.25%
  S15 800ms fold4/5: best_val= 62.50% (ep6) test= 50.00%
  S15 800ms fold5/5: best_val= 68.75% (ep9) test= 56.25%
  S15 1500ms fold1/5: best_val= 62.50% (ep14) test= 37.50%
  S15 1500ms fold2/5: best_val= 56.25% (ep5) test= 50.00%
  S15 1500ms fold3/5: best_val= 68.75% (ep5) test= 62.50%
  S15 1500ms fold4/5: best_val= 50.00% (ep1) test= 50.00%
  S15 1500ms fold5/5: best_val= 56.25% (ep6) test= 50.00%
  S15 3000ms fold1/5: best_val= 56.25% (ep14) test= 50.00%
  S15 3000ms fold2/5: best_val= 56.25% (ep19) test= 43.75%
  S15 3000ms fold3/5: best_val= 62.50% (ep18) test= 56.25%
  S15 3000ms fold4/5: best_val= 62.50% (ep8) test= 37.50%
  S15 3000ms fold5/5: best_val= 62.50% (ep16) test= 43.75%
  S15 4000ms fold1/5: best_val= 50.00% (ep1) test= 50.00%
  S15 4000ms fold2/5: best_val= 62.50% (ep8) test= 43.75%
  S15 4000ms fold3/5: best_val= 75.00% (ep19) test= 56.25%
  S15 4000ms fold4/5: best_val= 56.25% (ep1) test= 50.00%
  S15 4000ms fold5/5: best_val= 68.75% (ep14) test= 62.50%
S15: 800ms= 51.25%  1500ms= 50.00%  3000ms= 46.25%  4000ms= 52.50%   (42s)
  S16 800ms fold1/5: best_val= 68.75% (ep6) test= 43.75%
  S16 800ms fold2/5: best_val= 50.00% (ep1) test= 50.00%
  S16 800ms fold3/5: best_val= 62.50% (ep6) test= 50.00%
  S16 800ms fold4/5: best_val= 50.00% (ep1) test= 50.00%
  S16 800ms fold5/5: best_val= 56.25% (ep3) test= 37.50%
  S16 1500ms fold1/5: best_val= 56.25% (ep5) test= 50.00%
  S16 1500ms fold2/5: best_val= 56.25% (ep5) test= 50.00%
  S16 1500ms fold3/5: best_val= 62.50% (ep1) test= 43.75%
  S16 1500ms fold4/5: best_val= 62.50% (ep10) test= 43.75%
  S16 1500ms fold5/5: best_val= 56.25% (ep3) test= 50.00%
  S16 3000ms fold1/5: best_val= 62.50% (ep3) test= 56.25%
  S16 3000ms fold2/5: best_val= 56.25% (ep9) test= 56.25%
  S16 3000ms fold3/5: best_val= 56.25% (ep5) test= 56.25%
  S16 3000ms fold4/5: best_val= 62.50% (ep7) test= 50.00%
  S16 3000ms fold5/5: best_val= 56.25% (ep10) test= 50.00%
  S16 4000ms fold1/5: best_val= 62.50% (ep11) test= 50.00%
  S16 4000ms fold2/5: best_val= 75.00% (ep7) test= 43.75%
  S16 4000ms fold3/5: best_val= 50.00% (ep1) test= 50.00%
  S16 4000ms fold4/5: best_val= 62.50% (ep6) test= 50.00%
  S16 4000ms fold5/5: best_val= 75.00% (ep25) test= 37.50%
S16: 800ms= 46.25%  1500ms= 47.50%  3000ms= 53.75%  4000ms= 46.25%   (42s)
  S17 800ms fold1/5: best_val= 62.50% (ep2) test= 50.00%
  S17 800ms fold2/5: best_val= 68.75% (ep2) test= 56.25%
  S17 800ms fold3/5: best_val= 75.00% (ep11) test= 50.00%
  S17 800ms fold4/5: best_val= 75.00% (ep4) test= 62.50%
  S17 800ms fold5/5: best_val= 56.25% (ep1) test= 56.25%
  S17 1500ms fold1/5: best_val= 68.75% (ep15) test= 50.00%
  S17 1500ms fold2/5: best_val= 68.75% (ep2) test= 56.25%
  S17 1500ms fold3/5: best_val= 68.75% (ep3) test= 31.25%
  S17 1500ms fold4/5: best_val= 68.75% (ep42) test= 62.50%
  S17 1500ms fold5/5: best_val= 50.00% (ep1) test= 50.00%
  S17 3000ms fold1/5: best_val= 68.75% (ep7) test= 56.25%
  S17 3000ms fold2/5: best_val= 56.25% (ep5) test= 50.00%
  S17 3000ms fold3/5: best_val= 62.50% (ep10) test= 50.00%
  S17 3000ms fold4/5: best_val= 62.50% (ep7) test= 43.75%
  S17 3000ms fold5/5: best_val= 56.25% (ep13) test= 43.75%
  S17 4000ms fold1/5: best_val= 81.25% (ep24) test= 50.00%
  S17 4000ms fold2/5: best_val= 50.00% (ep1) test= 50.00%
  S17 4000ms fold3/5: best_val= 75.00% (ep29) test= 31.25%
  S17 4000ms fold4/5: best_val= 62.50% (ep9) test= 68.75%
  S17 4000ms fold5/5: best_val= 62.50% (ep11) test= 50.00%
S17: 800ms= 55.00%  1500ms= 50.00%  3000ms= 48.75%  4000ms= 50.00%   (41s)
  S18 800ms fold1/5: best_val= 93.75% (ep26) test= 56.25%
  S18 800ms fold2/5: best_val= 62.50% (ep5) test= 56.25%
  S18 800ms fold3/5: best_val= 93.75% (ep7) test= 81.25%
  S18 800ms fold4/5: best_val= 62.50% (ep7) test= 50.00%
  S18 800ms fold5/5: best_val= 62.50% (ep9) test= 50.00%
  S18 1500ms fold1/5: best_val= 56.25% (ep31) test= 68.75%
  S18 1500ms fold2/5: best_val= 56.25% (ep9) test= 62.50%
  S18 1500ms fold3/5: best_val= 62.50% (ep3) test= 68.75%
  S18 1500ms fold4/5: best_val= 75.00% (ep26) test= 31.25%
  S18 1500ms fold5/5: best_val= 68.75% (ep22) test= 56.25%
  S18 3000ms fold1/5: best_val= 56.25% (ep6) test= 56.25%
  S18 3000ms fold2/5: best_val= 62.50% (ep8) test= 75.00%
  S18 3000ms fold3/5: best_val= 62.50% (ep10) test= 68.75%
  S18 3000ms fold4/5: best_val= 56.25% (ep4) test= 43.75%
  S18 3000ms fold5/5: best_val= 75.00% (ep10) test= 56.25%
  S18 4000ms fold1/5: best_val= 68.75% (ep3) test= 62.50%
  S18 4000ms fold2/5: best_val= 62.50% (ep6) test= 81.25%
  S18 4000ms fold3/5: best_val= 56.25% (ep5) test= 56.25%
  S18 4000ms fold4/5: best_val= 68.75% (ep6) test= 56.25%
  S18 4000ms fold5/5: best_val= 75.00% (ep14) test= 50.00%
S18: 800ms= 58.75%  1500ms= 57.50%  3000ms= 60.00%  4000ms= 61.25%   (41s)

ALL SUBJECTS COMPLETED — SPS/SFE  (758s)

====================================================================
SAVED SPS/SFE -> /work/11862/rmaahin/ls6/FineMI-enhancements/ConformerEEG/experiments/option_b/results/full/SPS_SFE
gpu=NVIDIA A100-PCIE-40GB | torch=2.8.0+cu128 | seed=42 | model=conformer_b | mode=full
====================================================================
window_ms   800    1500   3000   4000
subject                              
1          52.22  38.89  45.56  45.56
2          51.25  52.50  51.25  46.25
3          61.25  56.25  63.75  66.25
4          85.00  67.50  55.00  70.00
5          51.85  51.85  58.02  61.73
6          52.50  60.00  48.75  61.25
7          45.00  48.75  38.75  58.75
8          33.75  46.25  46.25  37.50
9          56.25  47.50  50.00  52.50
10         63.75  57.50  55.00  60.00
11         43.75  53.75  51.25  55.00
12         55.00  50.00  60.00  56.25
13         61.25  53.75  55.00  57.50
14         55.00  42.50  45.00  50.00
15         51.25  50.00  46.25  52.50
16         46.25  47.50  53.75  46.25
17         55.00  50.00  48.75  50.00
18         58.75  57.50  60.00  61.25

mean: {800: 54.39, 1500: 51.78, 3000: 51.8, 4000: 54.92}
sd  : {800: 10.49, 1500: 6.63, 3000: 6.37, 4000: 8.16}

Pairs saved so far in /work/11862/rmaahin/ls6/FineMI-enhancements/ConformerEEG/experiments/option_b/results/full: 23/28

##### pair_idx=27 (SAA_SFE) #####

Using device: cuda | gpu=NVIDIA A100-PCIE-40GB | torch=2.8.0+cu128
NOTE: determinism holds per-GPU-model. Record this GPU name.

PAIR: SAA/SFE  (classes 6 vs 7)  model=conformer_b  mode=full
Test time windows: [800, 1500, 3000, 4000] ms
Test time windows (samples): [200, 375, 750, 1000]

BINARY CLASSIFICATION: Class 6 vs Class 7  (SAA/SFE)
  Class 0 (original 6): 725 trials
  Class 1 (original 7): 726 trials

Extracted time windows:
  800ms (200 samples): shape (1451, 62, 200)
  1500ms (375 samples): shape (1451, 62, 375)
  3000ms (750 samples): shape (1451, 62, 750)
  4000ms (1000 samples): shape (1451, 62, 1000)

Model configuration:
  Model: conformer_b
  Channels: 62
  Subjects: [1, 2, 3, 4, 5, 6, 7, 8, 9, 10, 11, 12, 13, 14, 15, 16, 17, 18]
  Time windows: [800, 1500, 3000, 4000] ms
  Classes: 2 (Binary: Class 6 vs Class 7)
  Folds: 5
  Batch size: 32
  Epochs per subject per time window: 50
  S1 800ms fold1/5: best_val= 61.11% (ep6) test= 27.78%
  S1 800ms fold2/5: best_val= 66.67% (ep3) test= 55.56%
  S1 800ms fold3/5: best_val= 66.67% (ep3) test= 50.00%
  S1 800ms fold4/5: best_val= 72.22% (ep7) test= 55.56%
  S1 800ms fold5/5: best_val= 66.67% (ep11) test= 44.44%
  S1 1500ms fold1/5: best_val= 66.67% (ep12) test= 50.00%
  S1 1500ms fold2/5: best_val= 66.67% (ep5) test= 44.44%
  S1 1500ms fold3/5: best_val= 77.78% (ep9) test= 50.00%
  S1 1500ms fold4/5: best_val= 61.11% (ep5) test= 61.11%
  S1 1500ms fold5/5: best_val= 66.67% (ep9) test= 50.00%
  S1 3000ms fold1/5: best_val= 61.11% (ep1) test= 55.56%
  S1 3000ms fold2/5: best_val= 61.11% (ep5) test= 55.56%
  S1 3000ms fold3/5: best_val= 77.78% (ep6) test= 50.00%
  S1 3000ms fold4/5: best_val= 72.22% (ep7) test= 50.00%
  S1 3000ms fold5/5: best_val= 77.78% (ep12) test= 50.00%
  S1 4000ms fold1/5: best_val= 61.11% (ep3) test= 44.44%
  S1 4000ms fold2/5: best_val= 66.67% (ep24) test= 50.00%
  S1 4000ms fold3/5: best_val= 72.22% (ep6) test= 50.00%
  S1 4000ms fold4/5: best_val= 88.89% (ep20) test= 55.56%
  S1 4000ms fold5/5: best_val= 72.22% (ep9) test= 61.11%
S 1: 800ms= 46.67%  1500ms= 51.11%  3000ms= 52.22%  4000ms= 52.22%   (53s)
  S2 800ms fold1/5: best_val= 62.50% (ep5) test= 62.50%
  S2 800ms fold2/5: best_val= 62.50% (ep23) test= 62.50%
  S2 800ms fold3/5: best_val= 62.50% (ep20) test= 43.75%
  S2 800ms fold4/5: best_val= 50.00% (ep1) test= 50.00%
  S2 800ms fold5/5: best_val= 62.50% (ep1) test= 50.00%
  S2 1500ms fold1/5: best_val= 50.00% (ep1) test= 50.00%
  S2 1500ms fold2/5: best_val= 56.25% (ep5) test= 56.25%
  S2 1500ms fold3/5: best_val= 62.50% (ep18) test= 31.25%
  S2 1500ms fold4/5: best_val= 62.50% (ep6) test= 50.00%
  S2 1500ms fold5/5: best_val= 56.25% (ep12) test= 43.75%
  S2 3000ms fold1/5: best_val= 56.25% (ep3) test= 50.00%
  S2 3000ms fold2/5: best_val= 56.25% (ep8) test= 50.00%
  S2 3000ms fold3/5: best_val= 56.25% (ep9) test= 43.75%
  S2 3000ms fold4/5: best_val= 50.00% (ep1) test= 50.00%
  S2 3000ms fold5/5: best_val= 62.50% (ep15) test= 31.25%
  S2 4000ms fold1/5: best_val= 56.25% (ep6) test= 56.25%
  S2 4000ms fold2/5: best_val= 62.50% (ep1) test= 50.00%
  S2 4000ms fold3/5: best_val= 56.25% (ep6) test= 31.25%
  S2 4000ms fold4/5: best_val= 50.00% (ep1) test= 50.00%
  S2 4000ms fold5/5: best_val= 56.25% (ep7) test= 43.75%
S 2: 800ms= 53.75%  1500ms= 46.25%  3000ms= 45.00%  4000ms= 46.25%   (41s)
  S3 800ms fold1/5: best_val= 87.50% (ep6) test= 75.00%
  S3 800ms fold2/5: best_val= 56.25% (ep7) test= 50.00%
  S3 800ms fold3/5: best_val= 93.75% (ep6) test= 62.50%
  S3 800ms fold4/5: best_val= 87.50% (ep1) test= 56.25%
  S3 800ms fold5/5: best_val= 75.00% (ep7) test= 62.50%
  S3 1500ms fold1/5: best_val= 62.50% (ep12) test= 68.75%
  S3 1500ms fold2/5: best_val= 62.50% (ep9) test= 75.00%
  S3 1500ms fold3/5: best_val= 56.25% (ep3) test= 37.50%
  S3 1500ms fold4/5: best_val= 81.25% (ep14) test= 68.75%
  S3 1500ms fold5/5: best_val= 62.50% (ep3) test= 50.00%
  S3 3000ms fold1/5: best_val= 62.50% (ep14) test= 68.75%
  S3 3000ms fold2/5: best_val= 75.00% (ep13) test= 62.50%
  S3 3000ms fold3/5: best_val= 75.00% (ep38) test= 37.50%
  S3 3000ms fold4/5: best_val= 68.75% (ep6) test= 75.00%
  S3 3000ms fold5/5: best_val= 68.75% (ep8) test= 50.00%
  S3 4000ms fold1/5: best_val= 68.75% (ep16) test= 68.75%
  S3 4000ms fold2/5: best_val= 68.75% (ep3) test= 43.75%
  S3 4000ms fold3/5: best_val= 68.75% (ep8) test= 43.75%
  S3 4000ms fold4/5: best_val= 62.50% (ep13) test= 56.25%
  S3 4000ms fold5/5: best_val= 68.75% (ep28) test= 56.25%
S 3: 800ms= 61.25%  1500ms= 60.00%  3000ms= 58.75%  4000ms= 53.75%   (41s)
  S4 800ms fold1/5: best_val= 68.75% (ep7) test= 50.00%
  S4 800ms fold2/5: best_val= 75.00% (ep17) test= 75.00%
  S4 800ms fold3/5: best_val= 68.75% (ep5) test= 81.25%
  S4 800ms fold4/5: best_val= 68.75% (ep5) test= 50.00%
  S4 800ms fold5/5: best_val= 68.75% (ep8) test= 81.25%
  S4 1500ms fold1/5: best_val= 56.25% (ep7) test= 50.00%
  S4 1500ms fold2/5: best_val= 56.25% (ep1) test= 50.00%
  S4 1500ms fold3/5: best_val= 56.25% (ep1) test= 56.25%
  S4 1500ms fold4/5: best_val= 50.00% (ep1) test= 50.00%
  S4 1500ms fold5/5: best_val= 81.25% (ep8) test= 62.50%
  S4 3000ms fold1/5: best_val= 62.50% (ep3) test= 62.50%
  S4 3000ms fold2/5: best_val= 68.75% (ep10) test= 56.25%
  S4 3000ms fold3/5: best_val= 62.50% (ep1) test= 43.75%
  S4 3000ms fold4/5: best_val= 62.50% (ep19) test= 50.00%
  S4 3000ms fold5/5: best_val= 68.75% (ep9) test= 50.00%
  S4 4000ms fold1/5: best_val= 75.00% (ep14) test= 62.50%
  S4 4000ms fold2/5: best_val= 81.25% (ep9) test= 75.00%
  S4 4000ms fold3/5: best_val= 81.25% (ep13) test= 56.25%
  S4 4000ms fold4/5: best_val= 75.00% (ep9) test= 68.75%
  S4 4000ms fold5/5: best_val= 75.00% (ep10) test= 50.00%
S 4: 800ms= 67.50%  1500ms= 53.75%  3000ms= 52.50%  4000ms= 62.50%   (41s)
  S5 800ms fold1/5: best_val= 62.50% (ep22) test= 47.06%
  S5 800ms fold2/5: best_val= 64.71% (ep2) test= 31.25%
  S5 800ms fold3/5: best_val= 52.94% (ep2) test= 43.75%
  S5 800ms fold4/5: best_val= 58.82% (ep1) test= 25.00%
  S5 800ms fold5/5: best_val= 47.06% (ep1) test= 50.00%
  S5 1500ms fold1/5: best_val= 56.25% (ep8) test= 52.94%
  S5 1500ms fold2/5: best_val= 58.82% (ep1) test= 68.75%
  S5 1500ms fold3/5: best_val= 58.82% (ep8) test= 43.75%
  S5 1500ms fold4/5: best_val= 70.59% (ep17) test= 50.00%
  S5 1500ms fold5/5: best_val= 52.94% (ep6) test= 50.00%
  S5 3000ms fold1/5: best_val= 62.50% (ep17) test= 41.18%
  S5 3000ms fold2/5: best_val= 64.71% (ep26) test= 68.75%
  S5 3000ms fold3/5: best_val= 58.82% (ep6) test= 43.75%
  S5 3000ms fold4/5: best_val= 70.59% (ep5) test= 43.75%
  S5 3000ms fold5/5: best_val= 76.47% (ep16) test= 31.25%
  S5 4000ms fold1/5: best_val= 75.00% (ep27) test= 35.29%
  S5 4000ms fold2/5: best_val= 52.94% (ep1) test= 50.00%
  S5 4000ms fold3/5: best_val= 76.47% (ep24) test= 62.50%
  S5 4000ms fold4/5: best_val= 70.59% (ep12) test= 37.50%
  S5 4000ms fold5/5: best_val= 70.59% (ep10) test= 37.50%
S 5: 800ms= 39.51%  1500ms= 53.09%  3000ms= 45.68%  4000ms= 44.44%   (42s)
  S6 800ms fold1/5: best_val= 68.75% (ep4) test= 37.50%
  S6 800ms fold2/5: best_val= 68.75% (ep6) test= 43.75%
  S6 800ms fold3/5: best_val= 50.00% (ep1) test= 50.00%
  S6 800ms fold4/5: best_val= 62.50% (ep6) test= 50.00%
  S6 800ms fold5/5: best_val= 56.25% (ep4) test= 50.00%
  S6 1500ms fold1/5: best_val= 62.50% (ep1) test= 56.25%
  S6 1500ms fold2/5: best_val= 62.50% (ep4) test= 50.00%
  S6 1500ms fold3/5: best_val= 75.00% (ep7) test= 56.25%
  S6 1500ms fold4/5: best_val= 87.50% (ep6) test= 50.00%
  S6 1500ms fold5/5: best_val= 68.75% (ep16) test= 62.50%
  S6 3000ms fold1/5: best_val= 68.75% (ep11) test= 62.50%
  S6 3000ms fold2/5: best_val= 68.75% (ep7) test= 62.50%
  S6 3000ms fold3/5: best_val= 56.25% (ep1) test= 62.50%
  S6 3000ms fold4/5: best_val= 75.00% (ep27) test= 56.25%
  S6 3000ms fold5/5: best_val= 68.75% (ep1) test= 62.50%
  S6 4000ms fold1/5: best_val= 75.00% (ep13) test= 68.75%
  S6 4000ms fold2/5: best_val= 68.75% (ep7) test= 75.00%
  S6 4000ms fold3/5: best_val= 68.75% (ep15) test= 75.00%
  S6 4000ms fold4/5: best_val= 62.50% (ep14) test= 43.75%
  S6 4000ms fold5/5: best_val= 68.75% (ep6) test= 62.50%
S 6: 800ms= 46.25%  1500ms= 55.00%  3000ms= 61.25%  4000ms= 65.00%   (41s)
  S7 800ms fold1/5: best_val= 50.00% (ep2) test= 50.00%
  S7 800ms fold2/5: best_val= 62.50% (ep6) test= 56.25%
  S7 800ms fold3/5: best_val= 56.25% (ep3) test= 43.75%
  S7 800ms fold4/5: best_val= 50.00% (ep1) test= 50.00%
  S7 800ms fold5/5: best_val= 50.00% (ep1) test= 50.00%
  S7 1500ms fold1/5: best_val= 62.50% (ep4) test= 56.25%
  S7 1500ms fold2/5: best_val= 81.25% (ep7) test= 56.25%
  S7 1500ms fold3/5: best_val= 50.00% (ep1) test= 50.00%
  S7 1500ms fold4/5: best_val= 75.00% (ep9) test= 50.00%
  S7 1500ms fold5/5: best_val= 68.75% (ep16) test= 75.00%
  S7 3000ms fold1/5: best_val= 56.25% (ep6) test= 50.00%
  S7 3000ms fold2/5: best_val= 62.50% (ep5) test= 43.75%
  S7 3000ms fold3/5: best_val= 56.25% (ep9) test= 37.50%
  S7 3000ms fold4/5: best_val= 50.00% (ep1) test= 50.00%
  S7 3000ms fold5/5: best_val= 56.25% (ep3) test= 50.00%
  S7 4000ms fold1/5: best_val= 56.25% (ep2) test= 31.25%
  S7 4000ms fold2/5: best_val= 50.00% (ep1) test= 50.00%
  S7 4000ms fold3/5: best_val= 56.25% (ep9) test= 50.00%
  S7 4000ms fold4/5: best_val= 62.50% (ep14) test= 37.50%
  S7 4000ms fold5/5: best_val= 62.50% (ep13) test= 43.75%
S 7: 800ms= 50.00%  1500ms= 57.50%  3000ms= 46.25%  4000ms= 42.50%   (41s)
  S8 800ms fold1/5: best_val= 75.00% (ep3) test= 50.00%
  S8 800ms fold2/5: best_val= 68.75% (ep8) test= 37.50%
  S8 800ms fold3/5: best_val= 62.50% (ep7) test= 37.50%
  S8 800ms fold4/5: best_val= 50.00% (ep2) test= 50.00%
  S8 800ms fold5/5: best_val= 62.50% (ep2) test= 56.25%
  S8 1500ms fold1/5: best_val= 68.75% (ep9) test= 75.00%
  S8 1500ms fold2/5: best_val= 62.50% (ep2) test= 50.00%
  S8 1500ms fold3/5: best_val= 56.25% (ep5) test= 50.00%
  S8 1500ms fold4/5: best_val= 81.25% (ep5) test= 50.00%
  S8 1500ms fold5/5: best_val= 62.50% (ep7) test= 68.75%
  S8 3000ms fold1/5: best_val= 75.00% (ep6) test= 37.50%
  S8 3000ms fold2/5: best_val= 68.75% (ep10) test= 56.25%
  S8 3000ms fold3/5: best_val= 50.00% (ep1) test= 50.00%
  S8 3000ms fold4/5: best_val= 56.25% (ep4) test= 50.00%
  S8 3000ms fold5/5: best_val= 75.00% (ep19) test= 62.50%
  S8 4000ms fold1/5: best_val= 75.00% (ep1) test= 56.25%
  S8 4000ms fold2/5: best_val= 87.50% (ep8) test= 43.75%
  S8 4000ms fold3/5: best_val= 50.00% (ep1) test= 50.00%
  S8 4000ms fold4/5: best_val= 62.50% (ep1) test= 50.00%
  S8 4000ms fold5/5: best_val= 68.75% (ep4) test= 56.25%
S 8: 800ms= 46.25%  1500ms= 58.75%  3000ms= 51.25%  4000ms= 51.25%   (41s)
  S9 800ms fold1/5: best_val= 75.00% (ep6) test= 68.75%
  S9 800ms fold2/5: best_val= 68.75% (ep12) test= 50.00%
  S9 800ms fold3/5: best_val= 81.25% (ep7) test= 50.00%
  S9 800ms fold4/5: best_val= 56.25% (ep5) test= 75.00%
  S9 800ms fold5/5: best_val= 68.75% (ep4) test= 62.50%
  S9 1500ms fold1/5: best_val= 75.00% (ep3) test= 75.00%
  S9 1500ms fold2/5: best_val= 75.00% (ep5) test= 50.00%
  S9 1500ms fold3/5: best_val= 68.75% (ep3) test= 75.00%
  S9 1500ms fold4/5: best_val= 50.00% (ep1) test= 50.00%
  S9 1500ms fold5/5: best_val= 81.25% (ep7) test= 31.25%
  S9 3000ms fold1/5: best_val= 75.00% (ep26) test= 43.75%
  S9 3000ms fold2/5: best_val= 75.00% (ep12) test= 50.00%
  S9 3000ms fold3/5: best_val= 62.50% (ep15) test= 50.00%
  S9 3000ms fold4/5: best_val= 62.50% (ep3) test= 37.50%
  S9 3000ms fold5/5: best_val= 56.25% (ep11) test= 68.75%
  S9 4000ms fold1/5: best_val= 75.00% (ep27) test= 62.50%
  S9 4000ms fold2/5: best_val= 87.50% (ep20) test= 50.00%
  S9 4000ms fold3/5: best_val= 68.75% (ep5) test= 50.00%
  S9 4000ms fold4/5: best_val= 68.75% (ep15) test= 68.75%
  S9 4000ms fold5/5: best_val= 68.75% (ep9) test= 56.25%
S 9: 800ms= 61.25%  1500ms= 56.25%  3000ms= 50.00%  4000ms= 57.50%   (41s)
  S10 800ms fold1/5: best_val= 75.00% (ep8) test= 31.25%
  S10 800ms fold2/5: best_val= 81.25% (ep7) test= 50.00%
  S10 800ms fold3/5: best_val= 56.25% (ep2) test= 37.50%
  S10 800ms fold4/5: best_val= 81.25% (ep5) test= 56.25%
  S10 800ms fold5/5: best_val= 75.00% (ep7) test= 56.25%
  S10 1500ms fold1/5: best_val= 75.00% (ep6) test= 43.75%
  S10 1500ms fold2/5: best_val= 62.50% (ep3) test= 56.25%
  S10 1500ms fold3/5: best_val= 68.75% (ep3) test= 56.25%
  S10 1500ms fold4/5: best_val= 68.75% (ep7) test= 50.00%
  S10 1500ms fold5/5: best_val= 62.50% (ep16) test= 62.50%
  S10 3000ms fold1/5: best_val= 68.75% (ep9) test= 62.50%
  S10 3000ms fold2/5: best_val= 50.00% (ep1) test= 50.00%
  S10 3000ms fold3/5: best_val= 50.00% (ep1) test= 43.75%
  S10 3000ms fold4/5: best_val= 68.75% (ep12) test= 62.50%
  S10 3000ms fold5/5: best_val= 62.50% (ep3) test= 43.75%
  S10 4000ms fold1/5: best_val= 68.75% (ep18) test= 50.00%
  S10 4000ms fold2/5: best_val= 75.00% (ep14) test= 68.75%
  S10 4000ms fold3/5: best_val= 62.50% (ep6) test= 43.75%
  S10 4000ms fold4/5: best_val= 62.50% (ep1) test= 37.50%
  S10 4000ms fold5/5: best_val= 62.50% (ep10) test= 50.00%
S10: 800ms= 46.25%  1500ms= 53.75%  3000ms= 52.50%  4000ms= 50.00%   (41s)
  S11 800ms fold1/5: best_val= 50.00% (ep1) test= 50.00%
  S11 800ms fold2/5: best_val= 56.25% (ep1) test= 50.00%
  S11 800ms fold3/5: best_val= 50.00% (ep1) test= 50.00%
  S11 800ms fold4/5: best_val= 62.50% (ep4) test= 56.25%
  S11 800ms fold5/5: best_val= 62.50% (ep21) test= 62.50%
  S11 1500ms fold1/5: best_val= 56.25% (ep1) test= 50.00%
  S11 1500ms fold2/5: best_val= 62.50% (ep7) test= 50.00%
  S11 1500ms fold3/5: best_val= 56.25% (ep8) test= 56.25%
  S11 1500ms fold4/5: best_val= 68.75% (ep13) test= 43.75%
  S11 1500ms fold5/5: best_val= 62.50% (ep6) test= 31.25%
  S11 3000ms fold1/5: best_val= 56.25% (ep5) test= 43.75%
  S11 3000ms fold2/5: best_val= 56.25% (ep17) test= 31.25%
  S11 3000ms fold3/5: best_val= 56.25% (ep10) test= 50.00%
  S11 3000ms fold4/5: best_val= 75.00% (ep1) test= 50.00%
  S11 3000ms fold5/5: best_val= 62.50% (ep2) test= 43.75%
  S11 4000ms fold1/5: best_val= 50.00% (ep1) test= 50.00%
  S11 4000ms fold2/5: best_val= 50.00% (ep1) test= 50.00%
  S11 4000ms fold3/5: best_val= 62.50% (ep10) test= 56.25%
  S11 4000ms fold4/5: best_val= 68.75% (ep6) test= 43.75%
  S11 4000ms fold5/5: best_val= 50.00% (ep1) test= 50.00%
S11: 800ms= 53.75%  1500ms= 46.25%  3000ms= 43.75%  4000ms= 50.00%   (41s)
  S12 800ms fold1/5: best_val= 68.75% (ep8) test= 43.75%
  S12 800ms fold2/5: best_val= 62.50% (ep7) test= 37.50%
  S12 800ms fold3/5: best_val= 56.25% (ep25) test= 43.75%
  S12 800ms fold4/5: best_val= 68.75% (ep14) test= 43.75%
  S12 800ms fold5/5: best_val= 50.00% (ep2) test= 50.00%
  S12 1500ms fold1/5: best_val= 75.00% (ep3) test= 62.50%
  S12 1500ms fold2/5: best_val= 75.00% (ep1) test= 50.00%
  S12 1500ms fold3/5: best_val= 62.50% (ep8) test= 37.50%
  S12 1500ms fold4/5: best_val= 68.75% (ep19) test= 56.25%
  S12 1500ms fold5/5: best_val= 56.25% (ep1) test= 62.50%
  S12 3000ms fold1/5: best_val= 62.50% (ep1) test= 43.75%
  S12 3000ms fold2/5: best_val= 50.00% (ep1) test= 50.00%
  S12 3000ms fold3/5: best_val= 56.25% (ep4) test= 50.00%
  S12 3000ms fold4/5: best_val= 62.50% (ep3) test= 62.50%
  S12 3000ms fold5/5: best_val= 50.00% (ep1) test= 50.00%
  S12 4000ms fold1/5: best_val= 62.50% (ep9) test= 50.00%
  S12 4000ms fold2/5: best_val= 62.50% (ep21) test= 37.50%
  S12 4000ms fold3/5: best_val= 56.25% (ep12) test= 56.25%
  S12 4000ms fold4/5: best_val= 68.75% (ep4) test= 50.00%
  S12 4000ms fold5/5: best_val= 56.25% (ep6) test= 31.25%
S12: 800ms= 43.75%  1500ms= 53.75%  3000ms= 51.25%  4000ms= 45.00%   (42s)
  S13 800ms fold1/5: best_val= 68.75% (ep6) test= 43.75%
  S13 800ms fold2/5: best_val= 62.50% (ep2) test= 43.75%
  S13 800ms fold3/5: best_val= 43.75% (ep1) test= 56.25%
  S13 800ms fold4/5: best_val= 56.25% (ep1) test= 37.50%
  S13 800ms fold5/5: best_val= 56.25% (ep4) test= 50.00%
  S13 1500ms fold1/5: best_val= 62.50% (ep4) test= 50.00%
  S13 1500ms fold2/5: best_val= 68.75% (ep5) test= 62.50%
  S13 1500ms fold3/5: best_val= 75.00% (ep6) test= 50.00%
  S13 1500ms fold4/5: best_val= 56.25% (ep27) test= 56.25%
  S13 1500ms fold5/5: best_val= 68.75% (ep13) test= 43.75%
  S13 3000ms fold1/5: best_val= 62.50% (ep5) test= 56.25%
  S13 3000ms fold2/5: best_val= 68.75% (ep15) test= 56.25%
  S13 3000ms fold3/5: best_val= 62.50% (ep8) test= 50.00%
  S13 3000ms fold4/5: best_val= 62.50% (ep26) test= 37.50%
  S13 3000ms fold5/5: best_val= 75.00% (ep24) test= 50.00%
  S13 4000ms fold1/5: best_val= 62.50% (ep8) test= 68.75%
  S13 4000ms fold2/5: best_val= 62.50% (ep2) test= 56.25%
  S13 4000ms fold3/5: best_val= 68.75% (ep3) test= 37.50%
  S13 4000ms fold4/5: best_val= 50.00% (ep1) test= 50.00%
  S13 4000ms fold5/5: best_val= 68.75% (ep19) test= 50.00%
S13: 800ms= 46.25%  1500ms= 52.50%  3000ms= 50.00%  4000ms= 52.50%   (41s)
  S14 800ms fold1/5: best_val= 68.75% (ep13) test= 56.25%
  S14 800ms fold2/5: best_val= 81.25% (ep18) test= 25.00%
  S14 800ms fold3/5: best_val= 56.25% (ep7) test= 56.25%
  S14 800ms fold4/5: best_val= 81.25% (ep6) test= 56.25%
  S14 800ms fold5/5: best_val= 62.50% (ep1) test= 43.75%
  S14 1500ms fold1/5: best_val= 62.50% (ep18) test= 56.25%
  S14 1500ms fold2/5: best_val= 68.75% (ep1) test= 56.25%
  S14 1500ms fold3/5: best_val= 50.00% (ep1) test= 50.00%
  S14 1500ms fold4/5: best_val= 81.25% (ep14) test= 37.50%
  S14 1500ms fold5/5: best_val= 62.50% (ep24) test= 43.75%
  S14 3000ms fold1/5: best_val= 56.25% (ep8) test= 50.00%
  S14 3000ms fold2/5: best_val= 81.25% (ep18) test= 56.25%
  S14 3000ms fold3/5: best_val= 62.50% (ep7) test= 56.25%
  S14 3000ms fold4/5: best_val= 62.50% (ep5) test= 50.00%
  S14 3000ms fold5/5: best_val= 56.25% (ep6) test= 37.50%
  S14 4000ms fold1/5: best_val= 68.75% (ep7) test= 50.00%
  S14 4000ms fold2/5: best_val= 87.50% (ep8) test= 62.50%
  S14 4000ms fold3/5: best_val= 81.25% (ep1) test= 50.00%
  S14 4000ms fold4/5: best_val= 68.75% (ep5) test= 62.50%
  S14 4000ms fold5/5: best_val= 56.25% (ep10) test= 43.75%
S14: 800ms= 47.50%  1500ms= 48.75%  3000ms= 50.00%  4000ms= 53.75%   (41s)
  S15 800ms fold1/5: best_val= 56.25% (ep16) test= 62.50%
  S15 800ms fold2/5: best_val= 50.00% (ep1) test= 50.00%
  S15 800ms fold3/5: best_val= 68.75% (ep8) test= 56.25%
  S15 800ms fold4/5: best_val= 56.25% (ep18) test= 50.00%
  S15 800ms fold5/5: best_val= 68.75% (ep12) test= 50.00%
  S15 1500ms fold1/5: best_val= 56.25% (ep9) test= 43.75%
  S15 1500ms fold2/5: best_val= 50.00% (ep1) test= 50.00%
  S15 1500ms fold3/5: best_val= 75.00% (ep11) test= 50.00%
  S15 1500ms fold4/5: best_val= 62.50% (ep7) test= 37.50%
  S15 1500ms fold5/5: best_val= 62.50% (ep7) test= 68.75%
  S15 3000ms fold1/5: best_val= 50.00% (ep3) test= 50.00%
  S15 3000ms fold2/5: best_val= 56.25% (ep2) test= 56.25%
  S15 3000ms fold3/5: best_val= 62.50% (ep4) test= 37.50%
  S15 3000ms fold4/5: best_val= 50.00% (ep3) test= 50.00%
  S15 3000ms fold5/5: best_val= 68.75% (ep10) test= 43.75%
  S15 4000ms fold1/5: best_val= 50.00% (ep1) test= 50.00%
  S15 4000ms fold2/5: best_val= 68.75% (ep7) test= 31.25%
  S15 4000ms fold3/5: best_val= 50.00% (ep1) test= 31.25%
  S15 4000ms fold4/5: best_val= 62.50% (ep6) test= 31.25%
  S15 4000ms fold5/5: best_val= 56.25% (ep2) test= 50.00%
S15: 800ms= 53.75%  1500ms= 50.00%  3000ms= 47.50%  4000ms= 38.75%   (42s)
  S16 800ms fold1/5: best_val= 56.25% (ep10) test= 50.00%
  S16 800ms fold2/5: best_val= 62.50% (ep4) test= 43.75%
  S16 800ms fold3/5: best_val= 56.25% (ep1) test= 62.50%
  S16 800ms fold4/5: best_val= 56.25% (ep3) test= 56.25%
  S16 800ms fold5/5: best_val= 56.25% (ep1) test= 43.75%
  S16 1500ms fold1/5: best_val= 68.75% (ep8) test= 62.50%
  S16 1500ms fold2/5: best_val= 62.50% (ep5) test= 68.75%
  S16 1500ms fold3/5: best_val= 50.00% (ep1) test= 50.00%
  S16 1500ms fold4/5: best_val= 62.50% (ep18) test= 75.00%
  S16 1500ms fold5/5: best_val= 56.25% (ep16) test= 50.00%
  S16 3000ms fold1/5: best_val= 68.75% (ep6) test= 62.50%
  S16 3000ms fold2/5: best_val= 62.50% (ep8) test= 75.00%
  S16 3000ms fold3/5: best_val= 56.25% (ep6) test= 62.50%
  S16 3000ms fold4/5: best_val= 75.00% (ep27) test= 43.75%
  S16 3000ms fold5/5: best_val= 62.50% (ep7) test= 56.25%
  S16 4000ms fold1/5: best_val= 62.50% (ep7) test= 43.75%
  S16 4000ms fold2/5: best_val= 62.50% (ep14) test= 75.00%
  S16 4000ms fold3/5: best_val= 68.75% (ep10) test= 50.00%
  S16 4000ms fold4/5: best_val= 75.00% (ep17) test= 50.00%
  S16 4000ms fold5/5: best_val= 68.75% (ep5) test= 50.00%
S16: 800ms= 51.25%  1500ms= 61.25%  3000ms= 60.00%  4000ms= 53.75%   (41s)
  S17 800ms fold1/5: best_val= 56.25% (ep1) test= 62.50%
  S17 800ms fold2/5: best_val= 50.00% (ep1) test= 50.00%
  S17 800ms fold3/5: best_val= 62.50% (ep4) test= 50.00%
  S17 800ms fold4/5: best_val= 68.75% (ep7) test= 37.50%
  S17 800ms fold5/5: best_val= 62.50% (ep3) test= 37.50%
  S17 1500ms fold1/5: best_val= 50.00% (ep1) test= 50.00%
  S17 1500ms fold2/5: best_val= 50.00% (ep1) test= 50.00%
  S17 1500ms fold3/5: best_val= 68.75% (ep18) test= 50.00%
  S17 1500ms fold4/5: best_val= 62.50% (ep10) test= 50.00%
  S17 1500ms fold5/5: best_val= 56.25% (ep3) test= 50.00%
  S17 3000ms fold1/5: best_val= 56.25% (ep2) test= 50.00%
  S17 3000ms fold2/5: best_val= 62.50% (ep1) test= 50.00%
  S17 3000ms fold3/5: best_val= 68.75% (ep16) test= 56.25%
  S17 3000ms fold4/5: best_val= 62.50% (ep14) test= 43.75%
  S17 3000ms fold5/5: best_val= 62.50% (ep39) test= 62.50%
  S17 4000ms fold1/5: best_val= 75.00% (ep9) test= 56.25%
  S17 4000ms fold2/5: best_val= 62.50% (ep5) test= 56.25%
  S17 4000ms fold3/5: best_val= 75.00% (ep1) test= 50.00%
  S17 4000ms fold4/5: best_val= 56.25% (ep1) test= 50.00%
  S17 4000ms fold5/5: best_val= 75.00% (ep6) test= 43.75%
S17: 800ms= 47.50%  1500ms= 50.00%  3000ms= 52.50%  4000ms= 51.25%   (41s)
  S18 800ms fold1/5: best_val= 68.75% (ep2) test= 50.00%
  S18 800ms fold2/5: best_val= 68.75% (ep5) test= 43.75%
  S18 800ms fold3/5: best_val= 56.25% (ep3) test= 62.50%
  S18 800ms fold4/5: best_val= 81.25% (ep6) test= 56.25%
  S18 800ms fold5/5: best_val= 87.50% (ep8) test= 62.50%
  S18 1500ms fold1/5: best_val= 56.25% (ep4) test= 56.25%
  S18 1500ms fold2/5: best_val= 75.00% (ep16) test= 68.75%
  S18 1500ms fold3/5: best_val= 62.50% (ep1) test= 43.75%
  S18 1500ms fold4/5: best_val= 87.50% (ep20) test= 62.50%
  S18 1500ms fold5/5: best_val= 81.25% (ep6) test= 56.25%
  S18 3000ms fold1/5: best_val= 62.50% (ep6) test= 68.75%
  S18 3000ms fold2/5: best_val= 75.00% (ep9) test= 43.75%
  S18 3000ms fold3/5: best_val= 62.50% (ep16) test= 75.00%
  S18 3000ms fold4/5: best_val= 68.75% (ep16) test= 75.00%
  S18 3000ms fold5/5: best_val= 81.25% (ep21) test= 81.25%
  S18 4000ms fold1/5: best_val= 75.00% (ep21) test= 93.75%
  S18 4000ms fold2/5: best_val= 81.25% (ep12) test= 81.25%
  S18 4000ms fold3/5: best_val= 62.50% (ep11) test= 68.75%
  S18 4000ms fold4/5: best_val= 62.50% (ep1) test= 37.50%
  S18 4000ms fold5/5: best_val= 75.00% (ep14) test= 62.50%
S18: 800ms= 55.00%  1500ms= 57.50%  3000ms= 68.75%  4000ms= 68.75%   (41s)

ALL SUBJECTS COMPLETED — SAA/SFE  (757s)

====================================================================
SAVED SAA/SFE -> /work/11862/rmaahin/ls6/FineMI-enhancements/ConformerEEG/experiments/option_b/results/full/SAA_SFE
gpu=NVIDIA A100-PCIE-40GB | torch=2.8.0+cu128 | seed=42 | model=conformer_b | mode=full
====================================================================
window_ms   800    1500   3000   4000
subject                              
1          46.67  51.11  52.22  52.22
2          53.75  46.25  45.00  46.25
3          61.25  60.00  58.75  53.75
4          67.50  53.75  52.50  62.50
5          39.51  53.09  45.68  44.44
6          46.25  55.00  61.25  65.00
7          50.00  57.50  46.25  42.50
8          46.25  58.75  51.25  51.25
9          61.25  56.25  50.00  57.50
10         46.25  53.75  52.50  50.00
11         53.75  46.25  43.75  50.00
12         43.75  53.75  51.25  45.00
13         46.25  52.50  50.00  52.50
14         47.50  48.75  50.00  53.75
15         53.75  50.00  47.50  38.75
16         51.25  61.25  60.00  53.75
17         47.50  50.00  52.50  51.25
18         55.00  57.50  68.75  68.75

mean: {800: 50.97, 1500: 53.64, 3000: 52.18, 4000: 52.18}
sd  : {800: 7.03, 1500: 4.41, 3000: 6.41, 4000: 7.72}

Pairs saved so far in /work/11862/rmaahin/ls6/FineMI-enhancements/ConformerEEG/experiments/option_b/results/full: 26/28

Done: pairs [19, 20, 21, 22, 23, 24, 25, 26, 27]
